network,condition,trial,valence,active_KC_count,mean_PNKC_weight,mean_KCEN_EPLUS,mean_KCEN_EMINUS
0,HONEYBEE__BEE,1,1,200,0.020236600190401077,0.1997000277042389,0.20000003278255463
0,HONEYBEE__BEE,2,-1,200,0.02036627009510994,0.1997000277042389,0.19960002601146698
0,HONEYBEE__BEE,3,1,200,0.02049597166478634,0.19940002262592316,0.19960002601146698
0,HONEYBEE__BEE,4,-1,200,0.0206256415694952,0.19940002262592316,0.19920003414154053
0,HONEYBEE__BEE,5,1,200,0.020755348727107048,0.19910003244876862,0.19920003414154053
0,HONEYBEE__BEE,6,-1,200,0.02088501863181591,0.19910003244876862,0.1988000124692917
0,HONEYBEE__BEE,7,1,200,0.02101471833884716,0.19880002737045288,0.1988000124692917
0,HONEYBEE__BEE,8,-1,200,0.02114439196884632,0.19880002737045288,0.19840002059936523
0,HONEYBEE__BEE,9,1,200,0.02127409353852272,0.19850003719329834,0.19840002059936523
0,HONEYBEE__BEE,10,-1,200,0.02140376716852188,0.19850003719329834,0.19800002872943878
0,HONEYBEE__BEE,11,1,200,0.02153346873819828,0.1982000321149826,0.19800002872943878
0,HONEYBEE__BEE,12,-1,200,0.02166314236819744,0.1982000321149826,0.19760003685951233
0,HONEYBEE__BEE,13,1,200,0.02179284207522869,0.19790002703666687,0.19760003685951233
0,HONEYBEE__BEE,14,-1,200,0.021922513842582703,0.19790002703666687,0.19720004498958588
0,HONEYBEE__BEE,15,1,200,0.022052211686968803,0.19760002195835114,0.19720004498958588
0,HONEYBEE__BEE,16,-1,200,0.022181887179613113,0.19760002195835114,0.19680002331733704
0,HONEYBEE__BEE,17,1,200,0.022311588749289513,0.1973000168800354,0.19680002331733704
0,HONEYBEE__BEE,18,-1,200,0.022441262379288673,0.1973000168800354,0.19640003144741058
0,HONEYBEE__BEE,19,1,200,0.022570962086319923,0.19700002670288086,0.19640003144741058
0,HONEYBEE__BEE,20,-1,200,0.022700639441609383,0.19700002670288086,0.19600002467632294
1,HONEYBEE__BEE,1,1,200,0.020201003178954124,0.19970004260540009,0.20000003278255463
1,HONEYBEE__BEE,2,-1,200,0.020328594371676445,0.19970004260540009,0.19960004091262817
1,HONEYBEE__BEE,3,1,200,0.02045614831149578,0.19940002262592316,0.19960004091262817
1,HONEYBEE__BEE,4,-1,200,0.0205837395042181,0.19940002262592316,0.19920004904270172
1,HONEYBEE__BEE,5,1,200,0.020711297169327736,0.19910003244876862,0.19920004904270172
1,HONEYBEE__BEE,6,-1,200,0.020838888362050056,0.19910003244876862,0.1988000124692917
1,HONEYBEE__BEE,7,1,200,0.02096644602715969,0.19880002737045288,0.1988000124692917
1,HONEYBEE__BEE,8,-1,200,0.021094033494591713,0.19880002737045288,0.19840002059936523
1,HONEYBEE__BEE,9,1,200,0.021221594884991646,0.19850003719329834,0.19840002059936523
1,HONEYBEE__BEE,10,-1,200,0.021349184215068817,0.19850003719329834,0.19800002872943878
1,HONEYBEE__BEE,11,1,200,0.021476740017533302,0.1982000470161438,0.19800002872943878
1,HONEYBEE__BEE,12,-1,200,0.021604325622320175,0.1982000470161438,0.19760003685951233
1,HONEYBEE__BEE,13,1,200,0.021731888875365257,0.19790002703666687,0.19760003685951233
1,HONEYBEE__BEE,14,-1,200,0.021859480068087578,0.19790002703666687,0.19720004498958588
1,HONEYBEE__BEE,15,1,200,0.021987034007906914,0.19760003685951233,0.19720004498958588
1,HONEYBEE__BEE,16,-1,200,0.022114623337984085,0.19760003685951233,0.19680002331733704
1,HONEYBEE__BEE,17,1,200,0.02224218100309372,0.1973000317811966,0.19680002331733704
1,HONEYBEE__BEE,18,-1,200,0.02236977592110634,0.1973000317811966,0.19640003144741058
1,HONEYBEE__BEE,19,1,200,0.022497326135635376,0.19700001180171967,0.19640003144741058
1,HONEYBEE__BEE,20,-1,200,0.022624919191002846,0.19700001180171967,0.19600000977516174
2,HONEYBEE__BEE,1,1,200,0.02015553042292595,0.1997000277042389,0.20000003278255463
2,HONEYBEE__BEE,2,-1,200,0.02028382569551468,0.1997000277042389,0.19960004091262817
2,HONEYBEE__BEE,3,1,200,0.020411930978298187,0.19940002262592316,0.19960004091262817
2,HONEYBEE__BEE,4,-1,200,0.020540233701467514,0.19940002262592316,0.19920004904270172
2,HONEYBEE__BEE,5,1,200,0.020668338984251022,0.19910001754760742,0.19920004904270172
2,HONEYBEE__BEE,6,-1,200,0.0207966435700655,0.19910001754760742,0.19880002737045288
2,HONEYBEE__BEE,7,1,200,0.020924750715494156,0.19880002737045288,0.19880002737045288
2,HONEYBEE__BEE,8,-1,200,0.021053051576018333,0.19880002737045288,0.19840002059936523
2,HONEYBEE__BEE,9,1,200,0.021181156858801842,0.19850003719329834,0.19840002059936523
2,HONEYBEE__BEE,10,-1,200,0.02130945771932602,0.19850003719329834,0.19800002872943878
2,HONEYBEE__BEE,11,1,200,0.02143756113946438,0.1982000470161438,0.19800002872943878
2,HONEYBEE__BEE,12,-1,200,0.021565867587924004,0.1982000470161438,0.19760003685951233
2,HONEYBEE__BEE,13,1,200,0.021693972870707512,0.19790004193782806,0.19760003685951233
2,HONEYBEE__BEE,14,-1,200,0.02182227000594139,0.19790004193782806,0.19720004498958588
2,HONEYBEE__BEE,15,1,200,0.021950380876660347,0.19760003685951233,0.19720004498958588
2,HONEYBEE__BEE,16,-1,200,0.022078681737184525,0.19760003685951233,0.19680002331733704
2,HONEYBEE__BEE,17,1,200,0.022206788882613182,0.1973000168800354,0.19680002331733704
2,HONEYBEE__BEE,18,-1,200,0.02233508974313736,0.1973000168800354,0.19640003144741058
2,HONEYBEE__BEE,19,1,200,0.022463198751211166,0.19700002670288086,0.19640003144741058
2,HONEYBEE__BEE,20,-1,200,0.022591492161154747,0.19700002670288086,0.19600000977516174
3,HONEYBEE__BEE,1,1,200,0.02022763341665268,0.1997000277042389,0.20000003278255463
3,HONEYBEE__BEE,2,-1,200,0.020356183871626854,0.1997000277042389,0.19960004091262817
3,HONEYBEE__BEE,3,1,200,0.02048470638692379,0.19940003752708435,0.19960004091262817
3,HONEYBEE__BEE,4,-1,200,0.020613258704543114,0.19940003752708435,0.19920004904270172
3,HONEYBEE__BEE,5,1,200,0.0207417793571949,0.19910003244876862,0.19920004904270172
3,HONEYBEE__BEE,6,-1,200,0.020870335400104523,0.19910003244876862,0.19880002737045288
3,HONEYBEE__BEE,7,1,200,0.02099885232746601,0.19880002737045288,0.19880002737045288
3,HONEYBEE__BEE,8,-1,200,0.021127404645085335,0.19880002737045288,0.19840002059936523
3,HONEYBEE__BEE,9,1,200,0.021255917847156525,0.19850003719329834,0.19840002059936523
3,HONEYBEE__BEE,10,-1,200,0.021384477615356445,0.19850003719329834,0.19800002872943878
3,HONEYBEE__BEE,11,1,200,0.021512992680072784,0.1982000321149826,0.19800002872943878
3,HONEYBEE__BEE,12,-1,200,0.021641550585627556,0.1982000321149826,0.19760003685951233
3,HONEYBEE__BEE,13,1,200,0.021770067512989044,0.19790002703666687,0.19760003685951233
3,HONEYBEE__BEE,14,-1,200,0.021898623555898666,0.19790002703666687,0.19720004498958588
3,HONEYBEE__BEE,15,1,200,0.022027140483260155,0.19760003685951233,0.19720004498958588
3,HONEYBEE__BEE,16,-1,200,0.022155696526169777,0.19760003685951233,0.19680003821849823
3,HONEYBEE__BEE,17,1,200,0.022284211590886116,0.1973000168800354,0.19680003821849823
3,HONEYBEE__BEE,18,-1,200,0.02241276390850544,0.1973000168800354,0.19640003144741058
3,HONEYBEE__BEE,19,1,200,0.022541288286447525,0.19700002670288086,0.19640003144741058
3,HONEYBEE__BEE,20,-1,200,0.0226698387414217,0.19700002670288086,0.19600002467632294
4,HONEYBEE__BEE,1,1,200,0.020313870161771774,0.1997000128030777,0.20000003278255463
4,HONEYBEE__BEE,2,-1,200,0.020442631095647812,0.1997000128030777,0.19960002601146698
4,HONEYBEE__BEE,3,1,200,0.02057144045829773,0.19940002262592316,0.19960002601146698
4,HONEYBEE__BEE,4,-1,200,0.020700203254818916,0.19940002262592316,0.19920003414154053
4,HONEYBEE__BEE,5,1,200,0.020829010754823685,0.19910001754760742,0.19920003414154053
4,HONEYBEE__BEE,6,-1,200,0.02095778100192547,0.19910001754760742,0.1988000124692917
4,HONEYBEE__BEE,7,1,200,0.02108658291399479,0.1988000124692917,0.1988000124692917
4,HONEYBEE__BEE,8,-1,200,0.021215347573161125,0.1988000124692917,0.19840002059936523
4,HONEYBEE__BEE,9,1,200,0.021344153210520744,0.19850003719329834,0.19840002059936523
4,HONEYBEE__BEE,10,-1,200,0.021472912281751633,0.19850003719329834,0.19800002872943878
4,HONEYBEE__BEE,11,1,200,0.0216017235070467,0.1982000321149826,0.19800002872943878
4,HONEYBEE__BEE,12,-1,200,0.021730488166213036,0.1982000321149826,0.19760003685951233
4,HONEYBEE__BEE,13,1,200,0.021859293803572655,0.19790004193782806,0.19760003685951233
4,HONEYBEE__BEE,14,-1,200,0.02198805846273899,0.19790004193782806,0.19720004498958588
4,HONEYBEE__BEE,15,1,200,0.022116869688034058,0.19760003685951233,0.19720004498958588
4,HONEYBEE__BEE,16,-1,200,0.022245630621910095,0.19760003685951233,0.19680003821849823
4,HONEYBEE__BEE,17,1,200,0.022374438121914864,0.1973000168800354,0.19680003821849823
4,HONEYBEE__BEE,18,-1,200,0.0225032027810812,0.1973000168800354,0.19640003144741058
4,HONEYBEE__BEE,19,1,200,0.022632012143731117,0.19700002670288086,0.19640003144741058
4,HONEYBEE__BEE,20,-1,200,0.022760773077607155,0.19700002670288086,0.19600002467632294
5,HONEYBEE__BEE,1,1,200,0.02010807953774929,0.1997000277042389,0.20000003278255463
5,HONEYBEE__BEE,2,-1,200,0.02023627981543541,0.1997000277042389,0.19960002601146698
5,HONEYBEE__BEE,3,1,200,0.020364418625831604,0.19940002262592316,0.19960002601146698
5,HONEYBEE__BEE,4,-1,200,0.020492618903517723,0.19940002262592316,0.19920003414154053
5,HONEYBEE__BEE,5,1,200,0.020620757713913918,0.19910003244876862,0.19920003414154053
5,HONEYBEE__BEE,6,-1,200,0.020748959854245186,0.19910003244876862,0.1988000124692917
5,HONEYBEE__BEE,7,1,200,0.020877093076705933,0.19880002737045288,0.1988000124692917
5,HONEYBEE__BEE,8,-1,200,0.02100529707968235,0.19880002737045288,0.19840002059936523
5,HONEYBEE__BEE,9,1,200,0.021133428439497948,0.19850003719329834,0.19840002059936523
5,HONEYBEE__BEE,10,-1,200,0.021261630579829216,0.19850003719329834,0.19800002872943878
5,HONEYBEE__BEE,11,1,200,0.02138976752758026,0.1982000321149826,0.19800002872943878
5,HONEYBEE__BEE,12,-1,200,0.02151796966791153,0.1982000321149826,0.19760003685951233
5,HONEYBEE__BEE,13,1,200,0.021646101027727127,0.19790004193782806,0.19760003685951233
5,HONEYBEE__BEE,14,-1,200,0.021774305030703545,0.19790004193782806,0.19720004498958588
5,HONEYBEE__BEE,15,1,200,0.02190244197845459,0.19760003685951233,0.19720004498958588
5,HONEYBEE__BEE,16,-1,200,0.022030644118785858,0.19760003685951233,0.19680003821849823
5,HONEYBEE__BEE,17,1,200,0.022158779203891754,0.1973000168800354,0.19680003821849823
5,HONEYBEE__BEE,18,-1,200,0.02228698320686817,0.1973000168800354,0.19640003144741058
5,HONEYBEE__BEE,19,1,200,0.022415122017264366,0.19700002670288086,0.19640003144741058
5,HONEYBEE__BEE,20,-1,200,0.022543320432305336,0.19700002670288086,0.19600002467632294
6,HONEYBEE__BEE,1,1,200,0.02010377310216427,0.19970004260540009,0.20000003278255463
6,HONEYBEE__BEE,2,-1,200,0.020232390612363815,0.19970004260540009,0.19960004091262817
6,HONEYBEE__BEE,3,1,200,0.02036076784133911,0.19940002262592316,0.19960004091262817
6,HONEYBEE__BEE,4,-1,200,0.02048937976360321,0.19940002262592316,0.19920004904270172
6,HONEYBEE__BEE,5,1,200,0.020617764443159103,0.19910003244876862,0.19920004904270172
6,HONEYBEE__BEE,6,-1,200,0.020746374502778053,0.19910003244876862,0.1988000124692917
6,HONEYBEE__BEE,7,1,200,0.02087475173175335,0.19880002737045288,0.1988000124692917
6,HONEYBEE__BEE,8,-1,200,0.021003369241952896,0.19880002737045288,0.19840002059936523
6,HONEYBEE__BEE,9,1,200,0.02113175019621849,0.19850003719329834,0.19840002059936523
6,HONEYBEE__BEE,10,-1,200,0.021260365843772888,0.19850003719329834,0.19800002872943878
6,HONEYBEE__BEE,11,1,200,0.021388743072748184,0.1982000470161438,0.19800002872943878
6,HONEYBEE__BEE,12,-1,200,0.021517358720302582,0.1982000470161438,0.19760002195835114
6,HONEYBEE__BEE,13,1,200,0.021645737811923027,0.19790002703666687,0.19760002195835114
6,HONEYBEE__BEE,14,-1,200,0.021774353459477425,0.19790002703666687,0.19720004498958588
6,HONEYBEE__BEE,15,1,200,0.02190273255109787,0.19760003685951233,0.19720004498958588
6,HONEYBEE__BEE,16,-1,200,0.022031348198652267,0.19760003685951233,0.19680003821849823
6,HONEYBEE__BEE,17,1,200,0.022159721702337265,0.1973000317811966,0.19680003821849823
6,HONEYBEE__BEE,18,-1,200,0.02228834480047226,0.1973000317811966,0.19640003144741058
6,HONEYBEE__BEE,19,1,200,0.022416718304157257,0.19700002670288086,0.19640003144741058
6,HONEYBEE__BEE,20,-1,200,0.022545332089066505,0.19700002670288086,0.19600002467632294
7,HONEYBEE__BEE,1,1,200,0.020231973379850388,0.1997000277042389,0.20000003278255463
7,HONEYBEE__BEE,2,-1,200,0.020361244678497314,0.1997000277042389,0.19960004091262817
7,HONEYBEE__BEE,3,1,200,0.020490454509854317,0.19940002262592316,0.19960004091262817
7,HONEYBEE__BEE,4,-1,200,0.020619725808501244,0.19940002262592316,0.19920004904270172
7,HONEYBEE__BEE,5,1,200,0.020748935639858246,0.19910003244876862,0.19920004904270172
7,HONEYBEE__BEE,6,-1,200,0.02087821066379547,0.19910003244876862,0.1988000124692917
7,HONEYBEE__BEE,7,1,200,0.021007418632507324,0.19880002737045288,0.1988000124692917
7,HONEYBEE__BEE,8,-1,200,0.02113668993115425,0.19880002737045288,0.19840003550052643
7,HONEYBEE__BEE,9,1,200,0.021265897899866104,0.19850003719329834,0.19840003550052643
7,HONEYBEE__BEE,10,-1,200,0.021395176649093628,0.19850003719329834,0.19800002872943878
7,HONEYBEE__BEE,11,1,200,0.02152438275516033,0.1982000321149826,0.19800002872943878
7,HONEYBEE__BEE,12,-1,200,0.02165365219116211,0.1982000321149826,0.19760003685951233
7,HONEYBEE__BEE,13,1,200,0.02178286388516426,0.19790002703666687,0.19760003685951233
7,HONEYBEE__BEE,14,-1,200,0.021912137046456337,0.19790002703666687,0.19720004498958588
7,HONEYBEE__BEE,15,1,200,0.02204134315252304,0.19760002195835114,0.19720004498958588
7,HONEYBEE__BEE,16,-1,200,0.022170618176460266,0.19760002195835114,0.19680003821849823
7,HONEYBEE__BEE,17,1,200,0.02229982428252697,0.1973000317811966,0.19680003821849823
7,HONEYBEE__BEE,18,-1,200,0.022429097443819046,0.1973000317811966,0.19640003144741058
7,HONEYBEE__BEE,19,1,200,0.02255830354988575,0.19700002670288086,0.19640003144741058
7,HONEYBEE__BEE,20,-1,200,0.022687574848532677,0.19700002670288086,0.19600002467632294
8,HONEYBEE__BEE,1,1,200,0.020089643076062202,0.19970004260540009,0.20000003278255463
8,HONEYBEE__BEE,2,-1,200,0.020218556746840477,0.19970004260540009,0.19960004091262817
8,HONEYBEE__BEE,3,1,200,0.020347416400909424,0.19940002262592316,0.19960004091262817
8,HONEYBEE__BEE,4,-1,200,0.02047632448375225,0.19940002262592316,0.19920004904270172
8,HONEYBEE__BEE,5,1,200,0.020605186000466347,0.19910003244876862,0.19920004904270172
8,HONEYBEE__BEE,6,-1,200,0.02073410153388977,0.19910003244876862,0.1988000124692917
8,HONEYBEE__BEE,7,1,200,0.020862961187958717,0.19880002737045288,0.1988000124692917
8,HONEYBEE__BEE,8,-1,200,0.020991874858736992,0.19880002737045288,0.19840002059936523
8,HONEYBEE__BEE,9,1,200,0.021120727062225342,0.19850003719329834,0.19840002059936523
8,HONEYBEE__BEE,10,-1,200,0.021249644458293915,0.19850003719329834,0.19800002872943878
8,HONEYBEE__BEE,11,1,200,0.02137850411236286,0.1982000470161438,0.19800002872943878
8,HONEYBEE__BEE,12,-1,200,0.021507417783141136,0.1982000470161438,0.19760002195835114
8,HONEYBEE__BEE,13,1,200,0.021636277437210083,0.19790002703666687,0.19760002195835114
8,HONEYBEE__BEE,14,-1,200,0.021765191107988358,0.19790002703666687,0.19720004498958588
8,HONEYBEE__BEE,15,1,200,0.021894047036767006,0.19760003685951233,0.19720004498958588
8,HONEYBEE__BEE,16,-1,200,0.02202295884490013,0.19760003685951233,0.19680002331733704
8,HONEYBEE__BEE,17,1,200,0.022151824086904526,0.1973000168800354,0.19680002331733704
8,HONEYBEE__BEE,18,-1,200,0.022280732169747353,0.1973000168800354,0.19640003144741058
8,HONEYBEE__BEE,19,1,200,0.022409597411751747,0.19700002670288086,0.19640003144741058
8,HONEYBEE__BEE,20,-1,200,0.022538503631949425,0.19700002670288086,0.19600002467632294
9,HONEYBEE__BEE,1,1,200,0.020065834745764732,0.1997000277042389,0.20000003278255463
9,HONEYBEE__BEE,2,-1,200,0.020194878801703453,0.1997000277042389,0.19960004091262817
9,HONEYBEE__BEE,3,1,200,0.020323675125837326,0.19940002262592316,0.19960004091262817
9,HONEYBEE__BEE,4,-1,200,0.020452717319130898,0.19940002262592316,0.19920004904270172
9,HONEYBEE__BEE,5,1,200,0.020581519231200218,0.19910001754760742,0.19920004904270172
9,HONEYBEE__BEE,6,-1,200,0.02071056328713894,0.19910001754760742,0.19880002737045288
9,HONEYBEE__BEE,7,1,200,0.020839359611272812,0.19880002737045288,0.19880002737045288
9,HONEYBEE__BEE,8,-1,200,0.02096840739250183,0.19880002737045288,0.19840002059936523
9,HONEYBEE__BEE,9,1,200,0.021097201853990555,0.19850003719329834,0.19840002059936523
9,HONEYBEE__BEE,10,-1,200,0.021226245909929276,0.19850003719329834,0.19800002872943878
9,HONEYBEE__BEE,11,1,200,0.021355045959353447,0.1982000321149826,0.19800002872943878
9,HONEYBEE__BEE,12,-1,200,0.02148408442735672,0.1982000321149826,0.19760002195835114
9,HONEYBEE__BEE,13,1,200,0.02161289006471634,0.19790002703666687,0.19760002195835114
9,HONEYBEE__BEE,14,-1,200,0.02174193039536476,0.19790002703666687,0.19720004498958588
9,HONEYBEE__BEE,15,1,200,0.021870732307434082,0.19760002195835114,0.19720004498958588
9,HONEYBEE__BEE,16,-1,200,0.021999774500727654,0.19760002195835114,0.19680003821849823
9,HONEYBEE__BEE,17,1,200,0.022128572687506676,0.1973000317811966,0.19680003821849823
9,HONEYBEE__BEE,18,-1,200,0.022257620468735695,0.1973000317811966,0.19640003144741058
9,HONEYBEE__BEE,19,1,200,0.022386416792869568,0.19700002670288086,0.19640003144741058
9,HONEYBEE__BEE,20,-1,200,0.02251545898616314,0.19700002670288086,0.19600002467632294
10,HONEYBEE__BEE,1,1,200,0.020061809569597244,0.19970004260540009,0.20000003278255463
10,HONEYBEE__BEE,2,-1,200,0.02019021101295948,0.19970004260540009,0.19960004091262817
10,HONEYBEE__BEE,3,1,200,0.020318450406193733,0.19940002262592316,0.19960004091262817
10,HONEYBEE__BEE,4,-1,200,0.020446857437491417,0.19940002262592316,0.19920003414154053
10,HONEYBEE__BEE,5,1,200,0.02057509310543537,0.19910003244876862,0.19920003414154053
10,HONEYBEE__BEE,6,-1,200,0.020703500136733055,0.19910003244876862,0.1988000124692917
10,HONEYBEE__BEE,7,1,200,0.02083173766732216,0.1988000124692917,0.1988000124692917
10,HONEYBEE__BEE,8,-1,200,0.02096014842391014,0.1988000124692917,0.19840002059936523
10,HONEYBEE__BEE,9,1,200,0.021088384091854095,0.19850003719329834,0.19840002059936523
10,HONEYBEE__BEE,10,-1,200,0.02121679112315178,0.19850003719329834,0.19800002872943878
10,HONEYBEE__BEE,11,1,200,0.021345026791095734,0.1982000321149826,0.19800002872943878
10,HONEYBEE__BEE,12,-1,200,0.021473431959748268,0.1982000321149826,0.19760003685951233
10,HONEYBEE__BEE,13,1,200,0.021601669490337372,0.19790002703666687,0.19760003685951233
10,HONEYBEE__BEE,14,-1,200,0.021730078384280205,0.19790002703666687,0.19720004498958588
10,HONEYBEE__BEE,15,1,200,0.02185831591486931,0.19760003685951233,0.19720004498958588
10,HONEYBEE__BEE,16,-1,200,0.021986719220876694,0.19760003685951233,0.19680002331733704
10,HONEYBEE__BEE,17,1,200,0.022114956751465797,0.1973000168800354,0.19680002331733704
10,HONEYBEE__BEE,18,-1,200,0.02224336750805378,0.1973000168800354,0.19640003144741058
10,HONEYBEE__BEE,19,1,200,0.022371601313352585,0.19700002670288086,0.19640003144741058
10,HONEYBEE__BEE,20,-1,200,0.022500010207295418,0.19700002670288086,0.19600002467632294
11,HONEYBEE__BEE,1,1,200,0.020216261968016624,0.1997000277042389,0.20000003278255463
11,HONEYBEE__BEE,2,-1,200,0.02034468576312065,0.1997000277042389,0.19960002601146698
11,HONEYBEE__BEE,3,1,200,0.020473135635256767,0.19940002262592316,0.19960002601146698
11,HONEYBEE__BEE,4,-1,200,0.020601557567715645,0.19940002262592316,0.19920004904270172
11,HONEYBEE__BEE,5,1,200,0.02073000557720661,0.19910003244876862,0.19920004904270172
11,HONEYBEE__BEE,6,-1,200,0.02085842564702034,0.19910003244876862,0.1988000124692917
11,HONEYBEE__BEE,7,1,200,0.020986877381801605,0.1988000124692917,0.1988000124692917
11,HONEYBEE__BEE,8,-1,200,0.021115297451615334,0.1988000124692917,0.19840002059936523
11,HONEYBEE__BEE,9,1,200,0.021243754774332047,0.19850003719329834,0.19840002059936523
11,HONEYBEE__BEE,10,-1,200,0.021372171118855476,0.19850003719329834,0.19800002872943878
11,HONEYBEE__BEE,11,1,200,0.021500620990991592,0.1982000470161438,0.19800002872943878
11,HONEYBEE__BEE,12,-1,200,0.021629037335515022,0.1982000470161438,0.19760003685951233
11,HONEYBEE__BEE,13,1,200,0.021757492795586586,0.19790002703666687,0.19760003685951233
11,HONEYBEE__BEE,14,-1,200,0.021885912865400314,0.19790002703666687,0.19720004498958588
11,HONEYBEE__BEE,15,1,200,0.02201436087489128,0.19760002195835114,0.19720004498958588
11,HONEYBEE__BEE,16,-1,200,0.02214278280735016,0.19760002195835114,0.19680002331733704
11,HONEYBEE__BEE,17,1,200,0.022271232679486275,0.1973000317811966,0.19680002331733704
11,HONEYBEE__BEE,18,-1,200,0.0223996564745903,0.1973000317811966,0.19640003144741058
11,HONEYBEE__BEE,19,1,200,0.02252810262143612,0.19700002670288086,0.19640003144741058
11,HONEYBEE__BEE,20,-1,200,0.022656533867120743,0.19700002670288086,0.19600002467632294
12,HONEYBEE__BEE,1,1,200,0.020021570846438408,0.19970004260540009,0.20000003278255463
12,HONEYBEE__BEE,2,-1,200,0.020150132477283478,0.19970004260540009,0.19960004091262817
12,HONEYBEE__BEE,3,1,200,0.020278414711356163,0.19940002262592316,0.19960004091262817
12,HONEYBEE__BEE,4,-1,200,0.02040698193013668,0.19940002262592316,0.19920003414154053
12,HONEYBEE__BEE,5,1,200,0.020535260438919067,0.19910003244876862,0.19920003414154053
12,HONEYBEE__BEE,6,-1,200,0.020663825795054436,0.19910003244876862,0.19880002737045288
12,HONEYBEE__BEE,7,1,200,0.020792106166481972,0.19880002737045288,0.19880002737045288
12,HONEYBEE__BEE,8,-1,200,0.020920665934681892,0.19880002737045288,0.19840002059936523
12,HONEYBEE__BEE,9,1,200,0.021048950031399727,0.19850003719329834,0.19840002059936523
12,HONEYBEE__BEE,10,-1,200,0.021177515387535095,0.19850003719329834,0.19800002872943878
12,HONEYBEE__BEE,11,1,200,0.02130579575896263,0.1982000321149826,0.19800002872943878
12,HONEYBEE__BEE,12,-1,200,0.021434361115098,0.1982000321149826,0.19760003685951233
12,HONEYBEE__BEE,13,1,200,0.021562643349170685,0.19790002703666687,0.19760003685951233
12,HONEYBEE__BEE,14,-1,200,0.021691203117370605,0.19790002703666687,0.19720004498958588
12,HONEYBEE__BEE,15,1,200,0.02181948907673359,0.19760002195835114,0.19720004498958588
12,HONEYBEE__BEE,16,-1,200,0.02194804884493351,0.19760002195835114,0.19680002331733704
12,HONEYBEE__BEE,17,1,200,0.022076332941651344,0.1973000317811966,0.19680002331733704
12,HONEYBEE__BEE,18,-1,200,0.022204892709851265,0.1973000317811966,0.19640003144741058
12,HONEYBEE__BEE,19,1,200,0.02233317866921425,0.19700002670288086,0.19640003144741058
12,HONEYBEE__BEE,20,-1,200,0.02246174030005932,0.19700002670288086,0.19600002467632294
13,HONEYBEE__BEE,1,1,200,0.020314710214734077,0.1997000128030777,0.20000003278255463
13,HONEYBEE__BEE,2,-1,200,0.02044203132390976,0.1997000128030777,0.19960004091262817
13,HONEYBEE__BEE,3,1,200,0.020569415763020515,0.19940002262592316,0.19960004091262817
13,HONEYBEE__BEE,4,-1,200,0.0206967331469059,0.19940002262592316,0.19920003414154053
13,HONEYBEE__BEE,5,1,200,0.020824111998081207,0.19910003244876862,0.19920003414154053
13,HONEYBEE__BEE,6,-1,200,0.02095143496990204,0.19910003244876862,0.1988000124692917
13,HONEYBEE__BEE,7,1,200,0.021078815683722496,0.1988000124692917,0.1988000124692917
13,HONEYBEE__BEE,8,-1,200,0.02120613493025303,0.1988000124692917,0.19840002059936523
13,HONEYBEE__BEE,9,1,200,0.021333517506718636,0.19850003719329834,0.19840002059936523
13,HONEYBEE__BEE,10,-1,200,0.021460840478539467,0.19850003719329834,0.19800002872943878
13,HONEYBEE__BEE,11,1,200,0.021588217467069626,0.1982000321149826,0.19800002872943878
13,HONEYBEE__BEE,12,-1,200,0.021715540438890457,0.1982000321149826,0.19760003685951233
13,HONEYBEE__BEE,13,1,200,0.021842917427420616,0.19790002703666687,0.19760003685951233
13,HONEYBEE__BEE,14,-1,200,0.021970238536596298,0.19790002703666687,0.19720004498958588
13,HONEYBEE__BEE,15,1,200,0.022097617387771606,0.19760003685951233,0.19720004498958588
13,HONEYBEE__BEE,16,-1,200,0.02222493663430214,0.19760003685951233,0.19680002331733704
13,HONEYBEE__BEE,17,1,200,0.022352324798703194,0.1973000317811966,0.19680002331733704
13,HONEYBEE__BEE,18,-1,200,0.022479644045233727,0.1973000317811966,0.19640003144741058
13,HONEYBEE__BEE,19,1,200,0.022607024759054184,0.19700002670288086,0.19640003144741058
13,HONEYBEE__BEE,20,-1,200,0.022734344005584717,0.19700002670288086,0.19600000977516174
14,HONEYBEE__BEE,1,1,200,0.020058516412973404,0.19970004260540009,0.20000003278255463
14,HONEYBEE__BEE,2,-1,200,0.02018636278808117,0.19970004260540009,0.19960002601146698
14,HONEYBEE__BEE,3,1,200,0.020314326509833336,0.19940002262592316,0.19960002601146698
14,HONEYBEE__BEE,4,-1,200,0.020442167297005653,0.19940002262592316,0.19920004904270172
14,HONEYBEE__BEE,5,1,200,0.020570125430822372,0.19910003244876862,0.19920004904270172
14,HONEYBEE__BEE,6,-1,200,0.020697971805930138,0.19910003244876862,0.19880002737045288
14,HONEYBEE__BEE,7,1,200,0.020825928077101707,0.1988000124692917,0.19880002737045288
14,HONEYBEE__BEE,8,-1,200,0.020953776314854622,0.1988000124692917,0.19840002059936523
14,HONEYBEE__BEE,9,1,200,0.02108173631131649,0.19850003719329834,0.19840002059936523
14,HONEYBEE__BEE,10,-1,200,0.021209580823779106,0.19850003719329834,0.19800002872943878
14,HONEYBEE__BEE,11,1,200,0.021337540820240974,0.1982000470161438,0.19800002872943878
14,HONEYBEE__BEE,12,-1,200,0.02146538347005844,0.1982000470161438,0.19760002195835114
14,HONEYBEE__BEE,13,1,200,0.02159334160387516,0.19790002703666687,0.19760002195835114
14,HONEYBEE__BEE,14,-1,200,0.021721186116337776,0.19790002703666687,0.19720004498958588
14,HONEYBEE__BEE,15,1,200,0.021849142387509346,0.19760003685951233,0.19720004498958588
14,HONEYBEE__BEE,16,-1,200,0.02197699062526226,0.19760003685951233,0.19680003821849823
14,HONEYBEE__BEE,17,1,200,0.022104954347014427,0.1973000317811966,0.19680003821849823
14,HONEYBEE__BEE,18,-1,200,0.022232795134186745,0.1973000317811966,0.19640003144741058
14,HONEYBEE__BEE,19,1,200,0.022360751405358315,0.19700002670288086,0.19640003144741058
14,HONEYBEE__BEE,20,-1,200,0.02248859591782093,0.19700002670288086,0.19600002467632294
15,HONEYBEE__BEE,1,1,200,0.020047931000590324,0.1997000277042389,0.20000003278255463
15,HONEYBEE__BEE,2,-1,200,0.020176591351628304,0.1997000277042389,0.19960002601146698
15,HONEYBEE__BEE,3,1,200,0.02030516043305397,0.19940002262592316,0.19960002601146698
15,HONEYBEE__BEE,4,-1,200,0.02043382078409195,0.19940002262592316,0.19920004904270172
15,HONEYBEE__BEE,5,1,200,0.020562391728162766,0.19910001754760742,0.19920004904270172
15,HONEYBEE__BEE,6,-1,200,0.020691052079200745,0.19910001754760742,0.19880002737045288
15,HONEYBEE__BEE,7,1,200,0.020819619297981262,0.19880002737045288,0.19880002737045288
15,HONEYBEE__BEE,8,-1,200,0.020948275923728943,0.19880002737045288,0.19840002059936523
15,HONEYBEE__BEE,9,1,200,0.021076850593090057,0.19850003719329834,0.19840002059936523
15,HONEYBEE__BEE,10,-1,200,0.021205510944128036,0.19850003719329834,0.1980000138282776
15,HONEYBEE__BEE,11,1,200,0.021334083750844002,0.1982000321149826,0.1980000138282776
15,HONEYBEE__BEE,12,-1,200,0.02146274223923683,0.1982000321149826,0.19760002195835114
15,HONEYBEE__BEE,13,1,200,0.0215913113206625,0.19790002703666687,0.19760002195835114
15,HONEYBEE__BEE,14,-1,200,0.02171996980905533,0.19790002703666687,0.19720004498958588
15,HONEYBEE__BEE,15,1,200,0.021848540753126144,0.19760003685951233,0.19720004498958588
15,HONEYBEE__BEE,16,-1,200,0.021977202966809273,0.19760003685951233,0.19680002331733704
15,HONEYBEE__BEE,17,1,200,0.02210577204823494,0.1973000168800354,0.19680002331733704
15,HONEYBEE__BEE,18,-1,200,0.022234434261918068,0.1973000168800354,0.19640004634857178
15,HONEYBEE__BEE,19,1,200,0.022363003343343735,0.19700002670288086,0.19640004634857178
15,HONEYBEE__BEE,20,-1,200,0.022491659969091415,0.19700002670288086,0.19600002467632294
16,HONEYBEE__BEE,1,1,200,0.02012621983885765,0.1997000277042389,0.20000003278255463
16,HONEYBEE__BEE,2,-1,200,0.02025352232158184,0.1997000277042389,0.19960004091262817
16,HONEYBEE__BEE,3,1,200,0.020380638539791107,0.19940003752708435,0.19960004091262817
16,HONEYBEE__BEE,4,-1,200,0.020507946610450745,0.19940003752708435,0.19920003414154053
16,HONEYBEE__BEE,5,1,200,0.020635060966014862,0.19910003244876862,0.19920003414154053
16,HONEYBEE__BEE,6,-1,200,0.0207623653113842,0.19910003244876862,0.1988000124692917
16,HONEYBEE__BEE,7,1,200,0.020889481529593468,0.19880002737045288,0.1988000124692917
16,HONEYBEE__BEE,8,-1,200,0.021016787737607956,0.19880002737045288,0.19840002059936523
16,HONEYBEE__BEE,9,1,200,0.021143905818462372,0.19850003719329834,0.19840002059936523
16,HONEYBEE__BEE,10,-1,200,0.02127121016383171,0.19850003719329834,0.1980000138282776
16,HONEYBEE__BEE,11,1,200,0.021398328244686127,0.1982000470161438,0.1980000138282776
16,HONEYBEE__BEE,12,-1,200,0.021525627002120018,0.1982000470161438,0.19760003685951233
16,HONEYBEE__BEE,13,1,200,0.021652746945619583,0.19790002703666687,0.19760003685951233
16,HONEYBEE__BEE,14,-1,200,0.021780049428343773,0.19790002703666687,0.19720004498958588
16,HONEYBEE__BEE,15,1,200,0.021907173097133636,0.19760003685951233,0.19720004498958588
16,HONEYBEE__BEE,16,-1,200,0.02203446999192238,0.19760003685951233,0.19680002331733704
16,HONEYBEE__BEE,17,1,200,0.022161586210131645,0.1973000317811966,0.19680002331733704
16,HONEYBEE__BEE,18,-1,200,0.022288894280791283,0.1973000317811966,0.19640004634857178
16,HONEYBEE__BEE,19,1,200,0.0224160123616457,0.19700002670288086,0.19640004634857178
16,HONEYBEE__BEE,20,-1,200,0.02254331298172474,0.19700002670288086,0.19600002467632294
17,HONEYBEE__BEE,1,1,200,0.020022161304950714,0.19970004260540009,0.20000003278255463
17,HONEYBEE__BEE,2,-1,200,0.020150093361735344,0.19970004260540009,0.19960004091262817
17,HONEYBEE__BEE,3,1,200,0.02027786150574684,0.19940002262592316,0.19960004091262817
17,HONEYBEE__BEE,4,-1,200,0.020405791699886322,0.19940002262592316,0.19920004904270172
17,HONEYBEE__BEE,5,1,200,0.02053355798125267,0.19910001754760742,0.19920004904270172
17,HONEYBEE__BEE,6,-1,200,0.02066149190068245,0.19910001754760742,0.19880002737045288
17,HONEYBEE__BEE,7,1,200,0.020789258182048798,0.1988000124692917,0.19880002737045288
17,HONEYBEE__BEE,8,-1,200,0.020917188376188278,0.1988000124692917,0.19840002059936523
17,HONEYBEE__BEE,9,1,200,0.021044956520199776,0.19850003719329834,0.19840002059936523
17,HONEYBEE__BEE,10,-1,200,0.021172884851694107,0.19850003719329834,0.19800002872943878
17,HONEYBEE__BEE,11,1,200,0.021300656720995903,0.1982000470161438,0.19800002872943878
17,HONEYBEE__BEE,12,-1,200,0.021428586915135384,0.1982000470161438,0.19760003685951233
17,HONEYBEE__BEE,13,1,200,0.02155635505914688,0.19790002703666687,0.19760003685951233
17,HONEYBEE__BEE,14,-1,200,0.02168428711593151,0.19790002703666687,0.19720004498958588
17,HONEYBEE__BEE,15,1,200,0.02181205153465271,0.19760003685951233,0.19720004498958588
17,HONEYBEE__BEE,16,-1,200,0.02193998545408249,0.19760003685951233,0.19680003821849823
17,HONEYBEE__BEE,17,1,200,0.022067751735448837,0.1973000168800354,0.19680003821849823
17,HONEYBEE__BEE,18,-1,200,0.022195681929588318,0.1973000168800354,0.19640004634857178
17,HONEYBEE__BEE,19,1,200,0.022323446348309517,0.19700002670288086,0.19640004634857178
17,HONEYBEE__BEE,20,-1,200,0.022451380267739296,0.19700002670288086,0.19600000977516174
18,HONEYBEE__BEE,1,1,200,0.020240046083927155,0.1997000277042389,0.20000003278255463
18,HONEYBEE__BEE,2,-1,200,0.02036909945309162,0.1997000277042389,0.19960004091262817
18,HONEYBEE__BEE,3,1,200,0.02049816958606243,0.19940002262592316,0.19960004091262817
18,HONEYBEE__BEE,4,-1,200,0.02062722109258175,0.19940002262592316,0.19920003414154053
18,HONEYBEE__BEE,5,1,200,0.020756293088197708,0.19910003244876862,0.19920003414154053
18,HONEYBEE__BEE,6,-1,200,0.020885346457362175,0.19910003244876862,0.1988000124692917
18,HONEYBEE__BEE,7,1,200,0.021014414727687836,0.19880002737045288,0.1988000124692917
18,HONEYBEE__BEE,8,-1,200,0.021143464371562004,0.19880002737045288,0.19840002059936523
18,HONEYBEE__BEE,9,1,200,0.021272536367177963,0.19850003719329834,0.19840002059936523
18,HONEYBEE__BEE,10,-1,200,0.02140158973634243,0.19850003719329834,0.19800002872943878
18,HONEYBEE__BEE,11,1,200,0.02153065986931324,0.1982000321149826,0.19800002872943878
18,HONEYBEE__BEE,12,-1,200,0.02165970951318741,0.1982000321149826,0.19760002195835114
18,HONEYBEE__BEE,13,1,200,0.02178877778351307,0.19790002703666687,0.19760002195835114
18,HONEYBEE__BEE,14,-1,200,0.021917834877967834,0.19790002703666687,0.19720004498958588
18,HONEYBEE__BEE,15,1,200,0.022046901285648346,0.19760002195835114,0.19720004498958588
18,HONEYBEE__BEE,16,-1,200,0.022175954654812813,0.19760002195835114,0.19680003821849823
18,HONEYBEE__BEE,17,1,200,0.022305021062493324,0.1973000317811966,0.19680003821849823
18,HONEYBEE__BEE,18,-1,200,0.022434081882238388,0.1973000317811966,0.19640004634857178
18,HONEYBEE__BEE,19,1,200,0.0225631445646286,0.19700002670288086,0.19640004634857178
18,HONEYBEE__BEE,20,-1,200,0.022692199796438217,0.19700002670288086,0.19600002467632294
19,HONEYBEE__BEE,1,1,200,0.020226534456014633,0.1997000277042389,0.20000003278255463
19,HONEYBEE__BEE,2,-1,200,0.020355308428406715,0.1997000277042389,0.19960002601146698
19,HONEYBEE__BEE,3,1,200,0.020484192296862602,0.19940002262592316,0.19960002601146698
19,HONEYBEE__BEE,4,-1,200,0.020612964406609535,0.19940002262592316,0.19920004904270172
19,HONEYBEE__BEE,5,1,200,0.020741857588291168,0.19910003244876862,0.19920004904270172
19,HONEYBEE__BEE,6,-1,200,0.020870624110102654,0.19910003244876862,0.19880002737045288
19,HONEYBEE__BEE,7,1,200,0.020999513566493988,0.19880002737045288,0.19880002737045288
19,HONEYBEE__BEE,8,-1,200,0.02112828567624092,0.19880002737045288,0.19840002059936523
19,HONEYBEE__BEE,9,1,200,0.021257173269987106,0.19850003719329834,0.19840002059936523
19,HONEYBEE__BEE,10,-1,200,0.02138594537973404,0.19850003719329834,0.19800002872943878
19,HONEYBEE__BEE,11,1,200,0.021514831110835075,0.1982000321149826,0.19800002872943878
19,HONEYBEE__BEE,12,-1,200,0.02164360135793686,0.1982000321149826,0.19760003685951233
19,HONEYBEE__BEE,13,1,200,0.021772487089037895,0.19790002703666687,0.19760003685951233
19,HONEYBEE__BEE,14,-1,200,0.021901264786720276,0.19790002703666687,0.19720004498958588
19,HONEYBEE__BEE,15,1,200,0.022030148655176163,0.19760003685951233,0.19720004498958588
19,HONEYBEE__BEE,16,-1,200,0.022158922627568245,0.19760003685951233,0.19680003821849823
19,HONEYBEE__BEE,17,1,200,0.02228781208395958,0.1973000168800354,0.19680003821849823
19,HONEYBEE__BEE,18,-1,200,0.022416582331061363,0.1973000168800354,0.19640003144741058
19,HONEYBEE__BEE,19,1,200,0.0225454680621624,0.19700002670288086,0.19640003144741058
19,HONEYBEE__BEE,20,-1,200,0.022674238309264183,0.19700002670288086,0.19600002467632294
20,HONEYBEE__BEE,1,1,200,0.02036653831601143,0.1997000277042389,0.20000003278255463
20,HONEYBEE__BEE,2,-1,200,0.020494243130087852,0.1997000277042389,0.19960004091262817
20,HONEYBEE__BEE,3,1,200,0.02062174491584301,0.19940002262592316,0.19960004091262817
20,HONEYBEE__BEE,4,-1,200,0.020749447867274284,0.19940002262592316,0.19920003414154053
20,HONEYBEE__BEE,5,1,200,0.02087695337831974,0.19910003244876862,0.19920003414154053
20,HONEYBEE__BEE,6,-1,200,0.021004660055041313,0.19910003244876862,0.19880002737045288
20,HONEYBEE__BEE,7,1,200,0.02113216370344162,0.1988000124692917,0.19880002737045288
20,HONEYBEE__BEE,8,-1,200,0.021259872242808342,0.1988000124692917,0.19840002059936523
20,HONEYBEE__BEE,9,1,200,0.02138737216591835,0.19850003719329834,0.19840002059936523
20,HONEYBEE__BEE,10,-1,200,0.021515078842639923,0.19850003719329834,0.19800002872943878
20,HONEYBEE__BEE,11,1,200,0.02164258062839508,0.1982000321149826,0.19800002872943878
20,HONEYBEE__BEE,12,-1,200,0.021770291030406952,0.1982000321149826,0.19760003685951233
20,HONEYBEE__BEE,13,1,200,0.02189779095351696,0.19790002703666687,0.19760003685951233
20,HONEYBEE__BEE,14,-1,200,0.022025497630238533,0.19790002703666687,0.19720004498958588
20,HONEYBEE__BEE,15,1,200,0.02215299755334854,0.19760003685951233,0.19720004498958588
20,HONEYBEE__BEE,16,-1,200,0.022280702367424965,0.19760003685951233,0.19680002331733704
20,HONEYBEE__BEE,17,1,200,0.02240820787847042,0.1973000168800354,0.19680002331733704
20,HONEYBEE__BEE,18,-1,200,0.022535908967256546,0.1973000168800354,0.19640003144741058
20,HONEYBEE__BEE,19,1,200,0.022663412615656853,0.19700002670288086,0.19640003144741058
20,HONEYBEE__BEE,20,-1,200,0.022791121155023575,0.19700002670288086,0.19600000977516174
21,HONEYBEE__BEE,1,1,200,0.020100852474570274,0.19970004260540009,0.20000003278255463
21,HONEYBEE__BEE,2,-1,200,0.02022925578057766,0.19970004260540009,0.19960002601146698
21,HONEYBEE__BEE,3,1,200,0.020357636734843254,0.19940002262592316,0.19960002601146698
21,HONEYBEE__BEE,4,-1,200,0.020486045628786087,0.19940002262592316,0.19920004904270172
21,HONEYBEE__BEE,5,1,200,0.020614419132471085,0.19910003244876862,0.19920004904270172
21,HONEYBEE__BEE,6,-1,200,0.02074282430112362,0.19910003244876862,0.1988000124692917
21,HONEYBEE__BEE,7,1,200,0.020871205255389214,0.19880002737045288,0.1988000124692917
21,HONEYBEE__BEE,8,-1,200,0.02099960669875145,0.19880002737045288,0.19840002059936523
21,HONEYBEE__BEE,9,1,200,0.021127987653017044,0.19850003719329834,0.19840002059936523
21,HONEYBEE__BEE,10,-1,200,0.02125639095902443,0.19850003719329834,0.19800002872943878
21,HONEYBEE__BEE,11,1,200,0.021384770050644875,0.1982000321149826,0.19800002872943878
21,HONEYBEE__BEE,12,-1,200,0.021513178944587708,0.1982000321149826,0.19760003685951233
21,HONEYBEE__BEE,13,1,200,0.021641558036208153,0.19790004193782806,0.19760003685951233
21,HONEYBEE__BEE,14,-1,200,0.021769961342215538,0.19790004193782806,0.19720004498958588
21,HONEYBEE__BEE,15,1,200,0.021898336708545685,0.19760002195835114,0.19720004498958588
21,HONEYBEE__BEE,16,-1,200,0.022026747465133667,0.19760002195835114,0.19680003821849823
21,HONEYBEE__BEE,17,1,200,0.022155122831463814,0.1973000168800354,0.19680003821849823
21,HONEYBEE__BEE,18,-1,200,0.022283529862761497,0.1973000168800354,0.19640003144741058
21,HONEYBEE__BEE,19,1,200,0.022411907091736794,0.19700002670288086,0.19640003144741058
21,HONEYBEE__BEE,20,-1,200,0.022540312260389328,0.19700002670288086,0.19600002467632294
22,HONEYBEE__BEE,1,1,200,0.020224634557962418,0.19970004260540009,0.20000003278255463
22,HONEYBEE__BEE,2,-1,200,0.02035195380449295,0.19970004260540009,0.19960002601146698
22,HONEYBEE__BEE,3,1,200,0.020478950813412666,0.19940002262592316,0.19960002601146698
22,HONEYBEE__BEE,4,-1,200,0.0206062700599432,0.19940002262592316,0.19920004904270172
22,HONEYBEE__BEE,5,1,200,0.020733267068862915,0.19910003244876862,0.19920004904270172
22,HONEYBEE__BEE,6,-1,200,0.020860586315393448,0.19910003244876862,0.1988000124692917
22,HONEYBEE__BEE,7,1,200,0.020987583324313164,0.19880002737045288,0.1988000124692917
22,HONEYBEE__BEE,8,-1,200,0.02111489698290825,0.19880002737045288,0.19840002059936523
22,HONEYBEE__BEE,9,1,200,0.021241899579763412,0.19850003719329834,0.19840002059936523
22,HONEYBEE__BEE,10,-1,200,0.021369216963648796,0.19850003719329834,0.19800002872943878
22,HONEYBEE__BEE,11,1,200,0.02149621769785881,0.1982000321149826,0.19800002872943878
22,HONEYBEE__BEE,12,-1,200,0.021623536944389343,0.1982000321149826,0.19760002195835114
22,HONEYBEE__BEE,13,1,200,0.02175053209066391,0.19790002703666687,0.19760002195835114
22,HONEYBEE__BEE,14,-1,200,0.021877851337194443,0.19790002703666687,0.19720004498958588
22,HONEYBEE__BEE,15,1,200,0.022004850208759308,0.19760003685951233,0.19720004498958588
22,HONEYBEE__BEE,16,-1,200,0.02213216759264469,0.19760003685951233,0.19680003821849823
22,HONEYBEE__BEE,17,1,200,0.022259164601564407,0.1973000317811966,0.19680003821849823
22,HONEYBEE__BEE,18,-1,200,0.02238648384809494,0.1973000317811966,0.19640003144741058
22,HONEYBEE__BEE,19,1,200,0.022513484582304955,0.19700002670288086,0.19640003144741058
22,HONEYBEE__BEE,20,-1,200,0.022640803828835487,0.19700002670288086,0.19600002467632294
23,HONEYBEE__BEE,1,1,200,0.019979510456323624,0.1997000277042389,0.20000003278255463
23,HONEYBEE__BEE,2,-1,200,0.02010815031826496,0.1997000277042389,0.19960002601146698
23,HONEYBEE__BEE,3,1,200,0.02023673988878727,0.19940002262592316,0.19960002601146698
23,HONEYBEE__BEE,4,-1,200,0.020365383476018906,0.19940002262592316,0.19920004904270172
23,HONEYBEE__BEE,5,1,200,0.020493969321250916,0.19910003244876862,0.19920004904270172
23,HONEYBEE__BEE,6,-1,200,0.02062261290848255,0.19910003244876862,0.19880002737045288
23,HONEYBEE__BEE,7,1,200,0.02075120061635971,0.1988000124692917,0.19880002737045288
23,HONEYBEE__BEE,8,-1,200,0.02087984047830105,0.1988000124692917,0.19840002059936523
23,HONEYBEE__BEE,9,1,200,0.021008431911468506,0.19850003719329834,0.19840002059936523
23,HONEYBEE__BEE,10,-1,200,0.021137073636054993,0.19850003719329834,0.19800002872943878
23,HONEYBEE__BEE,11,1,200,0.021265659481287003,0.1982000470161438,0.19800002872943878
23,HONEYBEE__BEE,12,-1,200,0.02139430120587349,0.1982000470161438,0.19760002195835114
23,HONEYBEE__BEE,13,1,200,0.021522890776395798,0.19790002703666687,0.19760002195835114
23,HONEYBEE__BEE,14,-1,200,0.021651532500982285,0.19790002703666687,0.19720004498958588
23,HONEYBEE__BEE,15,1,200,0.021780122071504593,0.19760003685951233,0.19720004498958588
23,HONEYBEE__BEE,16,-1,200,0.02190876007080078,0.19760003685951233,0.19680003821849823
23,HONEYBEE__BEE,17,1,200,0.022037353366613388,0.1973000317811966,0.19680003821849823
23,HONEYBEE__BEE,18,-1,200,0.022165991365909576,0.1973000317811966,0.19640003144741058
23,HONEYBEE__BEE,19,1,200,0.022294580936431885,0.19700002670288086,0.19640003144741058
23,HONEYBEE__BEE,20,-1,200,0.02242322266101837,0.19700002670288086,0.19600002467632294
24,HONEYBEE__BEE,1,1,200,0.02022254653275013,0.1997000277042389,0.20000003278255463
24,HONEYBEE__BEE,2,-1,200,0.02035028487443924,0.1997000277042389,0.19960002601146698
24,HONEYBEE__BEE,3,1,200,0.020477918907999992,0.19940002262592316,0.19960002601146698
24,HONEYBEE__BEE,4,-1,200,0.0206056609749794,0.19940002262592316,0.19920003414154053
24,HONEYBEE__BEE,5,1,200,0.020733295008540154,0.19910001754760742,0.19920003414154053
24,HONEYBEE__BEE,6,-1,200,0.020861035212874413,0.19910001754760742,0.19880002737045288
24,HONEYBEE__BEE,7,1,200,0.020988671109080315,0.19880002737045288,0.19880002737045288
24,HONEYBEE__BEE,8,-1,200,0.021116409450769424,0.19880002737045288,0.19840002059936523
24,HONEYBEE__BEE,9,1,200,0.021244045346975327,0.19850003719329834,0.19840002059936523
24,HONEYBEE__BEE,10,-1,200,0.021371787413954735,0.19850003719329834,0.19800002872943878
24,HONEYBEE__BEE,11,1,200,0.021499423310160637,0.1982000470161438,0.19800002872943878
24,HONEYBEE__BEE,12,-1,200,0.021627163514494896,0.1982000470161438,0.19760003685951233
24,HONEYBEE__BEE,13,1,200,0.0217547956854105,0.19790002703666687,0.19760003685951233
24,HONEYBEE__BEE,14,-1,200,0.02188253402709961,0.19790002703666687,0.19720004498958588
24,HONEYBEE__BEE,15,1,200,0.022010168060660362,0.19760003685951233,0.19720004498958588
24,HONEYBEE__BEE,16,-1,200,0.02213791012763977,0.19760003685951233,0.19680002331733704
24,HONEYBEE__BEE,17,1,200,0.022265544161200523,0.1973000168800354,0.19680002331733704
24,HONEYBEE__BEE,18,-1,200,0.022393284365534782,0.1973000168800354,0.19640003144741058
24,HONEYBEE__BEE,19,1,200,0.022520918399095535,0.19700002670288086,0.19640003144741058
24,HONEYBEE__BEE,20,-1,200,0.022648662328720093,0.19700002670288086,0.19600002467632294
25,HONEYBEE__BEE,1,1,200,0.02029615081846714,0.1997000128030777,0.20000003278255463
25,HONEYBEE__BEE,2,-1,200,0.020423829555511475,0.1997000128030777,0.19960004091262817
25,HONEYBEE__BEE,3,1,200,0.020551523193717003,0.19940002262592316,0.19960004091262817
25,HONEYBEE__BEE,4,-1,200,0.020679205656051636,0.19940002262592316,0.19920004904270172
25,HONEYBEE__BEE,5,1,200,0.020806901156902313,0.19910003244876862,0.19920004904270172
25,HONEYBEE__BEE,6,-1,200,0.0209345743060112,0.19910003244876862,0.19880004227161407
25,HONEYBEE__BEE,7,1,200,0.021062275394797325,0.19880004227161407,0.19880004227161407
25,HONEYBEE__BEE,8,-1,200,0.02118995413184166,0.19880004227161407,0.19840002059936523
25,HONEYBEE__BEE,9,1,200,0.021317649632692337,0.19850003719329834,0.19840002059936523
25,HONEYBEE__BEE,10,-1,200,0.021445326507091522,0.19850003719329834,0.19800002872943878
25,HONEYBEE__BEE,11,1,200,0.0215730220079422,0.1982000470161438,0.19800002872943878
25,HONEYBEE__BEE,12,-1,200,0.021700702607631683,0.1982000470161438,0.19760002195835114
25,HONEYBEE__BEE,13,1,200,0.02182839810848236,0.19790002703666687,0.19760002195835114
25,HONEYBEE__BEE,14,-1,200,0.021956078708171844,0.19790002703666687,0.19720004498958588
25,HONEYBEE__BEE,15,1,200,0.022083774209022522,0.19760003685951233,0.19720004498958588
25,HONEYBEE__BEE,16,-1,200,0.022211454808712006,0.19760003685951233,0.19680003821849823
25,HONEYBEE__BEE,17,1,200,0.02233915589749813,0.1973000317811966,0.19680003821849823
25,HONEYBEE__BEE,18,-1,200,0.022466829046607018,0.1973000317811966,0.19640003144741058
25,HONEYBEE__BEE,19,1,200,0.022594526410102844,0.19700002670288086,0.19640003144741058
25,HONEYBEE__BEE,20,-1,200,0.02272220514714718,0.19700002670288086,0.19600002467632294
26,HONEYBEE__BEE,1,1,200,0.020146958529949188,0.1997000277042389,0.20000003278255463
26,HONEYBEE__BEE,2,-1,200,0.020274149253964424,0.1997000277042389,0.19960002601146698
26,HONEYBEE__BEE,3,1,200,0.02040095068514347,0.19940002262592316,0.19960002601146698
26,HONEYBEE__BEE,4,-1,200,0.020528141409158707,0.19940002262592316,0.19920003414154053
26,HONEYBEE__BEE,5,1,200,0.020654944702982903,0.19910003244876862,0.19920003414154053
26,HONEYBEE__BEE,6,-1,200,0.02078213170170784,0.19910003244876862,0.19880002737045288
26,HONEYBEE__BEE,7,1,200,0.020908938720822334,0.19880004227161407,0.19880002737045288
26,HONEYBEE__BEE,8,-1,200,0.02103612944483757,0.19880004227161407,0.19840002059936523
26,HONEYBEE__BEE,9,1,200,0.02116292528808117,0.19850003719329834,0.19840002059936523
26,HONEYBEE__BEE,10,-1,200,0.021290117874741554,0.19850003719329834,0.19800002872943878
26,HONEYBEE__BEE,11,1,200,0.02141692116856575,0.1982000470161438,0.19800002872943878
26,HONEYBEE__BEE,12,-1,200,0.02154410630464554,0.1982000470161438,0.19760003685951233
26,HONEYBEE__BEE,13,1,200,0.021670913323760033,0.19790002703666687,0.19760003685951233
26,HONEYBEE__BEE,14,-1,200,0.02179810218513012,0.19790002703666687,0.19720004498958588
26,HONEYBEE__BEE,15,1,200,0.021924905478954315,0.19760003685951233,0.19720004498958588
26,HONEYBEE__BEE,16,-1,200,0.0220520980656147,0.19760003685951233,0.19680002331733704
26,HONEYBEE__BEE,17,1,200,0.0221788939088583,0.1973000168800354,0.19680002331733704
26,HONEYBEE__BEE,18,-1,200,0.022306086495518684,0.1973000168800354,0.19640003144741058
26,HONEYBEE__BEE,19,1,200,0.02243289351463318,0.19700002670288086,0.19640003144741058
26,HONEYBEE__BEE,20,-1,200,0.022560080513358116,0.19700002670288086,0.19600002467632294
27,HONEYBEE__BEE,1,1,200,0.020168591290712357,0.1997000277042389,0.20000003278255463
27,HONEYBEE__BEE,2,-1,200,0.020297842100262642,0.1997000277042389,0.19960004091262817
27,HONEYBEE__BEE,3,1,200,0.02042696624994278,0.19940002262592316,0.19960004091262817
27,HONEYBEE__BEE,4,-1,200,0.020556218922138214,0.19940002262592316,0.19920004904270172
27,HONEYBEE__BEE,5,1,200,0.020685341209173203,0.19910003244876862,0.19920004904270172
27,HONEYBEE__BEE,6,-1,200,0.020814593881368637,0.19910003244876862,0.19880002737045288
27,HONEYBEE__BEE,7,1,200,0.020943714305758476,0.19880002737045288,0.19880002737045288
27,HONEYBEE__BEE,8,-1,200,0.02107297070324421,0.19880002737045288,0.19840002059936523
27,HONEYBEE__BEE,9,1,200,0.021202094852924347,0.19850003719329834,0.19840002059936523
27,HONEYBEE__BEE,10,-1,200,0.02133134752511978,0.19850003719329834,0.19800002872943878
27,HONEYBEE__BEE,11,1,200,0.02146046794950962,0.1982000321149826,0.19800002872943878
27,HONEYBEE__BEE,12,-1,200,0.021589722484350204,0.1982000321149826,0.19760003685951233
27,HONEYBEE__BEE,13,1,200,0.02171884849667549,0.19790002703666687,0.19760003685951233
27,HONEYBEE__BEE,14,-1,200,0.021848095580935478,0.19790002703666687,0.19720004498958588
27,HONEYBEE__BEE,15,1,200,0.021977219730615616,0.19760002195835114,0.19720004498958588
27,HONEYBEE__BEE,16,-1,200,0.02210647240281105,0.19760002195835114,0.19680003821849823
27,HONEYBEE__BEE,17,1,200,0.022235596552491188,0.1973000168800354,0.19680003821849823
27,HONEYBEE__BEE,18,-1,200,0.02236485294997692,0.1973000168800354,0.19640003144741058
27,HONEYBEE__BEE,19,1,200,0.02249397523701191,0.19700002670288086,0.19640003144741058
27,HONEYBEE__BEE,20,-1,200,0.022623231634497643,0.19700002670288086,0.19600002467632294
28,HONEYBEE__BEE,1,1,200,0.0201311856508255,0.19970004260540009,0.20000003278255463
28,HONEYBEE__BEE,2,-1,200,0.0202606413513422,0.19970004260540009,0.19960002601146698
28,HONEYBEE__BEE,3,1,200,0.020389817655086517,0.19940002262592316,0.19960002601146698
28,HONEYBEE__BEE,4,-1,200,0.02051926963031292,0.19940002262592316,0.19920004904270172
28,HONEYBEE__BEE,5,1,200,0.020648447796702385,0.19910003244876862,0.19920004904270172
28,HONEYBEE__BEE,6,-1,200,0.020777899771928787,0.19910003244876862,0.19880002737045288
28,HONEYBEE__BEE,7,1,200,0.020907072350382805,0.1988000124692917,0.19880002737045288
28,HONEYBEE__BEE,8,-1,200,0.021036529913544655,0.1988000124692917,0.19840002059936523
28,HONEYBEE__BEE,9,1,200,0.02116570621728897,0.19850003719329834,0.19840002059936523
28,HONEYBEE__BEE,10,-1,200,0.02129516191780567,0.19850003719329834,0.19800002872943878
28,HONEYBEE__BEE,11,1,200,0.021424338221549988,0.1982000321149826,0.19800002872943878
28,HONEYBEE__BEE,12,-1,200,0.02155379205942154,0.1982000321149826,0.19760003685951233
28,HONEYBEE__BEE,13,1,200,0.021682968363165855,0.19790002703666687,0.19760003685951233
28,HONEYBEE__BEE,14,-1,200,0.021812422201037407,0.19790002703666687,0.19720004498958588
28,HONEYBEE__BEE,15,1,200,0.021941596642136574,0.19760003685951233,0.19720004498958588
28,HONEYBEE__BEE,16,-1,200,0.022071050480008125,0.19760003685951233,0.19680002331733704
28,HONEYBEE__BEE,17,1,200,0.02220022678375244,0.1973000317811966,0.19680002331733704
28,HONEYBEE__BEE,18,-1,200,0.02232968434691429,0.1973000317811966,0.19640003144741058
28,HONEYBEE__BEE,19,1,200,0.02245885692536831,0.19700002670288086,0.19640003144741058
28,HONEYBEE__BEE,20,-1,200,0.02258830890059471,0.19700002670288086,0.19600002467632294
29,HONEYBEE__BEE,1,1,200,0.020129939541220665,0.1997000277042389,0.20000003278255463
29,HONEYBEE__BEE,2,-1,200,0.020259009674191475,0.1997000277042389,0.19960004091262817
29,HONEYBEE__BEE,3,1,200,0.02038809098303318,0.19940002262592316,0.19960004091262817
29,HONEYBEE__BEE,4,-1,200,0.02051715739071369,0.19940002262592316,0.19920003414154053
29,HONEYBEE__BEE,5,1,200,0.020646240562200546,0.19910003244876862,0.19920003414154053
29,HONEYBEE__BEE,6,-1,200,0.020775306969881058,0.19910003244876862,0.19880002737045288
29,HONEYBEE__BEE,7,1,200,0.020904386416077614,0.1988000124692917,0.19880002737045288
29,HONEYBEE__BEE,8,-1,200,0.021033456549048424,0.1988000124692917,0.19840002059936523
29,HONEYBEE__BEE,9,1,200,0.02116253413259983,0.19850003719329834,0.19840002059936523
29,HONEYBEE__BEE,10,-1,200,0.02129160426557064,0.19850003719329834,0.19800002872943878
29,HONEYBEE__BEE,11,1,200,0.021420685574412346,0.1982000470161438,0.19800002872943878
29,HONEYBEE__BEE,12,-1,200,0.021549750119447708,0.1982000470161438,0.19760003685951233
29,HONEYBEE__BEE,13,1,200,0.02167883701622486,0.19790002703666687,0.19760003685951233
29,HONEYBEE__BEE,14,-1,200,0.021807905286550522,0.19790002703666687,0.19720004498958588
29,HONEYBEE__BEE,15,1,200,0.02193698287010193,0.19760002195835114,0.19720004498958588
29,HONEYBEE__BEE,16,-1,200,0.02206604741513729,0.19760002195835114,0.19680002331733704
29,HONEYBEE__BEE,17,1,200,0.022195128723978996,0.1973000168800354,0.19680002331733704
29,HONEYBEE__BEE,18,-1,200,0.022324206307530403,0.1973000168800354,0.19640003144741058
29,HONEYBEE__BEE,19,1,200,0.02245328202843666,0.19700002670288086,0.19640003144741058
29,HONEYBEE__BEE,20,-1,200,0.02258235029876232,0.19700002670288086,0.19600002467632294
30,HONEYBEE__BEE,1,1,200,0.020283382385969162,0.19970004260540009,0.20000003278255463
30,HONEYBEE__BEE,2,-1,200,0.02041221410036087,0.19970004260540009,0.19960004091262817
30,HONEYBEE__BEE,3,1,200,0.020540766417980194,0.19940002262592316,0.19960004091262817
30,HONEYBEE__BEE,4,-1,200,0.02066959999501705,0.19940002262592316,0.19920003414154053
30,HONEYBEE__BEE,5,1,200,0.020798154175281525,0.19910003244876862,0.19920003414154053
30,HONEYBEE__BEE,6,-1,200,0.020926987752318382,0.19910003244876862,0.1988000124692917
30,HONEYBEE__BEE,7,1,200,0.021055541932582855,0.19880002737045288,0.1988000124692917
30,HONEYBEE__BEE,8,-1,200,0.021184375509619713,0.19880002737045288,0.19840002059936523
30,HONEYBEE__BEE,9,1,200,0.021312927827239037,0.19850003719329834,0.19840002059936523
30,HONEYBEE__BEE,10,-1,200,0.021441759541630745,0.19850003719329834,0.19800002872943878
30,HONEYBEE__BEE,11,1,200,0.021570315584540367,0.1982000321149826,0.19800002872943878
30,HONEYBEE__BEE,12,-1,200,0.021699147298932076,0.1982000321149826,0.19760002195835114
30,HONEYBEE__BEE,13,1,200,0.021827703341841698,0.19790002703666687,0.19760002195835114
30,HONEYBEE__BEE,14,-1,200,0.021956540644168854,0.19790002703666687,0.19720004498958588
30,HONEYBEE__BEE,15,1,200,0.022085091099143028,0.19760003685951233,0.19720004498958588
30,HONEYBEE__BEE,16,-1,200,0.022213928401470184,0.19760003685951233,0.19680003821849823
30,HONEYBEE__BEE,17,1,200,0.02234247885644436,0.1973000317811966,0.19680003821849823
30,HONEYBEE__BEE,18,-1,200,0.022471318021416664,0.1973000317811966,0.19640003144741058
30,HONEYBEE__BEE,19,1,200,0.02259986288845539,0.19700002670288086,0.19640003144741058
30,HONEYBEE__BEE,20,-1,200,0.022728702053427696,0.19700002670288086,0.19600002467632294
31,HONEYBEE__BEE,1,1,200,0.020091690123081207,0.19970004260540009,0.20000003278255463
31,HONEYBEE__BEE,2,-1,200,0.020219024270772934,0.19970004260540009,0.19960004091262817
31,HONEYBEE__BEE,3,1,200,0.020346099510788918,0.19940002262592316,0.19960004091262817
31,HONEYBEE__BEE,4,-1,200,0.020473439246416092,0.19940002262592316,0.19920003414154053
31,HONEYBEE__BEE,5,1,200,0.020600514486432076,0.19910003244876862,0.19920003414154053
31,HONEYBEE__BEE,6,-1,200,0.020727848634123802,0.19910003244876862,0.19880002737045288
31,HONEYBEE__BEE,7,1,200,0.020854923874139786,0.19880002737045288,0.19880002737045288
31,HONEYBEE__BEE,8,-1,200,0.02098225988447666,0.19880002737045288,0.19840002059936523
31,HONEYBEE__BEE,9,1,200,0.021109338849782944,0.19850003719329834,0.19840002059936523
31,HONEYBEE__BEE,10,-1,200,0.02123667672276497,0.19850003719329834,0.19800002872943878
31,HONEYBEE__BEE,11,1,200,0.021363748237490654,0.1982000321149826,0.19800002872943878
31,HONEYBEE__BEE,12,-1,200,0.02149108797311783,0.1982000321149826,0.19760003685951233
31,HONEYBEE__BEE,13,1,200,0.021618161350488663,0.19790004193782806,0.19760003685951233
31,HONEYBEE__BEE,14,-1,200,0.021745501086115837,0.19790004193782806,0.19720003008842468
31,HONEYBEE__BEE,15,1,200,0.021872570738196373,0.19760003685951233,0.19720003008842468
31,HONEYBEE__BEE,16,-1,200,0.021999914199113846,0.19760003685951233,0.19680002331733704
31,HONEYBEE__BEE,17,1,200,0.02212698571383953,0.1973000168800354,0.19680002331733704
31,HONEYBEE__BEE,18,-1,200,0.022254321724176407,0.1973000168800354,0.19640003144741058
31,HONEYBEE__BEE,19,1,200,0.02238140068948269,0.19700002670288086,0.19640003144741058
31,HONEYBEE__BEE,20,-1,200,0.022508738562464714,0.19700002670288086,0.19600002467632294
32,HONEYBEE__BEE,1,1,200,0.020051414147019386,0.1997000277042389,0.20000003278255463
32,HONEYBEE__BEE,2,-1,200,0.02017873525619507,0.1997000277042389,0.19960004091262817
32,HONEYBEE__BEE,3,1,200,0.020305855199694633,0.19940002262592316,0.19960004091262817
32,HONEYBEE__BEE,4,-1,200,0.020433172583580017,0.19940002262592316,0.19920003414154053
32,HONEYBEE__BEE,5,1,200,0.020560292527079582,0.19910001754760742,0.19920003414154053
32,HONEYBEE__BEE,6,-1,200,0.020687609910964966,0.19910001754760742,0.19880002737045288
32,HONEYBEE__BEE,7,1,200,0.02081473171710968,0.19880002737045288,0.19880002737045288
32,HONEYBEE__BEE,8,-1,200,0.020942052826285362,0.19880002737045288,0.19840002059936523
32,HONEYBEE__BEE,9,1,200,0.021069172769784927,0.19850003719329834,0.19840002059936523
32,HONEYBEE__BEE,10,-1,200,0.02119649015367031,0.19850003719329834,0.19800002872943878
32,HONEYBEE__BEE,11,1,200,0.021323608234524727,0.1982000470161438,0.19800002872943878
32,HONEYBEE__BEE,12,-1,200,0.02145092748105526,0.1982000470161438,0.19760003685951233
32,HONEYBEE__BEE,13,1,200,0.021578049287199974,0.19790002703666687,0.19760003685951233
32,HONEYBEE__BEE,14,-1,200,0.021705368533730507,0.19790002703666687,0.19720004498958588
32,HONEYBEE__BEE,15,1,200,0.021832484751939774,0.19760003685951233,0.19720004498958588
32,HONEYBEE__BEE,16,-1,200,0.021959802135825157,0.19760003685951233,0.19680002331733704
32,HONEYBEE__BEE,17,1,200,0.02208692952990532,0.1973000168800354,0.19680002331733704
32,HONEYBEE__BEE,18,-1,200,0.022214243188500404,0.1973000168800354,0.19640003144741058
32,HONEYBEE__BEE,19,1,200,0.02234136313199997,0.19700002670288086,0.19640003144741058
32,HONEYBEE__BEE,20,-1,200,0.02246868424117565,0.19700002670288086,0.19600002467632294
33,HONEYBEE__BEE,1,1,200,0.02017250284552574,0.19970004260540009,0.20000003278255463
33,HONEYBEE__BEE,2,-1,200,0.020298674702644348,0.19970004260540009,0.19960002601146698
33,HONEYBEE__BEE,3,1,200,0.02042492851614952,0.19940002262592316,0.19960002601146698
33,HONEYBEE__BEE,4,-1,200,0.020551098510622978,0.19940002262592316,0.19920004904270172
33,HONEYBEE__BEE,5,1,200,0.02067735604941845,0.19910001754760742,0.19920004904270172
33,HONEYBEE__BEE,6,-1,200,0.020803527906537056,0.19910001754760742,0.19880002737045288
33,HONEYBEE__BEE,7,1,200,0.02092977799475193,0.19880002737045288,0.19880002737045288
33,HONEYBEE__BEE,8,-1,200,0.021055955439805984,0.19880002737045288,0.19840002059936523
33,HONEYBEE__BEE,9,1,200,0.021182209253311157,0.19850003719329834,0.19840002059936523
33,HONEYBEE__BEE,10,-1,200,0.021308379247784615,0.19850003719329834,0.19800002872943878
33,HONEYBEE__BEE,11,1,200,0.021434633061289787,0.1982000470161438,0.19800002872943878
33,HONEYBEE__BEE,12,-1,200,0.021560803055763245,0.1982000470161438,0.19760002195835114
33,HONEYBEE__BEE,13,1,200,0.021687058731913567,0.19790002703666687,0.19760002195835114
33,HONEYBEE__BEE,14,-1,200,0.021813232451677322,0.19790002703666687,0.19720004498958588
33,HONEYBEE__BEE,15,1,200,0.021939484402537346,0.19760002195835114,0.19720004498958588
33,HONEYBEE__BEE,16,-1,200,0.022065654397010803,0.19760002195835114,0.19680003821849823
33,HONEYBEE__BEE,17,1,200,0.022191910073161125,0.1973000168800354,0.19680003821849823
33,HONEYBEE__BEE,18,-1,200,0.022318081930279732,0.1973000168800354,0.19640003144741058
33,HONEYBEE__BEE,19,1,200,0.022444341331720352,0.19700002670288086,0.19640003144741058
33,HONEYBEE__BEE,20,-1,200,0.022570516914129257,0.19700002670288086,0.19600002467632294
34,HONEYBEE__BEE,1,1,200,0.020042968913912773,0.19970004260540009,0.20000003278255463
34,HONEYBEE__BEE,2,-1,200,0.02017170377075672,0.19970004260540009,0.19960004091262817
34,HONEYBEE__BEE,3,1,200,0.02030024118721485,0.19940002262592316,0.19960004091262817
34,HONEYBEE__BEE,4,-1,200,0.020428979769349098,0.19940002262592316,0.19920003414154053
34,HONEYBEE__BEE,5,1,200,0.02055751532316208,0.19910003244876862,0.19920003414154053
34,HONEYBEE__BEE,6,-1,200,0.020686255767941475,0.19910003244876862,0.19880002737045288
34,HONEYBEE__BEE,7,1,200,0.020814787596464157,0.19880002737045288,0.19880002737045288
34,HONEYBEE__BEE,8,-1,200,0.020943522453308105,0.19880002737045288,0.19840002059936523
34,HONEYBEE__BEE,9,1,200,0.021072063595056534,0.19850003719329834,0.19840002059936523
34,HONEYBEE__BEE,10,-1,200,0.02120080403983593,0.19850003719329834,0.1980000138282776
34,HONEYBEE__BEE,11,1,200,0.021329334005713463,0.1982000321149826,0.1980000138282776
34,HONEYBEE__BEE,12,-1,200,0.02145807072520256,0.1982000321149826,0.19760002195835114
34,HONEYBEE__BEE,13,1,200,0.02158660814166069,0.19790002703666687,0.19760002195835114
34,HONEYBEE__BEE,14,-1,200,0.021715346723794937,0.19790002703666687,0.19720004498958588
34,HONEYBEE__BEE,15,1,200,0.02184387482702732,0.19760003685951233,0.19720004498958588
34,HONEYBEE__BEE,16,-1,200,0.021972622722387314,0.19760003685951233,0.19680002331733704
34,HONEYBEE__BEE,17,1,200,0.022101154550909996,0.1973000168800354,0.19680002331733704
34,HONEYBEE__BEE,18,-1,200,0.022229893133044243,0.1973000168800354,0.19640004634857178
34,HONEYBEE__BEE,19,1,200,0.022358430549502373,0.19700002670288086,0.19640004634857178
34,HONEYBEE__BEE,20,-1,200,0.02248717099428177,0.19700002670288086,0.19600002467632294
35,HONEYBEE__BEE,1,1,200,0.02026151679456234,0.1997000277042389,0.20000003278255463
35,HONEYBEE__BEE,2,-1,200,0.020391665399074554,0.1997000277042389,0.19960002601146698
35,HONEYBEE__BEE,3,1,200,0.02052195556461811,0.19940002262592316,0.19960002601146698
35,HONEYBEE__BEE,4,-1,200,0.020652109757065773,0.19940002262592316,0.19920003414154053
35,HONEYBEE__BEE,5,1,200,0.02078240178525448,0.19910003244876862,0.19920003414154053
35,HONEYBEE__BEE,6,-1,200,0.020912541076540947,0.19910003244876862,0.1988000124692917
35,HONEYBEE__BEE,7,1,200,0.021042846143245697,0.1988000124692917,0.1988000124692917
35,HONEYBEE__BEE,8,-1,200,0.021172991022467613,0.1988000124692917,0.19840003550052643
35,HONEYBEE__BEE,9,1,200,0.02130328305065632,0.19850003719329834,0.19840003550052643
35,HONEYBEE__BEE,10,-1,200,0.021433435380458832,0.19850003719329834,0.19800002872943878
35,HONEYBEE__BEE,11,1,200,0.021563727408647537,0.1982000321149826,0.19800002872943878
35,HONEYBEE__BEE,12,-1,200,0.021693872287869453,0.1982000321149826,0.19760002195835114
35,HONEYBEE__BEE,13,1,200,0.021824169903993607,0.19790002703666687,0.19760002195835114
35,HONEYBEE__BEE,14,-1,200,0.021954314783215523,0.19790002703666687,0.19720004498958588
35,HONEYBEE__BEE,15,1,200,0.022084608674049377,0.19760002195835114,0.19720004498958588
35,HONEYBEE__BEE,16,-1,200,0.022214755415916443,0.19760002195835114,0.19680003821849823
35,HONEYBEE__BEE,17,1,200,0.022345051169395447,0.1973000168800354,0.19680003821849823
35,HONEYBEE__BEE,18,-1,200,0.022475196048617363,0.1973000168800354,0.19640003144741058
35,HONEYBEE__BEE,19,1,200,0.022605493664741516,0.19700002670288086,0.19640003144741058
35,HONEYBEE__BEE,20,-1,200,0.022735634818673134,0.19700002670288086,0.19600002467632294
36,HONEYBEE__BEE,1,1,200,0.020416853949427605,0.19970004260540009,0.20000003278255463
36,HONEYBEE__BEE,2,-1,200,0.020547010004520416,0.19970004260540009,0.19960004091262817
36,HONEYBEE__BEE,3,1,200,0.0206769872456789,0.19940002262592316,0.19960004091262817
36,HONEYBEE__BEE,4,-1,200,0.020807141438126564,0.19940002262592316,0.19920003414154053
36,HONEYBEE__BEE,5,1,200,0.020937122404575348,0.19910003244876862,0.19920003414154053
36,HONEYBEE__BEE,6,-1,200,0.02106727845966816,0.19910003244876862,0.19880002737045288
36,HONEYBEE__BEE,7,1,200,0.021197255700826645,0.1988000124692917,0.19880002737045288
36,HONEYBEE__BEE,8,-1,200,0.021327409893274307,0.1988000124692917,0.19840002059936523
36,HONEYBEE__BEE,9,1,200,0.02145739272236824,0.19850003719329834,0.19840002059936523
36,HONEYBEE__BEE,10,-1,200,0.021587543189525604,0.19850003719329834,0.19800002872943878
36,HONEYBEE__BEE,11,1,200,0.021717529743909836,0.1982000470161438,0.19800002872943878
36,HONEYBEE__BEE,12,-1,200,0.0218476802110672,0.1982000470161438,0.19760002195835114
36,HONEYBEE__BEE,13,1,200,0.021977661177515984,0.19790002703666687,0.19760002195835114
36,HONEYBEE__BEE,14,-1,200,0.022107817232608795,0.19790002703666687,0.19720003008842468
36,HONEYBEE__BEE,15,1,200,0.02223780006170273,0.19760003685951233,0.19720003008842468
36,HONEYBEE__BEE,16,-1,200,0.02236795425415039,0.19760003685951233,0.19680003821849823
36,HONEYBEE__BEE,17,1,200,0.022497927770018578,0.1973000168800354,0.19680003821849823
36,HONEYBEE__BEE,18,-1,200,0.02262808568775654,0.1973000168800354,0.19640003144741058
36,HONEYBEE__BEE,19,1,200,0.022758066654205322,0.19700002670288086,0.19640003144741058
36,HONEYBEE__BEE,20,-1,200,0.022888224571943283,0.19700002670288086,0.19600002467632294
37,HONEYBEE__BEE,1,1,200,0.02026301808655262,0.19970004260540009,0.20000003278255463
37,HONEYBEE__BEE,2,-1,200,0.02039107121527195,0.19970004260540009,0.19960004091262817
37,HONEYBEE__BEE,3,1,200,0.020518962293863297,0.19940003752708435,0.19960004091262817
37,HONEYBEE__BEE,4,-1,200,0.020647019147872925,0.19940003752708435,0.19920003414154053
37,HONEYBEE__BEE,5,1,200,0.02077491022646427,0.19910001754760742,0.19920003414154053
37,HONEYBEE__BEE,6,-1,200,0.0209029670804739,0.19910001754760742,0.19880002737045288
37,HONEYBEE__BEE,7,1,200,0.021030854433774948,0.19880002737045288,0.19880002737045288
37,HONEYBEE__BEE,8,-1,200,0.02115890383720398,0.19880002737045288,0.19840002059936523
37,HONEYBEE__BEE,9,1,200,0.021286794915795326,0.19850003719329834,0.19840002059936523
37,HONEYBEE__BEE,10,-1,200,0.021414846181869507,0.19850003719329834,0.19800002872943878
37,HONEYBEE__BEE,11,1,200,0.021542739123106003,0.1982000470161438,0.19800002872943878
37,HONEYBEE__BEE,12,-1,200,0.021670794114470482,0.1982000470161438,0.19760003685951233
37,HONEYBEE__BEE,13,1,200,0.02179868146777153,0.19790002703666687,0.19760003685951233
37,HONEYBEE__BEE,14,-1,200,0.02192673273384571,0.19790002703666687,0.19720004498958588
37,HONEYBEE__BEE,15,1,200,0.022054629400372505,0.19760003685951233,0.19720004498958588
37,HONEYBEE__BEE,16,-1,200,0.022182680666446686,0.19760003685951233,0.19680002331733704
37,HONEYBEE__BEE,17,1,200,0.022310568019747734,0.1973000317811966,0.19680002331733704
37,HONEYBEE__BEE,18,-1,200,0.022438624873757362,0.1973000317811966,0.19640003144741058
37,HONEYBEE__BEE,19,1,200,0.02256651036441326,0.19700002670288086,0.19640003144741058
37,HONEYBEE__BEE,20,-1,200,0.02269456721842289,0.19700002670288086,0.19600002467632294
38,HONEYBEE__BEE,1,1,200,0.02009793557226658,0.1997000277042389,0.20000003278255463
38,HONEYBEE__BEE,2,-1,200,0.02022617869079113,0.1997000277042389,0.19960002601146698
38,HONEYBEE__BEE,3,1,200,0.020354390144348145,0.19940002262592316,0.19960002601146698
38,HONEYBEE__BEE,4,-1,200,0.020482636988162994,0.19940002262592316,0.19920004904270172
38,HONEYBEE__BEE,5,1,200,0.020610852167010307,0.19910003244876862,0.19920004904270172
38,HONEYBEE__BEE,6,-1,200,0.020739099010825157,0.19910003244876862,0.1988000124692917
38,HONEYBEE__BEE,7,1,200,0.02086731046438217,0.19880002737045288,0.1988000124692917
38,HONEYBEE__BEE,8,-1,200,0.02099555730819702,0.19880002737045288,0.19840002059936523
38,HONEYBEE__BEE,9,1,200,0.021123772487044334,0.19850003719329834,0.19840002059936523
38,HONEYBEE__BEE,10,-1,200,0.021252021193504333,0.19850003719329834,0.19800002872943878
38,HONEYBEE__BEE,11,1,200,0.021380232647061348,0.1982000321149826,0.19800002872943878
38,HONEYBEE__BEE,12,-1,200,0.0215084757655859,0.1982000321149826,0.19760003685951233
38,HONEYBEE__BEE,13,1,200,0.02163669466972351,0.19790004193782806,0.19760003685951233
38,HONEYBEE__BEE,14,-1,200,0.02176494151353836,0.19790004193782806,0.19720004498958588
38,HONEYBEE__BEE,15,1,200,0.021893154829740524,0.19760003685951233,0.19720004498958588
38,HONEYBEE__BEE,16,-1,200,0.022021399810910225,0.19760003685951233,0.19680003821849823
38,HONEYBEE__BEE,17,1,200,0.022149614989757538,0.1973000317811966,0.19680003821849823
38,HONEYBEE__BEE,18,-1,200,0.02227785624563694,0.1973000317811966,0.19640003144741058
38,HONEYBEE__BEE,19,1,200,0.022406071424484253,0.19700002670288086,0.19640003144741058
38,HONEYBEE__BEE,20,-1,200,0.022534318268299103,0.19700002670288086,0.19600002467632294
39,HONEYBEE__BEE,1,1,200,0.02019858919084072,0.1997000277042389,0.20000003278255463
39,HONEYBEE__BEE,2,-1,200,0.020327450707554817,0.1997000277042389,0.19960004091262817
39,HONEYBEE__BEE,3,1,200,0.020456405356526375,0.19940002262592316,0.19960004091262817
39,HONEYBEE__BEE,4,-1,200,0.02058526873588562,0.19940002262592316,0.19920003414154053
39,HONEYBEE__BEE,5,1,200,0.02071422152221203,0.19910001754760742,0.19920003414154053
39,HONEYBEE__BEE,6,-1,200,0.020843081176280975,0.19910001754760742,0.19880002737045288
39,HONEYBEE__BEE,7,1,200,0.020972037687897682,0.19880002737045288,0.19880002737045288
39,HONEYBEE__BEE,8,-1,200,0.021100899204611778,0.19880002737045288,0.19840002059936523
39,HONEYBEE__BEE,9,1,200,0.021229853853583336,0.19850003719329834,0.19840002059936523
39,HONEYBEE__BEE,10,-1,200,0.021358711645007133,0.19850003719329834,0.19800002872943878
39,HONEYBEE__BEE,11,1,200,0.02148766815662384,0.1982000321149826,0.19800002872943878
39,HONEYBEE__BEE,12,-1,200,0.021616533398628235,0.1982000321149826,0.19760003685951233
39,HONEYBEE__BEE,13,1,200,0.021745484322309494,0.19790002703666687,0.19760003685951233
39,HONEYBEE__BEE,14,-1,200,0.02187434583902359,0.19790002703666687,0.19720004498958588
39,HONEYBEE__BEE,15,1,200,0.022003300487995148,0.19760003685951233,0.19720004498958588
39,HONEYBEE__BEE,16,-1,200,0.022132163867354393,0.19760003685951233,0.19680002331733704
39,HONEYBEE__BEE,17,1,200,0.02226111851632595,0.1973000317811966,0.19680002331733704
39,HONEYBEE__BEE,18,-1,200,0.022389980033040047,0.1973000317811966,0.19640003144741058
39,HONEYBEE__BEE,19,1,200,0.022518934682011604,0.19700002670288086,0.19640003144741058
39,HONEYBEE__BEE,20,-1,200,0.0226477961987257,0.19700002670288086,0.19600002467632294
40,HONEYBEE__BEE,1,1,200,0.02003934234380722,0.19970004260540009,0.20000003278255463
40,HONEYBEE__BEE,2,-1,200,0.02016705833375454,0.19970004260540009,0.19960004091262817
40,HONEYBEE__BEE,3,1,200,0.020294655114412308,0.19940002262592316,0.19960004091262817
40,HONEYBEE__BEE,4,-1,200,0.020422371104359627,0.19940002262592316,0.19920003414154053
40,HONEYBEE__BEE,5,1,200,0.020549971610307693,0.19910003244876862,0.19920003414154053
40,HONEYBEE__BEE,6,-1,200,0.020677683874964714,0.19910003244876862,0.19880002737045288
40,HONEYBEE__BEE,7,1,200,0.02080528996884823,0.19880002737045288,0.19880002737045288
40,HONEYBEE__BEE,8,-1,200,0.02093299850821495,0.19880002737045288,0.19840002059936523
40,HONEYBEE__BEE,9,1,200,0.021060600876808167,0.19850003719329834,0.19840002059936523
40,HONEYBEE__BEE,10,-1,200,0.021188313141465187,0.19850003719329834,0.19800002872943878
40,HONEYBEE__BEE,11,1,200,0.021315915510058403,0.1982000470161438,0.19800002872943878
40,HONEYBEE__BEE,12,-1,200,0.021443627774715424,0.1982000470161438,0.19760003685951233
40,HONEYBEE__BEE,13,1,200,0.02157123014330864,0.19790002703666687,0.19760003685951233
40,HONEYBEE__BEE,14,-1,200,0.02169894240796566,0.19790002703666687,0.19720004498958588
40,HONEYBEE__BEE,15,1,200,0.02182653732597828,0.19760003685951233,0.19720004498958588
40,HONEYBEE__BEE,16,-1,200,0.021954253315925598,0.19760003685951233,0.19680002331733704
40,HONEYBEE__BEE,17,1,200,0.022081855684518814,0.1973000317811966,0.19680002331733704
40,HONEYBEE__BEE,18,-1,200,0.022209567949175835,0.1973000317811966,0.19640004634857178
40,HONEYBEE__BEE,19,1,200,0.0223371684551239,0.19700002670288086,0.19640004634857178
40,HONEYBEE__BEE,20,-1,200,0.02246488258242607,0.19700002670288086,0.19600002467632294
41,HONEYBEE__BEE,1,1,200,0.020093459635972977,0.19970004260540009,0.20000003278255463
41,HONEYBEE__BEE,2,-1,200,0.020221319049596786,0.19970004260540009,0.19960002601146698
41,HONEYBEE__BEE,3,1,200,0.020348960533738136,0.19940002262592316,0.19960002601146698
41,HONEYBEE__BEE,4,-1,200,0.020476818084716797,0.19940002262592316,0.19920004904270172
41,HONEYBEE__BEE,5,1,200,0.020604455843567848,0.19910001754760742,0.19920004904270172
41,HONEYBEE__BEE,6,-1,200,0.020732315257191658,0.19910001754760742,0.19880002737045288
41,HONEYBEE__BEE,7,1,200,0.020859945565462112,0.19880002737045288,0.19880002737045288
41,HONEYBEE__BEE,8,-1,200,0.02098781242966652,0.19880002737045288,0.19840003550052643
41,HONEYBEE__BEE,9,1,200,0.02111545205116272,0.19850003719329834,0.19840003550052643
41,HONEYBEE__BEE,10,-1,200,0.02124331146478653,0.19850003719329834,0.19800002872943878
41,HONEYBEE__BEE,11,1,200,0.021370945498347282,0.1982000470161438,0.19800002872943878
41,HONEYBEE__BEE,12,-1,200,0.02149880863726139,0.1982000470161438,0.19760003685951233
41,HONEYBEE__BEE,13,1,200,0.021626442670822144,0.19790002703666687,0.19760003685951233
41,HONEYBEE__BEE,14,-1,200,0.021754305809736252,0.19790002703666687,0.19720004498958588
41,HONEYBEE__BEE,15,1,200,0.021881937980651855,0.19760003685951233,0.19720004498958588
41,HONEYBEE__BEE,16,-1,200,0.022009802982211113,0.19760003685951233,0.19680002331733704
41,HONEYBEE__BEE,17,1,200,0.022137438878417015,0.1973000317811966,0.19680002331733704
41,HONEYBEE__BEE,18,-1,200,0.022265300154685974,0.1973000317811966,0.19640003144741058
41,HONEYBEE__BEE,19,1,200,0.022392937913537025,0.19700002670288086,0.19640003144741058
41,HONEYBEE__BEE,20,-1,200,0.022520801052451134,0.19700002670288086,0.19600002467632294
42,HONEYBEE__BEE,1,1,200,0.020172705873847008,0.19970004260540009,0.20000003278255463
42,HONEYBEE__BEE,2,-1,200,0.020300084725022316,0.19970004260540009,0.19960004091262817
42,HONEYBEE__BEE,3,1,200,0.02042735181748867,0.19940002262592316,0.19960004091262817
42,HONEYBEE__BEE,4,-1,200,0.02055472321808338,0.19940002262592316,0.19920003414154053
42,HONEYBEE__BEE,5,1,200,0.020681986585259438,0.19910003244876862,0.19920003414154053
42,HONEYBEE__BEE,6,-1,200,0.020809365436434746,0.19910003244876862,0.19880002737045288
42,HONEYBEE__BEE,7,1,200,0.020936625078320503,0.19880002737045288,0.19880002737045288
42,HONEYBEE__BEE,8,-1,200,0.02106400392949581,0.19880002737045288,0.19840002059936523
42,HONEYBEE__BEE,9,1,200,0.02119125984609127,0.19850003719329834,0.19840002059936523
42,HONEYBEE__BEE,10,-1,200,0.021318644285202026,0.19850003719329834,0.19800002872943878
42,HONEYBEE__BEE,11,1,200,0.021445907652378082,0.1982000470161438,0.19800002872943878
42,HONEYBEE__BEE,12,-1,200,0.02157328650355339,0.1982000470161438,0.19760003685951233
42,HONEYBEE__BEE,13,1,200,0.02170053869485855,0.19790002703666687,0.19760003685951233
42,HONEYBEE__BEE,14,-1,200,0.021827924996614456,0.19790002703666687,0.19720004498958588
42,HONEYBEE__BEE,15,1,200,0.021955184638500214,0.19760003685951233,0.19720004498958588
42,HONEYBEE__BEE,16,-1,200,0.022082561627030373,0.19760003685951233,0.19680003821849823
42,HONEYBEE__BEE,17,1,200,0.022209826856851578,0.1973000168800354,0.19680003821849823
42,HONEYBEE__BEE,18,-1,200,0.022337203845381737,0.1973000168800354,0.19640003144741058
42,HONEYBEE__BEE,19,1,200,0.02246447093784809,0.19700002670288086,0.19640003144741058
42,HONEYBEE__BEE,20,-1,200,0.022591842338442802,0.19700002670288086,0.19600002467632294
43,HONEYBEE__BEE,1,1,200,0.020157836377620697,0.19970004260540009,0.20000003278255463
43,HONEYBEE__BEE,2,-1,200,0.02028637006878853,0.19970004260540009,0.19960002601146698
43,HONEYBEE__BEE,3,1,200,0.020414751023054123,0.19940002262592316,0.19960002601146698
43,HONEYBEE__BEE,4,-1,200,0.020543288439512253,0.19940002262592316,0.19920003414154053
43,HONEYBEE__BEE,5,1,200,0.02067166566848755,0.19910003244876862,0.19920003414154053
43,HONEYBEE__BEE,6,-1,200,0.02080020308494568,0.19910003244876862,0.19880004227161407
43,HONEYBEE__BEE,7,1,200,0.020928578451275826,0.1988000124692917,0.19880004227161407
43,HONEYBEE__BEE,8,-1,200,0.021057115867733955,0.1988000124692917,0.19840003550052643
43,HONEYBEE__BEE,9,1,200,0.02118549309670925,0.19850003719329834,0.19840003550052643
43,HONEYBEE__BEE,10,-1,200,0.02131403237581253,0.19850003719329834,0.19800002872943878
43,HONEYBEE__BEE,11,1,200,0.021442411467432976,0.1982000470161438,0.19800002872943878
43,HONEYBEE__BEE,12,-1,200,0.021570945158600807,0.1982000470161438,0.19760002195835114
43,HONEYBEE__BEE,13,1,200,0.02169932797551155,0.19790002703666687,0.19760002195835114
43,HONEYBEE__BEE,14,-1,200,0.021827861666679382,0.19790002703666687,0.19720004498958588
43,HONEYBEE__BEE,15,1,200,0.021956242620944977,0.19760002195835114,0.19720004498958588
43,HONEYBEE__BEE,16,-1,200,0.022084776312112808,0.19760002195835114,0.19680003821849823
43,HONEYBEE__BEE,17,1,200,0.022213151678442955,0.1973000168800354,0.19680003821849823
43,HONEYBEE__BEE,18,-1,200,0.022341689094901085,0.1973000168800354,0.19640004634857178
43,HONEYBEE__BEE,19,1,200,0.022470073774456978,0.19700002670288086,0.19640004634857178
43,HONEYBEE__BEE,20,-1,200,0.022598611190915108,0.19700002670288086,0.19600002467632294
44,HONEYBEE__BEE,1,1,200,0.020123334601521492,0.19970004260540009,0.20000003278255463
44,HONEYBEE__BEE,2,-1,200,0.02025148645043373,0.19970004260540009,0.19960004091262817
44,HONEYBEE__BEE,3,1,200,0.02037948928773403,0.19940002262592316,0.19960004091262817
44,HONEYBEE__BEE,4,-1,200,0.02050763927400112,0.19940002262592316,0.19920003414154053
44,HONEYBEE__BEE,5,1,200,0.020635642111301422,0.19910001754760742,0.19920003414154053
44,HONEYBEE__BEE,6,-1,200,0.02076379396021366,0.19910001754760742,0.1988000124692917
44,HONEYBEE__BEE,7,1,200,0.020891791209578514,0.19880002737045288,0.1988000124692917
44,HONEYBEE__BEE,8,-1,200,0.0210199486464262,0.19880002737045288,0.19840002059936523
44,HONEYBEE__BEE,9,1,200,0.021147949621081352,0.19850003719329834,0.19840002059936523
44,HONEYBEE__BEE,10,-1,200,0.02127610519528389,0.19850003719329834,0.19800002872943878
44,HONEYBEE__BEE,11,1,200,0.021404104307293892,0.1982000470161438,0.19800002872943878
44,HONEYBEE__BEE,12,-1,200,0.02153225615620613,0.1982000470161438,0.19760002195835114
44,HONEYBEE__BEE,13,1,200,0.02166026085615158,0.19790002703666687,0.19760002195835114
44,HONEYBEE__BEE,14,-1,200,0.02178840897977352,0.19790002703666687,0.19720004498958588
44,HONEYBEE__BEE,15,1,200,0.02191641367971897,0.19760002195835114,0.19720004498958588
44,HONEYBEE__BEE,16,-1,200,0.02204456366598606,0.19760002195835114,0.19680002331733704
44,HONEYBEE__BEE,17,1,200,0.022172559052705765,0.1973000168800354,0.19680002331733704
44,HONEYBEE__BEE,18,-1,200,0.022300714626908302,0.1973000168800354,0.19640003144741058
44,HONEYBEE__BEE,19,1,200,0.0224287211894989,0.19700002670288086,0.19640003144741058
44,HONEYBEE__BEE,20,-1,200,0.022556869313120842,0.19700002670288086,0.19600002467632294
45,HONEYBEE__BEE,1,1,200,0.02010108157992363,0.19970004260540009,0.20000003278255463
45,HONEYBEE__BEE,2,-1,200,0.020229361951351166,0.19970004260540009,0.19960004091262817
45,HONEYBEE__BEE,3,1,200,0.0203572865575552,0.19940002262592316,0.19960004091262817
45,HONEYBEE__BEE,4,-1,200,0.020485563203692436,0.19940002262592316,0.19920003414154053
45,HONEYBEE__BEE,5,1,200,0.020613493397831917,0.19910003244876862,0.19920003414154053
45,HONEYBEE__BEE,6,-1,200,0.02074177749454975,0.19910003244876862,0.19880002737045288
45,HONEYBEE__BEE,7,1,200,0.020869700238108635,0.19880002737045288,0.19880002737045288
45,HONEYBEE__BEE,8,-1,200,0.02099798247218132,0.19880002737045288,0.19840002059936523
45,HONEYBEE__BEE,9,1,200,0.021125903353095055,0.19850003719329834,0.19840002059936523
45,HONEYBEE__BEE,10,-1,200,0.021254194900393486,0.19850003719329834,0.19800002872943878
45,HONEYBEE__BEE,11,1,200,0.02138211391866207,0.1982000321149826,0.19800002872943878
45,HONEYBEE__BEE,12,-1,200,0.021510396152734756,0.1982000321149826,0.19760003685951233
45,HONEYBEE__BEE,13,1,200,0.02163831703364849,0.19790004193782806,0.19760003685951233
45,HONEYBEE__BEE,14,-1,200,0.021766597405076027,0.19790004193782806,0.19720004498958588
45,HONEYBEE__BEE,15,1,200,0.02189451828598976,0.19760002195835114,0.19720004498958588
45,HONEYBEE__BEE,16,-1,200,0.022022809833288193,0.19760002195835114,0.19680002331733704
45,HONEYBEE__BEE,17,1,200,0.022150732576847076,0.1973000168800354,0.19680002331733704
45,HONEYBEE__BEE,18,-1,200,0.02227901667356491,0.1973000168800354,0.19640003144741058
45,HONEYBEE__BEE,19,1,200,0.022406937554478645,0.19700002670288086,0.19640003144741058
45,HONEYBEE__BEE,20,-1,200,0.022535225376486778,0.19700002670288086,0.19600002467632294
46,HONEYBEE__BEE,1,1,200,0.020292287692427635,0.19970004260540009,0.20000003278255463
46,HONEYBEE__BEE,2,-1,200,0.020420176908373833,0.19970004260540009,0.19960004091262817
46,HONEYBEE__BEE,3,1,200,0.02054786868393421,0.19940002262592316,0.19960004091262817
46,HONEYBEE__BEE,4,-1,200,0.02067575603723526,0.19940002262592316,0.19920004904270172
46,HONEYBEE__BEE,5,1,200,0.02080344222486019,0.19910001754760742,0.19920004904270172
46,HONEYBEE__BEE,6,-1,200,0.020931333303451538,0.19910001754760742,0.1988000124692917
46,HONEYBEE__BEE,7,1,200,0.02105902135372162,0.19880002737045288,0.1988000124692917
46,HONEYBEE__BEE,8,-1,200,0.021186906844377518,0.19880002737045288,0.19840002059936523
46,HONEYBEE__BEE,9,1,200,0.021314600482583046,0.19850003719329834,0.19840002059936523
46,HONEYBEE__BEE,10,-1,200,0.021442487835884094,0.19850003719329834,0.19800002872943878
46,HONEYBEE__BEE,11,1,200,0.021570174023509026,0.1982000321149826,0.19800002872943878
46,HONEYBEE__BEE,12,-1,200,0.021698059514164925,0.1982000321149826,0.19760002195835114
46,HONEYBEE__BEE,13,1,200,0.021825749427080154,0.19790002703666687,0.19760002195835114
46,HONEYBEE__BEE,14,-1,200,0.0219536405056715,0.19790002703666687,0.19720004498958588
46,HONEYBEE__BEE,15,1,200,0.02208132855594158,0.19760003685951233,0.19720004498958588
46,HONEYBEE__BEE,16,-1,200,0.02220921404659748,0.19760003685951233,0.19680003821849823
46,HONEYBEE__BEE,17,1,200,0.02233690395951271,0.1973000168800354,0.19680003821849823
46,HONEYBEE__BEE,18,-1,200,0.022464795038104057,0.1973000168800354,0.19640004634857178
46,HONEYBEE__BEE,19,1,200,0.02259248122572899,0.19700002670288086,0.19640004634857178
46,HONEYBEE__BEE,20,-1,200,0.02272036299109459,0.19700002670288086,0.19600002467632294
47,HONEYBEE__BEE,1,1,200,0.020190177485346794,0.1997000277042389,0.20000003278255463
47,HONEYBEE__BEE,2,-1,200,0.020317742601037025,0.1997000277042389,0.19960002601146698
47,HONEYBEE__BEE,3,1,200,0.02044510468840599,0.19940002262592316,0.19960002601146698
47,HONEYBEE__BEE,4,-1,200,0.020572667941451073,0.19940002262592316,0.19920003414154053
47,HONEYBEE__BEE,5,1,200,0.020700031891465187,0.19910001754760742,0.19920003414154053
47,HONEYBEE__BEE,6,-1,200,0.020827604457736015,0.19910001754760742,0.19880002737045288
47,HONEYBEE__BEE,7,1,200,0.02095496654510498,0.1988000124692917,0.19880002737045288
47,HONEYBEE__BEE,8,-1,200,0.021082526072859764,0.1988000124692917,0.19840002059936523
47,HONEYBEE__BEE,9,1,200,0.021209891885519028,0.19850003719329834,0.19840002059936523
47,HONEYBEE__BEE,10,-1,200,0.02133745513856411,0.19850003719329834,0.19800002872943878
47,HONEYBEE__BEE,11,1,200,0.021464820951223373,0.1982000321149826,0.19800002872943878
47,HONEYBEE__BEE,12,-1,200,0.021592386066913605,0.1982000321149826,0.19760003685951233
47,HONEYBEE__BEE,13,1,200,0.021719753742218018,0.19790004193782806,0.19760003685951233
47,HONEYBEE__BEE,14,-1,200,0.02184731513261795,0.19790004193782806,0.19720004498958588
47,HONEYBEE__BEE,15,1,200,0.021974680945277214,0.19760003685951233,0.19720004498958588
47,HONEYBEE__BEE,16,-1,200,0.022102244198322296,0.19760003685951233,0.19680003821849823
47,HONEYBEE__BEE,17,1,200,0.02222961001098156,0.1973000168800354,0.19680003821849823
47,HONEYBEE__BEE,18,-1,200,0.02235717698931694,0.1973000168800354,0.19640003144741058
47,HONEYBEE__BEE,19,1,200,0.022484535351395607,0.19700002670288086,0.19640003144741058
47,HONEYBEE__BEE,20,-1,200,0.022612104192376137,0.19700002670288086,0.19600002467632294
48,HONEYBEE__BEE,1,1,200,0.02012507990002632,0.1997000277042389,0.20000003278255463
48,HONEYBEE__BEE,2,-1,200,0.020254403352737427,0.1997000277042389,0.19960004091262817
48,HONEYBEE__BEE,3,1,200,0.02038366161286831,0.19940002262592316,0.19960004091262817
48,HONEYBEE__BEE,4,-1,200,0.020512983202934265,0.19940002262592316,0.19920003414154053
48,HONEYBEE__BEE,5,1,200,0.02064223401248455,0.19910003244876862,0.19920003414154053
48,HONEYBEE__BEE,6,-1,200,0.020771559327840805,0.19910003244876862,0.19880002737045288
48,HONEYBEE__BEE,7,1,200,0.020900815725326538,0.19880004227161407,0.19880002737045288
48,HONEYBEE__BEE,8,-1,200,0.021030131727457047,0.19880004227161407,0.19840002059936523
48,HONEYBEE__BEE,9,1,200,0.02115938998758793,0.19850003719329834,0.19840002059936523
48,HONEYBEE__BEE,10,-1,200,0.021288719028234482,0.19850003719329834,0.19800002872943878
48,HONEYBEE__BEE,11,1,200,0.02141796052455902,0.1982000470161438,0.19800002872943878
48,HONEYBEE__BEE,12,-1,200,0.021547289565205574,0.1982000470161438,0.19760002195835114
48,HONEYBEE__BEE,13,1,200,0.021676545962691307,0.19790002703666687,0.19760002195835114
48,HONEYBEE__BEE,14,-1,200,0.021805867552757263,0.19790002703666687,0.19720004498958588
48,HONEYBEE__BEE,15,1,200,0.021935122087597847,0.19760002195835114,0.19720004498958588
48,HONEYBEE__BEE,16,-1,200,0.02206445299088955,0.19760002195835114,0.19680002331733704
48,HONEYBEE__BEE,17,1,200,0.022193703800439835,0.1973000317811966,0.19680002331733704
48,HONEYBEE__BEE,18,-1,200,0.02232302539050579,0.1973000317811966,0.19640003144741058
48,HONEYBEE__BEE,19,1,200,0.022452276200056076,0.19700002670288086,0.19640003144741058
48,HONEYBEE__BEE,20,-1,200,0.02258160151541233,0.19700002670288086,0.19600002467632294
49,HONEYBEE__BEE,1,1,200,0.019949395209550858,0.1997000277042389,0.20000003278255463
49,HONEYBEE__BEE,2,-1,200,0.0200771726667881,0.1997000277042389,0.19960002601146698
49,HONEYBEE__BEE,3,1,200,0.020204788073897362,0.19940002262592316,0.19960002601146698
49,HONEYBEE__BEE,4,-1,200,0.020332561805844307,0.19940002262592316,0.19920004904270172
49,HONEYBEE__BEE,5,1,200,0.020460179075598717,0.19910003244876862,0.19920004904270172
49,HONEYBEE__BEE,6,-1,200,0.02058795839548111,0.19910003244876862,0.19880002737045288
49,HONEYBEE__BEE,7,1,200,0.02071557380259037,0.19880002737045288,0.19880002737045288
49,HONEYBEE__BEE,8,-1,200,0.020843347534537315,0.19880002737045288,0.19840002059936523
49,HONEYBEE__BEE,9,1,200,0.020970966666936874,0.19850003719329834,0.19840002059936523
49,HONEYBEE__BEE,10,-1,200,0.02109874039888382,0.19850003719329834,0.19800002872943878
49,HONEYBEE__BEE,11,1,200,0.02122635953128338,0.1982000470161438,0.19800002872943878
49,HONEYBEE__BEE,12,-1,200,0.021354133263230324,0.1982000470161438,0.19760003685951233
49,HONEYBEE__BEE,13,1,200,0.021481752395629883,0.19790002703666687,0.19760003685951233
49,HONEYBEE__BEE,14,-1,200,0.021609527990221977,0.19790002703666687,0.19720003008842468
49,HONEYBEE__BEE,15,1,200,0.021737145259976387,0.19760003685951233,0.19720003008842468
49,HONEYBEE__BEE,16,-1,200,0.02186492271721363,0.19760003685951233,0.19680002331733704
49,HONEYBEE__BEE,17,1,200,0.021992536261677742,0.1973000317811966,0.19680002331733704
49,HONEYBEE__BEE,18,-1,200,0.022120315581560135,0.1973000317811966,0.19640004634857178
49,HONEYBEE__BEE,19,1,200,0.022247929126024246,0.19700002670288086,0.19640004634857178
49,HONEYBEE__BEE,20,-1,200,0.02237570472061634,0.19700002670288086,0.19600002467632294
50,HONEYBEE__BEE,1,1,200,0.0200668852776289,0.19970004260540009,0.20000003278255463
50,HONEYBEE__BEE,2,-1,200,0.020195815712213516,0.19970004260540009,0.19960004091262817
50,HONEYBEE__BEE,3,1,200,0.02032473310828209,0.19940002262592316,0.19960004091262817
50,HONEYBEE__BEE,4,-1,200,0.020453661680221558,0.19940002262592316,0.19920003414154053
50,HONEYBEE__BEE,5,1,200,0.020582573488354683,0.19910003244876862,0.19920003414154053
50,HONEYBEE__BEE,6,-1,200,0.0207115039229393,0.19910003244876862,0.19880002737045288
50,HONEYBEE__BEE,7,1,200,0.020840417593717575,0.19880002737045288,0.19880002737045288
50,HONEYBEE__BEE,8,-1,200,0.020969342440366745,0.19880002737045288,0.19840002059936523
50,HONEYBEE__BEE,9,1,200,0.02109825611114502,0.19850003719329834,0.19840002059936523
50,HONEYBEE__BEE,10,-1,200,0.021227184683084488,0.19850003719329834,0.19800002872943878
50,HONEYBEE__BEE,11,1,200,0.021356098353862762,0.1982000470161438,0.19800002872943878
50,HONEYBEE__BEE,12,-1,200,0.02148502878844738,0.1982000470161438,0.19760003685951233
50,HONEYBEE__BEE,13,1,200,0.021613942459225655,0.19790002703666687,0.19760003685951233
50,HONEYBEE__BEE,14,-1,200,0.021742871031165123,0.19790002703666687,0.19720004498958588
50,HONEYBEE__BEE,15,1,200,0.021871784701943398,0.19760003685951233,0.19720004498958588
50,HONEYBEE__BEE,16,-1,200,0.022000713273882866,0.19760003685951233,0.19680002331733704
50,HONEYBEE__BEE,17,1,200,0.02212962694466114,0.1973000168800354,0.19680002331733704
50,HONEYBEE__BEE,18,-1,200,0.022258557379245758,0.1973000168800354,0.19640003144741058
50,HONEYBEE__BEE,19,1,200,0.022387471050024033,0.19700002670288086,0.19640003144741058
50,HONEYBEE__BEE,20,-1,200,0.0225163996219635,0.19700002670288086,0.19600002467632294
51,HONEYBEE__BEE,1,1,200,0.020240815356373787,0.1997000277042389,0.20000003278255463
51,HONEYBEE__BEE,2,-1,200,0.020369216799736023,0.1997000277042389,0.19960004091262817
51,HONEYBEE__BEE,3,1,200,0.020497391000390053,0.19940002262592316,0.19960004091262817
51,HONEYBEE__BEE,4,-1,200,0.02062578685581684,0.19940002262592316,0.19920003414154053
51,HONEYBEE__BEE,5,1,200,0.02075396478176117,0.19910001754760742,0.19920003414154053
51,HONEYBEE__BEE,6,-1,200,0.020882362499833107,0.19910001754760742,0.1988000124692917
51,HONEYBEE__BEE,7,1,200,0.021010540425777435,0.19880002737045288,0.1988000124692917
51,HONEYBEE__BEE,8,-1,200,0.021138936281204224,0.19880002737045288,0.19840002059936523
51,HONEYBEE__BEE,9,1,200,0.021267114207148552,0.19850003719329834,0.19840002059936523
51,HONEYBEE__BEE,10,-1,200,0.02139550819993019,0.19850003719329834,0.19800002872943878
51,HONEYBEE__BEE,11,1,200,0.02152368612587452,0.1982000321149826,0.19800002872943878
51,HONEYBEE__BEE,12,-1,200,0.02165208011865616,0.1982000321149826,0.19760003685951233
51,HONEYBEE__BEE,13,1,200,0.021780261769890785,0.19790004193782806,0.19760003685951233
51,HONEYBEE__BEE,14,-1,200,0.021908657625317574,0.19790004193782806,0.19720004498958588
51,HONEYBEE__BEE,15,1,200,0.022036831825971603,0.19760003685951233,0.19720004498958588
51,HONEYBEE__BEE,16,-1,200,0.02216522954404354,0.19760003685951233,0.19680002331733704
51,HONEYBEE__BEE,17,1,200,0.02229340746998787,0.1973000168800354,0.19680002331733704
51,HONEYBEE__BEE,18,-1,200,0.022421807050704956,0.1973000168800354,0.19640003144741058
51,HONEYBEE__BEE,19,1,200,0.022549981251358986,0.19700002670288086,0.19640003144741058
51,HONEYBEE__BEE,20,-1,200,0.022678378969430923,0.19700002670288086,0.19600002467632294
52,HONEYBEE__BEE,1,1,200,0.020254457369446754,0.19970004260540009,0.20000003278255463
52,HONEYBEE__BEE,2,-1,200,0.020382698625326157,0.19970004260540009,0.19960004091262817
52,HONEYBEE__BEE,3,1,200,0.020510884001851082,0.19940002262592316,0.19960004091262817
52,HONEYBEE__BEE,4,-1,200,0.020639123395085335,0.19940002262592316,0.19920003414154053
52,HONEYBEE__BEE,5,1,200,0.02076730690896511,0.19910003244876862,0.19920003414154053
52,HONEYBEE__BEE,6,-1,200,0.020895544439554214,0.19910003244876862,0.1988000124692917
52,HONEYBEE__BEE,7,1,200,0.02102372981607914,0.1988000124692917,0.1988000124692917
52,HONEYBEE__BEE,8,-1,200,0.021151971071958542,0.1988000124692917,0.19840002059936523
52,HONEYBEE__BEE,9,1,200,0.021280162036418915,0.19850003719329834,0.19840002059936523
52,HONEYBEE__BEE,10,-1,200,0.02140839770436287,0.19850003719329834,0.19800002872943878
52,HONEYBEE__BEE,11,1,200,0.021536581218242645,0.1982000321149826,0.19800002872943878
52,HONEYBEE__BEE,12,-1,200,0.021664822474122047,0.1982000321149826,0.19760003685951233
52,HONEYBEE__BEE,13,1,200,0.021793009713292122,0.19790002703666687,0.19760003685951233
52,HONEYBEE__BEE,14,-1,200,0.021921243518590927,0.19790002703666687,0.19720004498958588
52,HONEYBEE__BEE,15,1,200,0.0220494344830513,0.19760003685951233,0.19720004498958588
52,HONEYBEE__BEE,16,-1,200,0.022177670150995255,0.19760003685951233,0.19680002331733704
52,HONEYBEE__BEE,17,1,200,0.022305861115455627,0.1973000168800354,0.19680002331733704
52,HONEYBEE__BEE,18,-1,200,0.02243409864604473,0.1973000168800354,0.19640003144741058
52,HONEYBEE__BEE,19,1,200,0.022562287747859955,0.19700002670288086,0.19640003144741058
52,HONEYBEE__BEE,20,-1,200,0.02269051969051361,0.19700002670288086,0.19600002467632294
53,HONEYBEE__BEE,1,1,200,0.02004329115152359,0.19970004260540009,0.20000003278255463
53,HONEYBEE__BEE,2,-1,200,0.020170459523797035,0.19970004260540009,0.19960004091262817
53,HONEYBEE__BEE,3,1,200,0.020297514274716377,0.19940002262592316,0.19960004091262817
53,HONEYBEE__BEE,4,-1,200,0.02042468450963497,0.19940002262592316,0.19920004904270172
53,HONEYBEE__BEE,5,1,200,0.020551735535264015,0.19910003244876862,0.19920004904270172
53,HONEYBEE__BEE,6,-1,200,0.02067890390753746,0.19910003244876862,0.1988000124692917
53,HONEYBEE__BEE,7,1,200,0.020805953070521355,0.19880002737045288,0.1988000124692917
53,HONEYBEE__BEE,8,-1,200,0.02093312330543995,0.19880002737045288,0.19840002059936523
53,HONEYBEE__BEE,9,1,200,0.021060172468423843,0.19850003719329834,0.19840002059936523
53,HONEYBEE__BEE,10,-1,200,0.02118734084069729,0.19850003719329834,0.19800002872943878
53,HONEYBEE__BEE,11,1,200,0.021314390003681183,0.1982000321149826,0.19800002872943878
53,HONEYBEE__BEE,12,-1,200,0.021441567689180374,0.1982000321149826,0.19760003685951233
53,HONEYBEE__BEE,13,1,200,0.02156861312687397,0.19790002703666687,0.19760003685951233
53,HONEYBEE__BEE,14,-1,200,0.021695783361792564,0.19790002703666687,0.19720004498958588
53,HONEYBEE__BEE,15,1,200,0.02182282879948616,0.19760002195835114,0.19720004498958588
53,HONEYBEE__BEE,16,-1,200,0.021950004622340202,0.19760002195835114,0.19680002331733704
53,HONEYBEE__BEE,17,1,200,0.022077050060033798,0.1973000168800354,0.19680002331733704
53,HONEYBEE__BEE,18,-1,200,0.022204220294952393,0.1973000168800354,0.19640003144741058
53,HONEYBEE__BEE,19,1,200,0.022331271320581436,0.19700002670288086,0.19640003144741058
53,HONEYBEE__BEE,20,-1,200,0.02245844155550003,0.19700002670288086,0.19600002467632294
54,HONEYBEE__BEE,1,1,200,0.020099220797419548,0.1997000277042389,0.20000003278255463
54,HONEYBEE__BEE,2,-1,200,0.020226944237947464,0.1997000277042389,0.19960004091262817
54,HONEYBEE__BEE,3,1,200,0.02035454846918583,0.19940002262592316,0.19960004091262817
54,HONEYBEE__BEE,4,-1,200,0.020482275635004044,0.19940002262592316,0.19920004904270172
54,HONEYBEE__BEE,5,1,200,0.020609883591532707,0.19910003244876862,0.19920004904270172
54,HONEYBEE__BEE,6,-1,200,0.020737605169415474,0.19910003244876862,0.19880002737045288
54,HONEYBEE__BEE,7,1,200,0.020865214988589287,0.19880002737045288,0.19880002737045288
54,HONEYBEE__BEE,8,-1,200,0.020992934703826904,0.19880002737045288,0.19840002059936523
54,HONEYBEE__BEE,9,1,200,0.021120550110936165,0.19850003719329834,0.19840002059936523
54,HONEYBEE__BEE,10,-1,200,0.021248269826173782,0.19850003719329834,0.19800002872943878
54,HONEYBEE__BEE,11,1,200,0.021375875920057297,0.1982000321149826,0.19800002872943878
54,HONEYBEE__BEE,12,-1,200,0.021503599360585213,0.1982000321149826,0.19760002195835114
54,HONEYBEE__BEE,13,1,200,0.021631211042404175,0.19790002703666687,0.19760002195835114
54,HONEYBEE__BEE,14,-1,200,0.021758928894996643,0.19790002703666687,0.19720004498958588
54,HONEYBEE__BEE,15,1,200,0.021886534988880157,0.19760003685951233,0.19720004498958588
54,HONEYBEE__BEE,16,-1,200,0.022014260292053223,0.19760003685951233,0.19680003821849823
54,HONEYBEE__BEE,17,1,200,0.022141875699162483,0.1973000168800354,0.19680003821849823
54,HONEYBEE__BEE,18,-1,200,0.022269591689109802,0.1973000168800354,0.19640004634857178
54,HONEYBEE__BEE,19,1,200,0.022397199645638466,0.19700002670288086,0.19640004634857178
54,HONEYBEE__BEE,20,-1,200,0.022524921223521233,0.19700002670288086,0.19600002467632294
55,HONEYBEE__BEE,1,1,200,0.020121024921536446,0.1997000277042389,0.20000003278255463
55,HONEYBEE__BEE,2,-1,200,0.020247850567102432,0.1997000277042389,0.19960004091262817
55,HONEYBEE__BEE,3,1,200,0.02037489227950573,0.19940003752708435,0.19960004091262817
55,HONEYBEE__BEE,4,-1,200,0.02050171233713627,0.19940003752708435,0.19920003414154053
55,HONEYBEE__BEE,5,1,200,0.020628750324249268,0.19910001754760742,0.19920003414154053
55,HONEYBEE__BEE,6,-1,200,0.020755570381879807,0.19910001754760742,0.19880002737045288
55,HONEYBEE__BEE,7,1,200,0.020882612094283104,0.19880004227161407,0.19880002737045288
55,HONEYBEE__BEE,8,-1,200,0.021009430289268494,0.19880004227161407,0.19840002059936523
55,HONEYBEE__BEE,9,1,200,0.02113647200167179,0.19850003719329834,0.19840002059936523
55,HONEYBEE__BEE,10,-1,200,0.02126329392194748,0.19850003719329834,0.19800002872943878
55,HONEYBEE__BEE,11,1,200,0.021390333771705627,0.1982000321149826,0.19800002872943878
55,HONEYBEE__BEE,12,-1,200,0.021517155691981316,0.1982000321149826,0.19760003685951233
55,HONEYBEE__BEE,13,1,200,0.021644197404384613,0.19790002703666687,0.19760003685951233
55,HONEYBEE__BEE,14,-1,200,0.02177102118730545,0.19790002703666687,0.19720004498958588
55,HONEYBEE__BEE,15,1,200,0.02189805917441845,0.19760003685951233,0.19720004498958588
55,HONEYBEE__BEE,16,-1,200,0.022024881094694138,0.19760003685951233,0.19680002331733704
55,HONEYBEE__BEE,17,1,200,0.022151920944452286,0.1973000317811966,0.19680002331733704
55,HONEYBEE__BEE,18,-1,200,0.022278741002082825,0.1973000317811966,0.19640003144741058
55,HONEYBEE__BEE,19,1,200,0.022405778989195824,0.19700002670288086,0.19640003144741058
55,HONEYBEE__BEE,20,-1,200,0.022532597184181213,0.19700002670288086,0.19600002467632294
56,HONEYBEE__BEE,1,1,200,0.020267551764845848,0.19970004260540009,0.20000003278255463
56,HONEYBEE__BEE,2,-1,200,0.02039635367691517,0.19970004260540009,0.19960002601146698
56,HONEYBEE__BEE,3,1,200,0.020525002852082253,0.19940002262592316,0.19960002601146698
56,HONEYBEE__BEE,4,-1,200,0.020653799176216125,0.19940002262592316,0.19920004904270172
56,HONEYBEE__BEE,5,1,200,0.020782453939318657,0.19910003244876862,0.19920004904270172
56,HONEYBEE__BEE,6,-1,200,0.02091125026345253,0.19910003244876862,0.1988000124692917
56,HONEYBEE__BEE,7,1,200,0.02103990502655506,0.1988000124692917,0.1988000124692917
56,HONEYBEE__BEE,8,-1,200,0.021168703213334084,0.1988000124692917,0.19840002059936523
56,HONEYBEE__BEE,9,1,200,0.021297350525856018,0.19850003719329834,0.19840002059936523
56,HONEYBEE__BEE,10,-1,200,0.02142615057528019,0.19850003719329834,0.19800002872943878
56,HONEYBEE__BEE,11,1,200,0.021554801613092422,0.1982000321149826,0.19800002872943878
56,HONEYBEE__BEE,12,-1,200,0.021683596074581146,0.1982000321149826,0.19760002195835114
56,HONEYBEE__BEE,13,1,200,0.02181224897503853,0.19790002703666687,0.19760002195835114
56,HONEYBEE__BEE,14,-1,200,0.02194104716181755,0.19790002703666687,0.19720003008842468
56,HONEYBEE__BEE,15,1,200,0.022069696336984634,0.19760003685951233,0.19720003008842468
56,HONEYBEE__BEE,16,-1,200,0.022198496386408806,0.19760003685951233,0.19680002331733704
56,HONEYBEE__BEE,17,1,200,0.02232714369893074,0.1973000317811966,0.19680002331733704
56,HONEYBEE__BEE,18,-1,200,0.022455941885709763,0.1973000317811966,0.19640003144741058
56,HONEYBEE__BEE,19,1,200,0.022584592923521996,0.19700002670288086,0.19640003144741058
56,HONEYBEE__BEE,20,-1,200,0.02271338924765587,0.19700002670288086,0.19600002467632294
57,HONEYBEE__BEE,1,1,200,0.02015915885567665,0.1997000128030777,0.20000003278255463
57,HONEYBEE__BEE,2,-1,200,0.020286809653043747,0.1997000128030777,0.19960004091262817
57,HONEYBEE__BEE,3,1,200,0.02041424624621868,0.19940002262592316,0.19960004091262817
57,HONEYBEE__BEE,4,-1,200,0.020541897043585777,0.19940002262592316,0.19920003414154053
57,HONEYBEE__BEE,5,1,200,0.020669328048825264,0.19910001754760742,0.19920003414154053
57,HONEYBEE__BEE,6,-1,200,0.020796988159418106,0.19910001754760742,0.1988000124692917
57,HONEYBEE__BEE,7,1,200,0.020924419164657593,0.19880004227161407,0.1988000124692917
57,HONEYBEE__BEE,8,-1,200,0.02105206809937954,0.19880004227161407,0.19840002059936523
57,HONEYBEE__BEE,9,1,200,0.021179504692554474,0.19850003719329834,0.19840002059936523
57,HONEYBEE__BEE,10,-1,200,0.02130715735256672,0.19850003719329834,0.19800002872943878
57,HONEYBEE__BEE,11,1,200,0.021434592083096504,0.1982000470161438,0.19800002872943878
57,HONEYBEE__BEE,12,-1,200,0.02156224101781845,0.1982000470161438,0.19760003685951233
57,HONEYBEE__BEE,13,1,200,0.021689675748348236,0.19790002703666687,0.19760003685951233
57,HONEYBEE__BEE,14,-1,200,0.02181732840836048,0.19790002703666687,0.19720004498958588
57,HONEYBEE__BEE,15,1,200,0.021944763138890266,0.19760002195835114,0.19720004498958588
57,HONEYBEE__BEE,16,-1,200,0.02207241952419281,0.19760002195835114,0.19680002331733704
57,HONEYBEE__BEE,17,1,200,0.022199848666787148,0.1973000317811966,0.19680002331733704
57,HONEYBEE__BEE,18,-1,200,0.022327497601509094,0.1973000317811966,0.19640004634857178
57,HONEYBEE__BEE,19,1,200,0.02245493233203888,0.19700002670288086,0.19640004634857178
57,HONEYBEE__BEE,20,-1,200,0.022582590579986572,0.19700002670288086,0.19600002467632294
58,HONEYBEE__BEE,1,1,200,0.020001932978630066,0.1997000277042389,0.20000003278255463
58,HONEYBEE__BEE,2,-1,200,0.020131034776568413,0.1997000277042389,0.19960002601146698
58,HONEYBEE__BEE,3,1,200,0.020259814336895943,0.19940002262592316,0.19960002601146698
58,HONEYBEE__BEE,4,-1,200,0.020388925448060036,0.19940002262592316,0.19920004904270172
58,HONEYBEE__BEE,5,1,200,0.020517705008387566,0.19910003244876862,0.19920004904270172
58,HONEYBEE__BEE,6,-1,200,0.02064681239426136,0.19910003244876862,0.19880002737045288
58,HONEYBEE__BEE,7,1,200,0.02077558822929859,0.19880002737045288,0.19880002737045288
58,HONEYBEE__BEE,8,-1,200,0.020904695615172386,0.19880002737045288,0.19840002059936523
58,HONEYBEE__BEE,9,1,200,0.021033477038145065,0.19850003719329834,0.19840002059936523
58,HONEYBEE__BEE,10,-1,200,0.02116258256137371,0.19850003719329834,0.19800002872943878
58,HONEYBEE__BEE,11,1,200,0.02129136398434639,0.1982000321149826,0.19800002872943878
58,HONEYBEE__BEE,12,-1,200,0.021420469507575035,0.1982000321149826,0.19760003685951233
58,HONEYBEE__BEE,13,1,200,0.021549250930547714,0.19790002703666687,0.19760003685951233
58,HONEYBEE__BEE,14,-1,200,0.02167835645377636,0.19790002703666687,0.19720004498958588
58,HONEYBEE__BEE,15,1,200,0.02180713601410389,0.19760003685951233,0.19720004498958588
58,HONEYBEE__BEE,16,-1,200,0.021936243399977684,0.19760003685951233,0.19680002331733704
58,HONEYBEE__BEE,17,1,200,0.022065019235014915,0.1973000168800354,0.19680002331733704
58,HONEYBEE__BEE,18,-1,200,0.02219412289559841,0.1973000168800354,0.19640003144741058
58,HONEYBEE__BEE,19,1,200,0.02232290618121624,0.19700002670288086,0.19640003144741058
58,HONEYBEE__BEE,20,-1,200,0.022452013567090034,0.19700002670288086,0.19600002467632294
59,HONEYBEE__BEE,1,1,200,0.020335974171757698,0.1997000277042389,0.20000003278255463
59,HONEYBEE__BEE,2,-1,200,0.020464571192860603,0.1997000277042389,0.19960004091262817
59,HONEYBEE__BEE,3,1,200,0.020592987537384033,0.19940002262592316,0.19960004091262817
59,HONEYBEE__BEE,4,-1,200,0.02072158455848694,0.19940002262592316,0.19920004904270172
59,HONEYBEE__BEE,5,1,200,0.02084999717772007,0.19910001754760742,0.19920004904270172
59,HONEYBEE__BEE,6,-1,200,0.020978597924113274,0.19910001754760742,0.19880002737045288
59,HONEYBEE__BEE,7,1,200,0.021107006818056107,0.19880002737045288,0.19880002737045288
59,HONEYBEE__BEE,8,-1,200,0.021235603839159012,0.19880002737045288,0.19840002059936523
59,HONEYBEE__BEE,9,1,200,0.021364018321037292,0.19850003719329834,0.19840002059936523
59,HONEYBEE__BEE,10,-1,200,0.021492617204785347,0.19850003719329834,0.19800002872943878
59,HONEYBEE__BEE,11,1,200,0.021621033549308777,0.1982000321149826,0.19800002872943878
59,HONEYBEE__BEE,12,-1,200,0.021749628707766533,0.1982000321149826,0.19760003685951233
59,HONEYBEE__BEE,13,1,200,0.021878045052289963,0.19790004193782806,0.19760003685951233
59,HONEYBEE__BEE,14,-1,200,0.02200663834810257,0.19790004193782806,0.19720004498958588
59,HONEYBEE__BEE,15,1,200,0.02213505282998085,0.19760003685951233,0.19720004498958588
59,HONEYBEE__BEE,16,-1,200,0.022263651713728905,0.19760003685951233,0.19680003821849823
59,HONEYBEE__BEE,17,1,200,0.022392066195607185,0.1973000317811966,0.19680003821849823
59,HONEYBEE__BEE,18,-1,200,0.02252066321671009,0.1973000317811966,0.19640003144741058
59,HONEYBEE__BEE,19,1,200,0.022649073973298073,0.19700002670288086,0.19640003144741058
59,HONEYBEE__BEE,20,-1,200,0.022777672857046127,0.19700002670288086,0.19600002467632294
60,HONEYBEE__BEE,1,1,200,0.020226975902915,0.19970004260540009,0.20000003278255463
60,HONEYBEE__BEE,2,-1,200,0.020355818793177605,0.19970004260540009,0.19960004091262817
60,HONEYBEE__BEE,3,1,200,0.020484423264861107,0.19940002262592316,0.19960004091262817
60,HONEYBEE__BEE,4,-1,200,0.02061326615512371,0.19940002262592316,0.19920004904270172
60,HONEYBEE__BEE,5,1,200,0.020741872489452362,0.19910003244876862,0.19920004904270172
60,HONEYBEE__BEE,6,-1,200,0.020870715379714966,0.19910003244876862,0.19880002737045288
60,HONEYBEE__BEE,7,1,200,0.020999321714043617,0.1988000124692917,0.19880002737045288
60,HONEYBEE__BEE,8,-1,200,0.02112816646695137,0.1988000124692917,0.19840002059936523
60,HONEYBEE__BEE,9,1,200,0.02125677280128002,0.19850003719329834,0.19840002059936523
60,HONEYBEE__BEE,10,-1,200,0.02138560824096203,0.19850003719329834,0.19800002872943878
60,HONEYBEE__BEE,11,1,200,0.021514222025871277,0.1982000321149826,0.19800002872943878
60,HONEYBEE__BEE,12,-1,200,0.021643061190843582,0.1982000321149826,0.19760002195835114
60,HONEYBEE__BEE,13,1,200,0.021771669387817383,0.19790004193782806,0.19760002195835114
60,HONEYBEE__BEE,14,-1,200,0.021900508552789688,0.19790004193782806,0.19720004498958588
60,HONEYBEE__BEE,15,1,200,0.022029118612408638,0.19760003685951233,0.19720004498958588
60,HONEYBEE__BEE,16,-1,200,0.022157961502671242,0.19760003685951233,0.19680003821849823
60,HONEYBEE__BEE,17,1,200,0.022286562249064445,0.1973000168800354,0.19680003821849823
60,HONEYBEE__BEE,18,-1,200,0.0224154070019722,0.1973000168800354,0.19640004634857178
60,HONEYBEE__BEE,19,1,200,0.022544015198946,0.19700002670288086,0.19640004634857178
60,HONEYBEE__BEE,20,-1,200,0.022672854363918304,0.19700002670288086,0.19600002467632294
61,HONEYBEE__BEE,1,1,200,0.02018970251083374,0.1997000277042389,0.20000003278255463
61,HONEYBEE__BEE,2,-1,200,0.020317671820521355,0.1997000277042389,0.19960002601146698
61,HONEYBEE__BEE,3,1,200,0.020445477217435837,0.19940002262592316,0.19960002601146698
61,HONEYBEE__BEE,4,-1,200,0.020573439076542854,0.19940002262592316,0.19920004904270172
61,HONEYBEE__BEE,5,1,200,0.020701240748167038,0.19910001754760742,0.19920004904270172
61,HONEYBEE__BEE,6,-1,200,0.0208292119204998,0.19910001754760742,0.1988000124692917
61,HONEYBEE__BEE,7,1,200,0.020957013592123985,0.19880002737045288,0.1988000124692917
61,HONEYBEE__BEE,8,-1,200,0.021084975451231003,0.19880002737045288,0.19840002059936523
61,HONEYBEE__BEE,9,1,200,0.021212775260210037,0.19850003719329834,0.19840002059936523
61,HONEYBEE__BEE,10,-1,200,0.021340742707252502,0.19850003719329834,0.19800002872943878
61,HONEYBEE__BEE,11,1,200,0.021468548104166985,0.1982000470161438,0.19800002872943878
61,HONEYBEE__BEE,12,-1,200,0.0215965136885643,0.1982000470161438,0.19760003685951233
61,HONEYBEE__BEE,13,1,200,0.021724320948123932,0.19790002703666687,0.19760003685951233
61,HONEYBEE__BEE,14,-1,200,0.021852288395166397,0.19790002703666687,0.19720004498958588
61,HONEYBEE__BEE,15,1,200,0.02198008820414543,0.19760003685951233,0.19720004498958588
61,HONEYBEE__BEE,16,-1,200,0.02210805006325245,0.19760003685951233,0.19680002331733704
61,HONEYBEE__BEE,17,1,200,0.02223585732281208,0.1973000168800354,0.19680002331733704
61,HONEYBEE__BEE,18,-1,200,0.022363822907209396,0.1973000168800354,0.19640003144741058
61,HONEYBEE__BEE,19,1,200,0.022491618990898132,0.19700002670288086,0.19640003144741058
61,HONEYBEE__BEE,20,-1,200,0.022619590163230896,0.19700002670288086,0.19600000977516174
62,HONEYBEE__BEE,1,1,200,0.020054442808032036,0.19970004260540009,0.20000003278255463
62,HONEYBEE__BEE,2,-1,200,0.02018325962126255,0.19970004260540009,0.19960004091262817
62,HONEYBEE__BEE,3,1,200,0.020311906933784485,0.19940002262592316,0.19960004091262817
62,HONEYBEE__BEE,4,-1,200,0.02044072188436985,0.19940002262592316,0.19920004904270172
62,HONEYBEE__BEE,5,1,200,0.020569372922182083,0.19910003244876862,0.19920004904270172
62,HONEYBEE__BEE,6,-1,200,0.02069818787276745,0.19910003244876862,0.19880002737045288
62,HONEYBEE__BEE,7,1,200,0.02082684077322483,0.1988000124692917,0.19880002737045288
62,HONEYBEE__BEE,8,-1,200,0.020955657586455345,0.1988000124692917,0.19840002059936523
62,HONEYBEE__BEE,9,1,200,0.02108430117368698,0.19850003719329834,0.19840002059936523
62,HONEYBEE__BEE,10,-1,200,0.021213125437498093,0.19850003719329834,0.19800002872943878
62,HONEYBEE__BEE,11,1,200,0.021341772750020027,0.1982000470161438,0.19800002872943878
62,HONEYBEE__BEE,12,-1,200,0.021470587700605392,0.1982000470161438,0.19760003685951233
62,HONEYBEE__BEE,13,1,200,0.021599238738417625,0.19790002703666687,0.19760003685951233
62,HONEYBEE__BEE,14,-1,200,0.021728049963712692,0.19790002703666687,0.19720004498958588
62,HONEYBEE__BEE,15,1,200,0.021856701001524925,0.19760003685951233,0.19720004498958588
62,HONEYBEE__BEE,16,-1,200,0.02198551781475544,0.19760003685951233,0.19680002331733704
62,HONEYBEE__BEE,17,1,200,0.022114170715212822,0.1973000317811966,0.19680002331733704
62,HONEYBEE__BEE,18,-1,200,0.022242987528443336,0.1973000317811966,0.19640003144741058
62,HONEYBEE__BEE,19,1,200,0.02237163856625557,0.19700002670288086,0.19640003144741058
62,HONEYBEE__BEE,20,-1,200,0.022500453516840935,0.19700002670288086,0.19600002467632294
63,HONEYBEE__BEE,1,1,200,0.02014678157866001,0.1997000277042389,0.20000003278255463
63,HONEYBEE__BEE,2,-1,200,0.020274505019187927,0.1997000277042389,0.19960002601146698
63,HONEYBEE__BEE,3,1,200,0.020402150228619576,0.19940002262592316,0.19960002601146698
63,HONEYBEE__BEE,4,-1,200,0.020529869943857193,0.19940002262592316,0.19920003414154053
63,HONEYBEE__BEE,5,1,200,0.020657511427998543,0.19910003244876862,0.19920003414154053
63,HONEYBEE__BEE,6,-1,200,0.020785236731171608,0.19910003244876862,0.1988000124692917
63,HONEYBEE__BEE,7,1,200,0.020912878215312958,0.1988000124692917,0.1988000124692917
63,HONEYBEE__BEE,8,-1,200,0.02104060724377632,0.1988000124692917,0.19840002059936523
63,HONEYBEE__BEE,9,1,200,0.021168246865272522,0.19850003719329834,0.19840002059936523
63,HONEYBEE__BEE,10,-1,200,0.021295972168445587,0.19850003719329834,0.19800002872943878
63,HONEYBEE__BEE,11,1,200,0.021423613652586937,0.1982000470161438,0.19800002872943878
63,HONEYBEE__BEE,12,-1,200,0.021551333367824554,0.1982000470161438,0.19760003685951233
63,HONEYBEE__BEE,13,1,200,0.0216789823025465,0.19790002703666687,0.19760003685951233
63,HONEYBEE__BEE,14,-1,200,0.02180670201778412,0.19790002703666687,0.19720004498958588
63,HONEYBEE__BEE,15,1,200,0.02193434350192547,0.19760003685951233,0.19720004498958588
63,HONEYBEE__BEE,16,-1,200,0.022062070667743683,0.19760003685951233,0.19680002331733704
63,HONEYBEE__BEE,17,1,200,0.022189714014530182,0.1973000168800354,0.19680002331733704
63,HONEYBEE__BEE,18,-1,200,0.02231743559241295,0.1973000168800354,0.19640003144741058
63,HONEYBEE__BEE,19,1,200,0.022445078939199448,0.19700002670288086,0.19640003144741058
63,HONEYBEE__BEE,20,-1,200,0.022572806105017662,0.19700002670288086,0.19600002467632294
64,HONEYBEE__BEE,1,1,200,0.020220188423991203,0.19970004260540009,0.20000003278255463
64,HONEYBEE__BEE,2,-1,200,0.02034963108599186,0.19970004260540009,0.19960002601146698
64,HONEYBEE__BEE,3,1,200,0.02047917991876602,0.19940002262592316,0.19960002601146698
64,HONEYBEE__BEE,4,-1,200,0.02060861885547638,0.19940002262592316,0.19920003414154053
64,HONEYBEE__BEE,5,1,200,0.020738163962960243,0.19910001754760742,0.19920003414154053
64,HONEYBEE__BEE,6,-1,200,0.020867610350251198,0.19910001754760742,0.19880002737045288
64,HONEYBEE__BEE,7,1,200,0.020997153595089912,0.19880002737045288,0.19880002737045288
64,HONEYBEE__BEE,8,-1,200,0.021126599982380867,0.19880002737045288,0.19840002059936523
64,HONEYBEE__BEE,9,1,200,0.02125614322721958,0.19850003719329834,0.19840002059936523
64,HONEYBEE__BEE,10,-1,200,0.021385587751865387,0.19850003719329834,0.19800002872943878
64,HONEYBEE__BEE,11,1,200,0.0215151309967041,0.1982000321149826,0.19800002872943878
64,HONEYBEE__BEE,12,-1,200,0.021644577383995056,0.1982000321149826,0.19760003685951233
64,HONEYBEE__BEE,13,1,200,0.02177411876618862,0.19790002703666687,0.19760003685951233
64,HONEYBEE__BEE,14,-1,200,0.021903561428189278,0.19790002703666687,0.19720004498958588
64,HONEYBEE__BEE,15,1,200,0.022033100947737694,0.19760003685951233,0.19720004498958588
64,HONEYBEE__BEE,16,-1,200,0.022162552922964096,0.19760003685951233,0.19680002331733704
64,HONEYBEE__BEE,17,1,200,0.02229209430515766,0.1973000317811966,0.19680002331733704
64,HONEYBEE__BEE,18,-1,200,0.022421546280384064,0.1973000317811966,0.19640004634857178
64,HONEYBEE__BEE,19,1,200,0.02255108393728733,0.19700002670288086,0.19640004634857178
64,HONEYBEE__BEE,20,-1,200,0.022680526599287987,0.19700002670288086,0.19600002467632294
65,HONEYBEE__BEE,1,1,200,0.020171668380498886,0.19970004260540009,0.20000003278255463
65,HONEYBEE__BEE,2,-1,200,0.020299196243286133,0.19970004260540009,0.19960004091262817
65,HONEYBEE__BEE,3,1,200,0.020426621660590172,0.19940002262592316,0.19960004091262817
65,HONEYBEE__BEE,4,-1,200,0.020554153248667717,0.19940002262592316,0.19920003414154053
65,HONEYBEE__BEE,5,1,200,0.020681576803326607,0.19910001754760742,0.19920003414154053
65,HONEYBEE__BEE,6,-1,200,0.020809108391404152,0.19910001754760742,0.1988000124692917
65,HONEYBEE__BEE,7,1,200,0.02093653380870819,0.19880002737045288,0.1988000124692917
65,HONEYBEE__BEE,8,-1,200,0.02106405980885029,0.19880002737045288,0.19840002059936523
65,HONEYBEE__BEE,9,1,200,0.021191485226154327,0.19850003719329834,0.19840002059936523
65,HONEYBEE__BEE,10,-1,200,0.02131902053952217,0.19850003719329834,0.19800002872943878
65,HONEYBEE__BEE,11,1,200,0.02144644223153591,0.1982000470161438,0.19800002872943878
65,HONEYBEE__BEE,12,-1,200,0.021573971956968307,0.1982000470161438,0.19760003685951233
65,HONEYBEE__BEE,13,1,200,0.021701399236917496,0.19790002703666687,0.19760003685951233
65,HONEYBEE__BEE,14,-1,200,0.02182893082499504,0.19790002703666687,0.19720004498958588
65,HONEYBEE__BEE,15,1,200,0.02195635251700878,0.19760002195835114,0.19720004498958588
65,HONEYBEE__BEE,16,-1,200,0.022083882242441177,0.19760002195835114,0.19680002331733704
65,HONEYBEE__BEE,17,1,200,0.022211305797100067,0.1973000168800354,0.19680002331733704
65,HONEYBEE__BEE,18,-1,200,0.022338837385177612,0.1973000168800354,0.19640003144741058
65,HONEYBEE__BEE,19,1,200,0.0224662646651268,0.19700002670288086,0.19640003144741058
65,HONEYBEE__BEE,20,-1,200,0.022593794390559196,0.19700002670288086,0.19600002467632294
66,HONEYBEE__BEE,1,1,200,0.020057421177625656,0.19970004260540009,0.20000003278255463
66,HONEYBEE__BEE,2,-1,200,0.0201870109885931,0.19970004260540009,0.19960004091262817
66,HONEYBEE__BEE,3,1,200,0.020316582173109055,0.19940002262592316,0.19960004091262817
66,HONEYBEE__BEE,4,-1,200,0.02044617384672165,0.19940002262592316,0.19920004904270172
66,HONEYBEE__BEE,5,1,200,0.0205757487565279,0.19910003244876862,0.19920004904270172
66,HONEYBEE__BEE,6,-1,200,0.020705342292785645,0.19910003244876862,0.1988000124692917
66,HONEYBEE__BEE,7,1,200,0.02083491161465645,0.19880004227161407,0.1988000124692917
66,HONEYBEE__BEE,8,-1,200,0.020964497700333595,0.19880004227161407,0.19840002059936523
66,HONEYBEE__BEE,9,1,200,0.021094074472784996,0.19850003719329834,0.19840002059936523
66,HONEYBEE__BEE,10,-1,200,0.021223662421107292,0.19850003719329834,0.19800002872943878
66,HONEYBEE__BEE,11,1,200,0.02135324291884899,0.1982000321149826,0.19800002872943878
66,HONEYBEE__BEE,12,-1,200,0.021482832729816437,0.1982000321149826,0.19760002195835114
66,HONEYBEE__BEE,13,1,200,0.02161240391433239,0.19790002703666687,0.19760002195835114
66,HONEYBEE__BEE,14,-1,200,0.021741991862654686,0.19790002703666687,0.19720004498958588
66,HONEYBEE__BEE,15,1,200,0.02187156490981579,0.19760002195835114,0.19720004498958588
66,HONEYBEE__BEE,16,-1,200,0.022001156583428383,0.19760002195835114,0.19680003821849823
66,HONEYBEE__BEE,17,1,200,0.022130735218524933,0.1973000317811966,0.19680003821849823
66,HONEYBEE__BEE,18,-1,200,0.02226032316684723,0.1973000317811966,0.19640004634857178
66,HONEYBEE__BEE,19,1,200,0.02238989993929863,0.19700002670288086,0.19640004634857178
66,HONEYBEE__BEE,20,-1,200,0.022519487887620926,0.19700002670288086,0.19600002467632294
67,HONEYBEE__BEE,1,1,200,0.020071562379598618,0.1997000277042389,0.20000003278255463
67,HONEYBEE__BEE,2,-1,200,0.020199783146381378,0.1997000277042389,0.19960004091262817
67,HONEYBEE__BEE,3,1,200,0.02032790705561638,0.19940002262592316,0.19960004091262817
67,HONEYBEE__BEE,4,-1,200,0.02045612782239914,0.19940002262592316,0.19920004904270172
67,HONEYBEE__BEE,5,1,200,0.02058425545692444,0.19910003244876862,0.19920004904270172
67,HONEYBEE__BEE,6,-1,200,0.02071247808635235,0.19910003244876862,0.19880002737045288
67,HONEYBEE__BEE,7,1,200,0.020840603858232498,0.1988000124692917,0.19880002737045288
67,HONEYBEE__BEE,8,-1,200,0.020968815311789513,0.1988000124692917,0.19840002059936523
67,HONEYBEE__BEE,9,1,200,0.02109694853425026,0.19850003719329834,0.19840002059936523
67,HONEYBEE__BEE,10,-1,200,0.021225163713097572,0.19850003719329834,0.19800002872943878
67,HONEYBEE__BEE,11,1,200,0.02135329134762287,0.1982000321149826,0.19800002872943878
67,HONEYBEE__BEE,12,-1,200,0.02148151583969593,0.1982000321149826,0.19760003685951233
67,HONEYBEE__BEE,13,1,200,0.02160964161157608,0.19790004193782806,0.19760003685951233
67,HONEYBEE__BEE,14,-1,200,0.02173786051571369,0.19790004193782806,0.19720004498958588
67,HONEYBEE__BEE,15,1,200,0.02186598628759384,0.19760003685951233,0.19720004498958588
67,HONEYBEE__BEE,16,-1,200,0.021994203329086304,0.19760003685951233,0.19680003821849823
67,HONEYBEE__BEE,17,1,200,0.022122330963611603,0.1973000168800354,0.19680003821849823
67,HONEYBEE__BEE,18,-1,200,0.02225055731832981,0.1973000168800354,0.19640003144741058
67,HONEYBEE__BEE,19,1,200,0.02237868495285511,0.19700002670288086,0.19640003144741058
67,HONEYBEE__BEE,20,-1,200,0.02250690385699272,0.19700002670288086,0.19600002467632294
68,HONEYBEE__BEE,1,1,200,0.01998228393495083,0.1997000277042389,0.20000003278255463
68,HONEYBEE__BEE,2,-1,200,0.02010992355644703,0.1997000277042389,0.19960002601146698
68,HONEYBEE__BEE,3,1,200,0.020237619057297707,0.19940002262592316,0.19960002601146698
68,HONEYBEE__BEE,4,-1,200,0.020365264266729355,0.19940002262592316,0.19920004904270172
68,HONEYBEE__BEE,5,1,200,0.02049296349287033,0.19910003244876862,0.19920004904270172
68,HONEYBEE__BEE,6,-1,200,0.02062060497701168,0.19910003244876862,0.19880002737045288
68,HONEYBEE__BEE,7,1,200,0.020748306065797806,0.1988000124692917,0.19880002737045288
68,HONEYBEE__BEE,8,-1,200,0.020875941962003708,0.1988000124692917,0.19840002059936523
68,HONEYBEE__BEE,9,1,200,0.021003639325499535,0.19850003719329834,0.19840002059936523
68,HONEYBEE__BEE,10,-1,200,0.021131284534931183,0.19850003719329834,0.1980000138282776
68,HONEYBEE__BEE,11,1,200,0.02125898189842701,0.1982000321149826,0.1980000138282776
68,HONEYBEE__BEE,12,-1,200,0.02138662151992321,0.1982000321149826,0.19760003685951233
68,HONEYBEE__BEE,13,1,200,0.021514318883419037,0.19790002703666687,0.19760003685951233
68,HONEYBEE__BEE,14,-1,200,0.021641962230205536,0.19790002703666687,0.19720004498958588
68,HONEYBEE__BEE,15,1,200,0.021769657731056213,0.19760002195835114,0.19720004498958588
68,HONEYBEE__BEE,16,-1,200,0.02189731039106846,0.19760002195835114,0.19680002331733704
68,HONEYBEE__BEE,17,1,200,0.02202500030398369,0.1973000466823578,0.19680002331733704
68,HONEYBEE__BEE,18,-1,200,0.022152647376060486,0.1973000466823578,0.19640004634857178
68,HONEYBEE__BEE,19,1,200,0.022280341014266014,0.19700002670288086,0.19640004634857178
68,HONEYBEE__BEE,20,-1,200,0.022407982498407364,0.19700002670288086,0.19600002467632294
69,HONEYBEE__BEE,1,1,200,0.020062502473592758,0.1997000277042389,0.20000003278255463
69,HONEYBEE__BEE,2,-1,200,0.020190825685858727,0.1997000277042389,0.19960004091262817
69,HONEYBEE__BEE,3,1,200,0.020319083705544472,0.19940002262592316,0.19960004091262817
69,HONEYBEE__BEE,4,-1,200,0.02044740505516529,0.19940002262592316,0.19920004904270172
69,HONEYBEE__BEE,5,1,200,0.020575666800141335,0.19910003244876862,0.19920004904270172
69,HONEYBEE__BEE,6,-1,200,0.020703991875052452,0.19910003244876862,0.19880002737045288
69,HONEYBEE__BEE,7,1,200,0.020832248032093048,0.19880002737045288,0.19880002737045288
69,HONEYBEE__BEE,8,-1,200,0.020960571244359016,0.19880002737045288,0.19840002059936523
69,HONEYBEE__BEE,9,1,200,0.02108883298933506,0.19850003719329834,0.19840002059936523
69,HONEYBEE__BEE,10,-1,200,0.02121715620160103,0.19850003719329834,0.19800002872943878
69,HONEYBEE__BEE,11,1,200,0.021345412358641624,0.1982000470161438,0.19800002872943878
69,HONEYBEE__BEE,12,-1,200,0.02147374115884304,0.1982000470161438,0.19760003685951233
69,HONEYBEE__BEE,13,1,200,0.021601995453238487,0.19790002703666687,0.19760003685951233
69,HONEYBEE__BEE,14,-1,200,0.021730314940214157,0.19790002703666687,0.19720004498958588
69,HONEYBEE__BEE,15,1,200,0.0218585766851902,0.19760003685951233,0.19720004498958588
69,HONEYBEE__BEE,16,-1,200,0.021986903622746468,0.19760003685951233,0.19680002331733704
69,HONEYBEE__BEE,17,1,200,0.022115157917141914,0.1973000168800354,0.19680002331733704
69,HONEYBEE__BEE,18,-1,200,0.02224348671734333,0.1973000168800354,0.19640003144741058
69,HONEYBEE__BEE,19,1,200,0.022371742874383926,0.19700004160404205,0.19640003144741058
69,HONEYBEE__BEE,20,-1,200,0.022500067949295044,0.19700004160404205,0.19600000977516174
70,HONEYBEE__BEE,1,1,200,0.02007089927792549,0.19970004260540009,0.20000003278255463
70,HONEYBEE__BEE,2,-1,200,0.02020024135708809,0.19970004260540009,0.19960004091262817
70,HONEYBEE__BEE,3,1,200,0.020329132676124573,0.19940002262592316,0.19960004091262817
70,HONEYBEE__BEE,4,-1,200,0.02045847289264202,0.19940002262592316,0.19920004904270172
70,HONEYBEE__BEE,5,1,200,0.020587369799613953,0.19910001754760742,0.19920004904270172
70,HONEYBEE__BEE,6,-1,200,0.0207167137414217,0.19910001754760742,0.19880002737045288
70,HONEYBEE__BEE,7,1,200,0.020845605060458183,0.19880002737045288,0.19880002737045288
70,HONEYBEE__BEE,8,-1,200,0.02097494713962078,0.19880002737045288,0.19840002059936523
70,HONEYBEE__BEE,9,1,200,0.021103838458657265,0.19850003719329834,0.19840002059936523
70,HONEYBEE__BEE,10,-1,200,0.021233180537819862,0.19850003719329834,0.19800002872943878
70,HONEYBEE__BEE,11,1,200,0.021362077444791794,0.1982000470161438,0.19800002872943878
70,HONEYBEE__BEE,12,-1,200,0.02149142138659954,0.1982000470161438,0.19760003685951233
70,HONEYBEE__BEE,13,1,200,0.021620312705636024,0.19790002703666687,0.19760003685951233
70,HONEYBEE__BEE,14,-1,200,0.02174965851008892,0.19790002703666687,0.19720004498958588
70,HONEYBEE__BEE,15,1,200,0.021878551691770554,0.19760003685951233,0.19720004498958588
70,HONEYBEE__BEE,16,-1,200,0.02200789377093315,0.19760003685951233,0.19680002331733704
70,HONEYBEE__BEE,17,1,200,0.022136781364679337,0.1973000168800354,0.19680002331733704
70,HONEYBEE__BEE,18,-1,200,0.022266125306487083,0.1973000168800354,0.19640004634857178
70,HONEYBEE__BEE,19,1,200,0.022395022213459015,0.19700002670288086,0.19640004634857178
70,HONEYBEE__BEE,20,-1,200,0.022524362429976463,0.19700002670288086,0.19600000977516174
71,HONEYBEE__BEE,1,1,200,0.020269175991415977,0.1997000277042389,0.20000003278255463
71,HONEYBEE__BEE,2,-1,200,0.020397014915943146,0.1997000277042389,0.19960004091262817
71,HONEYBEE__BEE,3,1,200,0.02052481286227703,0.19940003752708435,0.19960004091262817
71,HONEYBEE__BEE,4,-1,200,0.0206526480615139,0.19940003752708435,0.19920003414154053
71,HONEYBEE__BEE,5,1,200,0.020780449733138084,0.19910003244876862,0.19920003414154053
71,HONEYBEE__BEE,6,-1,200,0.020908288657665253,0.19910003244876862,0.1988000124692917
71,HONEYBEE__BEE,7,1,200,0.021036094054579735,0.19880002737045288,0.1988000124692917
71,HONEYBEE__BEE,8,-1,200,0.021163925528526306,0.19880002737045288,0.19840002059936523
71,HONEYBEE__BEE,9,1,200,0.02129172347486019,0.19850003719329834,0.19840002059936523
71,HONEYBEE__BEE,10,-1,200,0.02141956239938736,0.19850003719329834,0.19800002872943878
71,HONEYBEE__BEE,11,1,200,0.021547365933656693,0.1982000321149826,0.19800002872943878
71,HONEYBEE__BEE,12,-1,200,0.02167520299553871,0.1982000321149826,0.19760002195835114
71,HONEYBEE__BEE,13,1,200,0.021803002804517746,0.19790004193782806,0.19760002195835114
71,HONEYBEE__BEE,14,-1,200,0.021930838003754616,0.19790004193782806,0.19720004498958588
71,HONEYBEE__BEE,15,1,200,0.022058643400669098,0.19760003685951233,0.19720004498958588
71,HONEYBEE__BEE,16,-1,200,0.02218647487461567,0.19760003685951233,0.19680002331733704
71,HONEYBEE__BEE,17,1,200,0.022314276546239853,0.1973000168800354,0.19680002331733704
71,HONEYBEE__BEE,18,-1,200,0.022442111745476723,0.1973000168800354,0.19640003144741058
71,HONEYBEE__BEE,19,1,200,0.022569909691810608,0.19700002670288086,0.19640003144741058
71,HONEYBEE__BEE,20,-1,200,0.022697752341628075,0.19700002670288086,0.19600000977516174
72,HONEYBEE__BEE,1,1,200,0.020199527963995934,0.19970004260540009,0.20000003278255463
72,HONEYBEE__BEE,2,-1,200,0.02032838575541973,0.19970004260540009,0.19960004091262817
72,HONEYBEE__BEE,3,1,200,0.020456809550523758,0.19940002262592316,0.19960004091262817
72,HONEYBEE__BEE,4,-1,200,0.020585669204592705,0.19940002262592316,0.19920004904270172
72,HONEYBEE__BEE,5,1,200,0.02071409672498703,0.19910003244876862,0.19920004904270172
72,HONEYBEE__BEE,6,-1,200,0.020842954516410828,0.19910003244876862,0.19880002737045288
72,HONEYBEE__BEE,7,1,200,0.020971374586224556,0.19880002737045288,0.19880002737045288
72,HONEYBEE__BEE,8,-1,200,0.021100236102938652,0.19880002737045288,0.19840002059936523
72,HONEYBEE__BEE,9,1,200,0.02122865989804268,0.19850003719329834,0.19840002059936523
72,HONEYBEE__BEE,10,-1,200,0.021357521414756775,0.19850003719329834,0.19800002872943878
72,HONEYBEE__BEE,11,1,200,0.021485939621925354,0.1982000321149826,0.19800002872943878
72,HONEYBEE__BEE,12,-1,200,0.0216148030012846,0.1982000321149826,0.19760003685951233
72,HONEYBEE__BEE,13,1,200,0.021743226796388626,0.19790002703666687,0.19760003685951233
72,HONEYBEE__BEE,14,-1,200,0.021872088313102722,0.19790002703666687,0.19720004498958588
72,HONEYBEE__BEE,15,1,200,0.022000504657626152,0.19760002195835114,0.19720004498958588
72,HONEYBEE__BEE,16,-1,200,0.02212936244904995,0.19760002195835114,0.19680002331733704
72,HONEYBEE__BEE,17,1,200,0.022257782518863678,0.1973000168800354,0.19680002331733704
72,HONEYBEE__BEE,18,-1,200,0.022386649623513222,0.1973000168800354,0.19640003144741058
72,HONEYBEE__BEE,19,1,200,0.0225150715559721,0.19700002670288086,0.19640003144741058
72,HONEYBEE__BEE,20,-1,200,0.022643934935331345,0.19700002670288086,0.19600002467632294
73,HONEYBEE__BEE,1,1,200,0.020068738609552383,0.19970004260540009,0.20000003278255463
73,HONEYBEE__BEE,2,-1,200,0.02019692212343216,0.19970004260540009,0.19960002601146698
73,HONEYBEE__BEE,3,1,200,0.02032516524195671,0.19940002262592316,0.19960002601146698
73,HONEYBEE__BEE,4,-1,200,0.020453346893191338,0.19940002262592316,0.19920004904270172
73,HONEYBEE__BEE,5,1,200,0.02058158628642559,0.19910003244876862,0.19920004904270172
73,HONEYBEE__BEE,6,-1,200,0.020709773525595665,0.19910003244876862,0.19880002737045288
73,HONEYBEE__BEE,7,1,200,0.02083801105618477,0.1988000124692917,0.19880002737045288
73,HONEYBEE__BEE,8,-1,200,0.02096620202064514,0.1988000124692917,0.19840002059936523
73,HONEYBEE__BEE,9,1,200,0.021094435825943947,0.19850003719329834,0.19840002059936523
73,HONEYBEE__BEE,10,-1,200,0.02122262679040432,0.19850003719329834,0.19800002872943878
73,HONEYBEE__BEE,11,1,200,0.021350864320993423,0.1982000470161438,0.19800002872943878
73,HONEYBEE__BEE,12,-1,200,0.02147904969751835,0.1982000470161438,0.19760003685951233
73,HONEYBEE__BEE,13,1,200,0.021607285365462303,0.19790004193782806,0.19760003685951233
73,HONEYBEE__BEE,14,-1,200,0.021735476329922676,0.19790004193782806,0.19720004498958588
73,HONEYBEE__BEE,15,1,200,0.02186371013522148,0.19760003685951233,0.19720004498958588
73,HONEYBEE__BEE,16,-1,200,0.021991899237036705,0.19760003685951233,0.19680002331733704
73,HONEYBEE__BEE,17,1,200,0.022120138630270958,0.1973000317811966,0.19680002331733704
73,HONEYBEE__BEE,18,-1,200,0.022248325869441032,0.1973000317811966,0.19640004634857178
73,HONEYBEE__BEE,19,1,200,0.022376565262675285,0.19700002670288086,0.19640004634857178
73,HONEYBEE__BEE,20,-1,200,0.02250474877655506,0.19700002670288086,0.19600002467632294
74,HONEYBEE__BEE,1,1,200,0.020164621993899345,0.19970004260540009,0.20000003278255463
74,HONEYBEE__BEE,2,-1,200,0.020292960107326508,0.19970004260540009,0.19960002601146698
74,HONEYBEE__BEE,3,1,200,0.020421110093593597,0.19940002262592316,0.19960002601146698
74,HONEYBEE__BEE,4,-1,200,0.02054944634437561,0.19940002262592316,0.19920003414154053
74,HONEYBEE__BEE,5,1,200,0.02067759819328785,0.19910003244876862,0.19920003414154053
74,HONEYBEE__BEE,6,-1,200,0.020805930718779564,0.19910003244876862,0.1988000124692917
74,HONEYBEE__BEE,7,1,200,0.0209340862929821,0.19880002737045288,0.1988000124692917
74,HONEYBEE__BEE,8,-1,200,0.021062422543764114,0.19880002737045288,0.19840003550052643
74,HONEYBEE__BEE,9,1,200,0.021190570667386055,0.19850003719329834,0.19840003550052643
74,HONEYBEE__BEE,10,-1,200,0.021318910643458366,0.19850003719329834,0.19800002872943878
74,HONEYBEE__BEE,11,1,200,0.02144705504179001,0.1982000321149826,0.19800002872943878
74,HONEYBEE__BEE,12,-1,200,0.02157539315521717,0.1982000321149826,0.19760003685951233
74,HONEYBEE__BEE,13,1,200,0.021703539416193962,0.19790002703666687,0.19760003685951233
74,HONEYBEE__BEE,14,-1,200,0.021831879392266273,0.19790002703666687,0.19720004498958588
74,HONEYBEE__BEE,15,1,200,0.021960027515888214,0.19760003685951233,0.19720004498958588
74,HONEYBEE__BEE,16,-1,200,0.022088361904025078,0.19760003685951233,0.19680003821849823
74,HONEYBEE__BEE,17,1,200,0.022216519340872765,0.1973000168800354,0.19680003821849823
74,HONEYBEE__BEE,18,-1,200,0.02234485372900963,0.1973000168800354,0.19640003144741058
74,HONEYBEE__BEE,19,1,200,0.022473005577921867,0.19700002670288086,0.19640003144741058
74,HONEYBEE__BEE,20,-1,200,0.022601338103413582,0.19700002670288086,0.19600002467632294
75,HONEYBEE__BEE,1,1,200,0.020224906504154205,0.1997000277042389,0.20000003278255463
75,HONEYBEE__BEE,2,-1,200,0.020352736115455627,0.1997000277042389,0.19960004091262817
75,HONEYBEE__BEE,3,1,200,0.0204804465174675,0.19940002262592316,0.19960004091262817
75,HONEYBEE__BEE,4,-1,200,0.020608272403478622,0.19940002262592316,0.19920003414154053
75,HONEYBEE__BEE,5,1,200,0.02073598839342594,0.19910003244876862,0.19920003414154053
75,HONEYBEE__BEE,6,-1,200,0.020863816142082214,0.19910003244876862,0.1988000124692917
75,HONEYBEE__BEE,7,1,200,0.020991533994674683,0.19880002737045288,0.1988000124692917
75,HONEYBEE__BEE,8,-1,200,0.021119358018040657,0.19880002737045288,0.19840002059936523
75,HONEYBEE__BEE,9,1,200,0.02124706842005253,0.19850003719329834,0.19840002059936523
75,HONEYBEE__BEE,10,-1,200,0.02137489803135395,0.19850003719329834,0.19800002872943878
75,HONEYBEE__BEE,11,1,200,0.02150261029601097,0.1982000470161438,0.19800002872943878
75,HONEYBEE__BEE,12,-1,200,0.021630439907312393,0.1982000470161438,0.19760002195835114
75,HONEYBEE__BEE,13,1,200,0.021758150309324265,0.19790002703666687,0.19760002195835114
75,HONEYBEE__BEE,14,-1,200,0.021885983645915985,0.19790002703666687,0.19720004498958588
75,HONEYBEE__BEE,15,1,200,0.022013695910573006,0.19760002195835114,0.19720004498958588
75,HONEYBEE__BEE,16,-1,200,0.022141525521874428,0.19760002195835114,0.19680003821849823
75,HONEYBEE__BEE,17,1,200,0.02226923406124115,0.1973000317811966,0.19680003821849823
75,HONEYBEE__BEE,18,-1,200,0.022397063672542572,0.1973000317811966,0.19640004634857178
75,HONEYBEE__BEE,19,1,200,0.022524772211909294,0.19700002670288086,0.19640004634857178
75,HONEYBEE__BEE,20,-1,200,0.022652601823210716,0.19700002670288086,0.19600002467632294
76,HONEYBEE__BEE,1,1,200,0.02019221894443035,0.19970004260540009,0.20000003278255463
76,HONEYBEE__BEE,2,-1,200,0.02031945250928402,0.19970004260540009,0.19960004091262817
76,HONEYBEE__BEE,3,1,200,0.02044682949781418,0.19940002262592316,0.19960004091262817
76,HONEYBEE__BEE,4,-1,200,0.0205740574747324,0.19940002262592316,0.19920003414154053
76,HONEYBEE__BEE,5,1,200,0.02070142887532711,0.19910003244876862,0.19920003414154053
76,HONEYBEE__BEE,6,-1,200,0.02082866244018078,0.19910003244876862,0.19880002737045288
76,HONEYBEE__BEE,7,1,200,0.02095603570342064,0.19880002737045288,0.19880002737045288
76,HONEYBEE__BEE,8,-1,200,0.02108326368033886,0.19880002737045288,0.19840002059936523
76,HONEYBEE__BEE,9,1,200,0.021210644394159317,0.19850003719329834,0.19840002059936523
76,HONEYBEE__BEE,10,-1,200,0.021337874233722687,0.19850003719329834,0.19800002872943878
76,HONEYBEE__BEE,11,1,200,0.0214652419090271,0.1982000470161438,0.19800002872943878
76,HONEYBEE__BEE,12,-1,200,0.021592475473880768,0.1982000470161438,0.19760002195835114
76,HONEYBEE__BEE,13,1,200,0.021719850599765778,0.19790004193782806,0.19760002195835114
76,HONEYBEE__BEE,14,-1,200,0.021847084164619446,0.19790004193782806,0.19720004498958588
76,HONEYBEE__BEE,15,1,200,0.021974455565214157,0.19760003685951233,0.19720004498958588
76,HONEYBEE__BEE,16,-1,200,0.022101687267422676,0.19760003685951233,0.19680002331733704
76,HONEYBEE__BEE,17,1,200,0.022229062393307686,0.1973000317811966,0.19680002331733704
76,HONEYBEE__BEE,18,-1,200,0.022356292232871056,0.1973000317811966,0.19640003144741058
76,HONEYBEE__BEE,19,1,200,0.022483667358756065,0.19700002670288086,0.19640003144741058
76,HONEYBEE__BEE,20,-1,200,0.022610899060964584,0.19700002670288086,0.19600002467632294
77,HONEYBEE__BEE,1,1,200,0.020232869312167168,0.19970004260540009,0.20000003278255463
77,HONEYBEE__BEE,2,-1,200,0.020360779017210007,0.19970004260540009,0.19960002601146698
77,HONEYBEE__BEE,3,1,200,0.0204883124679327,0.19940002262592316,0.19960002601146698
77,HONEYBEE__BEE,4,-1,200,0.02061622031033039,0.19940002262592316,0.19920003414154053
77,HONEYBEE__BEE,5,1,200,0.02074376307427883,0.19910003244876862,0.19920003414154053
77,HONEYBEE__BEE,6,-1,200,0.020871667191386223,0.19910003244876862,0.19880004227161407
77,HONEYBEE__BEE,7,1,200,0.020999206230044365,0.19880004227161407,0.19880004227161407
77,HONEYBEE__BEE,8,-1,200,0.021127108484506607,0.19880004227161407,0.19840002059936523
77,HONEYBEE__BEE,9,1,200,0.02125464752316475,0.19850003719329834,0.19840002059936523
77,HONEYBEE__BEE,10,-1,200,0.021382559090852737,0.19850003719329834,0.19800002872943878
77,HONEYBEE__BEE,11,1,200,0.02151009440422058,0.1982000321149826,0.19800002872943878
77,HONEYBEE__BEE,12,-1,200,0.02163800224661827,0.1982000321149826,0.19760003685951233
77,HONEYBEE__BEE,13,1,200,0.021765541285276413,0.19790002703666687,0.19760003685951233
77,HONEYBEE__BEE,14,-1,200,0.021893445402383804,0.19790002703666687,0.19720004498958588
77,HONEYBEE__BEE,15,1,200,0.022020986303687096,0.19760003685951233,0.19720004498958588
77,HONEYBEE__BEE,16,-1,200,0.022148892283439636,0.19760003685951233,0.19680002331733704
77,HONEYBEE__BEE,17,1,200,0.022276433184742928,0.1973000168800354,0.19680002331733704
77,HONEYBEE__BEE,18,-1,200,0.022404341027140617,0.1973000168800354,0.19640003144741058
77,HONEYBEE__BEE,19,1,200,0.022531874477863312,0.19700002670288086,0.19640003144741058
77,HONEYBEE__BEE,20,-1,200,0.022659778594970703,0.19700002670288086,0.19600002467632294
78,HONEYBEE__BEE,1,1,200,0.020088069140911102,0.1997000277042389,0.20000003278255463
78,HONEYBEE__BEE,2,-1,200,0.020216019824147224,0.1997000277042389,0.19960004091262817
78,HONEYBEE__BEE,3,1,200,0.020343981683254242,0.19940003752708435,0.19960004091262817
78,HONEYBEE__BEE,4,-1,200,0.020471928641200066,0.19940003752708435,0.19920004904270172
78,HONEYBEE__BEE,5,1,200,0.020599884912371635,0.19910001754760742,0.19920004904270172
78,HONEYBEE__BEE,6,-1,200,0.020727841183543205,0.19910001754760742,0.1988000124692917
78,HONEYBEE__BEE,7,1,200,0.020855797454714775,0.19880002737045288,0.1988000124692917
78,HONEYBEE__BEE,8,-1,200,0.020983748137950897,0.19880002737045288,0.19840002059936523
78,HONEYBEE__BEE,9,1,200,0.021111704409122467,0.19850003719329834,0.19840002059936523
78,HONEYBEE__BEE,10,-1,200,0.02123965509235859,0.19850003719329834,0.19800002872943878
78,HONEYBEE__BEE,11,1,200,0.021367618814110756,0.1982000470161438,0.19800002872943878
78,HONEYBEE__BEE,12,-1,200,0.02149556204676628,0.1982000470161438,0.19760003685951233
78,HONEYBEE__BEE,13,1,200,0.02162352204322815,0.19790002703666687,0.19760003685951233
78,HONEYBEE__BEE,14,-1,200,0.02175147458910942,0.19790002703666687,0.19720004498958588
78,HONEYBEE__BEE,15,1,200,0.02187943086028099,0.19760003685951233,0.19720004498958588
78,HONEYBEE__BEE,16,-1,200,0.022007383406162262,0.19760003685951233,0.19680002331733704
78,HONEYBEE__BEE,17,1,200,0.022135337814688683,0.1973000317811966,0.19680002331733704
78,HONEYBEE__BEE,18,-1,200,0.022263294085860252,0.1973000317811966,0.19640003144741058
78,HONEYBEE__BEE,19,1,200,0.022391250357031822,0.19700002670288086,0.19640003144741058
78,HONEYBEE__BEE,20,-1,200,0.022519199177622795,0.19700002670288086,0.19600002467632294
79,HONEYBEE__BEE,1,1,200,0.020098617300391197,0.19970004260540009,0.20000003278255463
79,HONEYBEE__BEE,2,-1,200,0.02022765949368477,0.19970004260540009,0.19960004091262817
79,HONEYBEE__BEE,3,1,200,0.020356712862849236,0.19940002262592316,0.19960004091262817
79,HONEYBEE__BEE,4,-1,200,0.020485755056142807,0.19940002262592316,0.19920001924037933
79,HONEYBEE__BEE,5,1,200,0.020614806562662125,0.19910001754760742,0.19920001924037933
79,HONEYBEE__BEE,6,-1,200,0.020743850618600845,0.19910001754760742,0.1988000124692917
79,HONEYBEE__BEE,7,1,200,0.020872900262475014,0.19880002737045288,0.1988000124692917
79,HONEYBEE__BEE,8,-1,200,0.021001949906349182,0.19880002737045288,0.19840002059936523
79,HONEYBEE__BEE,9,1,200,0.0211309976875782,0.19850003719329834,0.19840002059936523
79,HONEYBEE__BEE,10,-1,200,0.021260041743516922,0.19850003719329834,0.19800002872943878
79,HONEYBEE__BEE,11,1,200,0.021389096975326538,0.1982000470161438,0.19800002872943878
79,HONEYBEE__BEE,12,-1,200,0.02151813730597496,0.1982000470161438,0.19760003685951233
79,HONEYBEE__BEE,13,1,200,0.021647190675139427,0.19790002703666687,0.19760003685951233
79,HONEYBEE__BEE,14,-1,200,0.021776234731078148,0.19790002703666687,0.19720004498958588
79,HONEYBEE__BEE,15,1,200,0.021905288100242615,0.19760003685951233,0.19720004498958588
79,HONEYBEE__BEE,16,-1,200,0.022034334018826485,0.19760003685951233,0.19680003821849823
79,HONEYBEE__BEE,17,1,200,0.022163383662700653,0.1973000168800354,0.19680003821849823
79,HONEYBEE__BEE,18,-1,200,0.022292425855994225,0.1973000168800354,0.19640003144741058
79,HONEYBEE__BEE,19,1,200,0.02242147922515869,0.19700002670288086,0.19640003144741058
79,HONEYBEE__BEE,20,-1,200,0.02255052514374256,0.19700002670288086,0.19600002467632294
80,HONEYBEE__BEE,1,1,200,0.020052079111337662,0.19970004260540009,0.20000003278255463
80,HONEYBEE__BEE,2,-1,200,0.02018030174076557,0.19970004260540009,0.19960004091262817
80,HONEYBEE__BEE,3,1,200,0.020308418199419975,0.19940002262592316,0.19960004091262817
80,HONEYBEE__BEE,4,-1,200,0.020436638966202736,0.19940002262592316,0.19920003414154053
80,HONEYBEE__BEE,5,1,200,0.020564759150147438,0.19910003244876862,0.19920003414154053
80,HONEYBEE__BEE,6,-1,200,0.0206929761916399,0.19910003244876862,0.1988000124692917
80,HONEYBEE__BEE,7,1,200,0.020821096375584602,0.19880002737045288,0.1988000124692917
80,HONEYBEE__BEE,8,-1,200,0.020949313417077065,0.19880002737045288,0.19840002059936523
80,HONEYBEE__BEE,9,1,200,0.021077431738376617,0.19850003719329834,0.19840002059936523
80,HONEYBEE__BEE,10,-1,200,0.021205654367804527,0.19850003719329834,0.19800002872943878
80,HONEYBEE__BEE,11,1,200,0.021333768963813782,0.1982000321149826,0.19800002872943878
80,HONEYBEE__BEE,12,-1,200,0.021461989730596542,0.1982000321149826,0.19760003685951233
80,HONEYBEE__BEE,13,1,200,0.021590108051896095,0.19790002703666687,0.19760003685951233
80,HONEYBEE__BEE,14,-1,200,0.021718326956033707,0.19790002703666687,0.19720004498958588
80,HONEYBEE__BEE,15,1,200,0.02184644527733326,0.19760002195835114,0.19720004498958588
80,HONEYBEE__BEE,16,-1,200,0.021974662318825722,0.19760002195835114,0.19680002331733704
80,HONEYBEE__BEE,17,1,200,0.022102778777480125,0.1973000168800354,0.19680002331733704
80,HONEYBEE__BEE,18,-1,200,0.022230995818972588,0.1973000168800354,0.19640003144741058
80,HONEYBEE__BEE,19,1,200,0.02235911600291729,0.19700002670288086,0.19640003144741058
80,HONEYBEE__BEE,20,-1,200,0.0224873349070549,0.19700002670288086,0.19600002467632294
81,HONEYBEE__BEE,1,1,200,0.02021707221865654,0.1997000277042389,0.20000003278255463
81,HONEYBEE__BEE,2,-1,200,0.020346038043498993,0.1997000277042389,0.19960004091262817
81,HONEYBEE__BEE,3,1,200,0.020474979653954506,0.19940002262592316,0.19960004091262817
81,HONEYBEE__BEE,4,-1,200,0.02060394547879696,0.19940002262592316,0.19920004904270172
81,HONEYBEE__BEE,5,1,200,0.020732898265123367,0.19910001754760742,0.19920004904270172
81,HONEYBEE__BEE,6,-1,200,0.02086186222732067,0.19910001754760742,0.19880002737045288
81,HONEYBEE__BEE,7,1,200,0.020990805700421333,0.19880002737045288,0.19880002737045288
81,HONEYBEE__BEE,8,-1,200,0.021119773387908936,0.19880002737045288,0.19840002059936523
81,HONEYBEE__BEE,9,1,200,0.021248726174235344,0.19850003719329834,0.19840002059936523
81,HONEYBEE__BEE,10,-1,200,0.02137768641114235,0.19850003719329834,0.19800002872943878
81,HONEYBEE__BEE,11,1,200,0.02150663547217846,0.1982000470161438,0.19800002872943878
81,HONEYBEE__BEE,12,-1,200,0.021635597571730614,0.1982000470161438,0.19760002195835114
81,HONEYBEE__BEE,13,1,200,0.021764548495411873,0.19790004193782806,0.19760002195835114
81,HONEYBEE__BEE,14,-1,200,0.02189350500702858,0.19790004193782806,0.19720004498958588
81,HONEYBEE__BEE,15,1,200,0.022022457793354988,0.19760003685951233,0.19720004498958588
81,HONEYBEE__BEE,16,-1,200,0.02215142361819744,0.19760003685951233,0.19680003821849823
81,HONEYBEE__BEE,17,1,200,0.022280367091298103,0.1973000317811966,0.19680003821849823
81,HONEYBEE__BEE,18,-1,200,0.022409336641430855,0.1973000317811966,0.19640003144741058
81,HONEYBEE__BEE,19,1,200,0.022538283839821815,0.19700002670288086,0.19640003144741058
81,HONEYBEE__BEE,20,-1,200,0.02266724780201912,0.19700002670288086,0.19600002467632294
82,HONEYBEE__BEE,1,1,200,0.020291054621338844,0.19970004260540009,0.20000003278255463
82,HONEYBEE__BEE,2,-1,200,0.020418567582964897,0.19970004260540009,0.19960004091262817
82,HONEYBEE__BEE,3,1,200,0.02054602839052677,0.19940002262592316,0.19960004091262817
82,HONEYBEE__BEE,4,-1,200,0.020673539489507675,0.19940002262592316,0.19920004904270172
82,HONEYBEE__BEE,5,1,200,0.0208009984344244,0.19910003244876862,0.19920004904270172
82,HONEYBEE__BEE,6,-1,200,0.020928511396050453,0.19910003244876862,0.19880002737045288
82,HONEYBEE__BEE,7,1,200,0.021055972203612328,0.19880002737045288,0.19880002737045288
82,HONEYBEE__BEE,8,-1,200,0.02118348330259323,0.19880002737045288,0.19840002059936523
82,HONEYBEE__BEE,9,1,200,0.021310947835445404,0.19850003719329834,0.19840002059936523
82,HONEYBEE__BEE,10,-1,200,0.02143845707178116,0.19850003719329834,0.19800002872943878
82,HONEYBEE__BEE,11,1,200,0.021565916016697884,0.1982000172138214,0.19800002872943878
82,HONEYBEE__BEE,12,-1,200,0.021693430840969086,0.1982000172138214,0.19760003685951233
82,HONEYBEE__BEE,13,1,200,0.02182088792324066,0.19790002703666687,0.19760003685951233
82,HONEYBEE__BEE,14,-1,200,0.021948406472802162,0.19790002703666687,0.19720004498958588
82,HONEYBEE__BEE,15,1,200,0.02207585982978344,0.19760002195835114,0.19720004498958588
82,HONEYBEE__BEE,16,-1,200,0.02220337465405464,0.19760002195835114,0.19680002331733704
82,HONEYBEE__BEE,17,1,200,0.02233082987368107,0.1973000168800354,0.19680002331733704
82,HONEYBEE__BEE,18,-1,200,0.02245834656059742,0.1973000168800354,0.19640003144741058
82,HONEYBEE__BEE,19,1,200,0.022585807368159294,0.19700002670288086,0.19640003144741058
82,HONEYBEE__BEE,20,-1,200,0.022713318467140198,0.19700002670288086,0.19600000977516174
83,HONEYBEE__BEE,1,1,200,0.02012816071510315,0.19970004260540009,0.20000003278255463
83,HONEYBEE__BEE,2,-1,200,0.020256519317626953,0.19970004260540009,0.19960004091262817
83,HONEYBEE__BEE,3,1,200,0.020384686067700386,0.19940002262592316,0.19960004091262817
83,HONEYBEE__BEE,4,-1,200,0.020513037219643593,0.19940002262592316,0.19920004904270172
83,HONEYBEE__BEE,5,1,200,0.020641200244426727,0.19910003244876862,0.19920004904270172
83,HONEYBEE__BEE,6,-1,200,0.02076956257224083,0.19910003244876862,0.1988000124692917
83,HONEYBEE__BEE,7,1,200,0.020897720009088516,0.19880002737045288,0.1988000124692917
83,HONEYBEE__BEE,8,-1,200,0.021026086062192917,0.19880002737045288,0.19840002059936523
83,HONEYBEE__BEE,9,1,200,0.021154245361685753,0.19850003719329834,0.19840002059936523
83,HONEYBEE__BEE,10,-1,200,0.021282607689499855,0.19850003719329834,0.19800002872943878
83,HONEYBEE__BEE,11,1,200,0.021410763263702393,0.1982000321149826,0.19800002872943878
83,HONEYBEE__BEE,12,-1,200,0.021539131179451942,0.1982000321149826,0.19760002195835114
83,HONEYBEE__BEE,13,1,200,0.02166728675365448,0.19790004193782806,0.19760002195835114
83,HONEYBEE__BEE,14,-1,200,0.021795645356178284,0.19790004193782806,0.19720004498958588
83,HONEYBEE__BEE,15,1,200,0.021923810243606567,0.19760003685951233,0.19720004498958588
83,HONEYBEE__BEE,16,-1,200,0.02205217070877552,0.19760003685951233,0.19680003821849823
83,HONEYBEE__BEE,17,1,200,0.022180331870913506,0.1973000317811966,0.19680003821849823
83,HONEYBEE__BEE,18,-1,200,0.022308694198727608,0.1973000317811966,0.19640004634857178
83,HONEYBEE__BEE,19,1,200,0.022436853498220444,0.19700002670288086,0.19640004634857178
83,HONEYBEE__BEE,20,-1,200,0.02256520837545395,0.19700002670288086,0.19600000977516174
84,HONEYBEE__BEE,1,1,200,0.02017182856798172,0.19970004260540009,0.20000003278255463
84,HONEYBEE__BEE,2,-1,200,0.020299775525927544,0.19970004260540009,0.19960002601146698
84,HONEYBEE__BEE,3,1,200,0.020427534356713295,0.19940002262592316,0.19960002601146698
84,HONEYBEE__BEE,4,-1,200,0.02055548131465912,0.19940002262592316,0.19920004904270172
84,HONEYBEE__BEE,5,1,200,0.02068323642015457,0.19910003244876862,0.19920004904270172
84,HONEYBEE__BEE,6,-1,200,0.020811190828680992,0.19910003244876862,0.19880002737045288
84,HONEYBEE__BEE,7,1,200,0.020938949659466743,0.1988000124692917,0.19880002737045288
84,HONEYBEE__BEE,8,-1,200,0.021066896617412567,0.1988000124692917,0.19840002059936523
84,HONEYBEE__BEE,9,1,200,0.02119465544819832,0.19850003719329834,0.19840002059936523
84,HONEYBEE__BEE,10,-1,200,0.02132260799407959,0.19850003719329834,0.19800002872943878
84,HONEYBEE__BEE,11,1,200,0.02145036682486534,0.1982000470161438,0.19800002872943878
84,HONEYBEE__BEE,12,-1,200,0.021578308194875717,0.1982000470161438,0.19760002195835114
84,HONEYBEE__BEE,13,1,200,0.021706068888306618,0.19790004193782806,0.19760002195835114
84,HONEYBEE__BEE,14,-1,200,0.02183401770889759,0.19790004193782806,0.19720004498958588
84,HONEYBEE__BEE,15,1,200,0.02196178212761879,0.19760003685951233,0.19720004498958588
84,HONEYBEE__BEE,16,-1,200,0.022089729085564613,0.19760003685951233,0.19680003821849823
84,HONEYBEE__BEE,17,1,200,0.022217487916350365,0.1973000168800354,0.19680003821849823
84,HONEYBEE__BEE,18,-1,200,0.022345436736941338,0.1973000168800354,0.19640004634857178
84,HONEYBEE__BEE,19,1,200,0.02247319370508194,0.19700002670288086,0.19640004634857178
84,HONEYBEE__BEE,20,-1,200,0.02260114811360836,0.19700002670288086,0.19600002467632294
85,HONEYBEE__BEE,1,1,200,0.020209381356835365,0.19970004260540009,0.20000003278255463
85,HONEYBEE__BEE,2,-1,200,0.02033698931336403,0.19970004260540009,0.19960004091262817
85,HONEYBEE__BEE,3,1,200,0.020464319735765457,0.19940002262592316,0.19960004091262817
85,HONEYBEE__BEE,4,-1,200,0.02059192582964897,0.19940002262592316,0.19920004904270172
85,HONEYBEE__BEE,5,1,200,0.0207192525267601,0.19910001754760742,0.19920004904270172
85,HONEYBEE__BEE,6,-1,200,0.020846867933869362,0.19910001754760742,0.19880002737045288
85,HONEYBEE__BEE,7,1,200,0.020974192768335342,0.19880002737045288,0.19880002737045288
85,HONEYBEE__BEE,8,-1,200,0.021101796999573708,0.19880002737045288,0.19840002059936523
85,HONEYBEE__BEE,9,1,200,0.021229129284620285,0.19850003719329834,0.19840002059936523
85,HONEYBEE__BEE,10,-1,200,0.021356739103794098,0.19850003719329834,0.19800002872943878
85,HONEYBEE__BEE,11,1,200,0.021484067663550377,0.1982000470161438,0.19800002872943878
85,HONEYBEE__BEE,12,-1,200,0.02161167748272419,0.1982000470161438,0.19760002195835114
85,HONEYBEE__BEE,13,1,200,0.02173900231719017,0.19790002703666687,0.19760002195835114
85,HONEYBEE__BEE,14,-1,200,0.021866612136363983,0.19790002703666687,0.19720003008842468
85,HONEYBEE__BEE,15,1,200,0.02199394255876541,0.19760002195835114,0.19720003008842468
85,HONEYBEE__BEE,16,-1,200,0.022121550515294075,0.19760002195835114,0.19680003821849823
85,HONEYBEE__BEE,17,1,200,0.022248879075050354,0.1973000168800354,0.19680003821849823
85,HONEYBEE__BEE,18,-1,200,0.022376492619514465,0.1973000168800354,0.19640004634857178
85,HONEYBEE__BEE,19,1,200,0.022503817453980446,0.19700002670288086,0.19640004634857178
85,HONEYBEE__BEE,20,-1,200,0.022631430998444557,0.19700002670288086,0.19600002467632294
86,HONEYBEE__BEE,1,1,200,0.02018130011856556,0.1997000277042389,0.20000003278255463
86,HONEYBEE__BEE,2,-1,200,0.02030954323709011,0.1997000277042389,0.19960002601146698
86,HONEYBEE__BEE,3,1,200,0.020437628030776978,0.19940002262592316,0.19960002601146698
86,HONEYBEE__BEE,4,-1,200,0.02056586742401123,0.19940002262592316,0.19920003414154053
86,HONEYBEE__BEE,5,1,200,0.020693957805633545,0.19910001754760742,0.19920003414154053
86,HONEYBEE__BEE,6,-1,200,0.02082219533622265,0.19910001754760742,0.1988000124692917
86,HONEYBEE__BEE,7,1,200,0.020950285717844963,0.1988000124692917,0.1988000124692917
86,HONEYBEE__BEE,8,-1,200,0.021078523248434067,0.1988000124692917,0.19840003550052643
86,HONEYBEE__BEE,9,1,200,0.02120661363005638,0.19850003719329834,0.19840003550052643
86,HONEYBEE__BEE,10,-1,200,0.021334851160645485,0.19850003719329834,0.19800002872943878
86,HONEYBEE__BEE,11,1,200,0.02146294340491295,0.1982000470161438,0.19800002872943878
86,HONEYBEE__BEE,12,-1,200,0.02159118466079235,0.1982000470161438,0.19760003685951233
86,HONEYBEE__BEE,13,1,200,0.021719275042414665,0.19790002703666687,0.19760003685951233
86,HONEYBEE__BEE,14,-1,200,0.021847514435648918,0.19790002703666687,0.19720004498958588
86,HONEYBEE__BEE,15,1,200,0.021975601091980934,0.19760003685951233,0.19720004498958588
86,HONEYBEE__BEE,16,-1,200,0.022103840485215187,0.19760003685951233,0.19680003821849823
86,HONEYBEE__BEE,17,1,200,0.022231929004192352,0.1973000317811966,0.19680003821849823
86,HONEYBEE__BEE,18,-1,200,0.022360170260071754,0.1973000317811966,0.19640003144741058
86,HONEYBEE__BEE,19,1,200,0.02248825877904892,0.19700002670288086,0.19640003144741058
86,HONEYBEE__BEE,20,-1,200,0.02261650189757347,0.19700002670288086,0.19600000977516174
87,HONEYBEE__BEE,1,1,200,0.020180687308311462,0.1997000277042389,0.20000003278255463
87,HONEYBEE__BEE,2,-1,200,0.02030918002128601,0.1997000277042389,0.19960004091262817
87,HONEYBEE__BEE,3,1,200,0.020437441766262054,0.19940002262592316,0.19960004091262817
87,HONEYBEE__BEE,4,-1,200,0.020565934479236603,0.19940002262592316,0.19920004904270172
87,HONEYBEE__BEE,5,1,200,0.020694201812148094,0.19910003244876862,0.19920004904270172
87,HONEYBEE__BEE,6,-1,200,0.020822694525122643,0.19910003244876862,0.19880002737045288
87,HONEYBEE__BEE,7,1,200,0.020950956270098686,0.19880002737045288,0.19880002737045288
87,HONEYBEE__BEE,8,-1,200,0.021079450845718384,0.19880002737045288,0.19840003550052643
87,HONEYBEE__BEE,9,1,200,0.021207714453339577,0.19850003719329834,0.19840003550052643
87,HONEYBEE__BEE,10,-1,200,0.021336210891604424,0.19850003719329834,0.19800002872943878
87,HONEYBEE__BEE,11,1,200,0.021464472636580467,0.1982000470161438,0.19800002872943878
87,HONEYBEE__BEE,12,-1,200,0.021592969074845314,0.1982000470161438,0.19760003685951233
87,HONEYBEE__BEE,13,1,200,0.021721232682466507,0.19790002703666687,0.19760003685951233
87,HONEYBEE__BEE,14,-1,200,0.021849723532795906,0.19790002703666687,0.19720004498958588
87,HONEYBEE__BEE,15,1,200,0.021977989003062248,0.19760003685951233,0.19720004498958588
87,HONEYBEE__BEE,16,-1,200,0.02210647612810135,0.19760003685951233,0.19680002331733704
87,HONEYBEE__BEE,17,1,200,0.022234749048948288,0.1973000168800354,0.19680002331733704
87,HONEYBEE__BEE,18,-1,200,0.022363238036632538,0.1973000168800354,0.19640003144741058
87,HONEYBEE__BEE,19,1,200,0.02249150350689888,0.19700002670288086,0.19640003144741058
87,HONEYBEE__BEE,20,-1,200,0.022620005533099174,0.19700002670288086,0.19600002467632294
88,HONEYBEE__BEE,1,1,200,0.020231517031788826,0.19970004260540009,0.20000003278255463
88,HONEYBEE__BEE,2,-1,200,0.020359767600893974,0.19970004260540009,0.19960002601146698
88,HONEYBEE__BEE,3,1,200,0.020487813279032707,0.19940002262592316,0.19960002601146698
88,HONEYBEE__BEE,4,-1,200,0.020616060122847557,0.19940002262592316,0.19920004904270172
88,HONEYBEE__BEE,5,1,200,0.02074410580098629,0.19910001754760742,0.19920004904270172
88,HONEYBEE__BEE,6,-1,200,0.02087235637009144,0.19910001754760742,0.1988000124692917
88,HONEYBEE__BEE,7,1,200,0.02100040204823017,0.19880002737045288,0.1988000124692917
88,HONEYBEE__BEE,8,-1,200,0.02112865075469017,0.19880002737045288,0.19840002059936523
88,HONEYBEE__BEE,9,1,200,0.021256692707538605,0.19850003719329834,0.19840002059936523
88,HONEYBEE__BEE,10,-1,200,0.021384943276643753,0.19850003719329834,0.19800002872943878
88,HONEYBEE__BEE,11,1,200,0.021512985229492188,0.1982000470161438,0.19800002872943878
88,HONEYBEE__BEE,12,-1,200,0.021641235798597336,0.1982000470161438,0.19760003685951233
88,HONEYBEE__BEE,13,1,200,0.02176928147673607,0.19790002703666687,0.19760003685951233
88,HONEYBEE__BEE,14,-1,200,0.021897530183196068,0.19790002703666687,0.19720004498958588
88,HONEYBEE__BEE,15,1,200,0.0220255758613348,0.19760003685951233,0.19720004498958588
88,HONEYBEE__BEE,16,-1,200,0.022153818979859352,0.19760003685951233,0.19680002331733704
88,HONEYBEE__BEE,17,1,200,0.022281864657998085,0.1973000168800354,0.19680002331733704
88,HONEYBEE__BEE,18,-1,200,0.022410117089748383,0.1973000168800354,0.19640003144741058
88,HONEYBEE__BEE,19,1,200,0.022538159042596817,0.19700002670288086,0.19640003144741058
88,HONEYBEE__BEE,20,-1,200,0.022666411474347115,0.19700002670288086,0.19600002467632294
89,HONEYBEE__BEE,1,1,200,0.020071154460310936,0.19970004260540009,0.20000003278255463
89,HONEYBEE__BEE,2,-1,200,0.020199090242385864,0.19970004260540009,0.19960002601146698
89,HONEYBEE__BEE,3,1,200,0.020326970145106316,0.19940002262592316,0.19960002601146698
89,HONEYBEE__BEE,4,-1,200,0.02045491524040699,0.19940002262592316,0.19920003414154053
89,HONEYBEE__BEE,5,1,200,0.020582793280482292,0.19910003244876862,0.19920003414154053
89,HONEYBEE__BEE,6,-1,200,0.020710734650492668,0.19910003244876862,0.1988000124692917
89,HONEYBEE__BEE,7,1,200,0.02083861641585827,0.1988000124692917,0.1988000124692917
89,HONEYBEE__BEE,8,-1,200,0.020966557785868645,0.1988000124692917,0.19840002059936523
89,HONEYBEE__BEE,9,1,200,0.021094437688589096,0.19850003719329834,0.19840002059936523
89,HONEYBEE__BEE,10,-1,200,0.021222375333309174,0.19850003719329834,0.19800002872943878
89,HONEYBEE__BEE,11,1,200,0.021350253373384476,0.1982000470161438,0.19800002872943878
89,HONEYBEE__BEE,12,-1,200,0.021478191018104553,0.1982000470161438,0.19760003685951233
89,HONEYBEE__BEE,13,1,200,0.021606076508760452,0.19790002703666687,0.19760003685951233
89,HONEYBEE__BEE,14,-1,200,0.021734021604061127,0.19790002703666687,0.19720004498958588
89,HONEYBEE__BEE,15,1,200,0.021861901506781578,0.19760003685951233,0.19720004498958588
89,HONEYBEE__BEE,16,-1,200,0.021989841014146805,0.19760003685951233,0.19680003821849823
89,HONEYBEE__BEE,17,1,200,0.022117722779512405,0.1973000317811966,0.19680003821849823
89,HONEYBEE__BEE,18,-1,200,0.02224566414952278,0.1973000317811966,0.19640003144741058
89,HONEYBEE__BEE,19,1,200,0.022373540326952934,0.19700002670288086,0.19640003144741058
89,HONEYBEE__BEE,20,-1,200,0.02250148169696331,0.19700002670288086,0.19600002467632294
90,HONEYBEE__BEE,1,1,200,0.020020443946123123,0.1997000277042389,0.20000003278255463
90,HONEYBEE__BEE,2,-1,200,0.02015087567269802,0.1997000277042389,0.19960002601146698
90,HONEYBEE__BEE,3,1,200,0.02028120495378971,0.19940002262592316,0.19960002601146698
90,HONEYBEE__BEE,4,-1,200,0.020411638543009758,0.19940002262592316,0.19920004904270172
90,HONEYBEE__BEE,5,1,200,0.020541969686746597,0.19910003244876862,0.19920004904270172
90,HONEYBEE__BEE,6,-1,200,0.020672405138611794,0.19910003244876862,0.1988000124692917
90,HONEYBEE__BEE,7,1,200,0.020802734419703484,0.19880002737045288,0.1988000124692917
90,HONEYBEE__BEE,8,-1,200,0.02093316987156868,0.19880002737045288,0.19840002059936523
90,HONEYBEE__BEE,9,1,200,0.02106349915266037,0.19850003719329834,0.19840002059936523
90,HONEYBEE__BEE,10,-1,200,0.021193932741880417,0.19850003719329834,0.19800002872943878
90,HONEYBEE__BEE,11,1,200,0.021324262022972107,0.1982000321149826,0.19800002872943878
90,HONEYBEE__BEE,12,-1,200,0.021454699337482452,0.1982000321149826,0.19760002195835114
90,HONEYBEE__BEE,13,1,200,0.02158503234386444,0.19790002703666687,0.19760002195835114
90,HONEYBEE__BEE,14,-1,200,0.02171546407043934,0.19790002703666687,0.19720004498958588
90,HONEYBEE__BEE,15,1,200,0.021845795214176178,0.19760003685951233,0.19720004498958588
90,HONEYBEE__BEE,16,-1,200,0.021976230666041374,0.19760003685951233,0.19680003821849823
90,HONEYBEE__BEE,17,1,200,0.022106561809778214,0.1973000168800354,0.19680003821849823
90,HONEYBEE__BEE,18,-1,200,0.02223699539899826,0.1973000168800354,0.19640003144741058
90,HONEYBEE__BEE,19,1,200,0.02236732468008995,0.19700002670288086,0.19640003144741058
90,HONEYBEE__BEE,20,-1,200,0.022497761994600296,0.19700002670288086,0.19600000977516174
91,HONEYBEE__BEE,1,1,200,0.020182598382234573,0.19970004260540009,0.20000003278255463
91,HONEYBEE__BEE,2,-1,200,0.02031075209379196,0.19970004260540009,0.19960004091262817
91,HONEYBEE__BEE,3,1,200,0.020438620820641518,0.19940002262592316,0.19960004091262817
91,HONEYBEE__BEE,4,-1,200,0.020566772669553757,0.19940002262592316,0.19920004904270172
91,HONEYBEE__BEE,5,1,200,0.020694643259048462,0.19910003244876862,0.19920004904270172
91,HONEYBEE__BEE,6,-1,200,0.020822793245315552,0.19910003244876862,0.1988000124692917
91,HONEYBEE__BEE,7,1,200,0.020950665697455406,0.19880002737045288,0.1988000124692917
91,HONEYBEE__BEE,8,-1,200,0.021078821271657944,0.19880002737045288,0.19840002059936523
91,HONEYBEE__BEE,9,1,200,0.0212066899985075,0.19850003719329834,0.19840002059936523
91,HONEYBEE__BEE,10,-1,200,0.02133484184741974,0.19850003719329834,0.19800002872943878
91,HONEYBEE__BEE,11,1,200,0.021462710574269295,0.1982000470161438,0.19800002872943878
91,HONEYBEE__BEE,12,-1,200,0.021590864285826683,0.1982000470161438,0.19760003685951233
91,HONEYBEE__BEE,13,1,200,0.021718734875321388,0.19790002703666687,0.19760003685951233
91,HONEYBEE__BEE,14,-1,200,0.021846890449523926,0.19790002703666687,0.19720004498958588
91,HONEYBEE__BEE,15,1,200,0.021974755451083183,0.19760003685951233,0.19720004498958588
91,HONEYBEE__BEE,16,-1,200,0.02210291102528572,0.19760003685951233,0.19680002331733704
91,HONEYBEE__BEE,17,1,200,0.02223077602684498,0.1973000168800354,0.19680002331733704
91,HONEYBEE__BEE,18,-1,200,0.022358929738402367,0.1973000168800354,0.19640003144741058
91,HONEYBEE__BEE,19,1,200,0.022486798465251923,0.19700002670288086,0.19640003144741058
91,HONEYBEE__BEE,20,-1,200,0.02261495590209961,0.19700002670288086,0.19600002467632294
92,HONEYBEE__BEE,1,1,200,0.020251832902431488,0.19970004260540009,0.20000003278255463
92,HONEYBEE__BEE,2,-1,200,0.02037995122373104,0.19970004260540009,0.19960002601146698
92,HONEYBEE__BEE,3,1,200,0.020507758483290672,0.19940002262592316,0.19960002601146698
92,HONEYBEE__BEE,4,-1,200,0.020635878667235374,0.19940002262592316,0.19920003414154053
92,HONEYBEE__BEE,5,1,200,0.020763689652085304,0.19910003244876862,0.19920003414154053
92,HONEYBEE__BEE,6,-1,200,0.020891806110739708,0.19910003244876862,0.1988000124692917
92,HONEYBEE__BEE,7,1,200,0.02101961337029934,0.1988000124692917,0.1988000124692917
92,HONEYBEE__BEE,8,-1,200,0.021147731691598892,0.1988000124692917,0.19840002059936523
92,HONEYBEE__BEE,9,1,200,0.021275537088513374,0.19850003719329834,0.19840002059936523
92,HONEYBEE__BEE,10,-1,200,0.021403657272458076,0.19850003719329834,0.19800002872943878
92,HONEYBEE__BEE,11,1,200,0.021531466394662857,0.1982000321149826,0.19800002872943878
92,HONEYBEE__BEE,12,-1,200,0.02165958099067211,0.1982000321149826,0.19760003685951233
92,HONEYBEE__BEE,13,1,200,0.02178739570081234,0.19790002703666687,0.19760003685951233
92,HONEYBEE__BEE,14,-1,200,0.021915508434176445,0.19790002703666687,0.19720004498958588
92,HONEYBEE__BEE,15,1,200,0.022043319419026375,0.19760003685951233,0.19720004498958588
92,HONEYBEE__BEE,16,-1,200,0.022171437740325928,0.19760003685951233,0.19680003821849823
92,HONEYBEE__BEE,17,1,200,0.02229924313724041,0.1973000317811966,0.19680003821849823
92,HONEYBEE__BEE,18,-1,200,0.022427361458539963,0.1973000317811966,0.19640003144741058
92,HONEYBEE__BEE,19,1,200,0.022555172443389893,0.19700002670288086,0.19640003144741058
92,HONEYBEE__BEE,20,-1,200,0.022683290764689445,0.19700002670288086,0.19600002467632294
93,HONEYBEE__BEE,1,1,200,0.020212801173329353,0.1997000277042389,0.20000003278255463
93,HONEYBEE__BEE,2,-1,200,0.02033977210521698,0.1997000277042389,0.19960002601146698
93,HONEYBEE__BEE,3,1,200,0.020466472953557968,0.19940002262592316,0.19960002601146698
93,HONEYBEE__BEE,4,-1,200,0.020593442022800446,0.19940002262592316,0.19920004904270172
93,HONEYBEE__BEE,5,1,200,0.020720139145851135,0.19910003244876862,0.19920004904270172
93,HONEYBEE__BEE,6,-1,200,0.020847110077738762,0.19910003244876862,0.19880002737045288
93,HONEYBEE__BEE,7,1,200,0.020973803475499153,0.19880002737045288,0.19880002737045288
93,HONEYBEE__BEE,8,-1,200,0.02110077440738678,0.19880002737045288,0.19840002059936523
93,HONEYBEE__BEE,9,1,200,0.021227477118372917,0.19850003719329834,0.19840002059936523
93,HONEYBEE__BEE,10,-1,200,0.021354440599679947,0.19850003719329834,0.19800002872943878
93,HONEYBEE__BEE,11,1,200,0.021481145173311234,0.1982000470161438,0.19800002872943878
93,HONEYBEE__BEE,12,-1,200,0.02160811796784401,0.1982000470161438,0.19760002195835114
93,HONEYBEE__BEE,13,1,200,0.0217348150908947,0.19790004193782806,0.19760002195835114
93,HONEYBEE__BEE,14,-1,200,0.021861782297492027,0.19790004193782806,0.19720004498958588
93,HONEYBEE__BEE,15,1,200,0.021988483145833015,0.19760003685951233,0.19720004498958588
93,HONEYBEE__BEE,16,-1,200,0.022115452215075493,0.19760003685951233,0.19680003821849823
93,HONEYBEE__BEE,17,1,200,0.022242151200771332,0.1973000168800354,0.19680003821849823
93,HONEYBEE__BEE,18,-1,200,0.02236912027001381,0.1973000168800354,0.19640003144741058
93,HONEYBEE__BEE,19,1,200,0.02249581553041935,0.19700002670288086,0.19640003144741058
93,HONEYBEE__BEE,20,-1,200,0.022622786462306976,0.19700002670288086,0.19600002467632294
94,HONEYBEE__BEE,1,1,200,0.0200165007263422,0.1997000277042389,0.20000003278255463
94,HONEYBEE__BEE,2,-1,200,0.020144818350672722,0.1997000277042389,0.19960004091262817
94,HONEYBEE__BEE,3,1,200,0.020272977650165558,0.19940002262592316,0.19960004091262817
94,HONEYBEE__BEE,4,-1,200,0.020401297137141228,0.19940002262592316,0.19920004904270172
94,HONEYBEE__BEE,5,1,200,0.020529458299279213,0.19910001754760742,0.19920004904270172
94,HONEYBEE__BEE,6,-1,200,0.020657775923609734,0.19910001754760742,0.19880002737045288
94,HONEYBEE__BEE,7,1,200,0.02078593336045742,0.1988000124692917,0.19880002737045288
94,HONEYBEE__BEE,8,-1,200,0.02091425284743309,0.1988000124692917,0.19840002059936523
94,HONEYBEE__BEE,9,1,200,0.021042410284280777,0.19850003719329834,0.19840002059936523
94,HONEYBEE__BEE,10,-1,200,0.021170724183321,0.19850003719329834,0.19800002872943878
94,HONEYBEE__BEE,11,1,200,0.021298889070749283,0.1982000321149826,0.19800002872943878
94,HONEYBEE__BEE,12,-1,200,0.021427206695079803,0.1982000321149826,0.19760003685951233
94,HONEYBEE__BEE,13,1,200,0.02155536599457264,0.19790004193782806,0.19760003685951233
94,HONEYBEE__BEE,14,-1,200,0.02168368361890316,0.19790004193782806,0.19720004498958588
94,HONEYBEE__BEE,15,1,200,0.021811842918395996,0.19760003685951233,0.19720004498958588
94,HONEYBEE__BEE,16,-1,200,0.021940160542726517,0.19760003685951233,0.19680002331733704
94,HONEYBEE__BEE,17,1,200,0.022068319842219353,0.1973000317811966,0.19680002331733704
94,HONEYBEE__BEE,18,-1,200,0.022196637466549873,0.1973000317811966,0.19640003144741058
94,HONEYBEE__BEE,19,1,200,0.02232479676604271,0.19700001180171967,0.19640003144741058
94,HONEYBEE__BEE,20,-1,200,0.02245311252772808,0.19700001180171967,0.19600002467632294
95,HONEYBEE__BEE,1,1,200,0.020165976136922836,0.1997000277042389,0.20000003278255463
95,HONEYBEE__BEE,2,-1,200,0.020294731482863426,0.1997000277042389,0.19960004091262817
95,HONEYBEE__BEE,3,1,200,0.020423389971256256,0.19940002262592316,0.19960004091262817
95,HONEYBEE__BEE,4,-1,200,0.020552141591906548,0.19940002262592316,0.19920003414154053
95,HONEYBEE__BEE,5,1,200,0.020680803805589676,0.19910001754760742,0.19920003414154053
95,HONEYBEE__BEE,6,-1,200,0.020809561014175415,0.19910001754760742,0.1988000124692917
95,HONEYBEE__BEE,7,1,200,0.020938219502568245,0.19880004227161407,0.1988000124692917
95,HONEYBEE__BEE,8,-1,200,0.021066972985863686,0.19880004227161407,0.19840002059936523
95,HONEYBEE__BEE,9,1,200,0.021195635199546814,0.19850003719329834,0.19840002059936523
95,HONEYBEE__BEE,10,-1,200,0.021324383094906807,0.19850003719329834,0.19800002872943878
95,HONEYBEE__BEE,11,1,200,0.021453045308589935,0.1982000470161438,0.19800002872943878
95,HONEYBEE__BEE,12,-1,200,0.021581798791885376,0.1982000470161438,0.19760003685951233
95,HONEYBEE__BEE,13,1,200,0.021710457280278206,0.19790004193782806,0.19760003685951233
95,HONEYBEE__BEE,14,-1,200,0.021839208900928497,0.19790004193782806,0.19720003008842468
95,HONEYBEE__BEE,15,1,200,0.021967871114611626,0.19760003685951233,0.19720003008842468
95,HONEYBEE__BEE,16,-1,200,0.022096622735261917,0.19760003685951233,0.19680002331733704
95,HONEYBEE__BEE,17,1,200,0.022225281223654747,0.1973000168800354,0.19680002331733704
95,HONEYBEE__BEE,18,-1,200,0.022354040294885635,0.1973000168800354,0.19640003144741058
95,HONEYBEE__BEE,19,1,200,0.022482693195343018,0.19700002670288086,0.19640003144741058
95,HONEYBEE__BEE,20,-1,200,0.022611455991864204,0.19700002670288086,0.19600002467632294
96,HONEYBEE__BEE,1,1,200,0.019994061440229416,0.1997000277042389,0.20000003278255463
96,HONEYBEE__BEE,2,-1,200,0.020122291520237923,0.1997000277042389,0.19960004091262817
96,HONEYBEE__BEE,3,1,200,0.020250461995601654,0.19940002262592316,0.19960004091262817
96,HONEYBEE__BEE,4,-1,200,0.020378688350319862,0.19940002262592316,0.19920003414154053
96,HONEYBEE__BEE,5,1,200,0.020506860688328743,0.19910001754760742,0.19920003414154053
96,HONEYBEE__BEE,6,-1,200,0.02063509076833725,0.19910001754760742,0.19880002737045288
96,HONEYBEE__BEE,7,1,200,0.020763259381055832,0.19880002737045288,0.19880002737045288
96,HONEYBEE__BEE,8,-1,200,0.02089148946106434,0.19880002737045288,0.19840002059936523
96,HONEYBEE__BEE,9,1,200,0.02101965993642807,0.19850003719329834,0.19840002059936523
96,HONEYBEE__BEE,10,-1,200,0.02114788629114628,0.19850003719329834,0.19800002872943878
96,HONEYBEE__BEE,11,1,200,0.02127605304121971,0.1982000321149826,0.19800002872943878
96,HONEYBEE__BEE,12,-1,200,0.021404284983873367,0.1982000321149826,0.19760002195835114
96,HONEYBEE__BEE,13,1,200,0.0215324554592371,0.19790004193782806,0.19760002195835114
96,HONEYBEE__BEE,14,-1,200,0.021660685539245605,0.19790004193782806,0.19720004498958588
96,HONEYBEE__BEE,15,1,200,0.02178885042667389,0.19760003685951233,0.19720004498958588
96,HONEYBEE__BEE,16,-1,200,0.021917080506682396,0.19760003685951233,0.19680003821849823
96,HONEYBEE__BEE,17,1,200,0.022045249119400978,0.1973000317811966,0.19680003821849823
96,HONEYBEE__BEE,18,-1,200,0.022173481062054634,0.1973000317811966,0.19640003144741058
96,HONEYBEE__BEE,19,1,200,0.022301649674773216,0.19700002670288086,0.19640003144741058
96,HONEYBEE__BEE,20,-1,200,0.022429877892136574,0.19700002670288086,0.19600002467632294
97,HONEYBEE__BEE,1,1,200,0.020209403708577156,0.19970004260540009,0.20000003278255463
97,HONEYBEE__BEE,2,-1,200,0.02033797837793827,0.19970004260540009,0.19960004091262817
97,HONEYBEE__BEE,3,1,200,0.02046622522175312,0.19940002262592316,0.19960004091262817
97,HONEYBEE__BEE,4,-1,200,0.020594794303178787,0.19940002262592316,0.19920003414154053
97,HONEYBEE__BEE,5,1,200,0.020723044872283936,0.19910001754760742,0.19920003414154053
97,HONEYBEE__BEE,6,-1,200,0.02085161581635475,0.19910001754760742,0.19880002737045288
97,HONEYBEE__BEE,7,1,200,0.020979860797524452,0.19880002737045288,0.19880002737045288
97,HONEYBEE__BEE,8,-1,200,0.021108431741595268,0.19880002737045288,0.19840002059936523
97,HONEYBEE__BEE,9,1,200,0.02123667672276497,0.19850003719329834,0.19840002059936523
97,HONEYBEE__BEE,10,-1,200,0.021365251392126083,0.19850003719329834,0.1980000138282776
97,HONEYBEE__BEE,11,1,200,0.021493498235940933,0.1982000470161438,0.1980000138282776
97,HONEYBEE__BEE,12,-1,200,0.0216220710426569,0.1982000470161438,0.19760003685951233
97,HONEYBEE__BEE,13,1,200,0.02175031788647175,0.19790002703666687,0.19760003685951233
97,HONEYBEE__BEE,14,-1,200,0.021878890693187714,0.19790002703666687,0.19720004498958588
97,HONEYBEE__BEE,15,1,200,0.022007135674357414,0.19760003685951233,0.19720004498958588
97,HONEYBEE__BEE,16,-1,200,0.02213570848107338,0.19760003685951233,0.19680003821849823
97,HONEYBEE__BEE,17,1,200,0.022263959050178528,0.1973000168800354,0.19680003821849823
97,HONEYBEE__BEE,18,-1,200,0.022392526268959045,0.1973000168800354,0.19640004634857178
97,HONEYBEE__BEE,19,1,200,0.022520773112773895,0.19700002670288086,0.19640004634857178
97,HONEYBEE__BEE,20,-1,200,0.02264934405684471,0.19700002670288086,0.19600002467632294
98,HONEYBEE__BEE,1,1,200,0.020223062485456467,0.1997000277042389,0.20000003278255463
98,HONEYBEE__BEE,2,-1,200,0.02035154588520527,0.1997000277042389,0.19960004091262817
98,HONEYBEE__BEE,3,1,200,0.02047978714108467,0.19940002262592316,0.19960004091262817
98,HONEYBEE__BEE,4,-1,200,0.020608266815543175,0.19940002262592316,0.19920003414154053
98,HONEYBEE__BEE,5,1,200,0.02073650434613228,0.19910001754760742,0.19920003414154053
98,HONEYBEE__BEE,6,-1,200,0.02086498960852623,0.19910001754760742,0.19880002737045288
98,HONEYBEE__BEE,7,1,200,0.020993230864405632,0.19880002737045288,0.19880002737045288
98,HONEYBEE__BEE,8,-1,200,0.021121716126799583,0.19880002737045288,0.19840002059936523
98,HONEYBEE__BEE,9,1,200,0.021249953657388687,0.19850003719329834,0.19840002059936523
98,HONEYBEE__BEE,10,-1,200,0.02137843705713749,0.19850003719329834,0.19800002872943878
98,HONEYBEE__BEE,11,1,200,0.021506674587726593,0.1982000470161438,0.19800002872943878
98,HONEYBEE__BEE,12,-1,200,0.021635157987475395,0.1982000470161438,0.19760002195835114
98,HONEYBEE__BEE,13,1,200,0.021763399243354797,0.19790002703666687,0.19760002195835114
98,HONEYBEE__BEE,14,-1,200,0.0218918826431036,0.19790002703666687,0.19720004498958588
98,HONEYBEE__BEE,15,1,200,0.022020122036337852,0.19760003685951233,0.19720004498958588
98,HONEYBEE__BEE,16,-1,200,0.022148611024022102,0.19760003685951233,0.19680002331733704
98,HONEYBEE__BEE,17,1,200,0.02227684110403061,0.1973000317811966,0.19680002331733704
98,HONEYBEE__BEE,18,-1,200,0.02240533009171486,0.1973000317811966,0.19640003144741058
98,HONEYBEE__BEE,19,1,200,0.022533562034368515,0.19700002670288086,0.19640003144741058
98,HONEYBEE__BEE,20,-1,200,0.022662049159407616,0.19700002670288086,0.19600002467632294
99,HONEYBEE__BEE,1,1,200,0.020320648327469826,0.1997000277042389,0.20000003278255463
99,HONEYBEE__BEE,2,-1,200,0.02044869028031826,0.1997000277042389,0.19960002601146698
99,HONEYBEE__BEE,3,1,200,0.020576322451233864,0.19940002262592316,0.19960002601146698
99,HONEYBEE__BEE,4,-1,200,0.02070436254143715,0.19940002262592316,0.19920003414154053
99,HONEYBEE__BEE,5,1,200,0.020831992849707603,0.19910001754760742,0.19920003414154053
99,HONEYBEE__BEE,6,-1,200,0.020960036665201187,0.19910001754760742,0.1988000124692917
99,HONEYBEE__BEE,7,1,200,0.021087665110826492,0.19880004227161407,0.1988000124692917
99,HONEYBEE__BEE,8,-1,200,0.021215708926320076,0.19880004227161407,0.19840002059936523
99,HONEYBEE__BEE,9,1,200,0.021343344822525978,0.19850003719329834,0.19840002059936523
99,HONEYBEE__BEE,10,-1,200,0.021471377462148666,0.19850003719329834,0.19800002872943878
99,HONEYBEE__BEE,11,1,200,0.021599015220999718,0.1982000321149826,0.19800002872943878
99,HONEYBEE__BEE,12,-1,200,0.021727047860622406,0.1982000321149826,0.19760003685951233
99,HONEYBEE__BEE,13,1,200,0.021854693070054054,0.19790002703666687,0.19760003685951233
99,HONEYBEE__BEE,14,-1,200,0.021982727572321892,0.19790002703666687,0.19720004498958588
99,HONEYBEE__BEE,15,1,200,0.022110359743237495,0.19760002195835114,0.19720004498958588
99,HONEYBEE__BEE,16,-1,200,0.022238396108150482,0.19760002195835114,0.19680002331733704
99,HONEYBEE__BEE,17,1,200,0.022366032004356384,0.1973000168800354,0.19680002331733704
99,HONEYBEE__BEE,18,-1,200,0.02249407209455967,0.1973000168800354,0.19640003144741058
99,HONEYBEE__BEE,19,1,200,0.022621702402830124,0.19700002670288086,0.19640003144741058
99,HONEYBEE__BEE,20,-1,200,0.02274974063038826,0.19700002670288086,0.19600002467632294
0,HONEYBEE__DROSOPHILA,1,1,200,0.020189769566059113,0.20000003278255463,0.1997000277042389
0,HONEYBEE__DROSOPHILA,2,-1,200,0.02028098702430725,0.1997000277042389,0.1997000277042389
0,HONEYBEE__DROSOPHILA,3,1,200,0.020372280851006508,0.1997000277042389,0.19940002262592316
0,HONEYBEE__DROSOPHILA,4,-1,200,0.0204634927213192,0.19940002262592316,0.19940002262592316
0,HONEYBEE__DROSOPHILA,5,1,200,0.020554790273308754,0.19940002262592316,0.19910003244876862
0,HONEYBEE__DROSOPHILA,6,-1,200,0.020646005868911743,0.19910001754760742,0.19910003244876862
0,HONEYBEE__DROSOPHILA,7,1,200,0.020737299695611,0.19910001754760742,0.19880002737045288
0,HONEYBEE__DROSOPHILA,8,-1,200,0.02082851342856884,0.1988000124692917,0.19880002737045288
0,HONEYBEE__DROSOPHILA,9,1,200,0.020919812843203545,0.1988000124692917,0.19850003719329834
0,HONEYBEE__DROSOPHILA,10,-1,200,0.021011022850871086,0.19850003719329834,0.19850003719329834
0,HONEYBEE__DROSOPHILA,11,1,200,0.021102318540215492,0.19850003719329834,0.1982000321149826
0,HONEYBEE__DROSOPHILA,12,-1,200,0.02119353599846363,0.1982000470161438,0.1982000321149826
0,HONEYBEE__DROSOPHILA,13,1,200,0.021284829825162888,0.1982000470161438,0.19790002703666687
0,HONEYBEE__DROSOPHILA,14,-1,200,0.02137604169547558,0.19790004193782806,0.19790002703666687
0,HONEYBEE__DROSOPHILA,15,1,200,0.021467342972755432,0.19790004193782806,0.19760002195835114
0,HONEYBEE__DROSOPHILA,16,-1,200,0.021558552980422974,0.19760003685951233,0.19760002195835114
0,HONEYBEE__DROSOPHILA,17,1,200,0.021649854257702827,0.19760003685951233,0.1973000168800354
0,HONEYBEE__DROSOPHILA,18,-1,200,0.02174106426537037,0.1973000168800354,0.1973000168800354
0,HONEYBEE__DROSOPHILA,19,1,200,0.021832358092069626,0.1973000168800354,0.19700002670288086
0,HONEYBEE__DROSOPHILA,20,-1,200,0.021923571825027466,0.19700002670288086,0.19700002670288086
1,HONEYBEE__DROSOPHILA,1,1,200,0.020154215395450592,0.20000003278255463,0.19970004260540009
1,HONEYBEE__DROSOPHILA,2,-1,200,0.02024492621421814,0.1997000277042389,0.19970004260540009
1,HONEYBEE__DROSOPHILA,3,1,200,0.020335756242275238,0.1997000277042389,0.19940002262592316
1,HONEYBEE__DROSOPHILA,4,-1,200,0.020426463335752487,0.19940002262592316,0.19940002262592316
1,HONEYBEE__DROSOPHILA,5,1,200,0.020517293363809586,0.19940002262592316,0.19910003244876862
1,HONEYBEE__DROSOPHILA,6,-1,200,0.020608006045222282,0.19910001754760742,0.19910003244876862
1,HONEYBEE__DROSOPHILA,7,1,200,0.02069883793592453,0.19910001754760742,0.19880002737045288
1,HONEYBEE__DROSOPHILA,8,-1,200,0.02078954502940178,0.19880002737045288,0.19880002737045288
1,HONEYBEE__DROSOPHILA,9,1,200,0.02088037133216858,0.19880002737045288,0.19850003719329834
1,HONEYBEE__DROSOPHILA,10,-1,200,0.020971089601516724,0.19850003719329834,0.19850003719329834
1,HONEYBEE__DROSOPHILA,11,1,200,0.021061912178993225,0.19850003719329834,0.1982000470161438
1,HONEYBEE__DROSOPHILA,12,-1,200,0.021152622997760773,0.1982000321149826,0.1982000470161438
1,HONEYBEE__DROSOPHILA,13,1,200,0.02124345302581787,0.1982000321149826,0.19790002703666687
1,HONEYBEE__DROSOPHILA,14,-1,200,0.021334165707230568,0.19790002703666687,0.19790002703666687
1,HONEYBEE__DROSOPHILA,15,1,200,0.021424995735287666,0.19790002703666687,0.19760003685951233
1,HONEYBEE__DROSOPHILA,16,-1,200,0.021515704691410065,0.19760002195835114,0.19760003685951233
1,HONEYBEE__DROSOPHILA,17,1,200,0.021606532856822014,0.19760002195835114,0.1973000317811966
1,HONEYBEE__DROSOPHILA,18,-1,200,0.02169724367558956,0.1973000317811966,0.1973000317811966
1,HONEYBEE__DROSOPHILA,19,1,200,0.021788079291582108,0.1973000317811966,0.19700001180171967
1,HONEYBEE__DROSOPHILA,20,-1,200,0.021878784522414207,0.19700002670288086,0.19700001180171967
2,HONEYBEE__DROSOPHILA,1,1,200,0.020108727738261223,0.20000003278255463,0.1997000277042389
2,HONEYBEE__DROSOPHILA,2,-1,200,0.020199645310640335,0.1997000277042389,0.1997000277042389
2,HONEYBEE__DROSOPHILA,3,1,200,0.020290590822696686,0.1997000277042389,0.19940002262592316
2,HONEYBEE__DROSOPHILA,4,-1,200,0.0203815046697855,0.19940002262592316,0.19940002262592316
2,HONEYBEE__DROSOPHILA,5,1,200,0.020472452044487,0.19940002262592316,0.19910001754760742
2,HONEYBEE__DROSOPHILA,6,-1,200,0.020563364028930664,0.19910003244876862,0.19910001754760742
2,HONEYBEE__DROSOPHILA,7,1,200,0.020654309540987015,0.19910003244876862,0.19880002737045288
2,HONEYBEE__DROSOPHILA,8,-1,200,0.02074522152543068,0.19880002737045288,0.19880002737045288
2,HONEYBEE__DROSOPHILA,9,1,200,0.02083616890013218,0.19880002737045288,0.19850003719329834
2,HONEYBEE__DROSOPHILA,10,-1,200,0.020927084609866142,0.19850003719329834,0.19850003719329834
2,HONEYBEE__DROSOPHILA,11,1,200,0.021018028259277344,0.19850003719329834,0.1982000470161438
2,HONEYBEE__DROSOPHILA,12,-1,200,0.021108942106366158,0.1982000321149826,0.1982000470161438
2,HONEYBEE__DROSOPHILA,13,1,200,0.021199889481067657,0.1982000321149826,0.19790004193782806
2,HONEYBEE__DROSOPHILA,14,-1,200,0.02129080519080162,0.19790002703666687,0.19790004193782806
2,HONEYBEE__DROSOPHILA,15,1,200,0.021381748840212822,0.19790002703666687,0.19760003685951233
2,HONEYBEE__DROSOPHILA,16,-1,200,0.021472660824656487,0.19760003685951233,0.19760003685951233
2,HONEYBEE__DROSOPHILA,17,1,200,0.021563608199357986,0.19760003685951233,0.1973000168800354
2,HONEYBEE__DROSOPHILA,18,-1,200,0.021654529497027397,0.1973000168800354,0.1973000168800354
2,HONEYBEE__DROSOPHILA,19,1,200,0.0217454694211483,0.1973000168800354,0.19700002670288086
2,HONEYBEE__DROSOPHILA,20,-1,200,0.021836385130882263,0.19700002670288086,0.19700002670288086
3,HONEYBEE__DROSOPHILA,1,1,200,0.02018079161643982,0.20000003278255463,0.1997000277042389
3,HONEYBEE__DROSOPHILA,2,-1,200,0.020271698012948036,0.1997000277042389,0.1997000277042389
3,HONEYBEE__DROSOPHILA,3,1,200,0.020362721756100655,0.1997000277042389,0.19940003752708435
3,HONEYBEE__DROSOPHILA,4,-1,200,0.02045363374054432,0.19940002262592316,0.19940003752708435
3,HONEYBEE__DROSOPHILA,5,1,200,0.020544646307826042,0.19940002262592316,0.19910003244876862
3,HONEYBEE__DROSOPHILA,6,-1,200,0.020635558292269707,0.19910003244876862,0.19910003244876862
3,HONEYBEE__DROSOPHILA,7,1,200,0.020726576447486877,0.19910003244876862,0.19880002737045288
3,HONEYBEE__DROSOPHILA,8,-1,200,0.02081749215722084,0.1988000124692917,0.19880002737045288
3,HONEYBEE__DROSOPHILA,9,1,200,0.020908508449792862,0.1988000124692917,0.19850003719329834
3,HONEYBEE__DROSOPHILA,10,-1,200,0.020999418571591377,0.19850003719329834,0.19850003719329834
3,HONEYBEE__DROSOPHILA,11,1,200,0.021090438589453697,0.19850003719329834,0.1982000321149826
3,HONEYBEE__DROSOPHILA,12,-1,200,0.021181350573897362,0.1982000470161438,0.1982000321149826
3,HONEYBEE__DROSOPHILA,13,1,200,0.02127237059175968,0.1982000470161438,0.19790002703666687
3,HONEYBEE__DROSOPHILA,14,-1,200,0.0213632769882679,0.19790002703666687,0.19790002703666687
3,HONEYBEE__DROSOPHILA,15,1,200,0.021454302594065666,0.19790002703666687,0.19760003685951233
3,HONEYBEE__DROSOPHILA,16,-1,200,0.021545207127928734,0.19760003685951233,0.19760003685951233
3,HONEYBEE__DROSOPHILA,17,1,200,0.021636225283145905,0.19760003685951233,0.1973000168800354
3,HONEYBEE__DROSOPHILA,18,-1,200,0.021727140992879868,0.1973000168800354,0.1973000168800354
3,HONEYBEE__DROSOPHILA,19,1,200,0.021818161010742188,0.1973000168800354,0.19700002670288086
3,HONEYBEE__DROSOPHILA,20,-1,200,0.021909069269895554,0.19700002670288086,0.19700002670288086
4,HONEYBEE__DROSOPHILA,1,1,200,0.020266925916075706,0.20000003278255463,0.1997000128030777
4,HONEYBEE__DROSOPHILA,2,-1,200,0.020357724279165268,0.1997000128030777,0.1997000128030777
4,HONEYBEE__DROSOPHILA,3,1,200,0.020448721945285797,0.1997000128030777,0.19940002262592316
4,HONEYBEE__DROSOPHILA,4,-1,200,0.020539525896310806,0.19940002262592316,0.19940002262592316
4,HONEYBEE__DROSOPHILA,5,1,200,0.020630529150366783,0.19940002262592316,0.19910001754760742
4,HONEYBEE__DROSOPHILA,6,-1,200,0.020721323788166046,0.19910001754760742,0.19910001754760742
4,HONEYBEE__DROSOPHILA,7,1,200,0.020812327042222023,0.19910001754760742,0.1988000124692917
4,HONEYBEE__DROSOPHILA,8,-1,200,0.020903125405311584,0.19880002737045288,0.1988000124692917
4,HONEYBEE__DROSOPHILA,9,1,200,0.020994123071432114,0.19880002737045288,0.19850003719329834
4,HONEYBEE__DROSOPHILA,10,-1,200,0.021084927022457123,0.19850003719329834,0.19850003719329834
4,HONEYBEE__DROSOPHILA,11,1,200,0.021175920963287354,0.19850003719329834,0.1982000321149826
4,HONEYBEE__DROSOPHILA,12,-1,200,0.021266726776957512,0.1982000321149826,0.1982000321149826
4,HONEYBEE__DROSOPHILA,13,1,200,0.02135772444307804,0.1982000321149826,0.19790004193782806
4,HONEYBEE__DROSOPHILA,14,-1,200,0.02144852839410305,0.19790002703666687,0.19790004193782806
4,HONEYBEE__DROSOPHILA,15,1,200,0.02153952233493328,0.19790002703666687,0.19760003685951233
4,HONEYBEE__DROSOPHILA,16,-1,200,0.02163032442331314,0.19760003685951233,0.19760003685951233
4,HONEYBEE__DROSOPHILA,17,1,200,0.021721327677369118,0.19760003685951233,0.1973000168800354
4,HONEYBEE__DROSOPHILA,18,-1,200,0.02181212417781353,0.1973000317811966,0.1973000168800354
4,HONEYBEE__DROSOPHILA,19,1,200,0.021903125569224358,0.1973000317811966,0.19700002670288086
4,HONEYBEE__DROSOPHILA,20,-1,200,0.02199392579495907,0.19700002670288086,0.19700002670288086
5,HONEYBEE__DROSOPHILA,1,1,200,0.02006126195192337,0.20000003278255463,0.1997000277042389
5,HONEYBEE__DROSOPHILA,2,-1,200,0.020152101293206215,0.1997000128030777,0.1997000277042389
5,HONEYBEE__DROSOPHILA,3,1,200,0.020242908969521523,0.1997000128030777,0.19940002262592316
5,HONEYBEE__DROSOPHILA,4,-1,200,0.02033374272286892,0.19940002262592316,0.19940002262592316
5,HONEYBEE__DROSOPHILA,5,1,200,0.020424552261829376,0.19940002262592316,0.19910003244876862
5,HONEYBEE__DROSOPHILA,6,-1,200,0.02051538974046707,0.19910003244876862,0.19910003244876862
5,HONEYBEE__DROSOPHILA,7,1,200,0.02060619369149208,0.19910003244876862,0.19880002737045288
5,HONEYBEE__DROSOPHILA,8,-1,200,0.020697036758065224,0.19880002737045288,0.19880002737045288
5,HONEYBEE__DROSOPHILA,9,1,200,0.020787838846445084,0.19880002737045288,0.19850003719329834
5,HONEYBEE__DROSOPHILA,10,-1,200,0.020878680050373077,0.19850003719329834,0.19850003719329834
5,HONEYBEE__DROSOPHILA,11,1,200,0.020969484001398087,0.19850003719329834,0.1982000321149826
5,HONEYBEE__DROSOPHILA,12,-1,200,0.02106032520532608,0.1982000470161438,0.1982000321149826
5,HONEYBEE__DROSOPHILA,13,1,200,0.02115113101899624,0.1982000470161438,0.19790004193782806
5,HONEYBEE__DROSOPHILA,14,-1,200,0.02124197594821453,0.19790002703666687,0.19790004193782806
5,HONEYBEE__DROSOPHILA,15,1,200,0.021332774311304092,0.19790002703666687,0.19760003685951233
5,HONEYBEE__DROSOPHILA,16,-1,200,0.021423615515232086,0.19760003685951233,0.19760003685951233
5,HONEYBEE__DROSOPHILA,17,1,200,0.021514421328902245,0.19760003685951233,0.1973000168800354
5,HONEYBEE__DROSOPHILA,18,-1,200,0.02160525880753994,0.1973000168800354,0.1973000168800354
5,HONEYBEE__DROSOPHILA,19,1,200,0.0216960646212101,0.1973000168800354,0.19700002670288086
5,HONEYBEE__DROSOPHILA,20,-1,200,0.021786900237202644,0.19700002670288086,0.19700002670288086
6,HONEYBEE__DROSOPHILA,1,1,200,0.020057085901498795,0.20000003278255463,0.19970004260540009
6,HONEYBEE__DROSOPHILA,2,-1,200,0.02014813758432865,0.1997000277042389,0.19970004260540009
6,HONEYBEE__DROSOPHILA,3,1,200,0.020239021629095078,0.1997000277042389,0.19940002262592316
6,HONEYBEE__DROSOPHILA,4,-1,200,0.020330075174570084,0.19940002262592316,0.19940002262592316
6,HONEYBEE__DROSOPHILA,5,1,200,0.020420953631401062,0.19940002262592316,0.19910003244876862
6,HONEYBEE__DROSOPHILA,6,-1,200,0.020512007176876068,0.19910001754760742,0.19910003244876862
6,HONEYBEE__DROSOPHILA,7,1,200,0.020602891221642494,0.19910001754760742,0.19880002737045288
6,HONEYBEE__DROSOPHILA,8,-1,200,0.0206939447671175,0.19880002737045288,0.19880002737045288
6,HONEYBEE__DROSOPHILA,9,1,200,0.020784826949238777,0.19880002737045288,0.19850003719329834
6,HONEYBEE__DROSOPHILA,10,-1,200,0.020875880494713783,0.19850003719329834,0.19850003719329834
6,HONEYBEE__DROSOPHILA,11,1,200,0.020966757088899612,0.19850003719329834,0.1982000470161438
6,HONEYBEE__DROSOPHILA,12,-1,200,0.021057818084955215,0.1982000321149826,0.1982000470161438
6,HONEYBEE__DROSOPHILA,13,1,200,0.021148690953850746,0.1982000321149826,0.19790002703666687
6,HONEYBEE__DROSOPHILA,14,-1,200,0.0212397500872612,0.19790002703666687,0.19790002703666687
6,HONEYBEE__DROSOPHILA,15,1,200,0.021330630406737328,0.19790002703666687,0.19760003685951233
6,HONEYBEE__DROSOPHILA,16,-1,200,0.02142168954014778,0.19760003685951233,0.19760003685951233
6,HONEYBEE__DROSOPHILA,17,1,200,0.02151256613433361,0.19760003685951233,0.1973000317811966
6,HONEYBEE__DROSOPHILA,18,-1,200,0.021603619679808617,0.1973000168800354,0.1973000317811966
6,HONEYBEE__DROSOPHILA,19,1,200,0.021694499999284744,0.1973000168800354,0.19700002670288086
6,HONEYBEE__DROSOPHILA,20,-1,200,0.02178555727005005,0.19700002670288086,0.19700002670288086
7,HONEYBEE__DROSOPHILA,1,1,200,0.02018520049750805,0.20000003278255463,0.1997000277042389
7,HONEYBEE__DROSOPHILA,2,-1,200,0.020275695249438286,0.1997000277042389,0.1997000277042389
7,HONEYBEE__DROSOPHILA,3,1,200,0.02036621980369091,0.1997000277042389,0.19940002262592316
7,HONEYBEE__DROSOPHILA,4,-1,200,0.020456714555621147,0.19940002262592316,0.19940002262592316
7,HONEYBEE__DROSOPHILA,5,1,200,0.02054724097251892,0.19940002262592316,0.19910003244876862
7,HONEYBEE__DROSOPHILA,6,-1,200,0.02063773199915886,0.19910001754760742,0.19910003244876862
7,HONEYBEE__DROSOPHILA,7,1,200,0.02072826214134693,0.19910001754760742,0.19880002737045288
7,HONEYBEE__DROSOPHILA,8,-1,200,0.020818760618567467,0.19880002737045288,0.19880002737045288
7,HONEYBEE__DROSOPHILA,9,1,200,0.020909281447529793,0.19880002737045288,0.19850003719329834
7,HONEYBEE__DROSOPHILA,10,-1,200,0.02099977619946003,0.19850003719329834,0.19850003719329834
7,HONEYBEE__DROSOPHILA,11,1,200,0.021090300753712654,0.19850003719329834,0.1982000321149826
7,HONEYBEE__DROSOPHILA,12,-1,200,0.02118079550564289,0.1982000470161438,0.1982000321149826
7,HONEYBEE__DROSOPHILA,13,1,200,0.021271320059895515,0.1982000470161438,0.19790002703666687
7,HONEYBEE__DROSOPHILA,14,-1,200,0.0213618166744709,0.19790002703666687,0.19790002703666687
7,HONEYBEE__DROSOPHILA,15,1,200,0.02145233564078808,0.19790002703666687,0.19760002195835114
7,HONEYBEE__DROSOPHILA,16,-1,200,0.021542834118008614,0.19760003685951233,0.19760002195835114
7,HONEYBEE__DROSOPHILA,17,1,200,0.02163335680961609,0.19760003685951233,0.1973000317811966
7,HONEYBEE__DROSOPHILA,18,-1,200,0.021723855286836624,0.1973000317811966,0.1973000317811966
7,HONEYBEE__DROSOPHILA,19,1,200,0.0218143779784441,0.1973000317811966,0.19700002670288086
7,HONEYBEE__DROSOPHILA,20,-1,200,0.021904874593019485,0.19700002670288086,0.19700002670288086
8,HONEYBEE__DROSOPHILA,1,1,200,0.020042793825268745,0.20000003278255463,0.19970004260540009
8,HONEYBEE__DROSOPHILA,2,-1,200,0.020133333280682564,0.19970004260540009,0.19970004260540009
8,HONEYBEE__DROSOPHILA,3,1,200,0.020223945379257202,0.19970004260540009,0.19940002262592316
8,HONEYBEE__DROSOPHILA,4,-1,200,0.02031448297202587,0.19940002262592316,0.19940002262592316
8,HONEYBEE__DROSOPHILA,5,1,200,0.02040509693324566,0.19940002262592316,0.19910003244876862
8,HONEYBEE__DROSOPHILA,6,-1,200,0.02049563080072403,0.19910003244876862,0.19910003244876862
8,HONEYBEE__DROSOPHILA,7,1,200,0.02058623731136322,0.19910003244876862,0.19880002737045288
8,HONEYBEE__DROSOPHILA,8,-1,200,0.020676782354712486,0.19880002737045288,0.19880002737045288
8,HONEYBEE__DROSOPHILA,9,1,200,0.020767392590641975,0.19880002737045288,0.19850003719329834
8,HONEYBEE__DROSOPHILA,10,-1,200,0.020857932046055794,0.19850003719329834,0.19850003719329834
8,HONEYBEE__DROSOPHILA,11,1,200,0.020948542281985283,0.19850003719329834,0.1982000470161438
8,HONEYBEE__DROSOPHILA,12,-1,200,0.021039078012108803,0.1982000321149826,0.1982000470161438
8,HONEYBEE__DROSOPHILA,13,1,200,0.02112969011068344,0.1982000321149826,0.19790002703666687
8,HONEYBEE__DROSOPHILA,14,-1,200,0.02122023142874241,0.19790002703666687,0.19790002703666687
8,HONEYBEE__DROSOPHILA,15,1,200,0.021310841664671898,0.19790002703666687,0.19760003685951233
8,HONEYBEE__DROSOPHILA,16,-1,200,0.021401377394795418,0.19760002195835114,0.19760003685951233
8,HONEYBEE__DROSOPHILA,17,1,200,0.021491995081305504,0.19760002195835114,0.1973000168800354
8,HONEYBEE__DROSOPHILA,18,-1,200,0.021582527086138725,0.1973000168800354,0.1973000168800354
8,HONEYBEE__DROSOPHILA,19,1,200,0.021673142910003662,0.1973000168800354,0.19700002670288086
8,HONEYBEE__DROSOPHILA,20,-1,200,0.021763674914836884,0.19700002670288086,0.19700002670288086
9,HONEYBEE__DROSOPHILA,1,1,200,0.02001890540122986,0.20000003278255463,0.1997000277042389
9,HONEYBEE__DROSOPHILA,2,-1,200,0.02010909840464592,0.19970004260540009,0.1997000277042389
9,HONEYBEE__DROSOPHILA,3,1,200,0.020199300721287727,0.19970004260540009,0.19940002262592316
9,HONEYBEE__DROSOPHILA,4,-1,200,0.020289499312639236,0.19940003752708435,0.19940002262592316
9,HONEYBEE__DROSOPHILA,5,1,200,0.020379705354571342,0.19940003752708435,0.19910001754760742
9,HONEYBEE__DROSOPHILA,6,-1,200,0.020469900220632553,0.19910003244876862,0.19910001754760742
9,HONEYBEE__DROSOPHILA,7,1,200,0.02056010439991951,0.19910003244876862,0.19880002737045288
9,HONEYBEE__DROSOPHILA,8,-1,200,0.02065030112862587,0.19880004227161407,0.19880002737045288
9,HONEYBEE__DROSOPHILA,9,1,200,0.020740507170557976,0.19880004227161407,0.19850003719329834
9,HONEYBEE__DROSOPHILA,10,-1,200,0.020830700173974037,0.19850003719329834,0.19850003719329834
9,HONEYBEE__DROSOPHILA,11,1,200,0.020920906215906143,0.19850003719329834,0.1982000321149826
9,HONEYBEE__DROSOPHILA,12,-1,200,0.021011093631386757,0.1982000470161438,0.1982000321149826
9,HONEYBEE__DROSOPHILA,13,1,200,0.02110130526125431,0.1982000470161438,0.19790002703666687
9,HONEYBEE__DROSOPHILA,14,-1,200,0.021191498264670372,0.19790004193782806,0.19790002703666687
9,HONEYBEE__DROSOPHILA,15,1,200,0.021281706169247627,0.19790004193782806,0.19760002195835114
9,HONEYBEE__DROSOPHILA,16,-1,200,0.02137189917266369,0.19760003685951233,0.19760002195835114
9,HONEYBEE__DROSOPHILA,17,1,200,0.021462101489305496,0.19760003685951233,0.1973000317811966
9,HONEYBEE__DROSOPHILA,18,-1,200,0.021552298218011856,0.1973000168800354,0.1973000317811966
9,HONEYBEE__DROSOPHILA,19,1,200,0.02164250798523426,0.1973000168800354,0.19700002670288086
9,HONEYBEE__DROSOPHILA,20,-1,200,0.021732697263360023,0.19700002670288086,0.19700002670288086
10,HONEYBEE__DROSOPHILA,1,1,200,0.020015105605125427,0.20000003278255463,0.19970004260540009
10,HONEYBEE__DROSOPHILA,2,-1,200,0.0201059989631176,0.1997000277042389,0.19970004260540009
10,HONEYBEE__DROSOPHILA,3,1,200,0.020196761935949326,0.1997000277042389,0.19940002262592316
10,HONEYBEE__DROSOPHILA,4,-1,200,0.020287655293941498,0.19940002262592316,0.19940002262592316
10,HONEYBEE__DROSOPHILA,5,1,200,0.020378412678837776,0.19940002262592316,0.19910003244876862
10,HONEYBEE__DROSOPHILA,6,-1,200,0.020469309762120247,0.19910003244876862,0.19910003244876862
10,HONEYBEE__DROSOPHILA,7,1,200,0.020560072734951973,0.19910003244876862,0.1988000124692917
10,HONEYBEE__DROSOPHILA,8,-1,200,0.020650966092944145,0.19880002737045288,0.1988000124692917
10,HONEYBEE__DROSOPHILA,9,1,200,0.020741725340485573,0.19880002737045288,0.19850003719329834
10,HONEYBEE__DROSOPHILA,10,-1,200,0.020832618698477745,0.19850003719329834,0.19850003719329834
10,HONEYBEE__DROSOPHILA,11,1,200,0.02092338167130947,0.19850003719329834,0.1982000321149826
10,HONEYBEE__DROSOPHILA,12,-1,200,0.021014275029301643,0.1982000470161438,0.1982000321149826
10,HONEYBEE__DROSOPHILA,13,1,200,0.021105032414197922,0.1982000470161438,0.19790002703666687
10,HONEYBEE__DROSOPHILA,14,-1,200,0.021195927634835243,0.19790002703666687,0.19790002703666687
10,HONEYBEE__DROSOPHILA,15,1,200,0.02128668688237667,0.19790002703666687,0.19760003685951233
10,HONEYBEE__DROSOPHILA,16,-1,200,0.02137758582830429,0.19760003685951233,0.19760003685951233
10,HONEYBEE__DROSOPHILA,17,1,200,0.02146834321320057,0.19760003685951233,0.1973000168800354
10,HONEYBEE__DROSOPHILA,18,-1,200,0.02155923843383789,0.1973000168800354,0.1973000168800354
10,HONEYBEE__DROSOPHILA,19,1,200,0.021649997681379318,0.1973000168800354,0.19700002670288086
10,HONEYBEE__DROSOPHILA,20,-1,200,0.02174089290201664,0.19700002670288086,0.19700002670288086
11,HONEYBEE__DROSOPHILA,1,1,200,0.020169366151094437,0.20000003278255463,0.1997000277042389
11,HONEYBEE__DROSOPHILA,2,-1,200,0.020260771736502647,0.19970004260540009,0.1997000277042389
11,HONEYBEE__DROSOPHILA,3,1,200,0.020352346822619438,0.19970004260540009,0.19940002262592316
11,HONEYBEE__DROSOPHILA,4,-1,200,0.02044374868273735,0.19940002262592316,0.19940002262592316
11,HONEYBEE__DROSOPHILA,5,1,200,0.020535321906208992,0.19940002262592316,0.19910003244876862
11,HONEYBEE__DROSOPHILA,6,-1,200,0.0206267312169075,0.19910003244876862,0.19910003244876862
11,HONEYBEE__DROSOPHILA,7,1,200,0.02071830816566944,0.19910003244876862,0.1988000124692917
11,HONEYBEE__DROSOPHILA,8,-1,200,0.020809711888432503,0.19880002737045288,0.1988000124692917
11,HONEYBEE__DROSOPHILA,9,1,200,0.020901283249258995,0.19880002737045288,0.19850003719329834
11,HONEYBEE__DROSOPHILA,10,-1,200,0.020992692559957504,0.19850003719329834,0.19850003719329834
11,HONEYBEE__DROSOPHILA,11,1,200,0.021084265783429146,0.19850003719329834,0.1982000470161438
11,HONEYBEE__DROSOPHILA,12,-1,200,0.021175669506192207,0.1982000470161438,0.1982000470161438
11,HONEYBEE__DROSOPHILA,13,1,200,0.021267246454954147,0.1982000470161438,0.19790002703666687
11,HONEYBEE__DROSOPHILA,14,-1,200,0.02135865017771721,0.19790002703666687,0.19790002703666687
11,HONEYBEE__DROSOPHILA,15,1,200,0.021450225263834,0.19790002703666687,0.19760002195835114
11,HONEYBEE__DROSOPHILA,16,-1,200,0.02154163084924221,0.19760002195835114,0.19760002195835114
11,HONEYBEE__DROSOPHILA,17,1,200,0.021633205935359,0.19760002195835114,0.1973000317811966
11,HONEYBEE__DROSOPHILA,18,-1,200,0.021724611520767212,0.1973000317811966,0.1973000317811966
11,HONEYBEE__DROSOPHILA,19,1,200,0.021816186606884003,0.1973000317811966,0.19700002670288086
11,HONEYBEE__DROSOPHILA,20,-1,200,0.021907590329647064,0.19700002670288086,0.19700002670288086
12,HONEYBEE__DROSOPHILA,1,1,200,0.01997475139796734,0.20000003278255463,0.19970004260540009
12,HONEYBEE__DROSOPHILA,2,-1,200,0.020065439864993095,0.1997000277042389,0.19970004260540009
12,HONEYBEE__DROSOPHILA,3,1,200,0.02015606127679348,0.1997000277042389,0.19940002262592316
12,HONEYBEE__DROSOPHILA,4,-1,200,0.020246749743819237,0.19940002262592316,0.19940002262592316
12,HONEYBEE__DROSOPHILA,5,1,200,0.02033737488090992,0.19940002262592316,0.19910003244876862
12,HONEYBEE__DROSOPHILA,6,-1,200,0.02042805776000023,0.19910003244876862,0.19910003244876862
12,HONEYBEE__DROSOPHILA,7,1,200,0.02051868475973606,0.19910003244876862,0.19880002737045288
12,HONEYBEE__DROSOPHILA,8,-1,200,0.020609373226761818,0.19880002737045288,0.19880002737045288
12,HONEYBEE__DROSOPHILA,9,1,200,0.020699994638562202,0.19880002737045288,0.19850003719329834
12,HONEYBEE__DROSOPHILA,10,-1,200,0.02079067938029766,0.19850003719329834,0.19850003719329834
12,HONEYBEE__DROSOPHILA,11,1,200,0.020881304517388344,0.19850003719329834,0.1982000321149826
12,HONEYBEE__DROSOPHILA,12,-1,200,0.020971989259123802,0.1982000470161438,0.1982000321149826
12,HONEYBEE__DROSOPHILA,13,1,200,0.021062616258859634,0.1982000470161438,0.19790002703666687
12,HONEYBEE__DROSOPHILA,14,-1,200,0.021153301000595093,0.19790002703666687,0.19790002703666687
12,HONEYBEE__DROSOPHILA,15,1,200,0.021243926137685776,0.19790002703666687,0.19760002195835114
12,HONEYBEE__DROSOPHILA,16,-1,200,0.021334609016776085,0.19760003685951233,0.19760002195835114
12,HONEYBEE__DROSOPHILA,17,1,200,0.021425239741802216,0.19760003685951233,0.1973000317811966
12,HONEYBEE__DROSOPHILA,18,-1,200,0.021515922620892525,0.1973000168800354,0.1973000317811966
12,HONEYBEE__DROSOPHILA,19,1,200,0.02160654589533806,0.1973000168800354,0.19700002670288086
12,HONEYBEE__DROSOPHILA,20,-1,200,0.021697228774428368,0.19700002670288086,0.19700002670288086
13,HONEYBEE__DROSOPHILA,1,1,200,0.02026783488690853,0.20000003278255463,0.1997000128030777
13,HONEYBEE__DROSOPHILA,2,-1,200,0.02035820484161377,0.19970004260540009,0.1997000128030777
13,HONEYBEE__DROSOPHILA,3,1,200,0.020448751747608185,0.19970004260540009,0.19940002262592316
13,HONEYBEE__DROSOPHILA,4,-1,200,0.02053912915289402,0.19940002262592316,0.19940002262592316
13,HONEYBEE__DROSOPHILA,5,1,200,0.020629672333598137,0.19940002262592316,0.19910003244876862
13,HONEYBEE__DROSOPHILA,6,-1,200,0.020720046013593674,0.19910003244876862,0.19910003244876862
13,HONEYBEE__DROSOPHILA,7,1,200,0.020810594782233238,0.19910003244876862,0.1988000124692917
13,HONEYBEE__DROSOPHILA,8,-1,200,0.020900964736938477,0.19880002737045288,0.1988000124692917
13,HONEYBEE__DROSOPHILA,9,1,200,0.02099151350557804,0.19880002737045288,0.19850003719329834
13,HONEYBEE__DROSOPHILA,10,-1,200,0.02108188159763813,0.19850003719329834,0.19850003719329834
13,HONEYBEE__DROSOPHILA,11,1,200,0.021172434091567993,0.19850003719329834,0.1982000321149826
13,HONEYBEE__DROSOPHILA,12,-1,200,0.02126280590891838,0.1982000470161438,0.1982000321149826
13,HONEYBEE__DROSOPHILA,13,1,200,0.021353356540203094,0.1982000470161438,0.19790002703666687
13,HONEYBEE__DROSOPHILA,14,-1,200,0.021443722769618034,0.19790002703666687,0.19790002703666687
13,HONEYBEE__DROSOPHILA,15,1,200,0.021534275263547897,0.19790002703666687,0.19760003685951233
13,HONEYBEE__DROSOPHILA,16,-1,200,0.021624645218253136,0.19760003685951233,0.19760003685951233
13,HONEYBEE__DROSOPHILA,17,1,200,0.02171519584953785,0.19760003685951233,0.1973000317811966
13,HONEYBEE__DROSOPHILA,18,-1,200,0.021805569529533386,0.1973000168800354,0.1973000317811966
13,HONEYBEE__DROSOPHILA,19,1,200,0.02189611829817295,0.1973000168800354,0.19700002670288086
13,HONEYBEE__DROSOPHILA,20,-1,200,0.02198648452758789,0.19700002670288086,0.19700002670288086
14,HONEYBEE__DROSOPHILA,1,1,200,0.020011726766824722,0.20000003278255463,0.19970004260540009
14,HONEYBEE__DROSOPHILA,2,-1,200,0.02010241150856018,0.1997000277042389,0.19970004260540009
14,HONEYBEE__DROSOPHILA,3,1,200,0.02019326016306877,0.1997000277042389,0.19940002262592316
14,HONEYBEE__DROSOPHILA,4,-1,200,0.02028394490480423,0.19940002262592316,0.19940002262592316
14,HONEYBEE__DROSOPHILA,5,1,200,0.020374799147248268,0.19940002262592316,0.19910003244876862
14,HONEYBEE__DROSOPHILA,6,-1,200,0.020465480163693428,0.19910001754760742,0.19910003244876862
14,HONEYBEE__DROSOPHILA,7,1,200,0.020556332543492317,0.19910001754760742,0.1988000124692917
14,HONEYBEE__DROSOPHILA,8,-1,200,0.020647013559937477,0.19880002737045288,0.1988000124692917
14,HONEYBEE__DROSOPHILA,9,1,200,0.020737864077091217,0.19880002737045288,0.19850003719329834
14,HONEYBEE__DROSOPHILA,10,-1,200,0.020828546956181526,0.19850003719329834,0.19850003719329834
14,HONEYBEE__DROSOPHILA,11,1,200,0.020919397473335266,0.19850003719329834,0.1982000470161438
14,HONEYBEE__DROSOPHILA,12,-1,200,0.021010085940361023,0.1982000470161438,0.1982000470161438
14,HONEYBEE__DROSOPHILA,13,1,200,0.021100932732224464,0.1982000470161438,0.19790002703666687
14,HONEYBEE__DROSOPHILA,14,-1,200,0.02119162119925022,0.19790004193782806,0.19790002703666687
14,HONEYBEE__DROSOPHILA,15,1,200,0.021282469853758812,0.19790004193782806,0.19760003685951233
14,HONEYBEE__DROSOPHILA,16,-1,200,0.02137315273284912,0.19760003685951233,0.19760003685951233
14,HONEYBEE__DROSOPHILA,17,1,200,0.02146400325000286,0.19760003685951233,0.1973000317811966
14,HONEYBEE__DROSOPHILA,18,-1,200,0.02155468799173832,0.1973000317811966,0.1973000317811966
14,HONEYBEE__DROSOPHILA,19,1,200,0.02164553664624691,0.1973000317811966,0.19700002670288086
14,HONEYBEE__DROSOPHILA,20,-1,200,0.021736225113272667,0.19700002670288086,0.19700002670288086
15,HONEYBEE__DROSOPHILA,1,1,200,0.02000117488205433,0.20000003278255463,0.1997000277042389
15,HONEYBEE__DROSOPHILA,2,-1,200,0.020091701298952103,0.19970004260540009,0.1997000277042389
15,HONEYBEE__DROSOPHILA,3,1,200,0.020182250067591667,0.19970004260540009,0.19940002262592316
15,HONEYBEE__DROSOPHILA,4,-1,200,0.02027278020977974,0.19940003752708435,0.19940002262592316
15,HONEYBEE__DROSOPHILA,5,1,200,0.020363327115774155,0.19940003752708435,0.19910001754760742
15,HONEYBEE__DROSOPHILA,6,-1,200,0.020453857257962227,0.19910001754760742,0.19910001754760742
15,HONEYBEE__DROSOPHILA,7,1,200,0.020544398576021194,0.19910001754760742,0.19880002737045288
15,HONEYBEE__DROSOPHILA,8,-1,200,0.020634932443499565,0.19880004227161407,0.19880002737045288
15,HONEYBEE__DROSOPHILA,9,1,200,0.020725473761558533,0.19880004227161407,0.19850003719329834
15,HONEYBEE__DROSOPHILA,10,-1,200,0.020816005766391754,0.19850003719329834,0.19850003719329834
15,HONEYBEE__DROSOPHILA,11,1,200,0.020906545221805573,0.19850003719329834,0.1982000321149826
15,HONEYBEE__DROSOPHILA,12,-1,200,0.020997077226638794,0.1982000321149826,0.1982000321149826
15,HONEYBEE__DROSOPHILA,13,1,200,0.021087627857923508,0.1982000321149826,0.19790002703666687
15,HONEYBEE__DROSOPHILA,14,-1,200,0.021178152412176132,0.19790002703666687,0.19790002703666687
15,HONEYBEE__DROSOPHILA,15,1,200,0.021268699318170547,0.19790002703666687,0.19760003685951233
15,HONEYBEE__DROSOPHILA,16,-1,200,0.02135923132300377,0.19760002195835114,0.19760003685951233
15,HONEYBEE__DROSOPHILA,17,1,200,0.021449778228998184,0.19760002195835114,0.1973000168800354
15,HONEYBEE__DROSOPHILA,18,-1,200,0.021540308371186256,0.1973000168800354,0.1973000168800354
15,HONEYBEE__DROSOPHILA,19,1,200,0.021630849689245224,0.1973000168800354,0.19700002670288086
15,HONEYBEE__DROSOPHILA,20,-1,200,0.021721379831433296,0.19700002670288086,0.19700002670288086
16,HONEYBEE__DROSOPHILA,1,1,200,0.020079338923096657,0.20000003278255463,0.1997000277042389
16,HONEYBEE__DROSOPHILA,2,-1,200,0.020169734954833984,0.1997000277042389,0.1997000277042389
16,HONEYBEE__DROSOPHILA,3,1,200,0.020260179415345192,0.1997000277042389,0.19940003752708435
16,HONEYBEE__DROSOPHILA,4,-1,200,0.02035057544708252,0.19940002262592316,0.19940003752708435
16,HONEYBEE__DROSOPHILA,5,1,200,0.02044101618230343,0.19940002262592316,0.19910003244876862
16,HONEYBEE__DROSOPHILA,6,-1,200,0.020531415939331055,0.19910003244876862,0.19910003244876862
16,HONEYBEE__DROSOPHILA,7,1,200,0.020621858537197113,0.19910003244876862,0.19880002737045288
16,HONEYBEE__DROSOPHILA,8,-1,200,0.02071225270628929,0.19880002737045288,0.19880002737045288
16,HONEYBEE__DROSOPHILA,9,1,200,0.020802702754735947,0.19880002737045288,0.19850003719329834
16,HONEYBEE__DROSOPHILA,10,-1,200,0.020893091335892677,0.19850003719329834,0.19850003719329834
16,HONEYBEE__DROSOPHILA,11,1,200,0.020983539521694183,0.19850003719329834,0.1982000470161438
16,HONEYBEE__DROSOPHILA,12,-1,200,0.02107393555343151,0.1982000321149826,0.1982000470161438
16,HONEYBEE__DROSOPHILA,13,1,200,0.021164381876587868,0.1982000321149826,0.19790002703666687
16,HONEYBEE__DROSOPHILA,14,-1,200,0.021254776045680046,0.19790002703666687,0.19790002703666687
16,HONEYBEE__DROSOPHILA,15,1,200,0.021345222368836403,0.19790002703666687,0.19760003685951233
16,HONEYBEE__DROSOPHILA,16,-1,200,0.021435614675283432,0.19760003685951233,0.19760003685951233
16,HONEYBEE__DROSOPHILA,17,1,200,0.02152605913579464,0.19760003685951233,0.1973000317811966
16,HONEYBEE__DROSOPHILA,18,-1,200,0.021616455167531967,0.1973000317811966,0.1973000317811966
16,HONEYBEE__DROSOPHILA,19,1,200,0.021706897765398026,0.1973000317811966,0.19700002670288086
16,HONEYBEE__DROSOPHILA,20,-1,200,0.021797290071845055,0.19700002670288086,0.19700002670288086
17,HONEYBEE__DROSOPHILA,1,1,200,0.019975516945123672,0.20000003278255463,0.19970004260540009
17,HONEYBEE__DROSOPHILA,2,-1,200,0.020066015422344208,0.1997000277042389,0.19970004260540009
17,HONEYBEE__DROSOPHILA,3,1,200,0.020156456157565117,0.1997000277042389,0.19940002262592316
17,HONEYBEE__DROSOPHILA,4,-1,200,0.020246950909495354,0.19940002262592316,0.19940002262592316
17,HONEYBEE__DROSOPHILA,5,1,200,0.020337389782071114,0.19940002262592316,0.19910001754760742
17,HONEYBEE__DROSOPHILA,6,-1,200,0.02042788453400135,0.19910001754760742,0.19910001754760742
17,HONEYBEE__DROSOPHILA,7,1,200,0.02051832713186741,0.19910001754760742,0.1988000124692917
17,HONEYBEE__DROSOPHILA,8,-1,200,0.020608818158507347,0.19880002737045288,0.1988000124692917
17,HONEYBEE__DROSOPHILA,9,1,200,0.020699262619018555,0.19880002737045288,0.19850003719329834
17,HONEYBEE__DROSOPHILA,10,-1,200,0.020789753645658493,0.19850003719329834,0.19850003719329834
17,HONEYBEE__DROSOPHILA,11,1,200,0.02088019624352455,0.19850003719329834,0.1982000470161438
17,HONEYBEE__DROSOPHILA,12,-1,200,0.020970690995454788,0.1982000321149826,0.1982000470161438
17,HONEYBEE__DROSOPHILA,13,1,200,0.0210611280053854,0.1982000321149826,0.19790002703666687
17,HONEYBEE__DROSOPHILA,14,-1,200,0.021151626482605934,0.19790004193782806,0.19790002703666687
17,HONEYBEE__DROSOPHILA,15,1,200,0.021242065355181694,0.19790004193782806,0.19760003685951233
17,HONEYBEE__DROSOPHILA,16,-1,200,0.02133256010711193,0.19760003685951233,0.19760003685951233
17,HONEYBEE__DROSOPHILA,17,1,200,0.02142300084233284,0.19760003685951233,0.1973000168800354
17,HONEYBEE__DROSOPHILA,18,-1,200,0.021513493731617928,0.1973000317811966,0.1973000168800354
17,HONEYBEE__DROSOPHILA,19,1,200,0.021603930741548538,0.1973000317811966,0.19700002670288086
17,HONEYBEE__DROSOPHILA,20,-1,200,0.021694432944059372,0.19700002670288086,0.19700002670288086
18,HONEYBEE__DROSOPHILA,1,1,200,0.02019324339926243,0.20000003278255463,0.1997000277042389
18,HONEYBEE__DROSOPHILA,2,-1,200,0.020283855497837067,0.19970004260540009,0.1997000277042389
18,HONEYBEE__DROSOPHILA,3,1,200,0.020374542102217674,0.19970004260540009,0.19940002262592316
18,HONEYBEE__DROSOPHILA,4,-1,200,0.020465154200792313,0.19940002262592316,0.19940002262592316
18,HONEYBEE__DROSOPHILA,5,1,200,0.020555837079882622,0.19940002262592316,0.19910003244876862
18,HONEYBEE__DROSOPHILA,6,-1,200,0.020646454766392708,0.19910001754760742,0.19910003244876862
18,HONEYBEE__DROSOPHILA,7,1,200,0.020737141370773315,0.19910001754760742,0.19880002737045288
18,HONEYBEE__DROSOPHILA,8,-1,200,0.020827757194638252,0.19880002737045288,0.19880002737045288
18,HONEYBEE__DROSOPHILA,9,1,200,0.02091844193637371,0.19880002737045288,0.19850003719329834
18,HONEYBEE__DROSOPHILA,10,-1,200,0.0210090521723032,0.19850003719329834,0.19850003719329834
18,HONEYBEE__DROSOPHILA,11,1,200,0.021099736914038658,0.19850003719329834,0.1982000321149826
18,HONEYBEE__DROSOPHILA,12,-1,200,0.021190354600548744,0.1982000321149826,0.1982000321149826
18,HONEYBEE__DROSOPHILA,13,1,200,0.0212810430675745,0.1982000321149826,0.19790002703666687
18,HONEYBEE__DROSOPHILA,14,-1,200,0.02137165516614914,0.19790002703666687,0.19790002703666687
18,HONEYBEE__DROSOPHILA,15,1,200,0.021462341770529747,0.19790002703666687,0.19760002195835114
18,HONEYBEE__DROSOPHILA,16,-1,200,0.021552955731749535,0.19760002195835114,0.19760002195835114
18,HONEYBEE__DROSOPHILA,17,1,200,0.021643640473484993,0.19760002195835114,0.1973000317811966
18,HONEYBEE__DROSOPHILA,18,-1,200,0.02173425629734993,0.1973000317811966,0.1973000317811966
18,HONEYBEE__DROSOPHILA,19,1,200,0.02182493731379509,0.1973000317811966,0.19700002670288086
18,HONEYBEE__DROSOPHILA,20,-1,200,0.021915555000305176,0.19700002670288086,0.19700002670288086
19,HONEYBEE__DROSOPHILA,1,1,200,0.020179737359285355,0.20000003278255463,0.1997000277042389
19,HONEYBEE__DROSOPHILA,2,-1,200,0.02027050405740738,0.1997000277042389,0.1997000277042389
19,HONEYBEE__DROSOPHILA,3,1,200,0.02036135457456112,0.1997000277042389,0.19940002262592316
19,HONEYBEE__DROSOPHILA,4,-1,200,0.020452117547392845,0.19940002262592316,0.19940002262592316
19,HONEYBEE__DROSOPHILA,5,1,200,0.020542960613965988,0.19940002262592316,0.19910003244876862
19,HONEYBEE__DROSOPHILA,6,-1,200,0.02063373290002346,0.19910001754760742,0.19910003244876862
19,HONEYBEE__DROSOPHILA,7,1,200,0.0207245834171772,0.19910001754760742,0.19880002737045288
19,HONEYBEE__DROSOPHILA,8,-1,200,0.020815348252654076,0.19880002737045288,0.19880002737045288
19,HONEYBEE__DROSOPHILA,9,1,200,0.020906193181872368,0.19880002737045288,0.19850003719329834
19,HONEYBEE__DROSOPHILA,10,-1,200,0.02099696546792984,0.19850003719329834,0.19850003719329834
19,HONEYBEE__DROSOPHILA,11,1,200,0.02108781225979328,0.19850003719329834,0.1982000321149826
19,HONEYBEE__DROSOPHILA,12,-1,200,0.021178578957915306,0.1982000321149826,0.1982000321149826
19,HONEYBEE__DROSOPHILA,13,1,200,0.0212694238871336,0.1982000321149826,0.19790002703666687
19,HONEYBEE__DROSOPHILA,14,-1,200,0.02136019617319107,0.19790002703666687,0.19790002703666687
19,HONEYBEE__DROSOPHILA,15,1,200,0.021451039239764214,0.19790002703666687,0.19760003685951233
19,HONEYBEE__DROSOPHILA,16,-1,200,0.021541809663176537,0.19760003685951233,0.19760003685951233
19,HONEYBEE__DROSOPHILA,17,1,200,0.02163265086710453,0.19760003685951233,0.1973000168800354
19,HONEYBEE__DROSOPHILA,18,-1,200,0.021723423153162003,0.1973000168800354,0.1973000168800354
19,HONEYBEE__DROSOPHILA,19,1,200,0.021814268082380295,0.1973000168800354,0.19700002670288086
19,HONEYBEE__DROSOPHILA,20,-1,200,0.021905038505792618,0.19700002670288086,0.19700002670288086
20,HONEYBEE__DROSOPHILA,1,1,200,0.020319739356637,0.20000003278255463,0.1997000277042389
20,HONEYBEE__DROSOPHILA,2,-1,200,0.02041049301624298,0.19970004260540009,0.1997000277042389
20,HONEYBEE__DROSOPHILA,3,1,200,0.02050125226378441,0.19970004260540009,0.19940002262592316
20,HONEYBEE__DROSOPHILA,4,-1,200,0.02059200592339039,0.19940002262592316,0.19940002262592316
20,HONEYBEE__DROSOPHILA,5,1,200,0.020682767033576965,0.19940002262592316,0.19910003244876862
20,HONEYBEE__DROSOPHILA,6,-1,200,0.020773526281118393,0.19910001754760742,0.19910003244876862
20,HONEYBEE__DROSOPHILA,7,1,200,0.02086428552865982,0.19910001754760742,0.1988000124692917
20,HONEYBEE__DROSOPHILA,8,-1,200,0.02095504105091095,0.19880002737045288,0.1988000124692917
20,HONEYBEE__DROSOPHILA,9,1,200,0.021045800298452377,0.19880002737045288,0.19850003719329834
20,HONEYBEE__DROSOPHILA,10,-1,200,0.021136555820703506,0.19850003719329834,0.19850003719329834
20,HONEYBEE__DROSOPHILA,11,1,200,0.021227307617664337,0.19850003719329834,0.1982000321149826
20,HONEYBEE__DROSOPHILA,12,-1,200,0.02131807431578636,0.1982000321149826,0.1982000321149826
20,HONEYBEE__DROSOPHILA,13,1,200,0.021408826112747192,0.1982000321149826,0.19790002703666687
20,HONEYBEE__DROSOPHILA,14,-1,200,0.02149958722293377,0.19790002703666687,0.19790002703666687
20,HONEYBEE__DROSOPHILA,15,1,200,0.0215903390198946,0.19790002703666687,0.19760003685951233
20,HONEYBEE__DROSOPHILA,16,-1,200,0.021681098267436028,0.19760002195835114,0.19760003685951233
20,HONEYBEE__DROSOPHILA,17,1,200,0.021771850064396858,0.19760002195835114,0.1973000168800354
20,HONEYBEE__DROSOPHILA,18,-1,200,0.021862616762518883,0.1973000168800354,0.1973000168800354
20,HONEYBEE__DROSOPHILA,19,1,200,0.021953368559479713,0.1973000168800354,0.19700002670288086
20,HONEYBEE__DROSOPHILA,20,-1,200,0.02204413339495659,0.19700002670288086,0.19700002670288086
21,HONEYBEE__DROSOPHILA,1,1,200,0.020054128021001816,0.20000003278255463,0.19970004260540009
21,HONEYBEE__DROSOPHILA,2,-1,200,0.020144479349255562,0.1997000277042389,0.19970004260540009
21,HONEYBEE__DROSOPHILA,3,1,200,0.02023484744131565,0.1997000277042389,0.19940002262592316
21,HONEYBEE__DROSOPHILA,4,-1,200,0.020325196906924248,0.19940002262592316,0.19940002262592316
21,HONEYBEE__DROSOPHILA,5,1,200,0.02041555941104889,0.19940002262592316,0.19910003244876862
21,HONEYBEE__DROSOPHILA,6,-1,200,0.020505912601947784,0.19910003244876862,0.19910003244876862
21,HONEYBEE__DROSOPHILA,7,1,200,0.020596275106072426,0.19910003244876862,0.19880002737045288
21,HONEYBEE__DROSOPHILA,8,-1,200,0.02068663015961647,0.19880002737045288,0.19880002737045288
21,HONEYBEE__DROSOPHILA,9,1,200,0.020776992663741112,0.19880002737045288,0.19850003719329834
21,HONEYBEE__DROSOPHILA,10,-1,200,0.020867343991994858,0.19850003719329834,0.19850003719329834
21,HONEYBEE__DROSOPHILA,11,1,200,0.02095770835876465,0.19850003719329834,0.1982000321149826
21,HONEYBEE__DROSOPHILA,12,-1,200,0.021048055961728096,0.1982000470161438,0.1982000321149826
21,HONEYBEE__DROSOPHILA,13,1,200,0.021138420328497887,0.1982000470161438,0.19790004193782806
21,HONEYBEE__DROSOPHILA,14,-1,200,0.02122877724468708,0.19790004193782806,0.19790004193782806
21,HONEYBEE__DROSOPHILA,15,1,200,0.021319134160876274,0.19790004193782806,0.19760002195835114
21,HONEYBEE__DROSOPHILA,16,-1,200,0.021409492939710617,0.19760003685951233,0.19760002195835114
21,HONEYBEE__DROSOPHILA,17,1,200,0.021499846130609512,0.19760003685951233,0.1973000168800354
21,HONEYBEE__DROSOPHILA,18,-1,200,0.021590199321508408,0.1973000317811966,0.1973000168800354
21,HONEYBEE__DROSOPHILA,19,1,200,0.021680563688278198,0.1973000317811966,0.19700002670288086
21,HONEYBEE__DROSOPHILA,20,-1,200,0.021770918741822243,0.19700002670288086,0.19700002670288086
22,HONEYBEE__DROSOPHILA,1,1,200,0.02017800323665142,0.20000003278255463,0.19970004260540009
22,HONEYBEE__DROSOPHILA,2,-1,200,0.020268438383936882,0.1997000277042389,0.19970004260540009
22,HONEYBEE__DROSOPHILA,3,1,200,0.020358705893158913,0.1997000277042389,0.19940002262592316
22,HONEYBEE__DROSOPHILA,4,-1,200,0.020449144765734673,0.19940002262592316,0.19940002262592316
22,HONEYBEE__DROSOPHILA,5,1,200,0.020539406687021255,0.19940002262592316,0.19910003244876862
22,HONEYBEE__DROSOPHILA,6,-1,200,0.020629845559597015,0.19910001754760742,0.19910003244876862
22,HONEYBEE__DROSOPHILA,7,1,200,0.0207201074808836,0.19910001754760742,0.19880002737045288
22,HONEYBEE__DROSOPHILA,8,-1,200,0.020810550078749657,0.1988000124692917,0.19880002737045288
22,HONEYBEE__DROSOPHILA,9,1,200,0.020900802686810493,0.1988000124692917,0.19850003719329834
22,HONEYBEE__DROSOPHILA,10,-1,200,0.0209912471473217,0.19850003719329834,0.19850003719329834
22,HONEYBEE__DROSOPHILA,11,1,200,0.021081507205963135,0.19850003719329834,0.1982000321149826
22,HONEYBEE__DROSOPHILA,12,-1,200,0.021171946078538895,0.1982000321149826,0.1982000321149826
22,HONEYBEE__DROSOPHILA,13,1,200,0.02126220427453518,0.1982000321149826,0.19790002703666687
22,HONEYBEE__DROSOPHILA,14,-1,200,0.021352646872401237,0.19790002703666687,0.19790002703666687
22,HONEYBEE__DROSOPHILA,15,1,200,0.021442905068397522,0.19790002703666687,0.19760003685951233
22,HONEYBEE__DROSOPHILA,16,-1,200,0.021533343940973282,0.19760002195835114,0.19760003685951233
22,HONEYBEE__DROSOPHILA,17,1,200,0.021623603999614716,0.19760002195835114,0.1973000317811966
22,HONEYBEE__DROSOPHILA,18,-1,200,0.021714048460125923,0.1973000168800354,0.1973000317811966
22,HONEYBEE__DROSOPHILA,19,1,200,0.02180430106818676,0.1973000168800354,0.19700002670288086
22,HONEYBEE__DROSOPHILA,20,-1,200,0.021894745528697968,0.19700002670288086,0.19700002670288086
23,HONEYBEE__DROSOPHILA,1,1,200,0.019932718947529793,0.20000003278255463,0.1997000277042389
23,HONEYBEE__DROSOPHILA,2,-1,200,0.02002355083823204,0.19970004260540009,0.1997000277042389
23,HONEYBEE__DROSOPHILA,3,1,200,0.020114436745643616,0.19970004260540009,0.19940002262592316
23,HONEYBEE__DROSOPHILA,4,-1,200,0.020205263048410416,0.19940002262592316,0.19940002262592316
23,HONEYBEE__DROSOPHILA,5,1,200,0.02029615268111229,0.19940002262592316,0.19910003244876862
23,HONEYBEE__DROSOPHILA,6,-1,200,0.02038698084652424,0.19910003244876862,0.19910003244876862
23,HONEYBEE__DROSOPHILA,7,1,200,0.020477863028645515,0.19910003244876862,0.1988000124692917
23,HONEYBEE__DROSOPHILA,8,-1,200,0.020568693056702614,0.19880002737045288,0.1988000124692917
23,HONEYBEE__DROSOPHILA,9,1,200,0.020659582689404488,0.19880002737045288,0.19850003719329834
23,HONEYBEE__DROSOPHILA,10,-1,200,0.020750410854816437,0.19850003719329834,0.19850003719329834
23,HONEYBEE__DROSOPHILA,11,1,200,0.020841293036937714,0.19850003719329834,0.1982000470161438
23,HONEYBEE__DROSOPHILA,12,-1,200,0.020932121202349663,0.1982000470161438,0.1982000470161438
23,HONEYBEE__DROSOPHILA,13,1,200,0.021023010835051537,0.1982000470161438,0.19790002703666687
23,HONEYBEE__DROSOPHILA,14,-1,200,0.021113837137818336,0.19790004193782806,0.19790002703666687
23,HONEYBEE__DROSOPHILA,15,1,200,0.02120472677052021,0.19790004193782806,0.19760003685951233
23,HONEYBEE__DROSOPHILA,16,-1,200,0.02129555679857731,0.19760003685951233,0.19760003685951233
23,HONEYBEE__DROSOPHILA,17,1,200,0.021386440843343735,0.19760003685951233,0.1973000317811966
23,HONEYBEE__DROSOPHILA,18,-1,200,0.021477270871400833,0.1973000168800354,0.1973000317811966
23,HONEYBEE__DROSOPHILA,19,1,200,0.02156815491616726,0.1973000168800354,0.19700002670288086
23,HONEYBEE__DROSOPHILA,20,-1,200,0.021658986806869507,0.19700002670288086,0.19700002670288086
24,HONEYBEE__DROSOPHILA,1,1,200,0.020175740122795105,0.20000003278255463,0.1997000277042389
24,HONEYBEE__DROSOPHILA,2,-1,200,0.020266082137823105,0.19970004260540009,0.1997000277042389
24,HONEYBEE__DROSOPHILA,3,1,200,0.020356381312012672,0.19970004260540009,0.19940002262592316
24,HONEYBEE__DROSOPHILA,4,-1,200,0.020446717739105225,0.19940002262592316,0.19940002262592316
24,HONEYBEE__DROSOPHILA,5,1,200,0.02053701877593994,0.19940002262592316,0.19910001754760742
24,HONEYBEE__DROSOPHILA,6,-1,200,0.020627358928322792,0.19910003244876862,0.19910001754760742
24,HONEYBEE__DROSOPHILA,7,1,200,0.020717661827802658,0.19910003244876862,0.19880002737045288
24,HONEYBEE__DROSOPHILA,8,-1,200,0.02080800011754036,0.19880004227161407,0.19880002737045288
24,HONEYBEE__DROSOPHILA,9,1,200,0.020898301154375076,0.19880004227161407,0.19850003719329834
24,HONEYBEE__DROSOPHILA,10,-1,200,0.020988639444112778,0.19850003719329834,0.19850003719329834
24,HONEYBEE__DROSOPHILA,11,1,200,0.021078938618302345,0.19850003719329834,0.1982000470161438
24,HONEYBEE__DROSOPHILA,12,-1,200,0.021169276908040047,0.1982000321149826,0.1982000470161438
24,HONEYBEE__DROSOPHILA,13,1,200,0.021259579807519913,0.1982000321149826,0.19790002703666687
24,HONEYBEE__DROSOPHILA,14,-1,200,0.021349919959902763,0.19790002703666687,0.19790002703666687
24,HONEYBEE__DROSOPHILA,15,1,200,0.02144022472202778,0.19790002703666687,0.19760003685951233
24,HONEYBEE__DROSOPHILA,16,-1,200,0.021530557423830032,0.19760002195835114,0.19760003685951233
24,HONEYBEE__DROSOPHILA,17,1,200,0.021620862185955048,0.19760002195835114,0.1973000168800354
24,HONEYBEE__DROSOPHILA,18,-1,200,0.021711204200983047,0.1973000168800354,0.1973000168800354
24,HONEYBEE__DROSOPHILA,19,1,200,0.021801499649882317,0.1973000168800354,0.19700002670288086
24,HONEYBEE__DROSOPHILA,20,-1,200,0.021891841664910316,0.19700002670288086,0.19700002670288086
25,HONEYBEE__DROSOPHILA,1,1,200,0.020249301567673683,0.20000003278255463,0.1997000128030777
25,HONEYBEE__DROSOPHILA,2,-1,200,0.020340178161859512,0.1997000277042389,0.1997000128030777
25,HONEYBEE__DROSOPHILA,3,1,200,0.020431065931916237,0.1997000277042389,0.19940002262592316
25,HONEYBEE__DROSOPHILA,4,-1,200,0.020521940663456917,0.19940002262592316,0.19940002262592316
25,HONEYBEE__DROSOPHILA,5,1,200,0.02061283029615879,0.19940002262592316,0.19910003244876862
25,HONEYBEE__DROSOPHILA,6,-1,200,0.02070370689034462,0.19910003244876862,0.19910003244876862
25,HONEYBEE__DROSOPHILA,7,1,200,0.020794594660401344,0.19910003244876862,0.19880004227161407
25,HONEYBEE__DROSOPHILA,8,-1,200,0.020885473117232323,0.19880004227161407,0.19880004227161407
25,HONEYBEE__DROSOPHILA,9,1,200,0.020976359024643898,0.19880004227161407,0.19850003719329834
25,HONEYBEE__DROSOPHILA,10,-1,200,0.021067233756184578,0.19850003719329834,0.19850003719329834
25,HONEYBEE__DROSOPHILA,11,1,200,0.02115812711417675,0.19850003719329834,0.1982000470161438
25,HONEYBEE__DROSOPHILA,12,-1,200,0.02124900184571743,0.1982000321149826,0.1982000470161438
25,HONEYBEE__DROSOPHILA,13,1,200,0.021339889615774155,0.1982000321149826,0.19790002703666687
25,HONEYBEE__DROSOPHILA,14,-1,200,0.021430764347314835,0.19790002703666687,0.19790002703666687
25,HONEYBEE__DROSOPHILA,15,1,200,0.02152165025472641,0.19790002703666687,0.19760003685951233
25,HONEYBEE__DROSOPHILA,16,-1,200,0.02161252871155739,0.19760002195835114,0.19760003685951233
25,HONEYBEE__DROSOPHILA,17,1,200,0.02170342020690441,0.19760002195835114,0.1973000317811966
25,HONEYBEE__DROSOPHILA,18,-1,200,0.02179429493844509,0.1973000168800354,0.1973000317811966
25,HONEYBEE__DROSOPHILA,19,1,200,0.021885186433792114,0.1973000168800354,0.19700002670288086
25,HONEYBEE__DROSOPHILA,20,-1,200,0.021976061165332794,0.19700002670288086,0.19700002670288086
26,HONEYBEE__DROSOPHILA,1,1,200,0.02010040357708931,0.20000003278255463,0.1997000277042389
26,HONEYBEE__DROSOPHILA,2,-1,200,0.020190687850117683,0.1997000277042389,0.1997000277042389
26,HONEYBEE__DROSOPHILA,3,1,200,0.02028074860572815,0.1997000277042389,0.19940002262592316
26,HONEYBEE__DROSOPHILA,4,-1,200,0.020371031016111374,0.19940002262592316,0.19940002262592316
26,HONEYBEE__DROSOPHILA,5,1,200,0.02046109549701214,0.19940002262592316,0.19910003244876862
26,HONEYBEE__DROSOPHILA,6,-1,200,0.020551376044750214,0.19910003244876862,0.19910003244876862
26,HONEYBEE__DROSOPHILA,7,1,200,0.020641440525650978,0.19910003244876862,0.19880004227161407
26,HONEYBEE__DROSOPHILA,8,-1,200,0.020731719210743904,0.19880002737045288,0.19880004227161407
26,HONEYBEE__DROSOPHILA,9,1,200,0.020821785554289818,0.19880002737045288,0.19850003719329834
26,HONEYBEE__DROSOPHILA,10,-1,200,0.020912060514092445,0.19850003719329834,0.19850003719329834
26,HONEYBEE__DROSOPHILA,11,1,200,0.021002134308218956,0.19850003719329834,0.1982000470161438
26,HONEYBEE__DROSOPHILA,12,-1,200,0.021092409268021584,0.1982000321149826,0.1982000470161438
26,HONEYBEE__DROSOPHILA,13,1,200,0.021182473748922348,0.1982000321149826,0.19790002703666687
26,HONEYBEE__DROSOPHILA,14,-1,200,0.021272756159305573,0.19790002703666687,0.19790002703666687
26,HONEYBEE__DROSOPHILA,15,1,200,0.021362820640206337,0.19790002703666687,0.19760003685951233
26,HONEYBEE__DROSOPHILA,16,-1,200,0.021453101187944412,0.19760002195835114,0.19760003685951233
26,HONEYBEE__DROSOPHILA,17,1,200,0.021543163806200027,0.19760002195835114,0.1973000168800354
26,HONEYBEE__DROSOPHILA,18,-1,200,0.021633444353938103,0.1973000168800354,0.1973000168800354
26,HONEYBEE__DROSOPHILA,19,1,200,0.021723510697484016,0.1973000168800354,0.19700002670288086
26,HONEYBEE__DROSOPHILA,20,-1,200,0.021813787519931793,0.19700002670288086,0.19700002670288086
27,HONEYBEE__DROSOPHILA,1,1,200,0.02012176625430584,0.20000003278255463,0.1997000277042389
27,HONEYBEE__DROSOPHILA,2,-1,200,0.020212508738040924,0.1997000277042389,0.1997000277042389
27,HONEYBEE__DROSOPHILA,3,1,200,0.02030329406261444,0.1997000277042389,0.19940002262592316
27,HONEYBEE__DROSOPHILA,4,-1,200,0.020394038408994675,0.19940002262592316,0.19940002262592316
27,HONEYBEE__DROSOPHILA,5,1,200,0.02048482373356819,0.19940002262592316,0.19910003244876862
27,HONEYBEE__DROSOPHILA,6,-1,200,0.020575571805238724,0.19910001754760742,0.19910003244876862
27,HONEYBEE__DROSOPHILA,7,1,200,0.020666353404521942,0.19910001754760742,0.19880002737045288
27,HONEYBEE__DROSOPHILA,8,-1,200,0.020757099613547325,0.1988000124692917,0.19880002737045288
27,HONEYBEE__DROSOPHILA,9,1,200,0.020847883075475693,0.1988000124692917,0.19850003719329834
27,HONEYBEE__DROSOPHILA,10,-1,200,0.020938631147146225,0.19850003719329834,0.19850003719329834
27,HONEYBEE__DROSOPHILA,11,1,200,0.02102941833436489,0.19850003719329834,0.1982000321149826
27,HONEYBEE__DROSOPHILA,12,-1,200,0.021120162680745125,0.1982000470161438,0.1982000321149826
27,HONEYBEE__DROSOPHILA,13,1,200,0.021210944280028343,0.1982000470161438,0.19790002703666687
27,HONEYBEE__DROSOPHILA,14,-1,200,0.021301692351698875,0.19790002703666687,0.19790002703666687
27,HONEYBEE__DROSOPHILA,15,1,200,0.021392475813627243,0.19790002703666687,0.19760002195835114
27,HONEYBEE__DROSOPHILA,16,-1,200,0.021483218297362328,0.19760003685951233,0.19760002195835114
27,HONEYBEE__DROSOPHILA,17,1,200,0.021574003621935844,0.19760003685951233,0.1973000168800354
27,HONEYBEE__DROSOPHILA,18,-1,200,0.021664753556251526,0.1973000317811966,0.1973000168800354
27,HONEYBEE__DROSOPHILA,19,1,200,0.021755535155534744,0.1973000317811966,0.19700002670288086
27,HONEYBEE__DROSOPHILA,20,-1,200,0.021846279501914978,0.19700002670288086,0.19700002670288086
28,HONEYBEE__DROSOPHILA,1,1,200,0.020084533840417862,0.20000003278255463,0.19970004260540009
28,HONEYBEE__DROSOPHILA,2,-1,200,0.020175369456410408,0.1997000277042389,0.19970004260540009
28,HONEYBEE__DROSOPHILA,3,1,200,0.020266124978661537,0.1997000277042389,0.19940002262592316
28,HONEYBEE__DROSOPHILA,4,-1,200,0.020356958732008934,0.19940002262592316,0.19940002262592316
28,HONEYBEE__DROSOPHILA,5,1,200,0.020447714254260063,0.19940002262592316,0.19910003244876862
28,HONEYBEE__DROSOPHILA,6,-1,200,0.02053854987025261,0.19910001754760742,0.19910003244876862
28,HONEYBEE__DROSOPHILA,7,1,200,0.02062930352985859,0.19910001754760742,0.1988000124692917
28,HONEYBEE__DROSOPHILA,8,-1,200,0.020720139145851135,0.19880002737045288,0.1988000124692917
28,HONEYBEE__DROSOPHILA,9,1,200,0.020810898393392563,0.19880002737045288,0.19850003719329834
28,HONEYBEE__DROSOPHILA,10,-1,200,0.020901726558804512,0.19850003719329834,0.19850003719329834
28,HONEYBEE__DROSOPHILA,11,1,200,0.02099248580634594,0.19850003719329834,0.1982000321149826
28,HONEYBEE__DROSOPHILA,12,-1,200,0.021083323284983635,0.1982000321149826,0.1982000321149826
28,HONEYBEE__DROSOPHILA,13,1,200,0.021174071356654167,0.1982000321149826,0.19790002703666687
28,HONEYBEE__DROSOPHILA,14,-1,200,0.02126491256058216,0.19790004193782806,0.19790002703666687
28,HONEYBEE__DROSOPHILA,15,1,200,0.02135566622018814,0.19790004193782806,0.19760003685951233
28,HONEYBEE__DROSOPHILA,16,-1,200,0.02144649624824524,0.19760003685951233,0.19760003685951233
28,HONEYBEE__DROSOPHILA,17,1,200,0.02153725177049637,0.19760003685951233,0.1973000317811966
28,HONEYBEE__DROSOPHILA,18,-1,200,0.021628091111779213,0.1973000168800354,0.1973000317811966
28,HONEYBEE__DROSOPHILA,19,1,200,0.021718842908740044,0.1973000168800354,0.19700002670288086
28,HONEYBEE__DROSOPHILA,20,-1,200,0.02180967852473259,0.19700002670288086,0.19700002670288086
29,HONEYBEE__DROSOPHILA,1,1,200,0.020083177834749222,0.20000003278255463,0.1997000277042389
29,HONEYBEE__DROSOPHILA,2,-1,200,0.020173901692032814,0.19970004260540009,0.1997000277042389
29,HONEYBEE__DROSOPHILA,3,1,200,0.02026471495628357,0.19970004260540009,0.19940002262592316
29,HONEYBEE__DROSOPHILA,4,-1,200,0.020355435088276863,0.19940002262592316,0.19940002262592316
29,HONEYBEE__DROSOPHILA,5,1,200,0.020446253940463066,0.19940002262592316,0.19910003244876862
29,HONEYBEE__DROSOPHILA,6,-1,200,0.02053697220981121,0.19910003244876862,0.19910003244876862
29,HONEYBEE__DROSOPHILA,7,1,200,0.020627785474061966,0.19910003244876862,0.1988000124692917
29,HONEYBEE__DROSOPHILA,8,-1,200,0.02071850560605526,0.1988000124692917,0.1988000124692917
29,HONEYBEE__DROSOPHILA,9,1,200,0.020809320732951164,0.1988000124692917,0.19850003719329834
29,HONEYBEE__DROSOPHILA,10,-1,200,0.020900040864944458,0.19850003719329834,0.19850003719329834
29,HONEYBEE__DROSOPHILA,11,1,200,0.020990857854485512,0.19850003719329834,0.1982000470161438
29,HONEYBEE__DROSOPHILA,12,-1,200,0.021081572398543358,0.1982000470161438,0.1982000470161438
29,HONEYBEE__DROSOPHILA,13,1,200,0.02117238938808441,0.1982000470161438,0.19790002703666687
29,HONEYBEE__DROSOPHILA,14,-1,200,0.021263113245368004,0.19790002703666687,0.19790002703666687
29,HONEYBEE__DROSOPHILA,15,1,200,0.02135392278432846,0.19790002703666687,0.19760002195835114
29,HONEYBEE__DROSOPHILA,16,-1,200,0.021444646641612053,0.19760002195835114,0.19760002195835114
29,HONEYBEE__DROSOPHILA,17,1,200,0.02153545618057251,0.19760002195835114,0.1973000168800354
29,HONEYBEE__DROSOPHILA,18,-1,200,0.021626180037856102,0.1973000168800354,0.1973000168800354
29,HONEYBEE__DROSOPHILA,19,1,200,0.021716991439461708,0.1973000168800354,0.19700002670288086
29,HONEYBEE__DROSOPHILA,20,-1,200,0.0218077152967453,0.19700002670288086,0.19700002670288086
30,HONEYBEE__DROSOPHILA,1,1,200,0.020236648619174957,0.20000003278255463,0.19970004260540009
30,HONEYBEE__DROSOPHILA,2,-1,200,0.020327363163232803,0.1997000277042389,0.19970004260540009
30,HONEYBEE__DROSOPHILA,3,1,200,0.02041793055832386,0.1997000277042389,0.19940002262592316
30,HONEYBEE__DROSOPHILA,4,-1,200,0.020508650690317154,0.19940002262592316,0.19940002262592316
30,HONEYBEE__DROSOPHILA,5,1,200,0.02059921622276306,0.19940002262592316,0.19910003244876862
30,HONEYBEE__DROSOPHILA,6,-1,200,0.020689938217401505,0.19910001754760742,0.19910003244876862
30,HONEYBEE__DROSOPHILA,7,1,200,0.020780498161911964,0.19910001754760742,0.19880002737045288
30,HONEYBEE__DROSOPHILA,8,-1,200,0.020871220156550407,0.19880002737045288,0.19880002737045288
30,HONEYBEE__DROSOPHILA,9,1,200,0.020961783826351166,0.19880002737045288,0.19850003719329834
30,HONEYBEE__DROSOPHILA,10,-1,200,0.02105250209569931,0.19850003719329834,0.19850003719329834
30,HONEYBEE__DROSOPHILA,11,1,200,0.021143071353435516,0.19850003719329834,0.1982000321149826
30,HONEYBEE__DROSOPHILA,12,-1,200,0.02123379334807396,0.1982000321149826,0.1982000321149826
30,HONEYBEE__DROSOPHILA,13,1,200,0.02132435142993927,0.1982000321149826,0.19790002703666687
30,HONEYBEE__DROSOPHILA,14,-1,200,0.02141507901251316,0.19790002703666687,0.19790002703666687
30,HONEYBEE__DROSOPHILA,15,1,200,0.02150564268231392,0.19790002703666687,0.19760003685951233
30,HONEYBEE__DROSOPHILA,16,-1,200,0.021596357226371765,0.19760003685951233,0.19760003685951233
30,HONEYBEE__DROSOPHILA,17,1,200,0.02168692834675312,0.19760003685951233,0.1973000317811966
30,HONEYBEE__DROSOPHILA,18,-1,200,0.021777644753456116,0.1973000168800354,0.1973000317811966
30,HONEYBEE__DROSOPHILA,19,1,200,0.021868208423256874,0.1973000168800354,0.19700002670288086
30,HONEYBEE__DROSOPHILA,20,-1,200,0.021958928555250168,0.19700002670288086,0.19700002670288086
31,HONEYBEE__DROSOPHILA,1,1,200,0.02004503458738327,0.20000003278255463,0.19970004260540009
31,HONEYBEE__DROSOPHILA,2,-1,200,0.020134905353188515,0.1997000277042389,0.19970004260540009
31,HONEYBEE__DROSOPHILA,3,1,200,0.020224571228027344,0.1997000277042389,0.19940002262592316
31,HONEYBEE__DROSOPHILA,4,-1,200,0.020314451307058334,0.19940002262592316,0.19940002262592316
31,HONEYBEE__DROSOPHILA,5,1,200,0.020404115319252014,0.19940002262592316,0.19910003244876862
31,HONEYBEE__DROSOPHILA,6,-1,200,0.020493991672992706,0.19910001754760742,0.19910003244876862
31,HONEYBEE__DROSOPHILA,7,1,200,0.020583651959896088,0.19910001754760742,0.19880002737045288
31,HONEYBEE__DROSOPHILA,8,-1,200,0.02067353017628193,0.19880002737045288,0.19880002737045288
31,HONEYBEE__DROSOPHILA,9,1,200,0.020763197913765907,0.19880002737045288,0.19850003719329834
31,HONEYBEE__DROSOPHILA,10,-1,200,0.0208530705422163,0.19850003719329834,0.19850003719329834
31,HONEYBEE__DROSOPHILA,11,1,200,0.02094273455440998,0.19850003719329834,0.1982000321149826
31,HONEYBEE__DROSOPHILA,12,-1,200,0.021032609045505524,0.1982000321149826,0.1982000321149826
31,HONEYBEE__DROSOPHILA,13,1,200,0.02112227864563465,0.1982000321149826,0.19790004193782806
31,HONEYBEE__DROSOPHILA,14,-1,200,0.021212153136730194,0.19790002703666687,0.19790004193782806
31,HONEYBEE__DROSOPHILA,15,1,200,0.021301813423633575,0.19790002703666687,0.19760003685951233
31,HONEYBEE__DROSOPHILA,16,-1,200,0.021391689777374268,0.19760003685951233,0.19760003685951233
31,HONEYBEE__DROSOPHILA,17,1,200,0.021481357514858246,0.19760003685951233,0.1973000168800354
31,HONEYBEE__DROSOPHILA,18,-1,200,0.02157123014330864,0.1973000317811966,0.1973000168800354
31,HONEYBEE__DROSOPHILA,19,1,200,0.021660897880792618,0.1973000317811966,0.19700002670288086
31,HONEYBEE__DROSOPHILA,20,-1,200,0.021750766783952713,0.19700002670288086,0.19700002670288086
32,HONEYBEE__DROSOPHILA,1,1,200,0.02000466361641884,0.20000003278255463,0.1997000277042389
32,HONEYBEE__DROSOPHILA,2,-1,200,0.020094314590096474,0.19970004260540009,0.1997000277042389
32,HONEYBEE__DROSOPHILA,3,1,200,0.020183930173516273,0.19970004260540009,0.19940002262592316
32,HONEYBEE__DROSOPHILA,4,-1,200,0.02027358114719391,0.19940002262592316,0.19940002262592316
32,HONEYBEE__DROSOPHILA,5,1,200,0.02036319300532341,0.19940002262592316,0.19910001754760742
32,HONEYBEE__DROSOPHILA,6,-1,200,0.020452845841646194,0.19910001754760742,0.19910001754760742
32,HONEYBEE__DROSOPHILA,7,1,200,0.020542457699775696,0.19910001754760742,0.19880002737045288
32,HONEYBEE__DROSOPHILA,8,-1,200,0.02063210867345333,0.1988000124692917,0.19880002737045288
32,HONEYBEE__DROSOPHILA,9,1,200,0.02072172611951828,0.1988000124692917,0.19850003719329834
32,HONEYBEE__DROSOPHILA,10,-1,200,0.020811377093195915,0.19850003719329834,0.19850003719329834
32,HONEYBEE__DROSOPHILA,11,1,200,0.020900987088680267,0.19850003719329834,0.1982000470161438
32,HONEYBEE__DROSOPHILA,12,-1,200,0.020990638062357903,0.1982000321149826,0.1982000470161438
32,HONEYBEE__DROSOPHILA,13,1,200,0.021080253645777702,0.1982000321149826,0.19790002703666687
32,HONEYBEE__DROSOPHILA,14,-1,200,0.021169906482100487,0.19790002703666687,0.19790002703666687
32,HONEYBEE__DROSOPHILA,15,1,200,0.021259518340229988,0.19790002703666687,0.19760003685951233
32,HONEYBEE__DROSOPHILA,16,-1,200,0.021349169313907623,0.19760003685951233,0.19760003685951233
32,HONEYBEE__DROSOPHILA,17,1,200,0.021438784897327423,0.19760003685951233,0.1973000168800354
32,HONEYBEE__DROSOPHILA,18,-1,200,0.02152843587100506,0.1973000168800354,0.1973000168800354
32,HONEYBEE__DROSOPHILA,19,1,200,0.02161804959177971,0.1973000168800354,0.19700002670288086
32,HONEYBEE__DROSOPHILA,20,-1,200,0.021707700565457344,0.19700002670288086,0.19700002670288086
33,HONEYBEE__DROSOPHILA,1,1,200,0.02012571506202221,0.20000003278255463,0.19970004260540009
33,HONEYBEE__DROSOPHILA,2,-1,200,0.020215192809700966,0.1997000277042389,0.19970004260540009
33,HONEYBEE__DROSOPHILA,3,1,200,0.020304810255765915,0.1997000277042389,0.19940002262592316
33,HONEYBEE__DROSOPHILA,4,-1,200,0.020394282415509224,0.19940002262592316,0.19940002262592316
33,HONEYBEE__DROSOPHILA,5,1,200,0.02048390544950962,0.19940002262592316,0.19910001754760742
33,HONEYBEE__DROSOPHILA,6,-1,200,0.02057337947189808,0.19910003244876862,0.19910001754760742
33,HONEYBEE__DROSOPHILA,7,1,200,0.020663000643253326,0.19910003244876862,0.19880002737045288
33,HONEYBEE__DROSOPHILA,8,-1,200,0.020752478390932083,0.19880004227161407,0.19880002737045288
33,HONEYBEE__DROSOPHILA,9,1,200,0.020842092111706734,0.19880004227161407,0.19850003719329834
33,HONEYBEE__DROSOPHILA,10,-1,200,0.02093157172203064,0.19850003719329834,0.19850003719329834
33,HONEYBEE__DROSOPHILA,11,1,200,0.021021191030740738,0.19850003719329834,0.1982000470161438
33,HONEYBEE__DROSOPHILA,12,-1,200,0.021110663190484047,0.1982000470161438,0.1982000470161438
33,HONEYBEE__DROSOPHILA,13,1,200,0.021200286224484444,0.1982000470161438,0.19790002703666687
33,HONEYBEE__DROSOPHILA,14,-1,200,0.021289760246872902,0.19790002703666687,0.19790002703666687
33,HONEYBEE__DROSOPHILA,15,1,200,0.021379379555583,0.19790002703666687,0.19760002195835114
33,HONEYBEE__DROSOPHILA,16,-1,200,0.021468857303261757,0.19760002195835114,0.19760002195835114
33,HONEYBEE__DROSOPHILA,17,1,200,0.021558474749326706,0.19760002195835114,0.1973000168800354
33,HONEYBEE__DROSOPHILA,18,-1,200,0.021647952497005463,0.1973000168800354,0.1973000168800354
33,HONEYBEE__DROSOPHILA,19,1,200,0.02173756994307041,0.1973000168800354,0.19700002670288086
33,HONEYBEE__DROSOPHILA,20,-1,200,0.02182704396545887,0.19700002670288086,0.19700002670288086
34,HONEYBEE__DROSOPHILA,1,1,200,0.019996194168925285,0.20000003278255463,0.19970004260540009
34,HONEYBEE__DROSOPHILA,2,-1,200,0.020087234675884247,0.19970004260540009,0.19970004260540009
34,HONEYBEE__DROSOPHILA,3,1,200,0.02017819881439209,0.19970004260540009,0.19940002262592316
34,HONEYBEE__DROSOPHILA,4,-1,200,0.0202692411839962,0.19940002262592316,0.19940002262592316
34,HONEYBEE__DROSOPHILA,5,1,200,0.020360207185149193,0.19940002262592316,0.19910003244876862
34,HONEYBEE__DROSOPHILA,6,-1,200,0.020451243966817856,0.19910003244876862,0.19910003244876862
34,HONEYBEE__DROSOPHILA,7,1,200,0.020542209967970848,0.19910003244876862,0.19880002737045288
34,HONEYBEE__DROSOPHILA,8,-1,200,0.02063324674963951,0.19880002737045288,0.19880002737045288
34,HONEYBEE__DROSOPHILA,9,1,200,0.020724210888147354,0.19880002737045288,0.19850003719329834
34,HONEYBEE__DROSOPHILA,10,-1,200,0.020815256983041763,0.19850003719329834,0.19850003719329834
34,HONEYBEE__DROSOPHILA,11,1,200,0.02090621553361416,0.19850003719329834,0.1982000321149826
34,HONEYBEE__DROSOPHILA,12,-1,200,0.020997261628508568,0.1982000321149826,0.1982000321149826
34,HONEYBEE__DROSOPHILA,13,1,200,0.02108822576701641,0.1982000321149826,0.19790002703666687
34,HONEYBEE__DROSOPHILA,14,-1,200,0.021179264411330223,0.19790002703666687,0.19790002703666687
34,HONEYBEE__DROSOPHILA,15,1,200,0.021270226687192917,0.19790002703666687,0.19760003685951233
34,HONEYBEE__DROSOPHILA,16,-1,200,0.02136126719415188,0.19760003685951233,0.19760003685951233
34,HONEYBEE__DROSOPHILA,17,1,200,0.02145223692059517,0.19760003685951233,0.1973000168800354
34,HONEYBEE__DROSOPHILA,18,-1,200,0.021543273702263832,0.1973000317811966,0.1973000168800354
34,HONEYBEE__DROSOPHILA,19,1,200,0.021634237840771675,0.1973000317811966,0.19700002670288086
34,HONEYBEE__DROSOPHILA,20,-1,200,0.021725280210375786,0.19700002670288086,0.19700002670288086
35,HONEYBEE__DROSOPHILA,1,1,200,0.02021472156047821,0.20000003278255463,0.1997000277042389
35,HONEYBEE__DROSOPHILA,2,-1,200,0.0203058123588562,0.1997000277042389,0.1997000277042389
35,HONEYBEE__DROSOPHILA,3,1,200,0.02039705589413643,0.1997000277042389,0.19940002262592316
35,HONEYBEE__DROSOPHILA,4,-1,200,0.02048814482986927,0.19940002262592316,0.19940002262592316
35,HONEYBEE__DROSOPHILA,5,1,200,0.02057938650250435,0.19940002262592316,0.19910003244876862
35,HONEYBEE__DROSOPHILA,6,-1,200,0.02067047543823719,0.19910001754760742,0.19910003244876862
35,HONEYBEE__DROSOPHILA,7,1,200,0.02076171338558197,0.19910001754760742,0.1988000124692917
35,HONEYBEE__DROSOPHILA,8,-1,200,0.02085280232131481,0.19880002737045288,0.1988000124692917
35,HONEYBEE__DROSOPHILA,9,1,200,0.02094404771924019,0.19880002737045288,0.19850003719329834
35,HONEYBEE__DROSOPHILA,10,-1,200,0.021035131067037582,0.19850003719329834,0.19850003719329834
35,HONEYBEE__DROSOPHILA,11,1,200,0.02112637273967266,0.19850003719329834,0.1982000321149826
35,HONEYBEE__DROSOPHILA,12,-1,200,0.0212174691259861,0.1982000470161438,0.1982000321149826
35,HONEYBEE__DROSOPHILA,13,1,200,0.02130870334804058,0.1982000470161438,0.19790002703666687
35,HONEYBEE__DROSOPHILA,14,-1,200,0.02139979787170887,0.19790002703666687,0.19790002703666687
35,HONEYBEE__DROSOPHILA,15,1,200,0.02149103581905365,0.19790002703666687,0.19760002195835114
35,HONEYBEE__DROSOPHILA,16,-1,200,0.02158212661743164,0.19760002195835114,0.19760002195835114
35,HONEYBEE__DROSOPHILA,17,1,200,0.02167336829006672,0.19760002195835114,0.1973000168800354
35,HONEYBEE__DROSOPHILA,18,-1,200,0.021764453500509262,0.1973000168800354,0.1973000168800354
35,HONEYBEE__DROSOPHILA,19,1,200,0.02185569517314434,0.1973000168800354,0.19700002670288086
35,HONEYBEE__DROSOPHILA,20,-1,200,0.021946782246232033,0.19700002670288086,0.19700002670288086
36,HONEYBEE__DROSOPHILA,1,1,200,0.020370131358504295,0.20000003278255463,0.19970004260540009
36,HONEYBEE__DROSOPHILA,2,-1,200,0.020461013540625572,0.1997000277042389,0.19970004260540009
36,HONEYBEE__DROSOPHILA,3,1,200,0.020551826804876328,0.1997000277042389,0.19940002262592316
36,HONEYBEE__DROSOPHILA,4,-1,200,0.020642707124352455,0.19940002262592316,0.19940002262592316
36,HONEYBEE__DROSOPHILA,5,1,200,0.02073352038860321,0.19940002262592316,0.19910003244876862
36,HONEYBEE__DROSOPHILA,6,-1,200,0.02082439884543419,0.19910001754760742,0.19910003244876862
36,HONEYBEE__DROSOPHILA,7,1,200,0.020915213972330093,0.19910001754760742,0.1988000124692917
36,HONEYBEE__DROSOPHILA,8,-1,200,0.02100609429180622,0.1988000124692917,0.1988000124692917
36,HONEYBEE__DROSOPHILA,9,1,200,0.021096909418702126,0.1988000124692917,0.19850003719329834
36,HONEYBEE__DROSOPHILA,10,-1,200,0.021187789738178253,0.19850003719329834,0.19850003719329834
36,HONEYBEE__DROSOPHILA,11,1,200,0.02127860300242901,0.19850003719329834,0.1982000470161438
36,HONEYBEE__DROSOPHILA,12,-1,200,0.021369485184550285,0.1982000470161438,0.1982000470161438
36,HONEYBEE__DROSOPHILA,13,1,200,0.02146030031144619,0.1982000470161438,0.19790002703666687
36,HONEYBEE__DROSOPHILA,14,-1,200,0.02155117876827717,0.19790002703666687,0.19790002703666687
36,HONEYBEE__DROSOPHILA,15,1,200,0.02164199762046337,0.19790002703666687,0.19760003685951233
36,HONEYBEE__DROSOPHILA,16,-1,200,0.0217328779399395,0.19760003685951233,0.19760003685951233
36,HONEYBEE__DROSOPHILA,17,1,200,0.021823689341545105,0.19760003685951233,0.1973000168800354
36,HONEYBEE__DROSOPHILA,18,-1,200,0.02191457338631153,0.1973000168800354,0.1973000168800354
36,HONEYBEE__DROSOPHILA,19,1,200,0.022005382925271988,0.1973000168800354,0.19700002670288086
36,HONEYBEE__DROSOPHILA,20,-1,200,0.022096265107393265,0.19700002670288086,0.19700002670288086
37,HONEYBEE__DROSOPHILA,1,1,200,0.02021622471511364,0.20000003278255463,0.19970004260540009
37,HONEYBEE__DROSOPHILA,2,-1,200,0.02030682936310768,0.19970004260540009,0.19970004260540009
37,HONEYBEE__DROSOPHILA,3,1,200,0.020397376269102097,0.19970004260540009,0.19940003752708435
37,HONEYBEE__DROSOPHILA,4,-1,200,0.02048797905445099,0.19940002262592316,0.19940003752708435
37,HONEYBEE__DROSOPHILA,5,1,200,0.020578525960445404,0.19940002262592316,0.19910001754760742
37,HONEYBEE__DROSOPHILA,6,-1,200,0.020669130608439445,0.19910003244876862,0.19910001754760742
37,HONEYBEE__DROSOPHILA,7,1,200,0.020759671926498413,0.19910003244876862,0.19880002737045288
37,HONEYBEE__DROSOPHILA,8,-1,200,0.020850280299782753,0.1988000124692917,0.19880002737045288
37,HONEYBEE__DROSOPHILA,9,1,200,0.02094082534313202,0.1988000124692917,0.19850003719329834
37,HONEYBEE__DROSOPHILA,10,-1,200,0.02103142999112606,0.19850003719329834,0.19850003719329834
37,HONEYBEE__DROSOPHILA,11,1,200,0.021121975034475327,0.19850003719329834,0.1982000470161438
37,HONEYBEE__DROSOPHILA,12,-1,200,0.021212579682469368,0.1982000321149826,0.1982000470161438
37,HONEYBEE__DROSOPHILA,13,1,200,0.021303122863173485,0.1982000321149826,0.19790002703666687
37,HONEYBEE__DROSOPHILA,14,-1,200,0.021393731236457825,0.19790002703666687,0.19790002703666687
37,HONEYBEE__DROSOPHILA,15,1,200,0.02148427814245224,0.19790002703666687,0.19760003685951233
37,HONEYBEE__DROSOPHILA,16,-1,200,0.021574877202510834,0.19760002195835114,0.19760003685951233
37,HONEYBEE__DROSOPHILA,17,1,200,0.02166542410850525,0.19760002195835114,0.1973000317811966
37,HONEYBEE__DROSOPHILA,18,-1,200,0.02175603248178959,0.1973000168800354,0.1973000317811966
37,HONEYBEE__DROSOPHILA,19,1,200,0.021846571937203407,0.1973000168800354,0.19700002670288086
37,HONEYBEE__DROSOPHILA,20,-1,200,0.021937180310487747,0.19700002670288086,0.19700002670288086
38,HONEYBEE__DROSOPHILA,1,1,200,0.020051179453730583,0.20000003278255463,0.1997000277042389
38,HONEYBEE__DROSOPHILA,2,-1,200,0.02014097198843956,0.1997000277042389,0.1997000277042389
38,HONEYBEE__DROSOPHILA,3,1,200,0.020230839028954506,0.1997000277042389,0.19940002262592316
38,HONEYBEE__DROSOPHILA,4,-1,200,0.020320633426308632,0.19940002262592316,0.19940002262592316
38,HONEYBEE__DROSOPHILA,5,1,200,0.020410506054759026,0.19940002262592316,0.19910003244876862
38,HONEYBEE__DROSOPHILA,6,-1,200,0.02050030045211315,0.19910003244876862,0.19910003244876862
38,HONEYBEE__DROSOPHILA,7,1,200,0.020590171217918396,0.19910003244876862,0.19880002737045288
38,HONEYBEE__DROSOPHILA,8,-1,200,0.020679965615272522,0.19880002737045288,0.19880002737045288
38,HONEYBEE__DROSOPHILA,9,1,200,0.020769838243722916,0.19880002737045288,0.19850003719329834
38,HONEYBEE__DROSOPHILA,10,-1,200,0.02085963450372219,0.19850005209445953,0.19850003719329834
38,HONEYBEE__DROSOPHILA,11,1,200,0.020949499681591988,0.19850005209445953,0.1982000321149826
38,HONEYBEE__DROSOPHILA,12,-1,200,0.021039297804236412,0.1982000470161438,0.1982000321149826
38,HONEYBEE__DROSOPHILA,13,1,200,0.02112916298210621,0.1982000470161438,0.19790004193782806
38,HONEYBEE__DROSOPHILA,14,-1,200,0.021218957379460335,0.19790002703666687,0.19790004193782806
38,HONEYBEE__DROSOPHILA,15,1,200,0.02130882814526558,0.19790002703666687,0.19760003685951233
38,HONEYBEE__DROSOPHILA,16,-1,200,0.021398628130555153,0.19760002195835114,0.19760003685951233
38,HONEYBEE__DROSOPHILA,17,1,200,0.02148849330842495,0.19760002195835114,0.1973000317811966
38,HONEYBEE__DROSOPHILA,18,-1,200,0.021578291431069374,0.1973000168800354,0.1973000317811966
38,HONEYBEE__DROSOPHILA,19,1,200,0.02166815660893917,0.1973000168800354,0.19700002670288086
38,HONEYBEE__DROSOPHILA,20,-1,200,0.021757956594228745,0.19700002670288086,0.19700002670288086
39,HONEYBEE__DROSOPHILA,1,1,200,0.020151767879724503,0.20000003278255463,0.1997000277042389
39,HONEYBEE__DROSOPHILA,2,-1,200,0.02024220861494541,0.19970004260540009,0.1997000277042389
39,HONEYBEE__DROSOPHILA,3,1,200,0.020332729443907738,0.19970004260540009,0.19940002262592316
39,HONEYBEE__DROSOPHILA,4,-1,200,0.020423172041773796,0.19940002262592316,0.19940002262592316
39,HONEYBEE__DROSOPHILA,5,1,200,0.02051369659602642,0.19940002262592316,0.19910001754760742
39,HONEYBEE__DROSOPHILA,6,-1,200,0.02060413733124733,0.19910003244876862,0.19910001754760742
39,HONEYBEE__DROSOPHILA,7,1,200,0.020694660022854805,0.19910003244876862,0.19880002737045288
39,HONEYBEE__DROSOPHILA,8,-1,200,0.020785104483366013,0.19880002737045288,0.19880002737045288
39,HONEYBEE__DROSOPHILA,9,1,200,0.02087562531232834,0.19880002737045288,0.19850003719329834
39,HONEYBEE__DROSOPHILA,10,-1,200,0.020966069772839546,0.19850003719329834,0.19850003719329834
39,HONEYBEE__DROSOPHILA,11,1,200,0.021056588739156723,0.19850003719329834,0.1982000321149826
39,HONEYBEE__DROSOPHILA,12,-1,200,0.02114703692495823,0.1982000470161438,0.1982000321149826
39,HONEYBEE__DROSOPHILA,13,1,200,0.021237555891275406,0.1982000470161438,0.19790002703666687
39,HONEYBEE__DROSOPHILA,14,-1,200,0.021327998489141464,0.19790002703666687,0.19790002703666687
39,HONEYBEE__DROSOPHILA,15,1,200,0.02141852118074894,0.19790002703666687,0.19760003685951233
39,HONEYBEE__DROSOPHILA,16,-1,200,0.021508965641260147,0.19760003685951233,0.19760003685951233
39,HONEYBEE__DROSOPHILA,17,1,200,0.021599486470222473,0.19760003685951233,0.1973000317811966
39,HONEYBEE__DROSOPHILA,18,-1,200,0.02168993093073368,0.1973000168800354,0.1973000317811966
39,HONEYBEE__DROSOPHILA,19,1,200,0.021780457347631454,0.1973000168800354,0.19700002670288086
39,HONEYBEE__DROSOPHILA,20,-1,200,0.021870898082852364,0.19700002670288086,0.19700002670288086
40,HONEYBEE__DROSOPHILA,1,1,200,0.019992629066109657,0.20000003278255463,0.19970004260540009
40,HONEYBEE__DROSOPHILA,2,-1,200,0.020082613453269005,0.19970004260540009,0.19970004260540009
40,HONEYBEE__DROSOPHILA,3,1,200,0.020172635093331337,0.19970004260540009,0.19940002262592316
40,HONEYBEE__DROSOPHILA,4,-1,200,0.020262619480490685,0.19940002262592316,0.19940002262592316
40,HONEYBEE__DROSOPHILA,5,1,200,0.020352644845843315,0.19940002262592316,0.19910003244876862
40,HONEYBEE__DROSOPHILA,6,-1,200,0.020442631095647812,0.19910003244876862,0.19910003244876862
40,HONEYBEE__DROSOPHILA,7,1,200,0.020532654598355293,0.19910003244876862,0.19880002737045288
40,HONEYBEE__DROSOPHILA,8,-1,200,0.02062264084815979,0.19880002737045288,0.19880002737045288
40,HONEYBEE__DROSOPHILA,9,1,200,0.02071266435086727,0.19880002737045288,0.19850003719329834
40,HONEYBEE__DROSOPHILA,10,-1,200,0.020802650600671768,0.19850003719329834,0.19850003719329834
40,HONEYBEE__DROSOPHILA,11,1,200,0.0208926759660244,0.19850003719329834,0.1982000470161438
40,HONEYBEE__DROSOPHILA,12,-1,200,0.020982658490538597,0.1982000470161438,0.1982000470161438
40,HONEYBEE__DROSOPHILA,13,1,200,0.021072683855891228,0.1982000470161438,0.19790002703666687
40,HONEYBEE__DROSOPHILA,14,-1,200,0.021162673830986023,0.19790002703666687,0.19790002703666687
40,HONEYBEE__DROSOPHILA,15,1,200,0.021252697333693504,0.19790002703666687,0.19760003685951233
40,HONEYBEE__DROSOPHILA,16,-1,200,0.021342679858207703,0.19760003685951233,0.19760003685951233
40,HONEYBEE__DROSOPHILA,17,1,200,0.021432703360915184,0.19760003685951233,0.1973000317811966
40,HONEYBEE__DROSOPHILA,18,-1,200,0.02152268961071968,0.1973000317811966,0.1973000317811966
40,HONEYBEE__DROSOPHILA,19,1,200,0.02161271497607231,0.1973000317811966,0.19700002670288086
40,HONEYBEE__DROSOPHILA,20,-1,200,0.02170269936323166,0.19700002670288086,0.19700002670288086
41,HONEYBEE__DROSOPHILA,1,1,200,0.020046688616275787,0.20000003278255463,0.19970004260540009
41,HONEYBEE__DROSOPHILA,2,-1,200,0.020137140527367592,0.1997000277042389,0.19970004260540009
41,HONEYBEE__DROSOPHILA,3,1,200,0.02022760920226574,0.1997000277042389,0.19940002262592316
41,HONEYBEE__DROSOPHILA,4,-1,200,0.020318061113357544,0.19940002262592316,0.19940002262592316
41,HONEYBEE__DROSOPHILA,5,1,200,0.02040852978825569,0.19940002262592316,0.19910001754760742
41,HONEYBEE__DROSOPHILA,6,-1,200,0.020498981699347496,0.19910003244876862,0.19910001754760742
41,HONEYBEE__DROSOPHILA,7,1,200,0.020589452236890793,0.19910003244876862,0.19880002737045288
41,HONEYBEE__DROSOPHILA,8,-1,200,0.020679902285337448,0.19880002737045288,0.19880002737045288
41,HONEYBEE__DROSOPHILA,9,1,200,0.020770370960235596,0.19880002737045288,0.19850003719329834
41,HONEYBEE__DROSOPHILA,10,-1,200,0.020860815420746803,0.19850003719329834,0.19850003719329834
41,HONEYBEE__DROSOPHILA,11,1,200,0.020951291546225548,0.19850003719329834,0.1982000470161438
41,HONEYBEE__DROSOPHILA,12,-1,200,0.021041736006736755,0.1982000470161438,0.1982000470161438
41,HONEYBEE__DROSOPHILA,13,1,200,0.02113221026957035,0.1982000470161438,0.19790002703666687
41,HONEYBEE__DROSOPHILA,14,-1,200,0.021222660318017006,0.19790002703666687,0.19790002703666687
41,HONEYBEE__DROSOPHILA,15,1,200,0.021313125267624855,0.19790002703666687,0.19760003685951233
41,HONEYBEE__DROSOPHILA,16,-1,200,0.02140357904136181,0.19760002195835114,0.19760003685951233
41,HONEYBEE__DROSOPHILA,17,1,200,0.021494055166840553,0.19760002195835114,0.1973000317811966
41,HONEYBEE__DROSOPHILA,18,-1,200,0.02158449776470661,0.1973000168800354,0.1973000317811966
41,HONEYBEE__DROSOPHILA,19,1,200,0.021674970164895058,0.1973000168800354,0.19700002670288086
41,HONEYBEE__DROSOPHILA,20,-1,200,0.021765422075986862,0.19700002670288086,0.19700002670288086
42,HONEYBEE__DROSOPHILA,1,1,200,0.020126046612858772,0.20000003278255463,0.19970004260540009
42,HONEYBEE__DROSOPHILA,2,-1,200,0.0202163178473711,0.19970004260540009,0.19970004260540009
42,HONEYBEE__DROSOPHILA,3,1,200,0.020306594669818878,0.19970004260540009,0.19940002262592316
42,HONEYBEE__DROSOPHILA,4,-1,200,0.020396865904331207,0.19940002262592316,0.19940002262592316
42,HONEYBEE__DROSOPHILA,5,1,200,0.020487142726778984,0.19940002262592316,0.19910003244876862
42,HONEYBEE__DROSOPHILA,6,-1,200,0.02057741768658161,0.19910001754760742,0.19910003244876862
42,HONEYBEE__DROSOPHILA,7,1,200,0.02066769450902939,0.19910001754760742,0.19880002737045288
42,HONEYBEE__DROSOPHILA,8,-1,200,0.02075796201825142,0.19880002737045288,0.19880002737045288
42,HONEYBEE__DROSOPHILA,9,1,200,0.020848246291279793,0.19880002737045288,0.19850003719329834
42,HONEYBEE__DROSOPHILA,10,-1,200,0.020938513800501823,0.19850003719329834,0.19850003719329834
42,HONEYBEE__DROSOPHILA,11,1,200,0.021028796210885048,0.19850003719329834,0.1982000470161438
42,HONEYBEE__DROSOPHILA,12,-1,200,0.021119065582752228,0.1982000172138214,0.1982000470161438
42,HONEYBEE__DROSOPHILA,13,1,200,0.021209342405200005,0.1982000172138214,0.19790002703666687
42,HONEYBEE__DROSOPHILA,14,-1,200,0.021299613639712334,0.19790002703666687,0.19790002703666687
42,HONEYBEE__DROSOPHILA,15,1,200,0.021389897912740707,0.19790002703666687,0.19760003685951233
42,HONEYBEE__DROSOPHILA,16,-1,200,0.02148016355931759,0.19760003685951233,0.19760003685951233
42,HONEYBEE__DROSOPHILA,17,1,200,0.021570444107055664,0.19760003685951233,0.1973000168800354
42,HONEYBEE__DROSOPHILA,18,-1,200,0.021660713478922844,0.1973000317811966,0.1973000168800354
42,HONEYBEE__DROSOPHILA,19,1,200,0.02175099588930607,0.1973000317811966,0.19700002670288086
42,HONEYBEE__DROSOPHILA,20,-1,200,0.02184126153588295,0.19700002670288086,0.19700002670288086
43,HONEYBEE__DROSOPHILA,1,1,200,0.020111119374632835,0.20000003278255463,0.19970004260540009
43,HONEYBEE__DROSOPHILA,2,-1,200,0.020201146602630615,0.1997000277042389,0.19970004260540009
43,HONEYBEE__DROSOPHILA,3,1,200,0.020291144028306007,0.1997000277042389,0.19940002262592316
43,HONEYBEE__DROSOPHILA,4,-1,200,0.020381174981594086,0.19940002262592316,0.19940002262592316
43,HONEYBEE__DROSOPHILA,5,1,200,0.02047116495668888,0.19940002262592316,0.19910003244876862
43,HONEYBEE__DROSOPHILA,6,-1,200,0.020561201497912407,0.19910003244876862,0.19910003244876862
43,HONEYBEE__DROSOPHILA,7,1,200,0.02065119333565235,0.19910003244876862,0.1988000124692917
43,HONEYBEE__DROSOPHILA,8,-1,200,0.02074122615158558,0.19880002737045288,0.1988000124692917
43,HONEYBEE__DROSOPHILA,9,1,200,0.020831219851970673,0.19880002737045288,0.19850003719329834
43,HONEYBEE__DROSOPHILA,10,-1,200,0.02092125080525875,0.19850003719329834,0.19850003719329834
43,HONEYBEE__DROSOPHILA,11,1,200,0.021011250093579292,0.19850003719329834,0.1982000470161438
43,HONEYBEE__DROSOPHILA,12,-1,200,0.021101271733641624,0.1982000470161438,0.1982000470161438
43,HONEYBEE__DROSOPHILA,13,1,200,0.021191267296671867,0.1982000470161438,0.19790002703666687
43,HONEYBEE__DROSOPHILA,14,-1,200,0.021281301975250244,0.19790002703666687,0.19790002703666687
43,HONEYBEE__DROSOPHILA,15,1,200,0.021371299400925636,0.19790002703666687,0.19760002195835114
43,HONEYBEE__DROSOPHILA,16,-1,200,0.021461324766278267,0.19760003685951233,0.19760002195835114
43,HONEYBEE__DROSOPHILA,17,1,200,0.02155132405459881,0.19760003685951233,0.1973000168800354
43,HONEYBEE__DROSOPHILA,18,-1,200,0.02164134941995144,0.1973000168800354,0.1973000168800354
43,HONEYBEE__DROSOPHILA,19,1,200,0.021731344982981682,0.1973000168800354,0.19700002670288086
43,HONEYBEE__DROSOPHILA,20,-1,200,0.02182137779891491,0.19700002670288086,0.19700002670288086
44,HONEYBEE__DROSOPHILA,1,1,200,0.02007661759853363,0.20000003278255463,0.19970004260540009
44,HONEYBEE__DROSOPHILA,2,-1,200,0.02016782946884632,0.19970004260540009,0.19970004260540009
44,HONEYBEE__DROSOPHILA,3,1,200,0.020259076729416847,0.19970004260540009,0.19940002262592316
44,HONEYBEE__DROSOPHILA,4,-1,200,0.02035028487443924,0.19940002262592316,0.19940002262592316
44,HONEYBEE__DROSOPHILA,5,1,200,0.020441530272364616,0.19940002262592316,0.19910001754760742
44,HONEYBEE__DROSOPHILA,6,-1,200,0.020532742142677307,0.19910001754760742,0.19910001754760742
44,HONEYBEE__DROSOPHILA,7,1,200,0.020623987540602684,0.19910001754760742,0.19880002737045288
44,HONEYBEE__DROSOPHILA,8,-1,200,0.020715191960334778,0.19880002737045288,0.19880002737045288
44,HONEYBEE__DROSOPHILA,9,1,200,0.020806437358260155,0.19880002737045288,0.19850003719329834
44,HONEYBEE__DROSOPHILA,10,-1,200,0.020897649228572845,0.19850003719329834,0.19850003719329834
44,HONEYBEE__DROSOPHILA,11,1,200,0.02098889835178852,0.19850003719329834,0.1982000470161438
44,HONEYBEE__DROSOPHILA,12,-1,200,0.021080106496810913,0.1982000470161438,0.1982000470161438
44,HONEYBEE__DROSOPHILA,13,1,200,0.02117135003209114,0.1982000470161438,0.19790002703666687
44,HONEYBEE__DROSOPHILA,14,-1,200,0.02126256190240383,0.19790002703666687,0.19790002703666687
44,HONEYBEE__DROSOPHILA,15,1,200,0.02135380543768406,0.19790002703666687,0.19760002195835114
44,HONEYBEE__DROSOPHILA,16,-1,200,0.02144501730799675,0.19760002195835114,0.19760002195835114
44,HONEYBEE__DROSOPHILA,17,1,200,0.021536262705922127,0.19760002195835114,0.1973000168800354
44,HONEYBEE__DROSOPHILA,18,-1,200,0.02162746898829937,0.1973000168800354,0.1973000168800354
44,HONEYBEE__DROSOPHILA,19,1,200,0.021718716248869896,0.1973000168800354,0.19700002670288086
44,HONEYBEE__DROSOPHILA,20,-1,200,0.021809926256537437,0.19700002670288086,0.19700002670288086
45,HONEYBEE__DROSOPHILA,1,1,200,0.020054470747709274,0.20000003278255463,0.19970004260540009
45,HONEYBEE__DROSOPHILA,2,-1,200,0.02014564350247383,0.19970004260540009,0.19970004260540009
45,HONEYBEE__DROSOPHILA,3,1,200,0.020236680284142494,0.19970004260540009,0.19940002262592316
45,HONEYBEE__DROSOPHILA,4,-1,200,0.0203278549015522,0.19940002262592316,0.19940002262592316
45,HONEYBEE__DROSOPHILA,5,1,200,0.020418886095285416,0.19940002262592316,0.19910003244876862
45,HONEYBEE__DROSOPHILA,6,-1,200,0.020510056987404823,0.19910003244876862,0.19910003244876862
45,HONEYBEE__DROSOPHILA,7,1,200,0.02060108818113804,0.19910003244876862,0.19880002737045288
45,HONEYBEE__DROSOPHILA,8,-1,200,0.020692260935902596,0.1988000124692917,0.19880002737045288
45,HONEYBEE__DROSOPHILA,9,1,200,0.02078329399228096,0.1988000124692917,0.19850003719329834
45,HONEYBEE__DROSOPHILA,10,-1,200,0.02087446302175522,0.19850003719329834,0.19850003719329834
45,HONEYBEE__DROSOPHILA,11,1,200,0.02096549980342388,0.19850003719329834,0.1982000321149826
45,HONEYBEE__DROSOPHILA,12,-1,200,0.02105667069554329,0.1982000321149826,0.1982000321149826
45,HONEYBEE__DROSOPHILA,13,1,200,0.021147707477211952,0.1982000321149826,0.19790004193782806
45,HONEYBEE__DROSOPHILA,14,-1,200,0.02123887650668621,0.19790002703666687,0.19790004193782806
45,HONEYBEE__DROSOPHILA,15,1,200,0.021329903975129128,0.19790002703666687,0.19760002195835114
45,HONEYBEE__DROSOPHILA,16,-1,200,0.021421082317829132,0.19760003685951233,0.19760002195835114
45,HONEYBEE__DROSOPHILA,17,1,200,0.021512113511562347,0.19760003685951233,0.1973000168800354
45,HONEYBEE__DROSOPHILA,18,-1,200,0.021603286266326904,0.1973000317811966,0.1973000168800354
45,HONEYBEE__DROSOPHILA,19,1,200,0.021694321185350418,0.1973000317811966,0.19700002670288086
45,HONEYBEE__DROSOPHILA,20,-1,200,0.021785493940114975,0.19700002670288086,0.19700002670288086
46,HONEYBEE__DROSOPHILA,1,1,200,0.020245591178536415,0.20000003278255463,0.19970004260540009
46,HONEYBEE__DROSOPHILA,2,-1,200,0.02033601514995098,0.1997000277042389,0.19970004260540009
46,HONEYBEE__DROSOPHILA,3,1,200,0.020426318049430847,0.1997000277042389,0.19940002262592316
46,HONEYBEE__DROSOPHILA,4,-1,200,0.020516736432909966,0.19940002262592316,0.19940002262592316
46,HONEYBEE__DROSOPHILA,5,1,200,0.020607035607099533,0.19940002262592316,0.19910001754760742
46,HONEYBEE__DROSOPHILA,6,-1,200,0.0206974558532238,0.19910003244876862,0.19910001754760742
46,HONEYBEE__DROSOPHILA,7,1,200,0.02078775316476822,0.19910003244876862,0.19880002737045288
46,HONEYBEE__DROSOPHILA,8,-1,200,0.020878173410892487,0.19880002737045288,0.19880002737045288
46,HONEYBEE__DROSOPHILA,9,1,200,0.020968476310372353,0.19880002737045288,0.19850003719329834
46,HONEYBEE__DROSOPHILA,10,-1,200,0.021058890968561172,0.19850003719329834,0.19850003719329834
46,HONEYBEE__DROSOPHILA,11,1,200,0.02114919386804104,0.19850003719329834,0.1982000321149826
46,HONEYBEE__DROSOPHILA,12,-1,200,0.021239614114165306,0.1982000470161438,0.1982000321149826
46,HONEYBEE__DROSOPHILA,13,1,200,0.021329915151000023,0.1982000470161438,0.19790002703666687
46,HONEYBEE__DROSOPHILA,14,-1,200,0.02142033725976944,0.19790002703666687,0.19790002703666687
46,HONEYBEE__DROSOPHILA,15,1,200,0.021510640159249306,0.19790002703666687,0.19760003685951233
46,HONEYBEE__DROSOPHILA,16,-1,200,0.021601054817438126,0.19760002195835114,0.19760003685951233
46,HONEYBEE__DROSOPHILA,17,1,200,0.021691352128982544,0.19760002195835114,0.1973000168800354
46,HONEYBEE__DROSOPHILA,18,-1,200,0.021781770512461662,0.1973000317811966,0.1973000168800354
46,HONEYBEE__DROSOPHILA,19,1,200,0.021872075274586678,0.1973000317811966,0.19700002670288086
46,HONEYBEE__DROSOPHILA,20,-1,200,0.021962489932775497,0.19700002670288086,0.19700002670288086
47,HONEYBEE__DROSOPHILA,1,1,200,0.020143529400229454,0.20000003278255463,0.1997000277042389
47,HONEYBEE__DROSOPHILA,2,-1,200,0.0202346071600914,0.1997000277042389,0.1997000277042389
47,HONEYBEE__DROSOPHILA,3,1,200,0.02032560482621193,0.1997000277042389,0.19940002262592316
47,HONEYBEE__DROSOPHILA,4,-1,200,0.020416680723428726,0.19940002262592316,0.19940002262592316
47,HONEYBEE__DROSOPHILA,5,1,200,0.020507676526904106,0.19940002262592316,0.19910001754760742
47,HONEYBEE__DROSOPHILA,6,-1,200,0.020598754286766052,0.19910003244876862,0.19910001754760742
47,HONEYBEE__DROSOPHILA,7,1,200,0.02068975567817688,0.19910003244876862,0.1988000124692917
47,HONEYBEE__DROSOPHILA,8,-1,200,0.020780833438038826,0.1988000124692917,0.1988000124692917
47,HONEYBEE__DROSOPHILA,9,1,200,0.020871829241514206,0.1988000124692917,0.19850003719329834
47,HONEYBEE__DROSOPHILA,10,-1,200,0.020962903276085854,0.19850003719329834,0.19850003719329834
47,HONEYBEE__DROSOPHILA,11,1,200,0.021053900942206383,0.19850003719329834,0.1982000321149826
47,HONEYBEE__DROSOPHILA,12,-1,200,0.02114497870206833,0.1982000470161438,0.1982000321149826
47,HONEYBEE__DROSOPHILA,13,1,200,0.021235976368188858,0.1982000470161438,0.19790004193782806
47,HONEYBEE__DROSOPHILA,14,-1,200,0.021327057853341103,0.19790002703666687,0.19790004193782806
47,HONEYBEE__DROSOPHILA,15,1,200,0.02141805924475193,0.19790002703666687,0.19760003685951233
47,HONEYBEE__DROSOPHILA,16,-1,200,0.02150913141667843,0.19760003685951233,0.19760003685951233
47,HONEYBEE__DROSOPHILA,17,1,200,0.021600134670734406,0.19760003685951233,0.1973000168800354
47,HONEYBEE__DROSOPHILA,18,-1,200,0.021691203117370605,0.1973000168800354,0.1973000168800354
47,HONEYBEE__DROSOPHILA,19,1,200,0.021782204508781433,0.1973000168800354,0.19700002670288086
47,HONEYBEE__DROSOPHILA,20,-1,200,0.02187327854335308,0.19700002670288086,0.19700002670288086
48,HONEYBEE__DROSOPHILA,1,1,200,0.0200782623142004,0.20000003278255463,0.1997000277042389
48,HONEYBEE__DROSOPHILA,2,-1,200,0.020169932395219803,0.1997000277042389,0.1997000277042389
48,HONEYBEE__DROSOPHILA,3,1,200,0.020261622965335846,0.1997000277042389,0.19940002262592316
48,HONEYBEE__DROSOPHILA,4,-1,200,0.020353296771645546,0.19940002262592316,0.19940002262592316
48,HONEYBEE__DROSOPHILA,5,1,200,0.020444991067051888,0.19940002262592316,0.19910003244876862
48,HONEYBEE__DROSOPHILA,6,-1,200,0.020536664873361588,0.19910003244876862,0.19910003244876862
48,HONEYBEE__DROSOPHILA,7,1,200,0.02062835358083248,0.19910003244876862,0.19880004227161407
48,HONEYBEE__DROSOPHILA,8,-1,200,0.02072003111243248,0.19880002737045288,0.19880004227161407
48,HONEYBEE__DROSOPHILA,9,1,200,0.020811717957258224,0.19880002737045288,0.19850003719329834
48,HONEYBEE__DROSOPHILA,10,-1,200,0.020903395488858223,0.19850003719329834,0.19850003719329834
48,HONEYBEE__DROSOPHILA,11,1,200,0.020995086058974266,0.19850003719329834,0.1982000470161438
48,HONEYBEE__DROSOPHILA,12,-1,200,0.021086758002638817,0.1982000470161438,0.1982000470161438
48,HONEYBEE__DROSOPHILA,13,1,200,0.02117845043540001,0.1982000470161438,0.19790002703666687
48,HONEYBEE__DROSOPHILA,14,-1,200,0.02127012237906456,0.19790002703666687,0.19790002703666687
48,HONEYBEE__DROSOPHILA,15,1,200,0.0213618166744709,0.19790002703666687,0.19760002195835114
48,HONEYBEE__DROSOPHILA,16,-1,200,0.0214534904807806,0.19760003685951233,0.19760002195835114
48,HONEYBEE__DROSOPHILA,17,1,200,0.021545182913541794,0.19760003685951233,0.1973000317811966
48,HONEYBEE__DROSOPHILA,18,-1,200,0.021636852994561195,0.1973000317811966,0.1973000317811966
48,HONEYBEE__DROSOPHILA,19,1,200,0.02172853983938694,0.1973000317811966,0.19700002670288086
48,HONEYBEE__DROSOPHILA,20,-1,200,0.02182021737098694,0.19700002670288086,0.19700002670288086
49,HONEYBEE__DROSOPHILA,1,1,200,0.019902657717466354,0.20000003278255463,0.1997000277042389
49,HONEYBEE__DROSOPHILA,2,-1,200,0.019993169233202934,0.1997000277042389,0.1997000277042389
49,HONEYBEE__DROSOPHILA,3,1,200,0.02008359134197235,0.1997000277042389,0.19940002262592316
49,HONEYBEE__DROSOPHILA,4,-1,200,0.020174112170934677,0.19940002262592316,0.19940002262592316
49,HONEYBEE__DROSOPHILA,5,1,200,0.020264534279704094,0.19940002262592316,0.19910003244876862
49,HONEYBEE__DROSOPHILA,6,-1,200,0.02035505138337612,0.19910003244876862,0.19910003244876862
49,HONEYBEE__DROSOPHILA,7,1,200,0.02044547349214554,0.19910003244876862,0.19880002737045288
49,HONEYBEE__DROSOPHILA,8,-1,200,0.020535990595817566,0.19880004227161407,0.19880002737045288
49,HONEYBEE__DROSOPHILA,9,1,200,0.02062641642987728,0.19880004227161407,0.19850003719329834
49,HONEYBEE__DROSOPHILA,10,-1,200,0.02071692794561386,0.19850003719329834,0.19850003719329834
49,HONEYBEE__DROSOPHILA,11,1,200,0.020807353779673576,0.19850003719329834,0.1982000470161438
49,HONEYBEE__DROSOPHILA,12,-1,200,0.020897869020700455,0.1982000470161438,0.1982000470161438
49,HONEYBEE__DROSOPHILA,13,1,200,0.02098829671740532,0.1982000470161438,0.19790002703666687
49,HONEYBEE__DROSOPHILA,14,-1,200,0.021078813821077347,0.19790002703666687,0.19790002703666687
49,HONEYBEE__DROSOPHILA,15,1,200,0.021169235929846764,0.19790002703666687,0.19760003685951233
49,HONEYBEE__DROSOPHILA,16,-1,200,0.021259751170873642,0.19760002195835114,0.19760003685951233
49,HONEYBEE__DROSOPHILA,17,1,200,0.021350175142288208,0.19760002195835114,0.1973000317811966
49,HONEYBEE__DROSOPHILA,18,-1,200,0.021440690383315086,0.1973000168800354,0.1973000317811966
49,HONEYBEE__DROSOPHILA,19,1,200,0.0215311162173748,0.1973000168800354,0.19700002670288086
49,HONEYBEE__DROSOPHILA,20,-1,200,0.02162163518369198,0.19700001180171967,0.19700002670288086
50,HONEYBEE__DROSOPHILA,1,1,200,0.020020149648189545,0.20000003278255463,0.19970004260540009
50,HONEYBEE__DROSOPHILA,2,-1,200,0.020111670717597008,0.1997000277042389,0.19970004260540009
50,HONEYBEE__DROSOPHILA,3,1,200,0.02020317316055298,0.1997000277042389,0.19940002262592316
50,HONEYBEE__DROSOPHILA,4,-1,200,0.02029469609260559,0.19940002262592316,0.19940002262592316
50,HONEYBEE__DROSOPHILA,5,1,200,0.02038620039820671,0.19940002262592316,0.19910003244876862
50,HONEYBEE__DROSOPHILA,6,-1,200,0.020477719604969025,0.19910003244876862,0.19910003244876862
50,HONEYBEE__DROSOPHILA,7,1,200,0.020569225773215294,0.19910003244876862,0.19880002737045288
50,HONEYBEE__DROSOPHILA,8,-1,200,0.020660744979977608,0.19880002737045288,0.19880002737045288
50,HONEYBEE__DROSOPHILA,9,1,200,0.020752249285578728,0.19880002737045288,0.19850003719329834
50,HONEYBEE__DROSOPHILA,10,-1,200,0.02084377035498619,0.19850003719329834,0.19850003719329834
50,HONEYBEE__DROSOPHILA,11,1,200,0.02093527652323246,0.19850003719329834,0.1982000470161438
50,HONEYBEE__DROSOPHILA,12,-1,200,0.021026793867349625,0.1982000470161438,0.1982000470161438
50,HONEYBEE__DROSOPHILA,13,1,200,0.021118300035595894,0.1982000470161438,0.19790002703666687
50,HONEYBEE__DROSOPHILA,14,-1,200,0.021209824830293655,0.19790002703666687,0.19790002703666687
50,HONEYBEE__DROSOPHILA,15,1,200,0.021301323547959328,0.19790002703666687,0.19760003685951233
50,HONEYBEE__DROSOPHILA,16,-1,200,0.021392840892076492,0.19760003685951233,0.19760003685951233
50,HONEYBEE__DROSOPHILA,17,1,200,0.02148435078561306,0.19760003685951233,0.1973000168800354
50,HONEYBEE__DROSOPHILA,18,-1,200,0.021575871855020523,0.1973000317811966,0.1973000168800354
50,HONEYBEE__DROSOPHILA,19,1,200,0.021667376160621643,0.1973000317811966,0.19700002670288086
50,HONEYBEE__DROSOPHILA,20,-1,200,0.021758897230029106,0.19700002670288086,0.19700002670288086
51,HONEYBEE__DROSOPHILA,1,1,200,0.02019411139190197,0.20000003278255463,0.1997000277042389
51,HONEYBEE__DROSOPHILA,2,-1,200,0.0202846247702837,0.1997000277042389,0.1997000277042389
51,HONEYBEE__DROSOPHILA,3,1,200,0.02037503570318222,0.1997000277042389,0.19940002262592316
51,HONEYBEE__DROSOPHILA,4,-1,200,0.0204655472189188,0.19940002262592316,0.19940002262592316
51,HONEYBEE__DROSOPHILA,5,1,200,0.02055596001446247,0.19940002262592316,0.19910001754760742
51,HONEYBEE__DROSOPHILA,6,-1,200,0.02064647525548935,0.19910003244876862,0.19910001754760742
51,HONEYBEE__DROSOPHILA,7,1,200,0.020736882463097572,0.19910003244876862,0.19880002737045288
51,HONEYBEE__DROSOPHILA,8,-1,200,0.02082739770412445,0.19880002737045288,0.19880002737045288
51,HONEYBEE__DROSOPHILA,9,1,200,0.020917804911732674,0.19880002737045288,0.19850003719329834
51,HONEYBEE__DROSOPHILA,10,-1,200,0.02100832760334015,0.19850003719329834,0.19850003719329834
51,HONEYBEE__DROSOPHILA,11,1,200,0.021098734810948372,0.19850003719329834,0.1982000321149826
51,HONEYBEE__DROSOPHILA,12,-1,200,0.0211892481893301,0.1982000321149826,0.1982000321149826
51,HONEYBEE__DROSOPHILA,13,1,200,0.02127966098487377,0.1982000321149826,0.19790004193782806
51,HONEYBEE__DROSOPHILA,14,-1,200,0.02137017622590065,0.19790002703666687,0.19790004193782806
51,HONEYBEE__DROSOPHILA,15,1,200,0.021460581570863724,0.19790002703666687,0.19760003685951233
51,HONEYBEE__DROSOPHILA,16,-1,200,0.02155109867453575,0.19760003685951233,0.19760003685951233
51,HONEYBEE__DROSOPHILA,17,1,200,0.021641505882143974,0.19760003685951233,0.1973000168800354
51,HONEYBEE__DROSOPHILA,18,-1,200,0.02173202857375145,0.1973000317811966,0.1973000168800354
51,HONEYBEE__DROSOPHILA,19,1,200,0.021822433918714523,0.1973000317811966,0.19700002670288086
51,HONEYBEE__DROSOPHILA,20,-1,200,0.0219129491597414,0.19700002670288086,0.19700002670288086
52,HONEYBEE__DROSOPHILA,1,1,200,0.020207690075039864,0.20000003278255463,0.19970004260540009
52,HONEYBEE__DROSOPHILA,2,-1,200,0.02029835805296898,0.1997000277042389,0.19970004260540009
52,HONEYBEE__DROSOPHILA,3,1,200,0.02038908377289772,0.1997000277042389,0.19940002262592316
52,HONEYBEE__DROSOPHILA,4,-1,200,0.02047974430024624,0.19940002262592316,0.19940002262592316
52,HONEYBEE__DROSOPHILA,5,1,200,0.02057047188282013,0.19940002262592316,0.19910003244876862
52,HONEYBEE__DROSOPHILA,6,-1,200,0.020661136135458946,0.19910001754760742,0.19910003244876862
52,HONEYBEE__DROSOPHILA,7,1,200,0.020751863718032837,0.19910001754760742,0.1988000124692917
52,HONEYBEE__DROSOPHILA,8,-1,200,0.020842526108026505,0.1988000124692917,0.1988000124692917
52,HONEYBEE__DROSOPHILA,9,1,200,0.020933249965310097,0.1988000124692917,0.19850003719329834
52,HONEYBEE__DROSOPHILA,10,-1,200,0.021023917943239212,0.19850003719329834,0.19850003719329834
52,HONEYBEE__DROSOPHILA,11,1,200,0.021114641800522804,0.19850003719329834,0.1982000321149826
52,HONEYBEE__DROSOPHILA,12,-1,200,0.02120530605316162,0.1982000470161438,0.1982000321149826
52,HONEYBEE__DROSOPHILA,13,1,200,0.021296028047800064,0.1982000470161438,0.19790002703666687
52,HONEYBEE__DROSOPHILA,14,-1,200,0.02138669416308403,0.19790002703666687,0.19790002703666687
52,HONEYBEE__DROSOPHILA,15,1,200,0.02147741988301277,0.19790002703666687,0.19760003685951233
52,HONEYBEE__DROSOPHILA,16,-1,200,0.021568085998296738,0.19760003685951233,0.19760003685951233
52,HONEYBEE__DROSOPHILA,17,1,200,0.02165880799293518,0.19760003685951233,0.1973000168800354
52,HONEYBEE__DROSOPHILA,18,-1,200,0.021749477833509445,0.1973000317811966,0.1973000168800354
52,HONEYBEE__DROSOPHILA,19,1,200,0.021840203553438187,0.1973000317811966,0.19700002670288086
52,HONEYBEE__DROSOPHILA,20,-1,200,0.021930864080786705,0.19700002670288086,0.19700002670288086
53,HONEYBEE__DROSOPHILA,1,1,200,0.01999659463763237,0.20000003278255463,0.19970004260540009
53,HONEYBEE__DROSOPHILA,2,-1,200,0.02008657716214657,0.19970004260540009,0.19970004260540009
53,HONEYBEE__DROSOPHILA,3,1,200,0.0201764814555645,0.19970004260540009,0.19940002262592316
53,HONEYBEE__DROSOPHILA,4,-1,200,0.0202664602547884,0.19940002262592316,0.19940002262592316
53,HONEYBEE__DROSOPHILA,5,1,200,0.02035636641085148,0.19940002262592316,0.19910003244876862
53,HONEYBEE__DROSOPHILA,6,-1,200,0.02044634334743023,0.19910003244876862,0.19910003244876862
53,HONEYBEE__DROSOPHILA,7,1,200,0.02053624577820301,0.19910003244876862,0.19880002737045288
53,HONEYBEE__DROSOPHILA,8,-1,200,0.020626230165362358,0.19880002737045288,0.19880002737045288
53,HONEYBEE__DROSOPHILA,9,1,200,0.02071613445878029,0.19880002737045288,0.19850003719329834
53,HONEYBEE__DROSOPHILA,10,-1,200,0.020806118845939636,0.19850003719329834,0.19850003719329834
53,HONEYBEE__DROSOPHILA,11,1,200,0.02089601755142212,0.19850003719329834,0.1982000321149826
53,HONEYBEE__DROSOPHILA,12,-1,200,0.020986003801226616,0.1982000470161438,0.1982000321149826
53,HONEYBEE__DROSOPHILA,13,1,200,0.0210759025067091,0.1982000470161438,0.19790002703666687
53,HONEYBEE__DROSOPHILA,14,-1,200,0.021165886893868446,0.19790002703666687,0.19790002703666687
53,HONEYBEE__DROSOPHILA,15,1,200,0.021255789324641228,0.19790002703666687,0.19760002195835114
53,HONEYBEE__DROSOPHILA,16,-1,200,0.021345768123865128,0.19760002195835114,0.19760002195835114
53,HONEYBEE__DROSOPHILA,17,1,200,0.021435676142573357,0.19760002195835114,0.1973000168800354
53,HONEYBEE__DROSOPHILA,18,-1,200,0.021525656804442406,0.1973000168800354,0.1973000168800354
53,HONEYBEE__DROSOPHILA,19,1,200,0.021615559235215187,0.1973000168800354,0.19700002670288086
53,HONEYBEE__DROSOPHILA,20,-1,200,0.021705539897084236,0.19700002670288086,0.19700002670288086
54,HONEYBEE__DROSOPHILA,1,1,200,0.020052338019013405,0.20000003278255463,0.1997000277042389
54,HONEYBEE__DROSOPHILA,2,-1,200,0.020143363624811172,0.19970004260540009,0.1997000277042389
54,HONEYBEE__DROSOPHILA,3,1,200,0.020234452560544014,0.19970004260540009,0.19940002262592316
54,HONEYBEE__DROSOPHILA,4,-1,200,0.02032548002898693,0.19940002262592316,0.19940002262592316
54,HONEYBEE__DROSOPHILA,5,1,200,0.020416568964719772,0.19940002262592316,0.19910003244876862
54,HONEYBEE__DROSOPHILA,6,-1,200,0.02050759270787239,0.19910003244876862,0.19910003244876862
54,HONEYBEE__DROSOPHILA,7,1,200,0.02059868350625038,0.19910003244876862,0.19880002737045288
54,HONEYBEE__DROSOPHILA,8,-1,200,0.020689712837338448,0.19880002737045288,0.19880002737045288
54,HONEYBEE__DROSOPHILA,9,1,200,0.02078079618513584,0.19880002737045288,0.19850003719329834
54,HONEYBEE__DROSOPHILA,10,-1,200,0.020871825516223907,0.19850003719329834,0.19850003719329834
54,HONEYBEE__DROSOPHILA,11,1,200,0.02096291445195675,0.19850003719329834,0.1982000321149826
54,HONEYBEE__DROSOPHILA,12,-1,200,0.021053938195109367,0.1982000321149826,0.1982000321149826
54,HONEYBEE__DROSOPHILA,13,1,200,0.021145030856132507,0.1982000321149826,0.19790002703666687
54,HONEYBEE__DROSOPHILA,14,-1,200,0.021236052736639977,0.19790004193782806,0.19790002703666687
54,HONEYBEE__DROSOPHILA,15,1,200,0.021327145397663116,0.19790004193782806,0.19760003685951233
54,HONEYBEE__DROSOPHILA,16,-1,200,0.021418169140815735,0.19760003685951233,0.19760003685951233
54,HONEYBEE__DROSOPHILA,17,1,200,0.021509258076548576,0.19760003685951233,0.1973000168800354
54,HONEYBEE__DROSOPHILA,18,-1,200,0.021600285544991493,0.1973000168800354,0.1973000168800354
54,HONEYBEE__DROSOPHILA,19,1,200,0.021691376343369484,0.1973000168800354,0.19700002670288086
54,HONEYBEE__DROSOPHILA,20,-1,200,0.02178240194916725,0.19700002670288086,0.19700002670288086
55,HONEYBEE__DROSOPHILA,1,1,200,0.020074229687452316,0.20000003278255463,0.1997000277042389
55,HONEYBEE__DROSOPHILA,2,-1,200,0.02016502246260643,0.19970004260540009,0.1997000277042389
55,HONEYBEE__DROSOPHILA,3,1,200,0.020255912095308304,0.19970004260540009,0.19940003752708435
55,HONEYBEE__DROSOPHILA,4,-1,200,0.02034669928252697,0.19940002262592316,0.19940003752708435
55,HONEYBEE__DROSOPHILA,5,1,200,0.02043759450316429,0.19940002262592316,0.19910001754760742
55,HONEYBEE__DROSOPHILA,6,-1,200,0.020528379827737808,0.19910001754760742,0.19910001754760742
55,HONEYBEE__DROSOPHILA,7,1,200,0.020619269460439682,0.19910001754760742,0.19880004227161407
55,HONEYBEE__DROSOPHILA,8,-1,200,0.020710060372948647,0.19880002737045288,0.19880004227161407
55,HONEYBEE__DROSOPHILA,9,1,200,0.02080095186829567,0.19880002737045288,0.19850003719329834
55,HONEYBEE__DROSOPHILA,10,-1,200,0.020891739055514336,0.19850003719329834,0.19850003719329834
55,HONEYBEE__DROSOPHILA,11,1,200,0.020982632413506508,0.19850003719329834,0.1982000321149826
55,HONEYBEE__DROSOPHILA,12,-1,200,0.021073419600725174,0.1982000321149826,0.1982000321149826
55,HONEYBEE__DROSOPHILA,13,1,200,0.021164309233427048,0.1982000321149826,0.19790002703666687
55,HONEYBEE__DROSOPHILA,14,-1,200,0.021255098283290863,0.19790004193782806,0.19790002703666687
55,HONEYBEE__DROSOPHILA,15,1,200,0.021345991641283035,0.19790004193782806,0.19760003685951233
55,HONEYBEE__DROSOPHILA,16,-1,200,0.021436776965856552,0.19760003685951233,0.19760003685951233
55,HONEYBEE__DROSOPHILA,17,1,200,0.021527670323848724,0.19760003685951233,0.1973000317811966
55,HONEYBEE__DROSOPHILA,18,-1,200,0.02161845937371254,0.1973000168800354,0.1973000317811966
55,HONEYBEE__DROSOPHILA,19,1,200,0.021709349006414413,0.1973000168800354,0.19700002670288086
55,HONEYBEE__DROSOPHILA,20,-1,200,0.021800139918923378,0.19700002670288086,0.19700002670288086
56,HONEYBEE__DROSOPHILA,1,1,200,0.020220747217535973,0.20000003278255463,0.19970004260540009
56,HONEYBEE__DROSOPHILA,2,-1,200,0.020311295986175537,0.1997000277042389,0.19970004260540009
56,HONEYBEE__DROSOPHILA,3,1,200,0.020401854068040848,0.1997000277042389,0.19940002262592316
56,HONEYBEE__DROSOPHILA,4,-1,200,0.02049240469932556,0.19940002262592316,0.19940002262592316
56,HONEYBEE__DROSOPHILA,5,1,200,0.02058296836912632,0.19940002262592316,0.19910003244876862
56,HONEYBEE__DROSOPHILA,6,-1,200,0.020673517137765884,0.19910003244876862,0.19910003244876862
56,HONEYBEE__DROSOPHILA,7,1,200,0.020764075219631195,0.19910003244876862,0.1988000124692917
56,HONEYBEE__DROSOPHILA,8,-1,200,0.02085462585091591,0.19880002737045288,0.1988000124692917
56,HONEYBEE__DROSOPHILA,9,1,200,0.02094518579542637,0.19880002737045288,0.19850003719329834
56,HONEYBEE__DROSOPHILA,10,-1,200,0.021035734564065933,0.19850003719329834,0.19850003719329834
56,HONEYBEE__DROSOPHILA,11,1,200,0.02112629823386669,0.19850003719329834,0.1982000321149826
56,HONEYBEE__DROSOPHILA,12,-1,200,0.021216843277215958,0.1982000321149826,0.1982000321149826
56,HONEYBEE__DROSOPHILA,13,1,200,0.021307406947016716,0.1982000321149826,0.19790002703666687
56,HONEYBEE__DROSOPHILA,14,-1,200,0.02139795385301113,0.19790002703666687,0.19790002703666687
56,HONEYBEE__DROSOPHILA,15,1,200,0.02148851566016674,0.19790002703666687,0.19760003685951233
56,HONEYBEE__DROSOPHILA,16,-1,200,0.021579064428806305,0.19760003685951233,0.19760003685951233
56,HONEYBEE__DROSOPHILA,17,1,200,0.021669626235961914,0.19760003685951233,0.1973000317811966
56,HONEYBEE__DROSOPHILA,18,-1,200,0.02176017314195633,0.1973000168800354,0.1973000317811966
56,HONEYBEE__DROSOPHILA,19,1,200,0.02185073308646679,0.1973000168800354,0.19700002670288086
56,HONEYBEE__DROSOPHILA,20,-1,200,0.02194128930568695,0.19700002670288086,0.19700002670288086
57,HONEYBEE__DROSOPHILA,1,1,200,0.020112307742238045,0.20000003278255463,0.1997000128030777
57,HONEYBEE__DROSOPHILA,2,-1,200,0.02020328678190708,0.1997000277042389,0.1997000128030777
57,HONEYBEE__DROSOPHILA,3,1,200,0.02029428631067276,0.1997000277042389,0.19940002262592316
57,HONEYBEE__DROSOPHILA,4,-1,200,0.020385263487696648,0.19940002262592316,0.19940002262592316
57,HONEYBEE__DROSOPHILA,5,1,200,0.020476266741752625,0.19940002262592316,0.19910001754760742
57,HONEYBEE__DROSOPHILA,6,-1,200,0.020567242056131363,0.19910003244876862,0.19910001754760742
57,HONEYBEE__DROSOPHILA,7,1,200,0.02065824158489704,0.19910003244876862,0.19880004227161407
57,HONEYBEE__DROSOPHILA,8,-1,200,0.020749224349856377,0.19880002737045288,0.19880004227161407
57,HONEYBEE__DROSOPHILA,9,1,200,0.020840222015976906,0.19880002737045288,0.19850003719329834
57,HONEYBEE__DROSOPHILA,10,-1,200,0.020931202918291092,0.19850003719329834,0.19850003719329834
57,HONEYBEE__DROSOPHILA,11,1,200,0.02102220430970192,0.19850003719329834,0.1982000470161438
57,HONEYBEE__DROSOPHILA,12,-1,200,0.021113183349370956,0.1982000321149826,0.1982000470161438
57,HONEYBEE__DROSOPHILA,13,1,200,0.021204186603426933,0.1982000321149826,0.19790002703666687
57,HONEYBEE__DROSOPHILA,14,-1,200,0.02129516936838627,0.19790002703666687,0.19790002703666687
57,HONEYBEE__DROSOPHILA,15,1,200,0.02138616144657135,0.19790002703666687,0.19760002195835114
57,HONEYBEE__DROSOPHILA,16,-1,200,0.021477146074175835,0.19760003685951233,0.19760002195835114
57,HONEYBEE__DROSOPHILA,17,1,200,0.021568147465586662,0.19760003685951233,0.1973000317811966
57,HONEYBEE__DROSOPHILA,18,-1,200,0.0216591265052557,0.1973000317811966,0.1973000317811966
57,HONEYBEE__DROSOPHILA,19,1,200,0.021750129759311676,0.1973000317811966,0.19700002670288086
57,HONEYBEE__DROSOPHILA,20,-1,200,0.021841105073690414,0.19700002670288086,0.19700002670288086
58,HONEYBEE__DROSOPHILA,1,1,200,0.01995517686009407,0.20000003278255463,0.1997000277042389
58,HONEYBEE__DROSOPHILA,2,-1,200,0.020046621561050415,0.19970004260540009,0.1997000277042389
58,HONEYBEE__DROSOPHILA,3,1,200,0.020138006657361984,0.19970004260540009,0.19940002262592316
58,HONEYBEE__DROSOPHILA,4,-1,200,0.02022944949567318,0.19940002262592316,0.19940002262592316
58,HONEYBEE__DROSOPHILA,5,1,200,0.02032083459198475,0.19940002262592316,0.19910003244876862
58,HONEYBEE__DROSOPHILA,6,-1,200,0.020412279292941093,0.19910001754760742,0.19910003244876862
58,HONEYBEE__DROSOPHILA,7,1,200,0.020503664389252663,0.19910001754760742,0.19880002737045288
58,HONEYBEE__DROSOPHILA,8,-1,200,0.020595107227563858,0.19880002737045288,0.19880002737045288
58,HONEYBEE__DROSOPHILA,9,1,200,0.020686496049165726,0.19880002737045288,0.19850003719329834
58,HONEYBEE__DROSOPHILA,10,-1,200,0.02077793888747692,0.19850003719329834,0.19850003719329834
58,HONEYBEE__DROSOPHILA,11,1,200,0.02086932770907879,0.19850003719329834,0.1982000321149826
58,HONEYBEE__DROSOPHILA,12,-1,200,0.020960772410035133,0.1982000321149826,0.1982000321149826
58,HONEYBEE__DROSOPHILA,13,1,200,0.021052153781056404,0.1982000321149826,0.19790002703666687
58,HONEYBEE__DROSOPHILA,14,-1,200,0.02114359848201275,0.19790002703666687,0.19790002703666687
58,HONEYBEE__DROSOPHILA,15,1,200,0.021234985440969467,0.19790002703666687,0.19760003685951233
58,HONEYBEE__DROSOPHILA,16,-1,200,0.021326430141925812,0.19760003685951233,0.19760003685951233
58,HONEYBEE__DROSOPHILA,17,1,200,0.02141781523823738,0.19760003685951233,0.1973000168800354
58,HONEYBEE__DROSOPHILA,18,-1,200,0.021509261801838875,0.1973000317811966,0.1973000168800354
58,HONEYBEE__DROSOPHILA,19,1,200,0.021600646898150444,0.1973000317811966,0.19700002670288086
58,HONEYBEE__DROSOPHILA,20,-1,200,0.02169209159910679,0.19700002670288086,0.19700002670288086
59,HONEYBEE__DROSOPHILA,1,1,200,0.02028920128941536,0.20000003278255463,0.1997000277042389
59,HONEYBEE__DROSOPHILA,2,-1,200,0.020380165427923203,0.1997000277042389,0.1997000277042389
59,HONEYBEE__DROSOPHILA,3,1,200,0.020471228286623955,0.1997000277042389,0.19940002262592316
59,HONEYBEE__DROSOPHILA,4,-1,200,0.02056219056248665,0.19940002262592316,0.19940002262592316
59,HONEYBEE__DROSOPHILA,5,1,200,0.020653249695897102,0.19940002262592316,0.19910001754760742
59,HONEYBEE__DROSOPHILA,6,-1,200,0.020744213834404945,0.19910003244876862,0.19910001754760742
59,HONEYBEE__DROSOPHILA,7,1,200,0.0208352729678154,0.19910003244876862,0.19880002737045288
59,HONEYBEE__DROSOPHILA,8,-1,200,0.020926237106323242,0.19880002737045288,0.19880002737045288
59,HONEYBEE__DROSOPHILA,9,1,200,0.021017299965023994,0.19880002737045288,0.19850003719329834
59,HONEYBEE__DROSOPHILA,10,-1,200,0.021108265966176987,0.19850003719329834,0.19850003719329834
59,HONEYBEE__DROSOPHILA,11,1,200,0.02119932323694229,0.19850003719329834,0.1982000321149826
59,HONEYBEE__DROSOPHILA,12,-1,200,0.021290287375450134,0.1982000321149826,0.1982000321149826
59,HONEYBEE__DROSOPHILA,13,1,200,0.021381352096796036,0.1982000321149826,0.19790004193782806
59,HONEYBEE__DROSOPHILA,14,-1,200,0.02147231623530388,0.19790002703666687,0.19790004193782806
59,HONEYBEE__DROSOPHILA,15,1,200,0.021563373506069183,0.19790002703666687,0.19760003685951233
59,HONEYBEE__DROSOPHILA,16,-1,200,0.021654341369867325,0.19760003685951233,0.19760003685951233
59,HONEYBEE__DROSOPHILA,17,1,200,0.021745402365922928,0.19760003685951233,0.1973000317811966
59,HONEYBEE__DROSOPHILA,18,-1,200,0.02183636464178562,0.1973000168800354,0.1973000317811966
59,HONEYBEE__DROSOPHILA,19,1,200,0.021927421912550926,0.1973000168800354,0.19700002670288086
59,HONEYBEE__DROSOPHILA,20,-1,200,0.02201838605105877,0.19700002670288086,0.19700002670288086
60,HONEYBEE__DROSOPHILA,1,1,200,0.020180199295282364,0.20000003278255463,0.19970004260540009
60,HONEYBEE__DROSOPHILA,2,-1,200,0.020271018147468567,0.1997000277042389,0.19970004260540009
60,HONEYBEE__DROSOPHILA,3,1,200,0.020361755043268204,0.1997000277042389,0.19940002262592316
60,HONEYBEE__DROSOPHILA,4,-1,200,0.02045257017016411,0.19940002262592316,0.19940002262592316
60,HONEYBEE__DROSOPHILA,5,1,200,0.020543310791254044,0.19940002262592316,0.19910003244876862
60,HONEYBEE__DROSOPHILA,6,-1,200,0.020634127780795097,0.19910003244876862,0.19910003244876862
60,HONEYBEE__DROSOPHILA,7,1,200,0.020724866539239883,0.19910003244876862,0.1988000124692917
60,HONEYBEE__DROSOPHILA,8,-1,200,0.02081567794084549,0.19880002737045288,0.1988000124692917
60,HONEYBEE__DROSOPHILA,9,1,200,0.020906420424580574,0.19880002737045288,0.19850003719329834
60,HONEYBEE__DROSOPHILA,10,-1,200,0.02099723555147648,0.19850003719329834,0.19850003719329834
60,HONEYBEE__DROSOPHILA,11,1,200,0.021087970584630966,0.19850003719329834,0.1982000321149826
60,HONEYBEE__DROSOPHILA,12,-1,200,0.02117878943681717,0.1982000470161438,0.1982000321149826
60,HONEYBEE__DROSOPHILA,13,1,200,0.021269531920552254,0.1982000470161438,0.19790004193782806
60,HONEYBEE__DROSOPHILA,14,-1,200,0.02136034332215786,0.19790002703666687,0.19790004193782806
60,HONEYBEE__DROSOPHILA,15,1,200,0.021451085805892944,0.19790002703666687,0.19760003685951233
60,HONEYBEE__DROSOPHILA,16,-1,200,0.02154190093278885,0.19760002195835114,0.19760003685951233
60,HONEYBEE__DROSOPHILA,17,1,200,0.021632639691233635,0.19760002195835114,0.1973000168800354
60,HONEYBEE__DROSOPHILA,18,-1,200,0.02172345481812954,0.1973000168800354,0.1973000168800354
60,HONEYBEE__DROSOPHILA,19,1,200,0.021814193576574326,0.1973000168800354,0.19700002670288086
60,HONEYBEE__DROSOPHILA,20,-1,200,0.02190501056611538,0.19700002670288086,0.19700002670288086
61,HONEYBEE__DROSOPHILA,1,1,200,0.020143048837780952,0.20000003278255463,0.1997000277042389
61,HONEYBEE__DROSOPHILA,2,-1,200,0.020233167335391045,0.19970004260540009,0.1997000277042389
61,HONEYBEE__DROSOPHILA,3,1,200,0.020323211327195168,0.19970004260540009,0.19940002262592316
61,HONEYBEE__DROSOPHILA,4,-1,200,0.02041332982480526,0.19940002262592316,0.19940002262592316
61,HONEYBEE__DROSOPHILA,5,1,200,0.020503373816609383,0.19940002262592316,0.19910001754760742
61,HONEYBEE__DROSOPHILA,6,-1,200,0.020593496039509773,0.19910003244876862,0.19910001754760742
61,HONEYBEE__DROSOPHILA,7,1,200,0.020683540031313896,0.19910003244876862,0.19880002737045288
61,HONEYBEE__DROSOPHILA,8,-1,200,0.020773660391569138,0.19880002737045288,0.19880002737045288
61,HONEYBEE__DROSOPHILA,9,1,200,0.02086370624601841,0.19880002737045288,0.19850003719329834
61,HONEYBEE__DROSOPHILA,10,-1,200,0.0209538284689188,0.19850003719329834,0.19850003719329834
61,HONEYBEE__DROSOPHILA,11,1,200,0.021043866872787476,0.19850003719329834,0.1982000470161438
61,HONEYBEE__DROSOPHILA,12,-1,200,0.021133989095687866,0.1982000470161438,0.1982000470161438
61,HONEYBEE__DROSOPHILA,13,1,200,0.02122403308749199,0.1982000470161438,0.19790002703666687
61,HONEYBEE__DROSOPHILA,14,-1,200,0.02131415717303753,0.19790002703666687,0.19790002703666687
61,HONEYBEE__DROSOPHILA,15,1,200,0.021404201164841652,0.19790002703666687,0.19760003685951233
61,HONEYBEE__DROSOPHILA,16,-1,200,0.021494323387742043,0.19760003685951233,0.19760003685951233
61,HONEYBEE__DROSOPHILA,17,1,200,0.021584367379546165,0.19760003685951233,0.1973000168800354
61,HONEYBEE__DROSOPHILA,18,-1,200,0.02167448215186596,0.1973000168800354,0.1973000168800354
61,HONEYBEE__DROSOPHILA,19,1,200,0.02176453173160553,0.1973000168800354,0.19700002670288086
61,HONEYBEE__DROSOPHILA,20,-1,200,0.021854648366570473,0.19700002670288086,0.19700002670288086
62,HONEYBEE__DROSOPHILA,1,1,200,0.020007673650979996,0.20000003278255463,0.19970004260540009
62,HONEYBEE__DROSOPHILA,2,-1,200,0.020098451524972916,0.1997000277042389,0.19970004260540009
62,HONEYBEE__DROSOPHILA,3,1,200,0.020189225673675537,0.1997000277042389,0.19940002262592316
62,HONEYBEE__DROSOPHILA,4,-1,200,0.02027999982237816,0.19940002262592316,0.19940002262592316
62,HONEYBEE__DROSOPHILA,5,1,200,0.020370768383145332,0.19940002262592316,0.19910003244876862
62,HONEYBEE__DROSOPHILA,6,-1,200,0.020461546257138252,0.19910003244876862,0.19910003244876862
62,HONEYBEE__DROSOPHILA,7,1,200,0.020552314817905426,0.19910003244876862,0.1988000124692917
62,HONEYBEE__DROSOPHILA,8,-1,200,0.020643090829253197,0.19880002737045288,0.1988000124692917
62,HONEYBEE__DROSOPHILA,9,1,200,0.02073386311531067,0.19880002737045288,0.19850003719329834
62,HONEYBEE__DROSOPHILA,10,-1,200,0.02082463540136814,0.19850003719329834,0.19850003719329834
62,HONEYBEE__DROSOPHILA,11,1,200,0.020915402099490166,0.19850003719329834,0.1982000470161438
62,HONEYBEE__DROSOPHILA,12,-1,200,0.021006181836128235,0.1982000470161438,0.1982000470161438
62,HONEYBEE__DROSOPHILA,13,1,200,0.02109695039689541,0.1982000470161438,0.19790002703666687
62,HONEYBEE__DROSOPHILA,14,-1,200,0.02118772454559803,0.19790002703666687,0.19790002703666687
62,HONEYBEE__DROSOPHILA,15,1,200,0.021278496831655502,0.19790002703666687,0.19760003685951233
62,HONEYBEE__DROSOPHILA,16,-1,200,0.021369267255067825,0.19760002195835114,0.19760003685951233
62,HONEYBEE__DROSOPHILA,17,1,200,0.021460041403770447,0.19760002195835114,0.1973000317811966
62,HONEYBEE__DROSOPHILA,18,-1,200,0.02155081368982792,0.1973000317811966,0.1973000317811966
62,HONEYBEE__DROSOPHILA,19,1,200,0.021641584113240242,0.1973000317811966,0.19700002670288086
62,HONEYBEE__DROSOPHILA,20,-1,200,0.021732358261942863,0.19700002670288086,0.19700002670288086
63,HONEYBEE__DROSOPHILA,1,1,200,0.02010008879005909,0.20000003278255463,0.1997000277042389
63,HONEYBEE__DROSOPHILA,2,-1,200,0.02019021101295948,0.19970004260540009,0.1997000277042389
63,HONEYBEE__DROSOPHILA,3,1,200,0.020280273631215096,0.19970004260540009,0.19940002262592316
63,HONEYBEE__DROSOPHILA,4,-1,200,0.020370395854115486,0.19940002262592316,0.19940002262592316
63,HONEYBEE__DROSOPHILA,5,1,200,0.0204604621976614,0.19940002262592316,0.19910003244876862
63,HONEYBEE__DROSOPHILA,6,-1,200,0.020550578832626343,0.19910003244876862,0.19910003244876862
63,HONEYBEE__DROSOPHILA,7,1,200,0.020640645176172256,0.19910003244876862,0.1988000124692917
63,HONEYBEE__DROSOPHILA,8,-1,200,0.02073076367378235,0.19880002737045288,0.1988000124692917
63,HONEYBEE__DROSOPHILA,9,1,200,0.020820830017328262,0.19880002737045288,0.19850003719329834
63,HONEYBEE__DROSOPHILA,10,-1,200,0.020910952240228653,0.19850003719329834,0.19850003719329834
63,HONEYBEE__DROSOPHILA,11,1,200,0.02100101299583912,0.19850003719329834,0.1982000470161438
63,HONEYBEE__DROSOPHILA,12,-1,200,0.02109113335609436,0.1982000321149826,0.1982000470161438
63,HONEYBEE__DROSOPHILA,13,1,200,0.021181201562285423,0.1982000321149826,0.19790002703666687
63,HONEYBEE__DROSOPHILA,14,-1,200,0.021271316334605217,0.19790004193782806,0.19790002703666687
63,HONEYBEE__DROSOPHILA,15,1,200,0.02136138640344143,0.19790004193782806,0.19760003685951233
63,HONEYBEE__DROSOPHILA,16,-1,200,0.02145150862634182,0.19760003685951233,0.19760003685951233
63,HONEYBEE__DROSOPHILA,17,1,200,0.021541569381952286,0.19760003685951233,0.1973000168800354
63,HONEYBEE__DROSOPHILA,18,-1,200,0.021631689742207527,0.1973000168800354,0.1973000168800354
63,HONEYBEE__DROSOPHILA,19,1,200,0.02172175608575344,0.1973000168800354,0.19700002670288086
63,HONEYBEE__DROSOPHILA,20,-1,200,0.02181187830865383,0.19700002670288086,0.19700002670288086
64,HONEYBEE__DROSOPHILA,1,1,200,0.020173320546746254,0.20000003278255463,0.19970004260540009
64,HONEYBEE__DROSOPHILA,2,-1,200,0.020264150574803352,0.1997000277042389,0.19970004260540009
64,HONEYBEE__DROSOPHILA,3,1,200,0.02035512961447239,0.1997000277042389,0.19940002262592316
64,HONEYBEE__DROSOPHILA,4,-1,200,0.02044595591723919,0.19940002262592316,0.19940002262592316
64,HONEYBEE__DROSOPHILA,5,1,200,0.020536938682198524,0.19940002262592316,0.19910001754760742
64,HONEYBEE__DROSOPHILA,6,-1,200,0.020627770572900772,0.19910003244876862,0.19910001754760742
64,HONEYBEE__DROSOPHILA,7,1,200,0.02071874961256981,0.19910003244876862,0.19880002737045288
64,HONEYBEE__DROSOPHILA,8,-1,200,0.020809579640626907,0.19880002737045288,0.19880002737045288
64,HONEYBEE__DROSOPHILA,9,1,200,0.020900558680295944,0.19880002737045288,0.19850003719329834
64,HONEYBEE__DROSOPHILA,10,-1,200,0.02099139243364334,0.19850003719329834,0.19850003719329834
64,HONEYBEE__DROSOPHILA,11,1,200,0.021082373335957527,0.19850003719329834,0.1982000321149826
64,HONEYBEE__DROSOPHILA,12,-1,200,0.021173201501369476,0.1982000470161438,0.1982000321149826
64,HONEYBEE__DROSOPHILA,13,1,200,0.021264176815748215,0.1982000470161438,0.19790002703666687
64,HONEYBEE__DROSOPHILA,14,-1,200,0.02135501429438591,0.19790002703666687,0.19790002703666687
64,HONEYBEE__DROSOPHILA,15,1,200,0.021445991471409798,0.19790002703666687,0.19760003685951233
64,HONEYBEE__DROSOPHILA,16,-1,200,0.021536819636821747,0.19760002195835114,0.19760003685951233
64,HONEYBEE__DROSOPHILA,17,1,200,0.021627802401781082,0.19760002195835114,0.1973000317811966
64,HONEYBEE__DROSOPHILA,18,-1,200,0.02171863242983818,0.1973000317811966,0.1973000317811966
64,HONEYBEE__DROSOPHILA,19,1,200,0.021809611469507217,0.1973000317811966,0.19700002670288086
64,HONEYBEE__DROSOPHILA,20,-1,200,0.021900437772274017,0.19700002670288086,0.19700002670288086
65,HONEYBEE__DROSOPHILA,1,1,200,0.020124811679124832,0.20000003278255463,0.19970004260540009
65,HONEYBEE__DROSOPHILA,2,-1,200,0.020215248689055443,0.1997000277042389,0.19970004260540009
65,HONEYBEE__DROSOPHILA,3,1,200,0.020305711776018143,0.1997000277042389,0.19940002262592316
65,HONEYBEE__DROSOPHILA,4,-1,200,0.020396150648593903,0.19940002262592316,0.19940002262592316
65,HONEYBEE__DROSOPHILA,5,1,200,0.020486608147621155,0.19940002262592316,0.19910001754760742
65,HONEYBEE__DROSOPHILA,6,-1,200,0.020577050745487213,0.19910003244876862,0.19910001754760742
65,HONEYBEE__DROSOPHILA,7,1,200,0.020667510107159615,0.19910003244876862,0.19880002737045288
65,HONEYBEE__DROSOPHILA,8,-1,200,0.020757948979735374,0.19880002737045288,0.19880002737045288
65,HONEYBEE__DROSOPHILA,9,1,200,0.020848410204052925,0.19880002737045288,0.19850003719329834
65,HONEYBEE__DROSOPHILA,10,-1,200,0.020938850939273834,0.19850003719329834,0.19850003719329834
65,HONEYBEE__DROSOPHILA,11,1,200,0.021029314026236534,0.19850003719329834,0.1982000470161438
65,HONEYBEE__DROSOPHILA,12,-1,200,0.021119749173521996,0.1982000470161438,0.1982000470161438
65,HONEYBEE__DROSOPHILA,13,1,200,0.021210210397839546,0.1982000470161438,0.19790002703666687
65,HONEYBEE__DROSOPHILA,14,-1,200,0.021300651133060455,0.19790002703666687,0.19790002703666687
65,HONEYBEE__DROSOPHILA,15,1,200,0.021391108632087708,0.19790002703666687,0.19760002195835114
65,HONEYBEE__DROSOPHILA,16,-1,200,0.021481549367308617,0.19760003685951233,0.19760002195835114
65,HONEYBEE__DROSOPHILA,17,1,200,0.021572008728981018,0.19760003685951233,0.1973000168800354
65,HONEYBEE__DROSOPHILA,18,-1,200,0.021662451326847076,0.1973000168800354,0.1973000168800354
65,HONEYBEE__DROSOPHILA,19,1,200,0.021752910688519478,0.1973000168800354,0.19700002670288086
65,HONEYBEE__DROSOPHILA,20,-1,200,0.021843351423740387,0.19700002670288086,0.19700002670288086
66,HONEYBEE__DROSOPHILA,1,1,200,0.020010672509670258,0.20000003278255463,0.19970004260540009
66,HONEYBEE__DROSOPHILA,2,-1,200,0.020101338624954224,0.19970004260540009,0.19970004260540009
66,HONEYBEE__DROSOPHILA,3,1,200,0.020192017778754234,0.19970004260540009,0.19940002262592316
66,HONEYBEE__DROSOPHILA,4,-1,200,0.0202826838940382,0.19940002262592316,0.19940002262592316
66,HONEYBEE__DROSOPHILA,5,1,200,0.020373370498418808,0.19940002262592316,0.19910003244876862
66,HONEYBEE__DROSOPHILA,6,-1,200,0.020464034751057625,0.19910003244876862,0.19910003244876862
66,HONEYBEE__DROSOPHILA,7,1,200,0.020554721355438232,0.19910003244876862,0.19880004227161407
66,HONEYBEE__DROSOPHILA,8,-1,200,0.02064538560807705,0.19880002737045288,0.19880004227161407
66,HONEYBEE__DROSOPHILA,9,1,200,0.020736072212457657,0.19880002737045288,0.19850003719329834
66,HONEYBEE__DROSOPHILA,10,-1,200,0.020826732739806175,0.19850003719329834,0.19850003719329834
66,HONEYBEE__DROSOPHILA,11,1,200,0.020917421206831932,0.19850003719329834,0.1982000321149826
66,HONEYBEE__DROSOPHILA,12,-1,200,0.02100808545947075,0.1982000470161438,0.1982000321149826
66,HONEYBEE__DROSOPHILA,13,1,200,0.02109876275062561,0.1982000470161438,0.19790002703666687
66,HONEYBEE__DROSOPHILA,14,-1,200,0.021189434453845024,0.19790002703666687,0.19790002703666687
66,HONEYBEE__DROSOPHILA,15,1,200,0.021280117332935333,0.19790002703666687,0.19760002195835114
66,HONEYBEE__DROSOPHILA,16,-1,200,0.021370789036154747,0.19760003685951233,0.19760002195835114
66,HONEYBEE__DROSOPHILA,17,1,200,0.021461470052599907,0.19760003685951233,0.1973000317811966
66,HONEYBEE__DROSOPHILA,18,-1,200,0.021552130579948425,0.1973000168800354,0.1973000317811966
66,HONEYBEE__DROSOPHILA,19,1,200,0.021642819046974182,0.1973000168800354,0.19700002670288086
66,HONEYBEE__DROSOPHILA,20,-1,200,0.021733483299613,0.19700002670288086,0.19700002670288086
67,HONEYBEE__DROSOPHILA,1,1,200,0.020024750381708145,0.20000003278255463,0.1997000277042389
67,HONEYBEE__DROSOPHILA,2,-1,200,0.020115096122026443,0.19970004260540009,0.1997000277042389
67,HONEYBEE__DROSOPHILA,3,1,200,0.02020541951060295,0.19970004260540009,0.19940002262592316
67,HONEYBEE__DROSOPHILA,4,-1,200,0.02029576525092125,0.19940002262592316,0.19940002262592316
67,HONEYBEE__DROSOPHILA,5,1,200,0.020386090502142906,0.19940002262592316,0.19910003244876862
67,HONEYBEE__DROSOPHILA,6,-1,200,0.020476434379816055,0.19910003244876862,0.19910003244876862
67,HONEYBEE__DROSOPHILA,7,1,200,0.020566759631037712,0.19910003244876862,0.1988000124692917
67,HONEYBEE__DROSOPHILA,8,-1,200,0.02065710537135601,0.1988000124692917,0.1988000124692917
67,HONEYBEE__DROSOPHILA,9,1,200,0.020747432485222816,0.1988000124692917,0.19850003719329834
67,HONEYBEE__DROSOPHILA,10,-1,200,0.020837772637605667,0.19850003719329834,0.19850003719329834
67,HONEYBEE__DROSOPHILA,11,1,200,0.020928099751472473,0.19850003719329834,0.1982000321149826
67,HONEYBEE__DROSOPHILA,12,-1,200,0.02101844549179077,0.1982000321149826,0.1982000321149826
67,HONEYBEE__DROSOPHILA,13,1,200,0.02110876888036728,0.1982000321149826,0.19790004193782806
67,HONEYBEE__DROSOPHILA,14,-1,200,0.021199114620685577,0.19790002703666687,0.19790004193782806
67,HONEYBEE__DROSOPHILA,15,1,200,0.021289436146616936,0.19790002703666687,0.19760003685951233
67,HONEYBEE__DROSOPHILA,16,-1,200,0.021379787474870682,0.19760003685951233,0.19760003685951233
67,HONEYBEE__DROSOPHILA,17,1,200,0.02147010713815689,0.19760003685951233,0.1973000168800354
67,HONEYBEE__DROSOPHILA,18,-1,200,0.021560458466410637,0.1973000168800354,0.1973000168800354
67,HONEYBEE__DROSOPHILA,19,1,200,0.021650778129696846,0.1973000168800354,0.19700002670288086
67,HONEYBEE__DROSOPHILA,20,-1,200,0.021741123870015144,0.19700002670288086,0.19700002670288086
68,HONEYBEE__DROSOPHILA,1,1,200,0.019935375079512596,0.20000003278255463,0.1997000277042389
68,HONEYBEE__DROSOPHILA,2,-1,200,0.0200253427028656,0.1997000277042389,0.1997000277042389
68,HONEYBEE__DROSOPHILA,3,1,200,0.02011546492576599,0.1997000277042389,0.19940002262592316
68,HONEYBEE__DROSOPHILA,4,-1,200,0.020205432549118996,0.19940002262592316,0.19940002262592316
68,HONEYBEE__DROSOPHILA,5,1,200,0.020295551046729088,0.19940002262592316,0.19910003244876862
68,HONEYBEE__DROSOPHILA,6,-1,200,0.02038552798330784,0.19910001754760742,0.19910003244876862
68,HONEYBEE__DROSOPHILA,7,1,200,0.02047564461827278,0.19910001754760742,0.1988000124692917
68,HONEYBEE__DROSOPHILA,8,-1,200,0.020565617829561234,0.19880004227161407,0.1988000124692917
68,HONEYBEE__DROSOPHILA,9,1,200,0.020655734464526176,0.19880004227161407,0.19850003719329834
68,HONEYBEE__DROSOPHILA,10,-1,200,0.02074570581316948,0.19850003719329834,0.19850003719329834
68,HONEYBEE__DROSOPHILA,11,1,200,0.02083582803606987,0.19850003719329834,0.1982000321149826
68,HONEYBEE__DROSOPHILA,12,-1,200,0.020925793796777725,0.1982000321149826,0.1982000321149826
68,HONEYBEE__DROSOPHILA,13,1,200,0.021015916019678116,0.1982000321149826,0.19790002703666687
68,HONEYBEE__DROSOPHILA,14,-1,200,0.02110588364303112,0.19790004193782806,0.19790002703666687
68,HONEYBEE__DROSOPHILA,15,1,200,0.02119600400328636,0.19790004193782806,0.19760002195835114
68,HONEYBEE__DROSOPHILA,16,-1,200,0.021285973489284515,0.19760002195835114,0.19760002195835114
68,HONEYBEE__DROSOPHILA,17,1,200,0.021376095712184906,0.19760002195835114,0.1973000466823578
68,HONEYBEE__DROSOPHILA,18,-1,200,0.02146606519818306,0.1973000168800354,0.1973000466823578
68,HONEYBEE__DROSOPHILA,19,1,200,0.021556183695793152,0.1973000168800354,0.19700002670288086
68,HONEYBEE__DROSOPHILA,20,-1,200,0.021646155044436455,0.19700002670288086,0.19700002670288086
69,HONEYBEE__DROSOPHILA,1,1,200,0.020015714690089226,0.20000003278255463,0.1997000277042389
69,HONEYBEE__DROSOPHILA,2,-1,200,0.02010626718401909,0.1997000277042389,0.1997000277042389
69,HONEYBEE__DROSOPHILA,3,1,200,0.020196879282593727,0.1997000277042389,0.19940002262592316
69,HONEYBEE__DROSOPHILA,4,-1,200,0.02028743177652359,0.19940002262592316,0.19940002262592316
69,HONEYBEE__DROSOPHILA,5,1,200,0.020378045737743378,0.19940002262592316,0.19910003244876862
69,HONEYBEE__DROSOPHILA,6,-1,200,0.020468594506382942,0.19910003244876862,0.19910003244876862
69,HONEYBEE__DROSOPHILA,7,1,200,0.02055920660495758,0.19910003244876862,0.19880002737045288
69,HONEYBEE__DROSOPHILA,8,-1,200,0.020649760961532593,0.19880002737045288,0.19880002737045288
69,HONEYBEE__DROSOPHILA,9,1,200,0.02074037306010723,0.19880002737045288,0.19850003719329834
69,HONEYBEE__DROSOPHILA,10,-1,200,0.020830925554037094,0.19850003719329834,0.19850003719329834
69,HONEYBEE__DROSOPHILA,11,1,200,0.02092154137790203,0.19850003719329834,0.1982000470161438
69,HONEYBEE__DROSOPHILA,12,-1,200,0.021012090146541595,0.1982000321149826,0.1982000470161438
69,HONEYBEE__DROSOPHILA,13,1,200,0.021102700382471085,0.1982000321149826,0.19790002703666687
69,HONEYBEE__DROSOPHILA,14,-1,200,0.02119324915111065,0.19790002703666687,0.19790002703666687
69,HONEYBEE__DROSOPHILA,15,1,200,0.021283874288201332,0.19790002703666687,0.19760003685951233
69,HONEYBEE__DROSOPHILA,16,-1,200,0.021374421194195747,0.19760002195835114,0.19760003685951233
69,HONEYBEE__DROSOPHILA,17,1,200,0.021465033292770386,0.19760002195835114,0.1973000168800354
69,HONEYBEE__DROSOPHILA,18,-1,200,0.02155558578670025,0.1973000317811966,0.1973000168800354
69,HONEYBEE__DROSOPHILA,19,1,200,0.021646196022629738,0.1973000317811966,0.19700004160404205
69,HONEYBEE__DROSOPHILA,20,-1,200,0.0217367485165596,0.19700002670288086,0.19700004160404205
70,HONEYBEE__DROSOPHILA,1,1,200,0.02002415619790554,0.20000003278255463,0.19970004260540009
70,HONEYBEE__DROSOPHILA,2,-1,200,0.02011502906680107,0.1997000277042389,0.19970004260540009
70,HONEYBEE__DROSOPHILA,3,1,200,0.020205644890666008,0.1997000277042389,0.19940002262592316
70,HONEYBEE__DROSOPHILA,4,-1,200,0.020296523347496986,0.19940002262592316,0.19940002262592316
70,HONEYBEE__DROSOPHILA,5,1,200,0.020387133583426476,0.19940002262592316,0.19910001754760742
70,HONEYBEE__DROSOPHILA,6,-1,200,0.020478010177612305,0.19910003244876862,0.19910001754760742
70,HONEYBEE__DROSOPHILA,7,1,200,0.02056862786412239,0.19910003244876862,0.19880002737045288
70,HONEYBEE__DROSOPHILA,8,-1,200,0.020659497007727623,0.1988000124692917,0.19880002737045288
70,HONEYBEE__DROSOPHILA,9,1,200,0.02075011283159256,0.1988000124692917,0.19850003719329834
70,HONEYBEE__DROSOPHILA,10,-1,200,0.020840991288423538,0.19850003719329834,0.19850003719329834
70,HONEYBEE__DROSOPHILA,11,1,200,0.020931607112288475,0.19850003719329834,0.1982000470161438
70,HONEYBEE__DROSOPHILA,12,-1,200,0.021022478118538857,0.1982000321149826,0.1982000470161438
70,HONEYBEE__DROSOPHILA,13,1,200,0.021113090217113495,0.1982000321149826,0.19790002703666687
70,HONEYBEE__DROSOPHILA,14,-1,200,0.021203970536589622,0.19790002703666687,0.19790002703666687
70,HONEYBEE__DROSOPHILA,15,1,200,0.02129458822309971,0.19790002703666687,0.19760003685951233
70,HONEYBEE__DROSOPHILA,16,-1,200,0.02138545922935009,0.19760003685951233,0.19760003685951233
70,HONEYBEE__DROSOPHILA,17,1,200,0.021476078778505325,0.19760003685951233,0.1973000168800354
70,HONEYBEE__DROSOPHILA,18,-1,200,0.021566949784755707,0.1973000317811966,0.1973000168800354
70,HONEYBEE__DROSOPHILA,19,1,200,0.021657565608620644,0.1973000317811966,0.19700002670288086
70,HONEYBEE__DROSOPHILA,20,-1,200,0.021748436614871025,0.19700002670288086,0.19700002670288086
71,HONEYBEE__DROSOPHILA,1,1,200,0.020222313702106476,0.20000003278255463,0.1997000277042389
71,HONEYBEE__DROSOPHILA,2,-1,200,0.02031310461461544,0.1997000128030777,0.1997000277042389
71,HONEYBEE__DROSOPHILA,3,1,200,0.020403889939188957,0.1997000128030777,0.19940003752708435
71,HONEYBEE__DROSOPHILA,4,-1,200,0.020494677126407623,0.19940002262592316,0.19940003752708435
71,HONEYBEE__DROSOPHILA,5,1,200,0.02058546617627144,0.19940002262592316,0.19910003244876862
71,HONEYBEE__DROSOPHILA,6,-1,200,0.020676253363490105,0.19910003244876862,0.19910003244876862
71,HONEYBEE__DROSOPHILA,7,1,200,0.02076703868806362,0.19910003244876862,0.19880002737045288
71,HONEYBEE__DROSOPHILA,8,-1,200,0.020857827737927437,0.19880002737045288,0.19880002737045288
71,HONEYBEE__DROSOPHILA,9,1,200,0.020948614925146103,0.19880002737045288,0.19850003719329834
71,HONEYBEE__DROSOPHILA,10,-1,200,0.02103940211236477,0.19850003719329834,0.19850003719329834
71,HONEYBEE__DROSOPHILA,11,1,200,0.021130191162228584,0.19850003719329834,0.1982000321149826
71,HONEYBEE__DROSOPHILA,12,-1,200,0.02122098207473755,0.1982000321149826,0.1982000321149826
71,HONEYBEE__DROSOPHILA,13,1,200,0.021311761811375618,0.1982000321149826,0.19790004193782806
71,HONEYBEE__DROSOPHILA,14,-1,200,0.021402554586529732,0.19790002703666687,0.19790004193782806
71,HONEYBEE__DROSOPHILA,15,1,200,0.02149333991110325,0.19790002703666687,0.19760003685951233
71,HONEYBEE__DROSOPHILA,16,-1,200,0.021584132686257362,0.19760002195835114,0.19760003685951233
71,HONEYBEE__DROSOPHILA,17,1,200,0.02167491428554058,0.19760002195835114,0.1973000168800354
71,HONEYBEE__DROSOPHILA,18,-1,200,0.021765705198049545,0.1973000168800354,0.1973000168800354
71,HONEYBEE__DROSOPHILA,19,1,200,0.02185649424791336,0.1973000168800354,0.19700002670288086
71,HONEYBEE__DROSOPHILA,20,-1,200,0.021947279572486877,0.19700002670288086,0.19700002670288086
72,HONEYBEE__DROSOPHILA,1,1,200,0.020152732729911804,0.20000003278255463,0.19970004260540009
72,HONEYBEE__DROSOPHILA,2,-1,200,0.020243339240550995,0.1997000277042389,0.19970004260540009
72,HONEYBEE__DROSOPHILA,3,1,200,0.020333733409643173,0.1997000277042389,0.19940002262592316
72,HONEYBEE__DROSOPHILA,4,-1,200,0.020424343645572662,0.19940002262592316,0.19940002262592316
72,HONEYBEE__DROSOPHILA,5,1,200,0.02051473595201969,0.19940002262592316,0.19910003244876862
72,HONEYBEE__DROSOPHILA,6,-1,200,0.020605353638529778,0.19910003244876862,0.19910003244876862
72,HONEYBEE__DROSOPHILA,7,1,200,0.020695747807621956,0.19910003244876862,0.19880002737045288
72,HONEYBEE__DROSOPHILA,8,-1,200,0.020786354318261147,0.19880002737045288,0.19880002737045288
72,HONEYBEE__DROSOPHILA,9,1,200,0.020876750349998474,0.19880002737045288,0.19850003719329834
72,HONEYBEE__DROSOPHILA,10,-1,200,0.020967358723282814,0.19850003719329834,0.19850003719329834
72,HONEYBEE__DROSOPHILA,11,1,200,0.02105775475502014,0.19850003719329834,0.1982000321149826
72,HONEYBEE__DROSOPHILA,12,-1,200,0.021148361265659332,0.1982000321149826,0.1982000321149826
72,HONEYBEE__DROSOPHILA,13,1,200,0.02123875729739666,0.1982000321149826,0.19790002703666687
72,HONEYBEE__DROSOPHILA,14,-1,200,0.021329373121261597,0.19790002703666687,0.19790002703666687
72,HONEYBEE__DROSOPHILA,15,1,200,0.021419763565063477,0.19790002703666687,0.19760002195835114
72,HONEYBEE__DROSOPHILA,16,-1,200,0.021510377526283264,0.19760002195835114,0.19760002195835114
72,HONEYBEE__DROSOPHILA,17,1,200,0.021600769832730293,0.19760002195835114,0.1973000168800354
72,HONEYBEE__DROSOPHILA,18,-1,200,0.021691380068659782,0.1973000168800354,0.1973000168800354
72,HONEYBEE__DROSOPHILA,19,1,200,0.02178177796304226,0.1973000168800354,0.19700002670288086
72,HONEYBEE__DROSOPHILA,20,-1,200,0.02187238447368145,0.19700002670288086,0.19700002670288086
73,HONEYBEE__DROSOPHILA,1,1,200,0.020021850243210793,0.20000003278255463,0.19970004260540009
73,HONEYBEE__DROSOPHILA,2,-1,200,0.02011275105178356,0.1997000277042389,0.19970004260540009
73,HONEYBEE__DROSOPHILA,3,1,200,0.0202037300914526,0.1997000277042389,0.19940002262592316
73,HONEYBEE__DROSOPHILA,4,-1,200,0.020294630900025368,0.19940002262592316,0.19940002262592316
73,HONEYBEE__DROSOPHILA,5,1,200,0.020385613664984703,0.19940002262592316,0.19910003244876862
73,HONEYBEE__DROSOPHILA,6,-1,200,0.020476507022976875,0.19910003244876862,0.19910003244876862
73,HONEYBEE__DROSOPHILA,7,1,200,0.02056749537587166,0.19910003244876862,0.1988000124692917
73,HONEYBEE__DROSOPHILA,8,-1,200,0.02065838873386383,0.19880002737045288,0.1988000124692917
73,HONEYBEE__DROSOPHILA,9,1,200,0.020749369636178017,0.19880002737045288,0.19850003719329834
73,HONEYBEE__DROSOPHILA,10,-1,200,0.020840274170041084,0.19850003719329834,0.19850003719329834
73,HONEYBEE__DROSOPHILA,11,1,200,0.020931249484419823,0.19850003719329834,0.1982000470161438
73,HONEYBEE__DROSOPHILA,12,-1,200,0.021022148430347443,0.1982000470161438,0.1982000470161438
73,HONEYBEE__DROSOPHILA,13,1,200,0.02111312560737133,0.1982000470161438,0.19790004193782806
73,HONEYBEE__DROSOPHILA,14,-1,200,0.021204033866524696,0.19790002703666687,0.19790004193782806
73,HONEYBEE__DROSOPHILA,15,1,200,0.021295009180903435,0.19790002703666687,0.19760003685951233
73,HONEYBEE__DROSOPHILA,16,-1,200,0.021385906264185905,0.19760003685951233,0.19760003685951233
73,HONEYBEE__DROSOPHILA,17,1,200,0.02147688902914524,0.19760003685951233,0.1973000317811966
73,HONEYBEE__DROSOPHILA,18,-1,200,0.02156778983771801,0.1973000168800354,0.1973000317811966
73,HONEYBEE__DROSOPHILA,19,1,200,0.021658772602677345,0.1973000168800354,0.19700002670288086
73,HONEYBEE__DROSOPHILA,20,-1,200,0.021749667823314667,0.19700002670288086,0.19700002670288086
74,HONEYBEE__DROSOPHILA,1,1,200,0.020117999985814095,0.20000003278255463,0.19970004260540009
74,HONEYBEE__DROSOPHILA,2,-1,200,0.02020876668393612,0.19970004260540009,0.19970004260540009
74,HONEYBEE__DROSOPHILA,3,1,200,0.020299365743994713,0.19970004260540009,0.19940002262592316
74,HONEYBEE__DROSOPHILA,4,-1,200,0.020390138030052185,0.19940002262592316,0.19940002262592316
74,HONEYBEE__DROSOPHILA,5,1,200,0.020480729639530182,0.19940002262592316,0.19910003244876862
74,HONEYBEE__DROSOPHILA,6,-1,200,0.020571501925587654,0.19910003244876862,0.19910003244876862
74,HONEYBEE__DROSOPHILA,7,1,200,0.0206620991230011,0.19910003244876862,0.19880002737045288
74,HONEYBEE__DROSOPHILA,8,-1,200,0.020752863958477974,0.1988000124692917,0.19880002737045288
74,HONEYBEE__DROSOPHILA,9,1,200,0.02084345929324627,0.1988000124692917,0.19850003719329834
74,HONEYBEE__DROSOPHILA,10,-1,200,0.02093423157930374,0.19850003719329834,0.19850003719329834
74,HONEYBEE__DROSOPHILA,11,1,200,0.021024826914072037,0.19850003719329834,0.1982000321149826
74,HONEYBEE__DROSOPHILA,12,-1,200,0.02111559547483921,0.1982000470161438,0.1982000321149826
74,HONEYBEE__DROSOPHILA,13,1,200,0.021206188946962357,0.1982000470161438,0.19790002703666687
74,HONEYBEE__DROSOPHILA,14,-1,200,0.02129696123301983,0.19790002703666687,0.19790002703666687
74,HONEYBEE__DROSOPHILA,15,1,200,0.021387552842497826,0.19790002703666687,0.19760003685951233
74,HONEYBEE__DROSOPHILA,16,-1,200,0.021478325128555298,0.19760003685951233,0.19760003685951233
74,HONEYBEE__DROSOPHILA,17,1,200,0.021568918600678444,0.19760003685951233,0.1973000168800354
74,HONEYBEE__DROSOPHILA,18,-1,200,0.021659694612026215,0.1973000168800354,0.1973000168800354
74,HONEYBEE__DROSOPHILA,19,1,200,0.021750282496213913,0.1973000168800354,0.19700002670288086
74,HONEYBEE__DROSOPHILA,20,-1,200,0.021841054782271385,0.19700002670288086,0.19700002670288086
75,HONEYBEE__DROSOPHILA,1,1,200,0.020178161561489105,0.20000003278255463,0.1997000277042389
75,HONEYBEE__DROSOPHILA,2,-1,200,0.020268458873033524,0.1997000277042389,0.1997000277042389
75,HONEYBEE__DROSOPHILA,3,1,200,0.020358901470899582,0.1997000277042389,0.19940002262592316
75,HONEYBEE__DROSOPHILA,4,-1,200,0.0204492025077343,0.19940002262592316,0.19940002262592316
75,HONEYBEE__DROSOPHILA,5,1,200,0.02053963951766491,0.19940002262592316,0.19910003244876862
75,HONEYBEE__DROSOPHILA,6,-1,200,0.020629940554499626,0.19910001754760742,0.19910003244876862
75,HONEYBEE__DROSOPHILA,7,1,200,0.020720381289720535,0.19910001754760742,0.19880002737045288
75,HONEYBEE__DROSOPHILA,8,-1,200,0.020810680463910103,0.19880002737045288,0.19880002737045288
75,HONEYBEE__DROSOPHILA,9,1,200,0.020901121199131012,0.19880002737045288,0.19850003719329834
75,HONEYBEE__DROSOPHILA,10,-1,200,0.02099141851067543,0.19850003719329834,0.19850003719329834
75,HONEYBEE__DROSOPHILA,11,1,200,0.02108186110854149,0.19850003719329834,0.1982000470161438
75,HONEYBEE__DROSOPHILA,12,-1,200,0.021172160282731056,0.1982000470161438,0.1982000470161438
75,HONEYBEE__DROSOPHILA,13,1,200,0.021262595430016518,0.1982000470161438,0.19790002703666687
75,HONEYBEE__DROSOPHILA,14,-1,200,0.021352902054786682,0.19790002703666687,0.19790002703666687
75,HONEYBEE__DROSOPHILA,15,1,200,0.021443337202072144,0.19790002703666687,0.19760002195835114
75,HONEYBEE__DROSOPHILA,16,-1,200,0.02153363823890686,0.19760003685951233,0.19760002195835114
75,HONEYBEE__DROSOPHILA,17,1,200,0.021624084562063217,0.19760003685951233,0.1973000317811966
75,HONEYBEE__DROSOPHILA,18,-1,200,0.021714380010962486,0.1973000168800354,0.1973000317811966
75,HONEYBEE__DROSOPHILA,19,1,200,0.021804818883538246,0.1973000168800354,0.19700002670288086
75,HONEYBEE__DROSOPHILA,20,-1,200,0.021895119920372963,0.19700002670288086,0.19700002670288086
76,HONEYBEE__DROSOPHILA,1,1,200,0.020145336166024208,0.20000003278255463,0.19970004260540009
76,HONEYBEE__DROSOPHILA,2,-1,200,0.020236104726791382,0.19970004260540009,0.19970004260540009
76,HONEYBEE__DROSOPHILA,3,1,200,0.020326992496848106,0.19970004260540009,0.19940002262592316
76,HONEYBEE__DROSOPHILA,4,-1,200,0.02041776105761528,0.19940002262592316,0.19940002262592316
76,HONEYBEE__DROSOPHILA,5,1,200,0.020508650690317154,0.19940002262592316,0.19910003244876862
76,HONEYBEE__DROSOPHILA,6,-1,200,0.02059941180050373,0.19910003244876862,0.19910003244876862
76,HONEYBEE__DROSOPHILA,7,1,200,0.020690307021141052,0.19910003244876862,0.19880002737045288
76,HONEYBEE__DROSOPHILA,8,-1,200,0.02078106999397278,0.19880002737045288,0.19880002737045288
76,HONEYBEE__DROSOPHILA,9,1,200,0.020871959626674652,0.19880002737045288,0.19850003719329834
76,HONEYBEE__DROSOPHILA,10,-1,200,0.020962724462151527,0.19850003719329834,0.19850003719329834
76,HONEYBEE__DROSOPHILA,11,1,200,0.0210536178201437,0.19850003719329834,0.1982000470161438
76,HONEYBEE__DROSOPHILA,12,-1,200,0.021144377067685127,0.1982000470161438,0.1982000470161438
76,HONEYBEE__DROSOPHILA,13,1,200,0.021235274150967598,0.1982000470161438,0.19790004193782806
76,HONEYBEE__DROSOPHILA,14,-1,200,0.021326037123799324,0.19790002703666687,0.19790004193782806
76,HONEYBEE__DROSOPHILA,15,1,200,0.021416926756501198,0.19790002703666687,0.19760003685951233
76,HONEYBEE__DROSOPHILA,16,-1,200,0.021507686004042625,0.19760003685951233,0.19760003685951233
76,HONEYBEE__DROSOPHILA,17,1,200,0.021598581224679947,0.19760003685951233,0.1973000317811966
76,HONEYBEE__DROSOPHILA,18,-1,200,0.021689346060156822,0.1973000317811966,0.1973000317811966
76,HONEYBEE__DROSOPHILA,19,1,200,0.021780233830213547,0.1973000317811966,0.19700002670288086
76,HONEYBEE__DROSOPHILA,20,-1,200,0.021870996803045273,0.19700002670288086,0.19700002670288086
77,HONEYBEE__DROSOPHILA,1,1,200,0.02018613927066326,0.20000003278255463,0.19970004260540009
77,HONEYBEE__DROSOPHILA,2,-1,200,0.02027643471956253,0.1997000128030777,0.19970004260540009
77,HONEYBEE__DROSOPHILA,3,1,200,0.020366773009300232,0.1997000128030777,0.19940002262592316
77,HONEYBEE__DROSOPHILA,4,-1,200,0.0204570684581995,0.19940002262592316,0.19940002262592316
77,HONEYBEE__DROSOPHILA,5,1,200,0.0205474104732275,0.19940002262592316,0.19910003244876862
77,HONEYBEE__DROSOPHILA,6,-1,200,0.02063770964741707,0.19910001754760742,0.19910003244876862
77,HONEYBEE__DROSOPHILA,7,1,200,0.020728042349219322,0.19910001754760742,0.19880004227161407
77,HONEYBEE__DROSOPHILA,8,-1,200,0.02081833966076374,0.19880002737045288,0.19880004227161407
77,HONEYBEE__DROSOPHILA,9,1,200,0.02090868167579174,0.19880002737045288,0.19850003719329834
77,HONEYBEE__DROSOPHILA,10,-1,200,0.02099897712469101,0.19850003719329834,0.19850003719329834
77,HONEYBEE__DROSOPHILA,11,1,200,0.02108931355178356,0.19850003719329834,0.1982000321149826
77,HONEYBEE__DROSOPHILA,12,-1,200,0.02117960900068283,0.1982000321149826,0.1982000321149826
77,HONEYBEE__DROSOPHILA,13,1,200,0.02126994915306568,0.1982000321149826,0.19790002703666687
77,HONEYBEE__DROSOPHILA,14,-1,200,0.02136024460196495,0.19790002703666687,0.19790002703666687
77,HONEYBEE__DROSOPHILA,15,1,200,0.021450581029057503,0.19790002703666687,0.19760003685951233
77,HONEYBEE__DROSOPHILA,16,-1,200,0.02154087834060192,0.19760003685951233,0.19760003685951233
77,HONEYBEE__DROSOPHILA,17,1,200,0.02163122035562992,0.19760003685951233,0.1973000168800354
77,HONEYBEE__DROSOPHILA,18,-1,200,0.02172151766717434,0.1973000168800354,0.1973000168800354
77,HONEYBEE__DROSOPHILA,19,1,200,0.021811852231621742,0.1973000168800354,0.19700002670288086
77,HONEYBEE__DROSOPHILA,20,-1,200,0.02190215326845646,0.19700002670288086,0.19700002670288086
78,HONEYBEE__DROSOPHILA,1,1,200,0.02004125900566578,0.20000003278255463,0.1997000277042389
78,HONEYBEE__DROSOPHILA,2,-1,200,0.020132170990109444,0.1997000277042389,0.1997000277042389
78,HONEYBEE__DROSOPHILA,3,1,200,0.020223191007971764,0.1997000277042389,0.19940003752708435
78,HONEYBEE__DROSOPHILA,4,-1,200,0.020314106717705727,0.19940002262592316,0.19940003752708435
78,HONEYBEE__DROSOPHILA,5,1,200,0.020405126735568047,0.19940002262592316,0.19910001754760742
78,HONEYBEE__DROSOPHILA,6,-1,200,0.02049604244530201,0.19910003244876862,0.19910001754760742
78,HONEYBEE__DROSOPHILA,7,1,200,0.02058706246316433,0.19910003244876862,0.19880002737045288
78,HONEYBEE__DROSOPHILA,8,-1,200,0.020677976310253143,0.19880002737045288,0.19880002737045288
78,HONEYBEE__DROSOPHILA,9,1,200,0.020768992602825165,0.19880002737045288,0.19850003719329834
78,HONEYBEE__DROSOPHILA,10,-1,200,0.020859910175204277,0.19850003719329834,0.19850003719329834
78,HONEYBEE__DROSOPHILA,11,1,200,0.020950928330421448,0.19850003719329834,0.1982000470161438
78,HONEYBEE__DROSOPHILA,12,-1,200,0.02104184590280056,0.1982000321149826,0.1982000470161438
78,HONEYBEE__DROSOPHILA,13,1,200,0.02113286592066288,0.1982000321149826,0.19790002703666687
78,HONEYBEE__DROSOPHILA,14,-1,200,0.021223779767751694,0.19790002703666687,0.19790002703666687
78,HONEYBEE__DROSOPHILA,15,1,200,0.021314801648259163,0.19790002703666687,0.19760003685951233
78,HONEYBEE__DROSOPHILA,16,-1,200,0.021405717357993126,0.19760002195835114,0.19760003685951233
78,HONEYBEE__DROSOPHILA,17,1,200,0.021496735513210297,0.19760002195835114,0.1973000317811966
78,HONEYBEE__DROSOPHILA,18,-1,200,0.02158765308558941,0.1973000168800354,0.1973000317811966
78,HONEYBEE__DROSOPHILA,19,1,200,0.02167867124080658,0.1973000168800354,0.19700002670288086
78,HONEYBEE__DROSOPHILA,20,-1,200,0.021769583225250244,0.19700002670288086,0.19700002670288086
79,HONEYBEE__DROSOPHILA,1,1,200,0.020051782950758934,0.20000003278255463,0.19970004260540009
79,HONEYBEE__DROSOPHILA,2,-1,200,0.020142678171396255,0.1997000277042389,0.19970004260540009
79,HONEYBEE__DROSOPHILA,3,1,200,0.020233729854226112,0.1997000277042389,0.19940002262592316
79,HONEYBEE__DROSOPHILA,4,-1,200,0.02032463066279888,0.19940002262592316,0.19940002262592316
79,HONEYBEE__DROSOPHILA,5,1,200,0.02041568048298359,0.19940002262592316,0.19910001754760742
79,HONEYBEE__DROSOPHILA,6,-1,200,0.02050657942891121,0.19910003244876862,0.19910001754760742
79,HONEYBEE__DROSOPHILA,7,1,200,0.020597629249095917,0.19910003244876862,0.19880002737045288
79,HONEYBEE__DROSOPHILA,8,-1,200,0.020688530057668686,0.19880004227161407,0.19880002737045288
79,HONEYBEE__DROSOPHILA,9,1,200,0.020779579877853394,0.19880004227161407,0.19850003719329834
79,HONEYBEE__DROSOPHILA,10,-1,200,0.020870482549071312,0.19850003719329834,0.19850003719329834
79,HONEYBEE__DROSOPHILA,11,1,200,0.02096152864396572,0.19850003719329834,0.1982000470161438
79,HONEYBEE__DROSOPHILA,12,-1,200,0.02105243131518364,0.1982000321149826,0.1982000470161438
79,HONEYBEE__DROSOPHILA,13,1,200,0.021143481135368347,0.1982000321149826,0.19790002703666687
79,HONEYBEE__DROSOPHILA,14,-1,200,0.021234378218650818,0.19790002703666687,0.19790002703666687
79,HONEYBEE__DROSOPHILA,15,1,200,0.021325435489416122,0.19790002703666687,0.19760003685951233
79,HONEYBEE__DROSOPHILA,16,-1,200,0.021416332572698593,0.19760003685951233,0.19760003685951233
79,HONEYBEE__DROSOPHILA,17,1,200,0.02150738053023815,0.19760003685951233,0.1973000168800354
79,HONEYBEE__DROSOPHILA,18,-1,200,0.02159827947616577,0.1973000317811966,0.1973000168800354
79,HONEYBEE__DROSOPHILA,19,1,200,0.02168933115899563,0.1973000317811966,0.19700002670288086
79,HONEYBEE__DROSOPHILA,20,-1,200,0.02178022637963295,0.19700002670288086,0.19700002670288086
80,HONEYBEE__DROSOPHILA,1,1,200,0.020005257800221443,0.20000003278255463,0.19970004260540009
80,HONEYBEE__DROSOPHILA,2,-1,200,0.0200961921364069,0.1997000277042389,0.19970004260540009
80,HONEYBEE__DROSOPHILA,3,1,200,0.020187191665172577,0.1997000277042389,0.19940002262592316
80,HONEYBEE__DROSOPHILA,4,-1,200,0.020278124138712883,0.19940003752708435,0.19940002262592316
80,HONEYBEE__DROSOPHILA,5,1,200,0.020369119942188263,0.19940003752708435,0.19910003244876862
80,HONEYBEE__DROSOPHILA,6,-1,200,0.020460056141018867,0.19910003244876862,0.19910003244876862
80,HONEYBEE__DROSOPHILA,7,1,200,0.020551051944494247,0.19910003244876862,0.19880002737045288
80,HONEYBEE__DROSOPHILA,8,-1,200,0.020641988143324852,0.19880002737045288,0.19880002737045288
80,HONEYBEE__DROSOPHILA,9,1,200,0.020732980221509933,0.19880002737045288,0.19850003719329834
80,HONEYBEE__DROSOPHILA,10,-1,200,0.020823916420340538,0.19850003719329834,0.19850003719329834
80,HONEYBEE__DROSOPHILA,11,1,200,0.02091491036117077,0.19850003719329834,0.1982000321149826
80,HONEYBEE__DROSOPHILA,12,-1,200,0.021005842834711075,0.1982000321149826,0.1982000321149826
80,HONEYBEE__DROSOPHILA,13,1,200,0.021096838638186455,0.1982000321149826,0.19790002703666687
80,HONEYBEE__DROSOPHILA,14,-1,200,0.02118777297437191,0.19790002703666687,0.19790002703666687
80,HONEYBEE__DROSOPHILA,15,1,200,0.02127876877784729,0.19790002703666687,0.19760002195835114
80,HONEYBEE__DROSOPHILA,16,-1,200,0.021369708701968193,0.19760002195835114,0.19760002195835114
80,HONEYBEE__DROSOPHILA,17,1,200,0.021460695192217827,0.19760002195835114,0.1973000168800354
80,HONEYBEE__DROSOPHILA,18,-1,200,0.02155163884162903,0.1973000168800354,0.1973000168800354
80,HONEYBEE__DROSOPHILA,19,1,200,0.02164263091981411,0.1973000168800354,0.19700002670288086
80,HONEYBEE__DROSOPHILA,20,-1,200,0.021733561530709267,0.19700002670288086,0.19700002670288086
81,HONEYBEE__DROSOPHILA,1,1,200,0.02017025835812092,0.20000003278255463,0.1997000277042389
81,HONEYBEE__DROSOPHILA,2,-1,200,0.020261144265532494,0.19970004260540009,0.1997000277042389
81,HONEYBEE__DROSOPHILA,3,1,200,0.020352095365524292,0.19970004260540009,0.19940002262592316
81,HONEYBEE__DROSOPHILA,4,-1,200,0.020442986860871315,0.19940002262592316,0.19940002262592316
81,HONEYBEE__DROSOPHILA,5,1,200,0.020533932372927666,0.19940002262592316,0.19910001754760742
81,HONEYBEE__DROSOPHILA,6,-1,200,0.02062482386827469,0.19910003244876862,0.19910001754760742
81,HONEYBEE__DROSOPHILA,7,1,200,0.020715776830911636,0.19910003244876862,0.19880002737045288
81,HONEYBEE__DROSOPHILA,8,-1,200,0.02080666460096836,0.1988000124692917,0.19880002737045288
81,HONEYBEE__DROSOPHILA,9,1,200,0.02089761383831501,0.1988000124692917,0.19850003719329834
81,HONEYBEE__DROSOPHILA,10,-1,200,0.020988505333662033,0.19850003719329834,0.19850003719329834
81,HONEYBEE__DROSOPHILA,11,1,200,0.021079452708363533,0.19850003719329834,0.1982000470161438
81,HONEYBEE__DROSOPHILA,12,-1,200,0.021170344203710556,0.1982000470161438,0.1982000470161438
81,HONEYBEE__DROSOPHILA,13,1,200,0.021261297166347504,0.1982000470161438,0.19790004193782806
81,HONEYBEE__DROSOPHILA,14,-1,200,0.02135218307375908,0.19790002703666687,0.19790004193782806
81,HONEYBEE__DROSOPHILA,15,1,200,0.021443132311105728,0.19790002703666687,0.19760003685951233
81,HONEYBEE__DROSOPHILA,16,-1,200,0.0215340256690979,0.19760003685951233,0.19760003685951233
81,HONEYBEE__DROSOPHILA,17,1,200,0.02162497490644455,0.19760003685951233,0.1973000317811966
81,HONEYBEE__DROSOPHILA,18,-1,200,0.021715862676501274,0.1973000168800354,0.1973000317811966
81,HONEYBEE__DROSOPHILA,19,1,200,0.021806813776493073,0.1973000168800354,0.19700002670288086
81,HONEYBEE__DROSOPHILA,20,-1,200,0.021897705271840096,0.19700002670288086,0.19700002670288086
82,HONEYBEE__DROSOPHILA,1,1,200,0.020244242623448372,0.20000003278255463,0.19970004260540009
82,HONEYBEE__DROSOPHILA,2,-1,200,0.020333826541900635,0.19970004260540009,0.19970004260540009
82,HONEYBEE__DROSOPHILA,3,1,200,0.02042357251048088,0.19970004260540009,0.19940002262592316
82,HONEYBEE__DROSOPHILA,4,-1,200,0.020513148978352547,0.19940002262592316,0.19940002262592316
82,HONEYBEE__DROSOPHILA,5,1,200,0.020602893084287643,0.19940002262592316,0.19910003244876862
82,HONEYBEE__DROSOPHILA,6,-1,200,0.020692475140094757,0.19910001754760742,0.19910003244876862
82,HONEYBEE__DROSOPHILA,7,1,200,0.020782221108675003,0.19910001754760742,0.19880002737045288
82,HONEYBEE__DROSOPHILA,8,-1,200,0.020871805027127266,0.19880002737045288,0.19880002737045288
82,HONEYBEE__DROSOPHILA,9,1,200,0.020961543545126915,0.19880002737045288,0.19850003719329834
82,HONEYBEE__DROSOPHILA,10,-1,200,0.021051127463579178,0.19850003719329834,0.19850003719329834
82,HONEYBEE__DROSOPHILA,11,1,200,0.021140871569514275,0.19850003719329834,0.1982000172138214
82,HONEYBEE__DROSOPHILA,12,-1,200,0.021230453625321388,0.1982000470161438,0.1982000172138214
82,HONEYBEE__DROSOPHILA,13,1,200,0.021320192143321037,0.1982000470161438,0.19790002703666687
82,HONEYBEE__DROSOPHILA,14,-1,200,0.021409772336483,0.19790002703666687,0.19790002703666687
82,HONEYBEE__DROSOPHILA,15,1,200,0.021499518305063248,0.19790002703666687,0.19760002195835114
82,HONEYBEE__DROSOPHILA,16,-1,200,0.02158910222351551,0.19760003685951233,0.19760002195835114
82,HONEYBEE__DROSOPHILA,17,1,200,0.021678844466805458,0.19760003685951233,0.1973000168800354
82,HONEYBEE__DROSOPHILA,18,-1,200,0.021768422797322273,0.1973000168800354,0.1973000168800354
82,HONEYBEE__DROSOPHILA,19,1,200,0.02185816690325737,0.1973000168800354,0.19700002670288086
82,HONEYBEE__DROSOPHILA,20,-1,200,0.021947748959064484,0.19700002670288086,0.19700002670288086
83,HONEYBEE__DROSOPHILA,1,1,200,0.020081305876374245,0.20000003278255463,0.19970004260540009
83,HONEYBEE__DROSOPHILA,2,-1,200,0.020171308889985085,0.1997000277042389,0.19970004260540009
83,HONEYBEE__DROSOPHILA,3,1,200,0.020261256024241447,0.1997000277042389,0.19940002262592316
83,HONEYBEE__DROSOPHILA,4,-1,200,0.020351259037852287,0.19940002262592316,0.19940002262592316
83,HONEYBEE__DROSOPHILA,5,1,200,0.0204412080347538,0.19940002262592316,0.19910003244876862
83,HONEYBEE__DROSOPHILA,6,-1,200,0.02053121104836464,0.19910001754760742,0.19910003244876862
83,HONEYBEE__DROSOPHILA,7,1,200,0.020621154457330704,0.19910001754760742,0.19880002737045288
83,HONEYBEE__DROSOPHILA,8,-1,200,0.020711157470941544,0.19880002737045288,0.19880002737045288
83,HONEYBEE__DROSOPHILA,9,1,200,0.020801106467843056,0.19880002737045288,0.19850003719329834
83,HONEYBEE__DROSOPHILA,10,-1,200,0.020891111344099045,0.19850003719329834,0.19850003719329834
83,HONEYBEE__DROSOPHILA,11,1,200,0.02098105475306511,0.19850003719329834,0.1982000321149826
83,HONEYBEE__DROSOPHILA,12,-1,200,0.021071061491966248,0.1982000321149826,0.1982000321149826
83,HONEYBEE__DROSOPHILA,13,1,200,0.021161003038287163,0.1982000321149826,0.19790004193782806
83,HONEYBEE__DROSOPHILA,14,-1,200,0.02125101163983345,0.19790004193782806,0.19790004193782806
83,HONEYBEE__DROSOPHILA,15,1,200,0.021340955048799515,0.19790004193782806,0.19760003685951233
83,HONEYBEE__DROSOPHILA,16,-1,200,0.021430956199765205,0.19760003685951233,0.19760003685951233
83,HONEYBEE__DROSOPHILA,17,1,200,0.021520905196666718,0.19760003685951233,0.1973000317811966
83,HONEYBEE__DROSOPHILA,18,-1,200,0.021610910072922707,0.1973000317811966,0.1973000317811966
83,HONEYBEE__DROSOPHILA,19,1,200,0.02170085534453392,0.1973000317811966,0.19700002670288086
83,HONEYBEE__DROSOPHILA,20,-1,200,0.02179086208343506,0.19700002670288086,0.19700002670288086
84,HONEYBEE__DROSOPHILA,1,1,200,0.020125117152929306,0.20000003278255463,0.19970004260540009
84,HONEYBEE__DROSOPHILA,2,-1,200,0.020216232165694237,0.1997000277042389,0.19970004260540009
84,HONEYBEE__DROSOPHILA,3,1,200,0.020307332277297974,0.1997000277042389,0.19940002262592316
84,HONEYBEE__DROSOPHILA,4,-1,200,0.02039845660328865,0.19940002262592316,0.19940002262592316
84,HONEYBEE__DROSOPHILA,5,1,200,0.020489554852247238,0.19940002262592316,0.19910003244876862
84,HONEYBEE__DROSOPHILA,6,-1,200,0.020580671727657318,0.19910003244876862,0.19910003244876862
84,HONEYBEE__DROSOPHILA,7,1,200,0.020671775564551353,0.19910003244876862,0.1988000124692917
84,HONEYBEE__DROSOPHILA,8,-1,200,0.020762896165251732,0.19880002737045288,0.1988000124692917
84,HONEYBEE__DROSOPHILA,9,1,200,0.02085399627685547,0.19880002737045288,0.19850003719329834
84,HONEYBEE__DROSOPHILA,10,-1,200,0.02094511315226555,0.19850003719329834,0.19850003719329834
84,HONEYBEE__DROSOPHILA,11,1,200,0.021036215126514435,0.19850003719329834,0.1982000470161438
84,HONEYBEE__DROSOPHILA,12,-1,200,0.021127333864569664,0.1982000321149826,0.1982000470161438
84,HONEYBEE__DROSOPHILA,13,1,200,0.02121843211352825,0.1982000321149826,0.19790004193782806
84,HONEYBEE__DROSOPHILA,14,-1,200,0.02130955271422863,0.19790002703666687,0.19790004193782806
84,HONEYBEE__DROSOPHILA,15,1,200,0.021400658413767815,0.19790002703666687,0.19760003685951233
84,HONEYBEE__DROSOPHILA,16,-1,200,0.021491779014468193,0.19760003685951233,0.19760003685951233
84,HONEYBEE__DROSOPHILA,17,1,200,0.02158287540078163,0.19760003685951233,0.1973000168800354
84,HONEYBEE__DROSOPHILA,18,-1,200,0.02167399413883686,0.1973000168800354,0.1973000168800354
84,HONEYBEE__DROSOPHILA,19,1,200,0.021765096113085747,0.1973000168800354,0.19700002670288086
84,HONEYBEE__DROSOPHILA,20,-1,200,0.021856218576431274,0.19700004160404205,0.19700002670288086
85,HONEYBEE__DROSOPHILA,1,1,200,0.02016264572739601,0.20000003278255463,0.19970004260540009
85,HONEYBEE__DROSOPHILA,2,-1,200,0.020253056660294533,0.1997000277042389,0.19970004260540009
85,HONEYBEE__DROSOPHILA,3,1,200,0.020343376323580742,0.1997000277042389,0.19940002262592316
85,HONEYBEE__DROSOPHILA,4,-1,200,0.020433787256479263,0.19940002262592316,0.19940002262592316
85,HONEYBEE__DROSOPHILA,5,1,200,0.020524106919765472,0.19940002262592316,0.19910001754760742
85,HONEYBEE__DROSOPHILA,6,-1,200,0.020614514127373695,0.19910003244876862,0.19910001754760742
85,HONEYBEE__DROSOPHILA,7,1,200,0.020704831928014755,0.19910003244876862,0.19880002737045288
85,HONEYBEE__DROSOPHILA,8,-1,200,0.020795244723558426,0.19880002737045288,0.19880002737045288
85,HONEYBEE__DROSOPHILA,9,1,200,0.020885566249489784,0.19880002737045288,0.19850003719329834
85,HONEYBEE__DROSOPHILA,10,-1,200,0.020975973457098007,0.19850003719329834,0.19850003719329834
85,HONEYBEE__DROSOPHILA,11,1,200,0.021066296845674515,0.19850003719329834,0.1982000470161438
85,HONEYBEE__DROSOPHILA,12,-1,200,0.021156704053282738,0.1982000470161438,0.1982000470161438
85,HONEYBEE__DROSOPHILA,13,1,200,0.021247023716568947,0.1982000470161438,0.19790002703666687
85,HONEYBEE__DROSOPHILA,14,-1,200,0.021337438374757767,0.19790002703666687,0.19790002703666687
85,HONEYBEE__DROSOPHILA,15,1,200,0.021427754312753677,0.19790002703666687,0.19760002195835114
85,HONEYBEE__DROSOPHILA,16,-1,200,0.02151815965771675,0.19760003685951233,0.19760002195835114
85,HONEYBEE__DROSOPHILA,17,1,200,0.021608486771583557,0.19760003685951233,0.1973000168800354
85,HONEYBEE__DROSOPHILA,18,-1,200,0.02169889397919178,0.1973000168800354,0.1973000168800354
85,HONEYBEE__DROSOPHILA,19,1,200,0.021789219230413437,0.1973000168800354,0.19700002670288086
85,HONEYBEE__DROSOPHILA,20,-1,200,0.02187962457537651,0.19700002670288086,0.19700002670288086
86,HONEYBEE__DROSOPHILA,1,1,200,0.02013459987938404,0.20000003278255463,0.1997000277042389
86,HONEYBEE__DROSOPHILA,2,-1,200,0.020225821062922478,0.1997000277042389,0.1997000277042389
86,HONEYBEE__DROSOPHILA,3,1,200,0.02031702734529972,0.1997000277042389,0.19940002262592316
86,HONEYBEE__DROSOPHILA,4,-1,200,0.02040824666619301,0.19940002262592316,0.19940002262592316
86,HONEYBEE__DROSOPHILA,5,1,200,0.020499447360634804,0.19940002262592316,0.19910001754760742
86,HONEYBEE__DROSOPHILA,6,-1,200,0.02059066854417324,0.19910003244876862,0.19910001754760742
86,HONEYBEE__DROSOPHILA,7,1,200,0.020681876689195633,0.19910003244876862,0.1988000124692917
86,HONEYBEE__DROSOPHILA,8,-1,200,0.02077309601008892,0.19880002737045288,0.1988000124692917
86,HONEYBEE__DROSOPHILA,9,1,200,0.020864296704530716,0.19880002737045288,0.19850003719329834
86,HONEYBEE__DROSOPHILA,10,-1,200,0.020955517888069153,0.19850003719329834,0.19850003719329834
86,HONEYBEE__DROSOPHILA,11,1,200,0.021046727895736694,0.19850003719329834,0.1982000470161438
86,HONEYBEE__DROSOPHILA,12,-1,200,0.021137943491339684,0.1982000321149826,0.1982000470161438
86,HONEYBEE__DROSOPHILA,13,1,200,0.021229147911071777,0.1982000321149826,0.19790002703666687
86,HONEYBEE__DROSOPHILA,14,-1,200,0.021320369094610214,0.19790002703666687,0.19790002703666687
86,HONEYBEE__DROSOPHILA,15,1,200,0.021411575376987457,0.19790002703666687,0.19760003685951233
86,HONEYBEE__DROSOPHILA,16,-1,200,0.021502794697880745,0.19760003685951233,0.19760003685951233
86,HONEYBEE__DROSOPHILA,17,1,200,0.02159399911761284,0.19760003685951233,0.1973000317811966
86,HONEYBEE__DROSOPHILA,18,-1,200,0.021685220301151276,0.1973000168800354,0.1973000317811966
86,HONEYBEE__DROSOPHILA,19,1,200,0.02177642285823822,0.1973000168800354,0.19700002670288086
86,HONEYBEE__DROSOPHILA,20,-1,200,0.021867644041776657,0.19700002670288086,0.19700002670288086
87,HONEYBEE__DROSOPHILA,1,1,200,0.020134033635258675,0.20000003278255463,0.1997000277042389
87,HONEYBEE__DROSOPHILA,2,-1,200,0.020224273204803467,0.1997000277042389,0.1997000277042389
87,HONEYBEE__DROSOPHILA,3,1,200,0.02031446248292923,0.1997000277042389,0.19940002262592316
87,HONEYBEE__DROSOPHILA,4,-1,200,0.020404696464538574,0.19940002262592316,0.19940002262592316
87,HONEYBEE__DROSOPHILA,5,1,200,0.020494893193244934,0.19940002262592316,0.19910003244876862
87,HONEYBEE__DROSOPHILA,6,-1,200,0.020585117861628532,0.19910003244876862,0.19910003244876862
87,HONEYBEE__DROSOPHILA,7,1,200,0.020675310865044594,0.19910003244876862,0.19880002737045288
87,HONEYBEE__DROSOPHILA,8,-1,200,0.020765546709299088,0.19880002737045288,0.19880002737045288
87,HONEYBEE__DROSOPHILA,9,1,200,0.0208557341247797,0.19880002737045288,0.19850003719329834
87,HONEYBEE__DROSOPHILA,10,-1,200,0.020945969969034195,0.19850003719329834,0.19850003719329834
87,HONEYBEE__DROSOPHILA,11,1,200,0.021036159247159958,0.19850003719329834,0.1982000470161438
87,HONEYBEE__DROSOPHILA,12,-1,200,0.021126393228769302,0.1982000321149826,0.1982000470161438
87,HONEYBEE__DROSOPHILA,13,1,200,0.021216586232185364,0.1982000321149826,0.19790002703666687
87,HONEYBEE__DROSOPHILA,14,-1,200,0.021306825801730156,0.19790002703666687,0.19790002703666687
87,HONEYBEE__DROSOPHILA,15,1,200,0.02139700949192047,0.19790002703666687,0.19760003685951233
87,HONEYBEE__DROSOPHILA,16,-1,200,0.021487243473529816,0.19760003685951233,0.19760003685951233
87,HONEYBEE__DROSOPHILA,17,1,200,0.021577434614300728,0.19760003685951233,0.1973000168800354
87,HONEYBEE__DROSOPHILA,18,-1,200,0.02166767045855522,0.1973000317811966,0.1973000168800354
87,HONEYBEE__DROSOPHILA,19,1,200,0.021757861599326134,0.1973000317811966,0.19700002670288086
87,HONEYBEE__DROSOPHILA,20,-1,200,0.02184809371829033,0.19700002670288086,0.19700002670288086
88,HONEYBEE__DROSOPHILA,1,1,200,0.020184725522994995,0.20000003278255463,0.19970004260540009
88,HONEYBEE__DROSOPHILA,2,-1,200,0.020275648683309555,0.1997000277042389,0.19970004260540009
88,HONEYBEE__DROSOPHILA,3,1,200,0.020366549491882324,0.1997000277042389,0.19940002262592316
88,HONEYBEE__DROSOPHILA,4,-1,200,0.020457476377487183,0.19940002262592316,0.19940002262592316
88,HONEYBEE__DROSOPHILA,5,1,200,0.0205483790487051,0.19940002262592316,0.19910001754760742
88,HONEYBEE__DROSOPHILA,6,-1,200,0.020639298483729362,0.19910003244876862,0.19910001754760742
88,HONEYBEE__DROSOPHILA,7,1,200,0.02073019929230213,0.19910003244876862,0.19880002737045288
88,HONEYBEE__DROSOPHILA,8,-1,200,0.02082112617790699,0.19880002737045288,0.19880002737045288
88,HONEYBEE__DROSOPHILA,9,1,200,0.020912019535899162,0.19880002737045288,0.19850003719329834
88,HONEYBEE__DROSOPHILA,10,-1,200,0.02100295014679432,0.19850003719329834,0.19850003719329834
88,HONEYBEE__DROSOPHILA,11,1,200,0.02109385095536709,0.19850003719329834,0.1982000470161438
88,HONEYBEE__DROSOPHILA,12,-1,200,0.021184775978326797,0.1982000470161438,0.1982000470161438
88,HONEYBEE__DROSOPHILA,13,1,200,0.021275673061609268,0.1982000470161438,0.19790002703666687
88,HONEYBEE__DROSOPHILA,14,-1,200,0.021366603672504425,0.19790002703666687,0.19790002703666687
88,HONEYBEE__DROSOPHILA,15,1,200,0.021457497030496597,0.19790002703666687,0.19760003685951233
88,HONEYBEE__DROSOPHILA,16,-1,200,0.021548422053456306,0.19760003685951233,0.19760003685951233
88,HONEYBEE__DROSOPHILA,17,1,200,0.021639330312609673,0.19760003685951233,0.1973000168800354
88,HONEYBEE__DROSOPHILA,18,-1,200,0.021730246022343636,0.1973000168800354,0.1973000168800354
88,HONEYBEE__DROSOPHILA,19,1,200,0.021821150556206703,0.1973000168800354,0.19700002670288086
88,HONEYBEE__DROSOPHILA,20,-1,200,0.021912075579166412,0.19700002670288086,0.19700002670288086
89,HONEYBEE__DROSOPHILA,1,1,200,0.02002429962158203,0.20000003278255463,0.19970004260540009
89,HONEYBEE__DROSOPHILA,2,-1,200,0.020115109160542488,0.1997000277042389,0.19970004260540009
89,HONEYBEE__DROSOPHILA,3,1,200,0.020205998793244362,0.1997000277042389,0.19940002262592316
89,HONEYBEE__DROSOPHILA,4,-1,200,0.020296812057495117,0.19940002262592316,0.19940002262592316
89,HONEYBEE__DROSOPHILA,5,1,200,0.020387697964906693,0.19940002262592316,0.19910003244876862
89,HONEYBEE__DROSOPHILA,6,-1,200,0.020478511229157448,0.19910003244876862,0.19910003244876862
89,HONEYBEE__DROSOPHILA,7,1,200,0.02056940272450447,0.19910003244876862,0.1988000124692917
89,HONEYBEE__DROSOPHILA,8,-1,200,0.020660214126110077,0.19880002737045288,0.1988000124692917
89,HONEYBEE__DROSOPHILA,9,1,200,0.02075110375881195,0.19880002737045288,0.19850003719329834
89,HONEYBEE__DROSOPHILA,10,-1,200,0.02084190584719181,0.19850003719329834,0.19850003719329834
89,HONEYBEE__DROSOPHILA,11,1,200,0.020932795479893684,0.19850003719329834,0.1982000470161438
89,HONEYBEE__DROSOPHILA,12,-1,200,0.021023612469434738,0.1982000470161438,0.1982000470161438
89,HONEYBEE__DROSOPHILA,13,1,200,0.021114502102136612,0.1982000470161438,0.19790002703666687
89,HONEYBEE__DROSOPHILA,14,-1,200,0.02120530977845192,0.19790002703666687,0.19790002703666687
89,HONEYBEE__DROSOPHILA,15,1,200,0.021296195685863495,0.19790002703666687,0.19760003685951233
89,HONEYBEE__DROSOPHILA,16,-1,200,0.02138700895011425,0.19760003685951233,0.19760003685951233
89,HONEYBEE__DROSOPHILA,17,1,200,0.021477902308106422,0.19760003685951233,0.1973000317811966
89,HONEYBEE__DROSOPHILA,18,-1,200,0.02156871184706688,0.1973000168800354,0.1973000317811966
89,HONEYBEE__DROSOPHILA,19,1,200,0.021659601479768753,0.1973000168800354,0.19700002670288086
89,HONEYBEE__DROSOPHILA,20,-1,200,0.02175040729343891,0.19700002670288086,0.19700002670288086
90,HONEYBEE__DROSOPHILA,1,1,200,0.01997368410229683,0.20000003278255463,0.1997000277042389
90,HONEYBEE__DROSOPHILA,2,-1,200,0.020065192133188248,0.19970004260540009,0.1997000277042389
90,HONEYBEE__DROSOPHILA,3,1,200,0.02015671692788601,0.19970004260540009,0.19940002262592316
90,HONEYBEE__DROSOPHILA,4,-1,200,0.020248224958777428,0.19940002262592316,0.19940002262592316
90,HONEYBEE__DROSOPHILA,5,1,200,0.02033974789083004,0.19940002262592316,0.19910003244876862
90,HONEYBEE__DROSOPHILA,6,-1,200,0.020431257784366608,0.19910003244876862,0.19910003244876862
90,HONEYBEE__DROSOPHILA,7,1,200,0.02052278257906437,0.19910003244876862,0.19880002737045288
90,HONEYBEE__DROSOPHILA,8,-1,200,0.020614294335246086,0.19880002737045288,0.19880002737045288
90,HONEYBEE__DROSOPHILA,9,1,200,0.020705820992588997,0.19880002737045288,0.19850003719329834
90,HONEYBEE__DROSOPHILA,10,-1,200,0.020797330886125565,0.19850003719329834,0.19850003719329834
90,HONEYBEE__DROSOPHILA,11,1,200,0.020888851955533028,0.19850003719329834,0.1982000321149826
90,HONEYBEE__DROSOPHILA,12,-1,200,0.020980361849069595,0.1982000470161438,0.1982000321149826
90,HONEYBEE__DROSOPHILA,13,1,200,0.021071890369057655,0.1982000470161438,0.19790002703666687
90,HONEYBEE__DROSOPHILA,14,-1,200,0.021163400262594223,0.19790002703666687,0.19790002703666687
90,HONEYBEE__DROSOPHILA,15,1,200,0.021254925057291985,0.19790002703666687,0.19760003685951233
90,HONEYBEE__DROSOPHILA,16,-1,200,0.02134643867611885,0.19760002195835114,0.19760003685951233
90,HONEYBEE__DROSOPHILA,17,1,200,0.021437959745526314,0.19760002195835114,0.1973000168800354
90,HONEYBEE__DROSOPHILA,18,-1,200,0.02152946963906288,0.1973000168800354,0.1973000168800354
90,HONEYBEE__DROSOPHILA,19,1,200,0.021620996296405792,0.1973000168800354,0.19700002670288086
90,HONEYBEE__DROSOPHILA,20,-1,200,0.02171250432729721,0.19700002670288086,0.19700002670288086
91,HONEYBEE__DROSOPHILA,1,1,200,0.02013598568737507,0.20000003278255463,0.19970004260540009
91,HONEYBEE__DROSOPHILA,2,-1,200,0.020226677879691124,0.19970004260540009,0.19970004260540009
91,HONEYBEE__DROSOPHILA,3,1,200,0.02031726762652397,0.19970004260540009,0.19940002262592316
91,HONEYBEE__DROSOPHILA,4,-1,200,0.020407961681485176,0.19940002262592316,0.19940002262592316
91,HONEYBEE__DROSOPHILA,5,1,200,0.020498542115092278,0.19940002262592316,0.19910003244876862
91,HONEYBEE__DROSOPHILA,6,-1,200,0.02058924362063408,0.19910001754760742,0.19910003244876862
91,HONEYBEE__DROSOPHILA,7,1,200,0.02067982591688633,0.19910001754760742,0.19880002737045288
91,HONEYBEE__DROSOPHILA,8,-1,200,0.020770521834492683,0.19880002737045288,0.19880002737045288
91,HONEYBEE__DROSOPHILA,9,1,200,0.020861104130744934,0.19880002737045288,0.19850003719329834
91,HONEYBEE__DROSOPHILA,10,-1,200,0.02095179632306099,0.19850003719329834,0.19850003719329834
91,HONEYBEE__DROSOPHILA,11,1,200,0.021042386069893837,0.19850003719329834,0.1982000470161438
91,HONEYBEE__DROSOPHILA,12,-1,200,0.021133078262209892,0.1982000470161438,0.1982000470161438
91,HONEYBEE__DROSOPHILA,13,1,200,0.02122366428375244,0.1982000470161438,0.19790002703666687
91,HONEYBEE__DROSOPHILA,14,-1,200,0.021314360201358795,0.19790004193782806,0.19790002703666687
91,HONEYBEE__DROSOPHILA,15,1,200,0.021404940634965897,0.19790004193782806,0.19760003685951233
91,HONEYBEE__DROSOPHILA,16,-1,200,0.02149564027786255,0.19760003685951233,0.19760003685951233
91,HONEYBEE__DROSOPHILA,17,1,200,0.021586228162050247,0.19760003685951233,0.1973000168800354
91,HONEYBEE__DROSOPHILA,18,-1,200,0.021676918491721153,0.1973000168800354,0.1973000168800354
91,HONEYBEE__DROSOPHILA,19,1,200,0.021767502650618553,0.1973000168800354,0.19700002670288086
91,HONEYBEE__DROSOPHILA,20,-1,200,0.021858200430870056,0.19700002670288086,0.19700002670288086
92,HONEYBEE__DROSOPHILA,1,1,200,0.020205121487379074,0.20000003278255463,0.19970004260540009
92,HONEYBEE__DROSOPHILA,2,-1,200,0.020296698436141014,0.19970004260540009,0.19970004260540009
92,HONEYBEE__DROSOPHILA,3,1,200,0.020388202741742134,0.19970004260540009,0.19940002262592316
92,HONEYBEE__DROSOPHILA,4,-1,200,0.020479785278439522,0.19940002262592316,0.19940002262592316
92,HONEYBEE__DROSOPHILA,5,1,200,0.02057129144668579,0.19940002262592316,0.19910003244876862
92,HONEYBEE__DROSOPHILA,6,-1,200,0.02066287025809288,0.19910003244876862,0.19910003244876862
92,HONEYBEE__DROSOPHILA,7,1,200,0.0207543782889843,0.19910003244876862,0.1988000124692917
92,HONEYBEE__DROSOPHILA,8,-1,200,0.02084595523774624,0.19880002737045288,0.1988000124692917
92,HONEYBEE__DROSOPHILA,9,1,200,0.02093745581805706,0.19880002737045288,0.19850003719329834
92,HONEYBEE__DROSOPHILA,10,-1,200,0.021029038354754448,0.19850003719329834,0.19850003719329834
92,HONEYBEE__DROSOPHILA,11,1,200,0.021120544523000717,0.19850003719329834,0.1982000321149826
92,HONEYBEE__DROSOPHILA,12,-1,200,0.021212121471762657,0.1982000321149826,0.1982000321149826
92,HONEYBEE__DROSOPHILA,13,1,200,0.021303633227944374,0.1982000321149826,0.19790002703666687
92,HONEYBEE__DROSOPHILA,14,-1,200,0.021395212039351463,0.19790002703666687,0.19790002703666687
92,HONEYBEE__DROSOPHILA,15,1,200,0.021486714482307434,0.19790002703666687,0.19760003685951233
92,HONEYBEE__DROSOPHILA,16,-1,200,0.021578295156359673,0.19760003685951233,0.19760003685951233
92,HONEYBEE__DROSOPHILA,17,1,200,0.021669801324605942,0.19760003685951233,0.1973000317811966
92,HONEYBEE__DROSOPHILA,18,-1,200,0.02176138013601303,0.1973000168800354,0.1973000317811966
92,HONEYBEE__DROSOPHILA,19,1,200,0.0218528863042593,0.1973000168800354,0.19700002670288086
92,HONEYBEE__DROSOPHILA,20,-1,200,0.02194446511566639,0.19700002670288086,0.19700002670288086
93,HONEYBEE__DROSOPHILA,1,1,200,0.020166100934147835,0.20000003278255463,0.1997000277042389
93,HONEYBEE__DROSOPHILA,2,-1,200,0.020255792886018753,0.1997000277042389,0.1997000277042389
93,HONEYBEE__DROSOPHILA,3,1,200,0.02034527063369751,0.1997000277042389,0.19940002262592316
93,HONEYBEE__DROSOPHILA,4,-1,200,0.02043496072292328,0.19940002262592316,0.19940002262592316
93,HONEYBEE__DROSOPHILA,5,1,200,0.020524438470602036,0.19940002262592316,0.19910003244876862
93,HONEYBEE__DROSOPHILA,6,-1,200,0.020614130422472954,0.19910003244876862,0.19910003244876862
93,HONEYBEE__DROSOPHILA,7,1,200,0.02070361003279686,0.19910003244876862,0.19880002737045288
93,HONEYBEE__DROSOPHILA,8,-1,200,0.020793303847312927,0.19880002737045288,0.19880002737045288
93,HONEYBEE__DROSOPHILA,9,1,200,0.020882777869701385,0.19880002737045288,0.19850003719329834
93,HONEYBEE__DROSOPHILA,10,-1,200,0.020972469821572304,0.19850003719329834,0.19850003719329834
93,HONEYBEE__DROSOPHILA,11,1,200,0.02106194756925106,0.19850003719329834,0.1982000470161438
93,HONEYBEE__DROSOPHILA,12,-1,200,0.02115163579583168,0.1982000321149826,0.1982000470161438
93,HONEYBEE__DROSOPHILA,13,1,200,0.021241117268800735,0.1982000321149826,0.19790004193782806
93,HONEYBEE__DROSOPHILA,14,-1,200,0.021330811083316803,0.19790002703666687,0.19790004193782806
93,HONEYBEE__DROSOPHILA,15,1,200,0.02142029069364071,0.19790002703666687,0.19760003685951233
93,HONEYBEE__DROSOPHILA,16,-1,200,0.021509980782866478,0.19760003685951233,0.19760003685951233
93,HONEYBEE__DROSOPHILA,17,1,200,0.021599458530545235,0.19760003685951233,0.1973000168800354
93,HONEYBEE__DROSOPHILA,18,-1,200,0.021689148619771004,0.1973000317811966,0.1973000168800354
93,HONEYBEE__DROSOPHILA,19,1,200,0.02177862823009491,0.1973000317811966,0.19700002670288086
93,HONEYBEE__DROSOPHILA,20,-1,200,0.021868322044610977,0.19700002670288086,0.19700002670288086
94,HONEYBEE__DROSOPHILA,1,1,200,0.019969714805483818,0.20000003278255463,0.1997000277042389
94,HONEYBEE__DROSOPHILA,2,-1,200,0.020060038194060326,0.1997000277042389,0.1997000277042389
94,HONEYBEE__DROSOPHILA,3,1,200,0.02015039138495922,0.1997000277042389,0.19940002262592316
94,HONEYBEE__DROSOPHILA,4,-1,200,0.020240718498826027,0.19940002262592316,0.19940002262592316
94,HONEYBEE__DROSOPHILA,5,1,200,0.02033107541501522,0.19940002262592316,0.19910001754760742
94,HONEYBEE__DROSOPHILA,6,-1,200,0.020421398803591728,0.19910003244876862,0.19910001754760742
94,HONEYBEE__DROSOPHILA,7,1,200,0.020511755719780922,0.19910003244876862,0.1988000124692917
94,HONEYBEE__DROSOPHILA,8,-1,200,0.02060207724571228,0.19880002737045288,0.1988000124692917
94,HONEYBEE__DROSOPHILA,9,1,200,0.02069243974983692,0.19880002737045288,0.19850003719329834
94,HONEYBEE__DROSOPHILA,10,-1,200,0.020782755687832832,0.19850003719329834,0.19850003719329834
94,HONEYBEE__DROSOPHILA,11,1,200,0.020873110741376877,0.19850003719329834,0.1982000321149826
94,HONEYBEE__DROSOPHILA,12,-1,200,0.02096344158053398,0.1982000470161438,0.1982000321149826
94,HONEYBEE__DROSOPHILA,13,1,200,0.021053791046142578,0.1982000470161438,0.19790004193782806
94,HONEYBEE__DROSOPHILA,14,-1,200,0.021144118160009384,0.19790004193782806,0.19790004193782806
94,HONEYBEE__DROSOPHILA,15,1,200,0.021234475076198578,0.19790004193782806,0.19760003685951233
94,HONEYBEE__DROSOPHILA,16,-1,200,0.021324800327420235,0.19760003685951233,0.19760003685951233
94,HONEYBEE__DROSOPHILA,17,1,200,0.021415159106254578,0.19760003685951233,0.1973000317811966
94,HONEYBEE__DROSOPHILA,18,-1,200,0.021505476906895638,0.1973000168800354,0.1973000317811966
94,HONEYBEE__DROSOPHILA,19,1,200,0.02159583754837513,0.1973000168800354,0.19700001180171967
94,HONEYBEE__DROSOPHILA,20,-1,200,0.02168615721166134,0.19700002670288086,0.19700001180171967
95,HONEYBEE__DROSOPHILA,1,1,200,0.020119203254580498,0.20000003278255463,0.1997000277042389
95,HONEYBEE__DROSOPHILA,2,-1,200,0.020210212096571922,0.1997000277042389,0.1997000277042389
95,HONEYBEE__DROSOPHILA,3,1,200,0.020301224663853645,0.1997000277042389,0.19940002262592316
95,HONEYBEE__DROSOPHILA,4,-1,200,0.02039223723113537,0.19940003752708435,0.19940002262592316
95,HONEYBEE__DROSOPHILA,5,1,200,0.020483247935771942,0.19940003752708435,0.19910001754760742
95,HONEYBEE__DROSOPHILA,6,-1,200,0.020574260503053665,0.19910003244876862,0.19910001754760742
95,HONEYBEE__DROSOPHILA,7,1,200,0.020665278658270836,0.19910003244876862,0.19880004227161407
95,HONEYBEE__DROSOPHILA,8,-1,200,0.02075628936290741,0.19880002737045288,0.19880004227161407
95,HONEYBEE__DROSOPHILA,9,1,200,0.020847300067543983,0.19880002737045288,0.19850003719329834
95,HONEYBEE__DROSOPHILA,10,-1,200,0.020938310772180557,0.19850003719329834,0.19850003719329834
95,HONEYBEE__DROSOPHILA,11,1,200,0.02102932333946228,0.19850003719329834,0.1982000470161438
95,HONEYBEE__DROSOPHILA,12,-1,200,0.021120334044098854,0.1982000470161438,0.1982000470161438
95,HONEYBEE__DROSOPHILA,13,1,200,0.021211350336670876,0.1982000470161438,0.19790004193782806
95,HONEYBEE__DROSOPHILA,14,-1,200,0.0213023629039526,0.19790002703666687,0.19790004193782806
95,HONEYBEE__DROSOPHILA,15,1,200,0.021393373608589172,0.19790002703666687,0.19760003685951233
95,HONEYBEE__DROSOPHILA,16,-1,200,0.021484384313225746,0.19760003685951233,0.19760003685951233
95,HONEYBEE__DROSOPHILA,17,1,200,0.021575400605797768,0.19760003685951233,0.1973000168800354
95,HONEYBEE__DROSOPHILA,18,-1,200,0.02166641131043434,0.1973000168800354,0.1973000168800354
95,HONEYBEE__DROSOPHILA,19,1,200,0.021757427603006363,0.1973000168800354,0.19700002670288086
95,HONEYBEE__DROSOPHILA,20,-1,200,0.021848438307642937,0.19700002670288086,0.19700002670288086
96,HONEYBEE__DROSOPHILA,1,1,200,0.019947251304984093,0.20000003278255463,0.1997000277042389
96,HONEYBEE__DROSOPHILA,2,-1,200,0.020037947222590446,0.19970004260540009,0.1997000277042389
96,HONEYBEE__DROSOPHILA,3,1,200,0.02012883871793747,0.19970004260540009,0.19940002262592316
96,HONEYBEE__DROSOPHILA,4,-1,200,0.020219525322318077,0.19940002262592316,0.19940002262592316
96,HONEYBEE__DROSOPHILA,5,1,200,0.0203104168176651,0.19940002262592316,0.19910001754760742
96,HONEYBEE__DROSOPHILA,6,-1,200,0.020401116460561752,0.19910001754760742,0.19910001754760742
96,HONEYBEE__DROSOPHILA,7,1,200,0.020492002367973328,0.19910001754760742,0.19880002737045288
96,HONEYBEE__DROSOPHILA,8,-1,200,0.02058270014822483,0.1988000124692917,0.19880002737045288
96,HONEYBEE__DROSOPHILA,9,1,200,0.020673589780926704,0.1988000124692917,0.19850003719329834
96,HONEYBEE__DROSOPHILA,10,-1,200,0.02076428383588791,0.19850003719329834,0.19850003719329834
96,HONEYBEE__DROSOPHILA,11,1,200,0.020855175331234932,0.19850003719329834,0.1982000321149826
96,HONEYBEE__DROSOPHILA,12,-1,200,0.020945869386196136,0.1982000470161438,0.1982000321149826
96,HONEYBEE__DROSOPHILA,13,1,200,0.02103676274418831,0.1982000470161438,0.19790004193782806
96,HONEYBEE__DROSOPHILA,14,-1,200,0.021127456799149513,0.19790004193782806,0.19790004193782806
96,HONEYBEE__DROSOPHILA,15,1,200,0.021218344569206238,0.19790004193782806,0.19760003685951233
96,HONEYBEE__DROSOPHILA,16,-1,200,0.021309034898877144,0.19760003685951233,0.19760003685951233
96,HONEYBEE__DROSOPHILA,17,1,200,0.021399931982159615,0.19760003685951233,0.1973000317811966
96,HONEYBEE__DROSOPHILA,18,-1,200,0.02149062789976597,0.1973000168800354,0.1973000317811966
96,HONEYBEE__DROSOPHILA,19,1,200,0.021581513807177544,0.1973000168800354,0.19700002670288086
96,HONEYBEE__DROSOPHILA,20,-1,200,0.021672211587429047,0.19700002670288086,0.19700002670288086
97,HONEYBEE__DROSOPHILA,1,1,200,0.020162660628557205,0.20000003278255463,0.19970004260540009
97,HONEYBEE__DROSOPHILA,2,-1,200,0.02025356888771057,0.1997000277042389,0.19970004260540009
97,HONEYBEE__DROSOPHILA,3,1,200,0.020344389602541924,0.1997000277042389,0.19940002262592316
97,HONEYBEE__DROSOPHILA,4,-1,200,0.02043529786169529,0.19940002262592316,0.19940002262592316
97,HONEYBEE__DROSOPHILA,5,1,200,0.020526118576526642,0.19940002262592316,0.19910001754760742
97,HONEYBEE__DROSOPHILA,6,-1,200,0.020617034286260605,0.19910003244876862,0.19910001754760742
97,HONEYBEE__DROSOPHILA,7,1,200,0.02070784755051136,0.19910003244876862,0.19880002737045288
97,HONEYBEE__DROSOPHILA,8,-1,200,0.020798759534955025,0.1988000124692917,0.19880002737045288
97,HONEYBEE__DROSOPHILA,9,1,200,0.020889582112431526,0.1988000124692917,0.19850003719329834
97,HONEYBEE__DROSOPHILA,10,-1,200,0.020980490371584892,0.19850003719329834,0.19850003719329834
97,HONEYBEE__DROSOPHILA,11,1,200,0.021071309223771095,0.19850003719329834,0.1982000470161438
97,HONEYBEE__DROSOPHILA,12,-1,200,0.02116221748292446,0.1982000470161438,0.1982000470161438
97,HONEYBEE__DROSOPHILA,13,1,200,0.021253040060400963,0.1982000470161438,0.19790002703666687
97,HONEYBEE__DROSOPHILA,14,-1,200,0.021343950182199478,0.19790002703666687,0.19790002703666687
97,HONEYBEE__DROSOPHILA,15,1,200,0.02143477275967598,0.19790002703666687,0.19760003685951233
97,HONEYBEE__DROSOPHILA,16,-1,200,0.021525675430893898,0.19760003685951233,0.19760003685951233
97,HONEYBEE__DROSOPHILA,17,1,200,0.02161649987101555,0.19760003685951233,0.1973000168800354
97,HONEYBEE__DROSOPHILA,18,-1,200,0.021707409992814064,0.1973000317811966,0.1973000168800354
97,HONEYBEE__DROSOPHILA,19,1,200,0.021798226982355118,0.1973000317811966,0.19700002670288086
97,HONEYBEE__DROSOPHILA,20,-1,200,0.02188914082944393,0.19700002670288086,0.19700002670288086
98,HONEYBEE__DROSOPHILA,1,1,200,0.020176250487565994,0.20000003278255463,0.1997000277042389
98,HONEYBEE__DROSOPHILA,2,-1,200,0.02026716247200966,0.19970004260540009,0.1997000277042389
98,HONEYBEE__DROSOPHILA,3,1,200,0.020357999950647354,0.19970004260540009,0.19940002262592316
98,HONEYBEE__DROSOPHILA,4,-1,200,0.020448915660381317,0.19940002262592316,0.19940002262592316
98,HONEYBEE__DROSOPHILA,5,1,200,0.020539749413728714,0.19940002262592316,0.19910001754760742
98,HONEYBEE__DROSOPHILA,6,-1,200,0.020630663260817528,0.19910003244876862,0.19910001754760742
98,HONEYBEE__DROSOPHILA,7,1,200,0.020721500739455223,0.19910003244876862,0.19880002737045288
98,HONEYBEE__DROSOPHILA,8,-1,200,0.020812414586544037,0.19880002737045288,0.19880002737045288
98,HONEYBEE__DROSOPHILA,9,1,200,0.020903250202536583,0.19880002737045288,0.19850003719329834
98,HONEYBEE__DROSOPHILA,10,-1,200,0.020994169637560844,0.19850003719329834,0.19850003719329834
98,HONEYBEE__DROSOPHILA,11,1,200,0.021084999665617943,0.19850003719329834,0.1982000470161438
98,HONEYBEE__DROSOPHILA,12,-1,200,0.021175913512706757,0.1982000470161438,0.1982000470161438
98,HONEYBEE__DROSOPHILA,13,1,200,0.021266750991344452,0.1982000470161438,0.19790002703666687
98,HONEYBEE__DROSOPHILA,14,-1,200,0.021357666701078415,0.19790002703666687,0.19790002703666687
98,HONEYBEE__DROSOPHILA,15,1,200,0.021448500454425812,0.19790002703666687,0.19760003685951233
98,HONEYBEE__DROSOPHILA,16,-1,200,0.021539414301514626,0.19760003685951233,0.19760003685951233
98,HONEYBEE__DROSOPHILA,17,1,200,0.021630246192216873,0.19760003685951233,0.1973000317811966
98,HONEYBEE__DROSOPHILA,18,-1,200,0.021721163764595985,0.1973000168800354,0.1973000317811966
98,HONEYBEE__DROSOPHILA,19,1,200,0.02181200124323368,0.1973000168800354,0.19700002670288086
98,HONEYBEE__DROSOPHILA,20,-1,200,0.021902913227677345,0.19700002670288086,0.19700002670288086
99,HONEYBEE__DROSOPHILA,1,1,200,0.02027401328086853,0.20000003278255463,0.1997000277042389
99,HONEYBEE__DROSOPHILA,2,-1,200,0.020364193245768547,0.1997000277042389,0.1997000277042389
99,HONEYBEE__DROSOPHILA,3,1,200,0.02045416086912155,0.1997000277042389,0.19940002262592316
99,HONEYBEE__DROSOPHILA,4,-1,200,0.02054433897137642,0.19940002262592316,0.19940002262592316
99,HONEYBEE__DROSOPHILA,5,1,200,0.02063431590795517,0.19940002262592316,0.19910001754760742
99,HONEYBEE__DROSOPHILA,6,-1,200,0.02072449028491974,0.19910003244876862,0.19910001754760742
99,HONEYBEE__DROSOPHILA,7,1,200,0.02081446349620819,0.19910003244876862,0.19880004227161407
99,HONEYBEE__DROSOPHILA,8,-1,200,0.02090463787317276,0.19880002737045288,0.19880004227161407
99,HONEYBEE__DROSOPHILA,9,1,200,0.02099461480975151,0.19880002737045288,0.19850003719329834
99,HONEYBEE__DROSOPHILA,10,-1,200,0.02108478918671608,0.19850003719329834,0.19850003719329834
99,HONEYBEE__DROSOPHILA,11,1,200,0.02117476612329483,0.19850003719329834,0.1982000321149826
99,HONEYBEE__DROSOPHILA,12,-1,200,0.0212649405002594,0.1982000321149826,0.1982000321149826
99,HONEYBEE__DROSOPHILA,13,1,200,0.02135491743683815,0.1982000321149826,0.19790002703666687
99,HONEYBEE__DROSOPHILA,14,-1,200,0.02144509367644787,0.19790002703666687,0.19790002703666687
99,HONEYBEE__DROSOPHILA,15,1,200,0.02153506502509117,0.19790002703666687,0.19760002195835114
99,HONEYBEE__DROSOPHILA,16,-1,200,0.02162524126470089,0.19760003685951233,0.19760002195835114
99,HONEYBEE__DROSOPHILA,17,1,200,0.021715212613344193,0.19760003685951233,0.1973000168800354
99,HONEYBEE__DROSOPHILA,18,-1,200,0.021805385127663612,0.1973000317811966,0.1973000168800354
99,HONEYBEE__DROSOPHILA,19,1,200,0.021895363926887512,0.1973000317811966,0.19700002670288086
99,HONEYBEE__DROSOPHILA,20,-1,200,0.02198554202914238,0.19700002670288086,0.19700002670288086
0,DROSOPHILA_TRANSFER__BEE,1,1,200,0.020146597176790237,0.1997000277042389,0.20000003278255463
0,DROSOPHILA_TRANSFER__BEE,2,-1,200,0.02028300054371357,0.1997000277042389,0.19960002601146698
0,DROSOPHILA_TRANSFER__BEE,3,1,200,0.020419226959347725,0.19940002262592316,0.19960002601146698
0,DROSOPHILA_TRANSFER__BEE,4,-1,200,0.02055562660098076,0.19940002262592316,0.19920004904270172
0,DROSOPHILA_TRANSFER__BEE,5,1,200,0.020691854879260063,0.19910001754760742,0.19920004904270172
0,DROSOPHILA_TRANSFER__BEE,6,-1,200,0.020828260108828545,0.19910001754760742,0.19880002737045288
0,DROSOPHILA_TRANSFER__BEE,7,1,200,0.0209644865244627,0.19880004227161407,0.19880002737045288
0,DROSOPHILA_TRANSFER__BEE,8,-1,200,0.021100888028740883,0.19880004227161407,0.19840002059936523
0,DROSOPHILA_TRANSFER__BEE,9,1,200,0.021237116307020187,0.19850003719329834,0.19840002059936523
0,DROSOPHILA_TRANSFER__BEE,10,-1,200,0.02137351781129837,0.19850003719329834,0.19800002872943878
0,DROSOPHILA_TRANSFER__BEE,11,1,200,0.021509744226932526,0.1982000470161438,0.19800002872943878
0,DROSOPHILA_TRANSFER__BEE,12,-1,200,0.021646149456501007,0.1982000470161438,0.19760002195835114
0,DROSOPHILA_TRANSFER__BEE,13,1,200,0.021782375872135162,0.19790002703666687,0.19760002195835114
0,DROSOPHILA_TRANSFER__BEE,14,-1,200,0.021918777376413345,0.19790002703666687,0.19720004498958588
0,DROSOPHILA_TRANSFER__BEE,15,1,200,0.0220550075173378,0.19760002195835114,0.19720004498958588
0,DROSOPHILA_TRANSFER__BEE,16,-1,200,0.022191403433680534,0.19760002195835114,0.19680002331733704
0,DROSOPHILA_TRANSFER__BEE,17,1,200,0.022327639162540436,0.1973000466823578,0.19680002331733704
0,DROSOPHILA_TRANSFER__BEE,18,-1,200,0.022464042529463768,0.1973000466823578,0.19640003144741058
0,DROSOPHILA_TRANSFER__BEE,19,1,200,0.022600270807743073,0.19700002670288086,0.19640003144741058
0,DROSOPHILA_TRANSFER__BEE,20,-1,200,0.022736666724085808,0.19700002670288086,0.19600002467632294
1,DROSOPHILA_TRANSFER__BEE,1,1,200,0.020146474242210388,0.1997000277042389,0.20000003278255463
1,DROSOPHILA_TRANSFER__BEE,2,-1,200,0.02028285712003708,0.1997000277042389,0.19960004091262817
1,DROSOPHILA_TRANSFER__BEE,3,1,200,0.020419007167220116,0.19940002262592316,0.19960004091262817
1,DROSOPHILA_TRANSFER__BEE,4,-1,200,0.020555393770337105,0.19940002262592316,0.19920003414154053
1,DROSOPHILA_TRANSFER__BEE,5,1,200,0.020691540092229843,0.19910001754760742,0.19920003414154053
1,DROSOPHILA_TRANSFER__BEE,6,-1,200,0.020827926695346832,0.19910001754760742,0.1988000124692917
1,DROSOPHILA_TRANSFER__BEE,7,1,200,0.02096407487988472,0.19880002737045288,0.1988000124692917
1,DROSOPHILA_TRANSFER__BEE,8,-1,200,0.02110045962035656,0.19880002737045288,0.19840002059936523
1,DROSOPHILA_TRANSFER__BEE,9,1,200,0.02123660407960415,0.19850003719329834,0.19840002059936523
1,DROSOPHILA_TRANSFER__BEE,10,-1,200,0.021372990682721138,0.19850003719329834,0.19800002872943878
1,DROSOPHILA_TRANSFER__BEE,11,1,200,0.021509140729904175,0.1982000470161438,0.19800002872943878
1,DROSOPHILA_TRANSFER__BEE,12,-1,200,0.021645527333021164,0.1982000470161438,0.19760003685951233
1,DROSOPHILA_TRANSFER__BEE,13,1,200,0.02178167551755905,0.19790002703666687,0.19760003685951233
1,DROSOPHILA_TRANSFER__BEE,14,-1,200,0.021918058395385742,0.19790002703666687,0.19720004498958588
1,DROSOPHILA_TRANSFER__BEE,15,1,200,0.022054212167859077,0.19760003685951233,0.19720004498958588
1,DROSOPHILA_TRANSFER__BEE,16,-1,200,0.02219059132039547,0.19760003685951233,0.19680002331733704
1,DROSOPHILA_TRANSFER__BEE,17,1,200,0.022326743230223656,0.1973000317811966,0.19680002331733704
1,DROSOPHILA_TRANSFER__BEE,18,-1,200,0.022463127970695496,0.1973000317811966,0.19640003144741058
1,DROSOPHILA_TRANSFER__BEE,19,1,200,0.022599274292588234,0.19700002670288086,0.19640003144741058
1,DROSOPHILA_TRANSFER__BEE,20,-1,200,0.02273566462099552,0.19700002670288086,0.19600002467632294
2,DROSOPHILA_TRANSFER__BEE,1,1,200,0.02014654316008091,0.1997000277042389,0.20000003278255463
2,DROSOPHILA_TRANSFER__BEE,2,-1,200,0.020282769575715065,0.1997000277042389,0.19960002601146698
2,DROSOPHILA_TRANSFER__BEE,3,1,200,0.020418701693415642,0.19940002262592316,0.19960002601146698
2,DROSOPHILA_TRANSFER__BEE,4,-1,200,0.020554929971694946,0.19940002262592316,0.19920004904270172
2,DROSOPHILA_TRANSFER__BEE,5,1,200,0.020690856501460075,0.19910003244876862,0.19920004904270172
2,DROSOPHILA_TRANSFER__BEE,6,-1,200,0.02082708477973938,0.19910003244876862,0.19880002737045288
2,DROSOPHILA_TRANSFER__BEE,7,1,200,0.020963015034794807,0.19880002737045288,0.19880002737045288
2,DROSOPHILA_TRANSFER__BEE,8,-1,200,0.02109924517571926,0.19880002737045288,0.19840002059936523
2,DROSOPHILA_TRANSFER__BEE,9,1,200,0.02123517356812954,0.19850003719329834,0.19840002059936523
2,DROSOPHILA_TRANSFER__BEE,10,-1,200,0.021371403709053993,0.19850003719329834,0.19800002872943878
2,DROSOPHILA_TRANSFER__BEE,11,1,200,0.02150733210146427,0.1982000470161438,0.19800002872943878
2,DROSOPHILA_TRANSFER__BEE,12,-1,200,0.02164355479180813,0.1982000470161438,0.19760003685951233
2,DROSOPHILA_TRANSFER__BEE,13,1,200,0.021779490634799004,0.19790002703666687,0.19760003685951233
2,DROSOPHILA_TRANSFER__BEE,14,-1,200,0.02191571705043316,0.19790002703666687,0.19720004498958588
2,DROSOPHILA_TRANSFER__BEE,15,1,200,0.022051645442843437,0.19760003685951233,0.19720004498958588
2,DROSOPHILA_TRANSFER__BEE,16,-1,200,0.022187871858477592,0.19760003685951233,0.19680003821849823
2,DROSOPHILA_TRANSFER__BEE,17,1,200,0.02232380397617817,0.1973000168800354,0.19680003821849823
2,DROSOPHILA_TRANSFER__BEE,18,-1,200,0.022460026666522026,0.1973000168800354,0.19640003144741058
2,DROSOPHILA_TRANSFER__BEE,19,1,200,0.0225959625095129,0.19700002670288086,0.19640003144741058
2,DROSOPHILA_TRANSFER__BEE,20,-1,200,0.022732187062501907,0.19700002670288086,0.19600002467632294
3,DROSOPHILA_TRANSFER__BEE,1,1,200,0.020146474242210388,0.1997000277042389,0.20000003278255463
3,DROSOPHILA_TRANSFER__BEE,2,-1,200,0.020282087847590446,0.1997000277042389,0.19960002601146698
3,DROSOPHILA_TRANSFER__BEE,3,1,200,0.020417412742972374,0.19940002262592316,0.19960002601146698
3,DROSOPHILA_TRANSFER__BEE,4,-1,200,0.02055303007364273,0.19940002262592316,0.19920004904270172
3,DROSOPHILA_TRANSFER__BEE,5,1,200,0.020688358694314957,0.19910003244876862,0.19920004904270172
3,DROSOPHILA_TRANSFER__BEE,6,-1,200,0.020823970437049866,0.19910003244876862,0.19880002737045288
3,DROSOPHILA_TRANSFER__BEE,7,1,200,0.02095930092036724,0.19880002737045288,0.19880002737045288
3,DROSOPHILA_TRANSFER__BEE,8,-1,200,0.02109490893781185,0.19880002737045288,0.19840002059936523
3,DROSOPHILA_TRANSFER__BEE,9,1,200,0.021230239421129227,0.19850003719329834,0.19840002059936523
3,DROSOPHILA_TRANSFER__BEE,10,-1,200,0.021365854889154434,0.19850003719329834,0.19800002872943878
3,DROSOPHILA_TRANSFER__BEE,11,1,200,0.02150118350982666,0.1982000321149826,0.19800002872943878
3,DROSOPHILA_TRANSFER__BEE,12,-1,200,0.02163679152727127,0.1982000321149826,0.19760002195835114
3,DROSOPHILA_TRANSFER__BEE,13,1,200,0.021772118285298347,0.19790002703666687,0.19760002195835114
3,DROSOPHILA_TRANSFER__BEE,14,-1,200,0.021907733753323555,0.19790002703666687,0.19720004498958588
3,DROSOPHILA_TRANSFER__BEE,15,1,200,0.02204306237399578,0.19760002195835114,0.19720004498958588
3,DROSOPHILA_TRANSFER__BEE,16,-1,200,0.02217867597937584,0.19760002195835114,0.19680002331733704
3,DROSOPHILA_TRANSFER__BEE,17,1,200,0.022314000874757767,0.1973000168800354,0.19680002331733704
3,DROSOPHILA_TRANSFER__BEE,18,-1,200,0.022449620068073273,0.1973000168800354,0.19640003144741058
3,DROSOPHILA_TRANSFER__BEE,19,1,200,0.02258494682610035,0.19700002670288086,0.19640003144741058
3,DROSOPHILA_TRANSFER__BEE,20,-1,200,0.02272055856883526,0.19700002670288086,0.19600002467632294
4,DROSOPHILA_TRANSFER__BEE,1,1,200,0.020146677270531654,0.1997000277042389,0.20000003278255463
4,DROSOPHILA_TRANSFER__BEE,2,-1,200,0.020281808450818062,0.1997000277042389,0.19960002601146698
4,DROSOPHILA_TRANSFER__BEE,3,1,200,0.02041676640510559,0.19940002262592316,0.19960002601146698
4,DROSOPHILA_TRANSFER__BEE,4,-1,200,0.020551905035972595,0.19940002262592316,0.19920004904270172
4,DROSOPHILA_TRANSFER__BEE,5,1,200,0.020686857402324677,0.19910003244876862,0.19920004904270172
4,DROSOPHILA_TRANSFER__BEE,6,-1,200,0.020821992307901382,0.19910003244876862,0.19880004227161407
4,DROSOPHILA_TRANSFER__BEE,7,1,200,0.02095695398747921,0.19880002737045288,0.19880004227161407
4,DROSOPHILA_TRANSFER__BEE,8,-1,200,0.021092090755701065,0.19880002737045288,0.19840002059936523
4,DROSOPHILA_TRANSFER__BEE,9,1,200,0.021227050572633743,0.19850003719329834,0.19840002059936523
4,DROSOPHILA_TRANSFER__BEE,10,-1,200,0.021362179890275,0.19850003719329834,0.19800002872943878
4,DROSOPHILA_TRANSFER__BEE,11,1,200,0.02149714156985283,0.1982000321149826,0.19800002872943878
4,DROSOPHILA_TRANSFER__BEE,12,-1,200,0.021632272750139236,0.1982000321149826,0.19760003685951233
4,DROSOPHILA_TRANSFER__BEE,13,1,200,0.021767228841781616,0.19790002703666687,0.19760003685951233
4,DROSOPHILA_TRANSFER__BEE,14,-1,200,0.021902363747358322,0.19790002703666687,0.19720004498958588
4,DROSOPHILA_TRANSFER__BEE,15,1,200,0.022037319839000702,0.19760002195835114,0.19720004498958588
4,DROSOPHILA_TRANSFER__BEE,16,-1,200,0.02217245288193226,0.19760002195835114,0.19680003821849823
4,DROSOPHILA_TRANSFER__BEE,17,1,200,0.022307414561510086,0.1973000168800354,0.19680003821849823
4,DROSOPHILA_TRANSFER__BEE,18,-1,200,0.022442545741796494,0.1973000168800354,0.19640003144741058
4,DROSOPHILA_TRANSFER__BEE,19,1,200,0.02257750742137432,0.19700002670288086,0.19640003144741058
4,DROSOPHILA_TRANSFER__BEE,20,-1,200,0.022712642326951027,0.19700002670288086,0.19600002467632294
5,DROSOPHILA_TRANSFER__BEE,1,1,200,0.020146789029240608,0.1997000277042389,0.20000003278255463
5,DROSOPHILA_TRANSFER__BEE,2,-1,200,0.020283298566937447,0.1997000277042389,0.19960004091262817
5,DROSOPHILA_TRANSFER__BEE,3,1,200,0.020419735461473465,0.19940002262592316,0.19960004091262817
5,DROSOPHILA_TRANSFER__BEE,4,-1,200,0.020556239411234856,0.19940002262592316,0.19920003414154053
5,DROSOPHILA_TRANSFER__BEE,5,1,200,0.020692678168416023,0.19910003244876862,0.19920003414154053
5,DROSOPHILA_TRANSFER__BEE,6,-1,200,0.020829183980822563,0.19910003244876862,0.1988000124692917
5,DROSOPHILA_TRANSFER__BEE,7,1,200,0.02096562460064888,0.19880002737045288,0.1988000124692917
5,DROSOPHILA_TRANSFER__BEE,8,-1,200,0.02110213227570057,0.19880002737045288,0.19840002059936523
5,DROSOPHILA_TRANSFER__BEE,9,1,200,0.02123856730759144,0.19850003719329834,0.19840002059936523
5,DROSOPHILA_TRANSFER__BEE,10,-1,200,0.021375074982643127,0.19850003719329834,0.19800002872943878
5,DROSOPHILA_TRANSFER__BEE,11,1,200,0.021511511877179146,0.1982000321149826,0.19800002872943878
5,DROSOPHILA_TRANSFER__BEE,12,-1,200,0.021648017689585686,0.1982000321149826,0.19760003685951233
5,DROSOPHILA_TRANSFER__BEE,13,1,200,0.021784458309412003,0.19790004193782806,0.19760003685951233
5,DROSOPHILA_TRANSFER__BEE,14,-1,200,0.021920964121818542,0.19790004193782806,0.19720004498958588
5,DROSOPHILA_TRANSFER__BEE,15,1,200,0.02205740660429001,0.19760003685951233,0.19720004498958588
5,DROSOPHILA_TRANSFER__BEE,16,-1,200,0.022193914279341698,0.19760003685951233,0.19680003821849823
5,DROSOPHILA_TRANSFER__BEE,17,1,200,0.022330351173877716,0.1973000168800354,0.19680003821849823
5,DROSOPHILA_TRANSFER__BEE,18,-1,200,0.022466860711574554,0.1973000168800354,0.19640003144741058
5,DROSOPHILA_TRANSFER__BEE,19,1,200,0.022603295743465424,0.19700002670288086,0.19640003144741058
5,DROSOPHILA_TRANSFER__BEE,20,-1,200,0.022739797830581665,0.19700002670288086,0.19600002467632294
6,DROSOPHILA_TRANSFER__BEE,1,1,200,0.020146561786532402,0.19970004260540009,0.20000003278255463
6,DROSOPHILA_TRANSFER__BEE,2,-1,200,0.0202817153185606,0.19970004260540009,0.19960002601146698
6,DROSOPHILA_TRANSFER__BEE,3,1,200,0.02041664533317089,0.19940002262592316,0.19960002601146698
6,DROSOPHILA_TRANSFER__BEE,4,-1,200,0.02055179886519909,0.19940002262592316,0.19920003414154053
6,DROSOPHILA_TRANSFER__BEE,5,1,200,0.02068673074245453,0.19910001754760742,0.19920003414154053
6,DROSOPHILA_TRANSFER__BEE,6,-1,200,0.02082188054919243,0.19910001754760742,0.19880002737045288
6,DROSOPHILA_TRANSFER__BEE,7,1,200,0.020956814289093018,0.19880002737045288,0.19880002737045288
6,DROSOPHILA_TRANSFER__BEE,8,-1,200,0.021091965958476067,0.19880002737045288,0.19840002059936523
6,DROSOPHILA_TRANSFER__BEE,9,1,200,0.021226897835731506,0.19850005209445953,0.19840002059936523
6,DROSOPHILA_TRANSFER__BEE,10,-1,200,0.021362047642469406,0.19850005209445953,0.19800002872943878
6,DROSOPHILA_TRANSFER__BEE,11,1,200,0.021496983245015144,0.1982000470161438,0.19800002872943878
6,DROSOPHILA_TRANSFER__BEE,12,-1,200,0.021632131189107895,0.1982000470161438,0.19760002195835114
6,DROSOPHILA_TRANSFER__BEE,13,1,200,0.021767064929008484,0.19790002703666687,0.19760002195835114
6,DROSOPHILA_TRANSFER__BEE,14,-1,200,0.021902211010456085,0.19790002703666687,0.19720004498958588
6,DROSOPHILA_TRANSFER__BEE,15,1,200,0.022037148475646973,0.19760003685951233,0.19720004498958588
6,DROSOPHILA_TRANSFER__BEE,16,-1,200,0.02217230387032032,0.19760003685951233,0.19680003821849823
6,DROSOPHILA_TRANSFER__BEE,17,1,200,0.02230723388493061,0.1973000168800354,0.19680003821849823
6,DROSOPHILA_TRANSFER__BEE,18,-1,200,0.02244238369166851,0.1973000168800354,0.19640003144741058
6,DROSOPHILA_TRANSFER__BEE,19,1,200,0.0225773137062788,0.19700002670288086,0.19640003144741058
6,DROSOPHILA_TRANSFER__BEE,20,-1,200,0.02271246537566185,0.19700002670288086,0.19600002467632294
7,DROSOPHILA_TRANSFER__BEE,1,1,200,0.020146699622273445,0.19970004260540009,0.20000003278255463
7,DROSOPHILA_TRANSFER__BEE,2,-1,200,0.02028326317667961,0.19970004260540009,0.19960004091262817
7,DROSOPHILA_TRANSFER__BEE,3,1,200,0.0204197708517313,0.19940002262592316,0.19960004091262817
7,DROSOPHILA_TRANSFER__BEE,4,-1,200,0.020556330680847168,0.19940002262592316,0.19920004904270172
7,DROSOPHILA_TRANSFER__BEE,5,1,200,0.02069283463060856,0.19910003244876862,0.19920004904270172
7,DROSOPHILA_TRANSFER__BEE,6,-1,200,0.020829400047659874,0.19910003244876862,0.1988000124692917
7,DROSOPHILA_TRANSFER__BEE,7,1,200,0.020965905860066414,0.19880002737045288,0.1988000124692917
7,DROSOPHILA_TRANSFER__BEE,8,-1,200,0.02110246568918228,0.19880002737045288,0.19840002059936523
7,DROSOPHILA_TRANSFER__BEE,9,1,200,0.02123897522687912,0.19850003719329834,0.19840002059936523
7,DROSOPHILA_TRANSFER__BEE,10,-1,200,0.021375535055994987,0.19850003719329834,0.19800002872943878
7,DROSOPHILA_TRANSFER__BEE,11,1,200,0.021512040868401527,0.1982000470161438,0.19800002872943878
7,DROSOPHILA_TRANSFER__BEE,12,-1,200,0.021648598834872246,0.1982000470161438,0.19760003685951233
7,DROSOPHILA_TRANSFER__BEE,13,1,200,0.021785106509923935,0.19790002703666687,0.19760003685951233
7,DROSOPHILA_TRANSFER__BEE,14,-1,200,0.021921668201684952,0.19790002703666687,0.19720004498958588
7,DROSOPHILA_TRANSFER__BEE,15,1,200,0.022058172151446342,0.19760003685951233,0.19720004498958588
7,DROSOPHILA_TRANSFER__BEE,16,-1,200,0.02219473384320736,0.19760003685951233,0.19680002331733704
7,DROSOPHILA_TRANSFER__BEE,17,1,200,0.0223312396556139,0.1973000317811966,0.19680002331733704
7,DROSOPHILA_TRANSFER__BEE,18,-1,200,0.022467799484729767,0.1973000317811966,0.19640003144741058
7,DROSOPHILA_TRANSFER__BEE,19,1,200,0.022604309022426605,0.19700002670288086,0.19640003144741058
7,DROSOPHILA_TRANSFER__BEE,20,-1,200,0.022740868851542473,0.19700002670288086,0.19600002467632294
8,DROSOPHILA_TRANSFER__BEE,1,1,200,0.02014644630253315,0.1997000277042389,0.20000003278255463
8,DROSOPHILA_TRANSFER__BEE,2,-1,200,0.020283937454223633,0.1997000277042389,0.19960002601146698
8,DROSOPHILA_TRANSFER__BEE,3,1,200,0.020421063527464867,0.19940002262592316,0.19960002601146698
8,DROSOPHILA_TRANSFER__BEE,4,-1,200,0.020558549091219902,0.19940002262592316,0.19920004904270172
8,DROSOPHILA_TRANSFER__BEE,5,1,200,0.020695684477686882,0.19910001754760742,0.19920004904270172
8,DROSOPHILA_TRANSFER__BEE,6,-1,200,0.020833168178796768,0.19910001754760742,0.1988000124692917
8,DROSOPHILA_TRANSFER__BEE,7,1,200,0.02097029983997345,0.19880002737045288,0.1988000124692917
8,DROSOPHILA_TRANSFER__BEE,8,-1,200,0.021107787266373634,0.19880002737045288,0.19840002059936523
8,DROSOPHILA_TRANSFER__BEE,9,1,200,0.02124491147696972,0.19850003719329834,0.19840002059936523
8,DROSOPHILA_TRANSFER__BEE,10,-1,200,0.021382400766015053,0.19850003719329834,0.19800002872943878
8,DROSOPHILA_TRANSFER__BEE,11,1,200,0.021519534289836884,0.1982000321149826,0.19800002872943878
8,DROSOPHILA_TRANSFER__BEE,12,-1,200,0.02165701985359192,0.1982000321149826,0.19760003685951233
8,DROSOPHILA_TRANSFER__BEE,13,1,200,0.021794145926833153,0.19790002703666687,0.19760003685951233
8,DROSOPHILA_TRANSFER__BEE,14,-1,200,0.021931631490588188,0.19790002703666687,0.19720004498958588
8,DROSOPHILA_TRANSFER__BEE,15,1,200,0.02206875942647457,0.19760002195835114,0.19720004498958588
8,DROSOPHILA_TRANSFER__BEE,16,-1,200,0.022206250578165054,0.19760002195835114,0.19680003821849823
8,DROSOPHILA_TRANSFER__BEE,17,1,200,0.022343378514051437,0.1973000317811966,0.19680003821849823
8,DROSOPHILA_TRANSFER__BEE,18,-1,200,0.02248086966574192,0.1973000317811966,0.19640003144741058
8,DROSOPHILA_TRANSFER__BEE,19,1,200,0.022617995738983154,0.19700002670288086,0.19640003144741058
8,DROSOPHILA_TRANSFER__BEE,20,-1,200,0.02275548316538334,0.19700002670288086,0.19600002467632294
9,DROSOPHILA_TRANSFER__BEE,1,1,200,0.02014656364917755,0.19970004260540009,0.20000003278255463
9,DROSOPHILA_TRANSFER__BEE,2,-1,200,0.02028324268758297,0.19970004260540009,0.19960002601146698
9,DROSOPHILA_TRANSFER__BEE,3,1,200,0.020419584587216377,0.19940002262592316,0.19960002601146698
9,DROSOPHILA_TRANSFER__BEE,4,-1,200,0.020556267350912094,0.19940002262592316,0.19920003414154053
9,DROSOPHILA_TRANSFER__BEE,5,1,200,0.0206926129758358,0.19910003244876862,0.19920003414154053
9,DROSOPHILA_TRANSFER__BEE,6,-1,200,0.02082929015159607,0.19910003244876862,0.1988000124692917
9,DROSOPHILA_TRANSFER__BEE,7,1,200,0.020965632051229477,0.19880002737045288,0.1988000124692917
9,DROSOPHILA_TRANSFER__BEE,8,-1,200,0.021102316677570343,0.19880002737045288,0.19840002059936523
9,DROSOPHILA_TRANSFER__BEE,9,1,200,0.0212386567145586,0.19850003719329834,0.19840002059936523
9,DROSOPHILA_TRANSFER__BEE,10,-1,200,0.02137533761560917,0.19850003719329834,0.19800002872943878
9,DROSOPHILA_TRANSFER__BEE,11,1,200,0.021511679515242577,0.1982000470161438,0.19800002872943878
9,DROSOPHILA_TRANSFER__BEE,12,-1,200,0.021648362278938293,0.1982000470161438,0.19760002195835114
9,DROSOPHILA_TRANSFER__BEE,13,1,200,0.021784702315926552,0.19790002703666687,0.19760002195835114
9,DROSOPHILA_TRANSFER__BEE,14,-1,200,0.021921388804912567,0.19790002703666687,0.19720003008842468
9,DROSOPHILA_TRANSFER__BEE,15,1,200,0.022057726979255676,0.19760003685951233,0.19720003008842468
9,DROSOPHILA_TRANSFER__BEE,16,-1,200,0.022194411605596542,0.19760003685951233,0.19680002331733704
9,DROSOPHILA_TRANSFER__BEE,17,1,200,0.0223307516425848,0.1973000317811966,0.19680002331733704
9,DROSOPHILA_TRANSFER__BEE,18,-1,200,0.02246742881834507,0.1973000317811966,0.19640003144741058
9,DROSOPHILA_TRANSFER__BEE,19,1,200,0.022603774443268776,0.19700002670288086,0.19640003144741058
9,DROSOPHILA_TRANSFER__BEE,20,-1,200,0.022740459069609642,0.19700002670288086,0.19600002467632294
10,DROSOPHILA_TRANSFER__BEE,1,1,200,0.020146694034337997,0.1997000277042389,0.20000003278255463
10,DROSOPHILA_TRANSFER__BEE,2,-1,200,0.020283622667193413,0.1997000277042389,0.19960004091262817
10,DROSOPHILA_TRANSFER__BEE,3,1,200,0.020420297980308533,0.19940002262592316,0.19960004091262817
10,DROSOPHILA_TRANSFER__BEE,4,-1,200,0.02055721916258335,0.19940002262592316,0.19920003414154053
10,DROSOPHILA_TRANSFER__BEE,5,1,200,0.02069389633834362,0.19910003244876862,0.19920003414154053
10,DROSOPHILA_TRANSFER__BEE,6,-1,200,0.020830823108553886,0.19910003244876862,0.19880002737045288
10,DROSOPHILA_TRANSFER__BEE,7,1,200,0.020967498421669006,0.19880002737045288,0.19880002737045288
10,DROSOPHILA_TRANSFER__BEE,8,-1,200,0.02110442705452442,0.19880002737045288,0.19840002059936523
10,DROSOPHILA_TRANSFER__BEE,9,1,200,0.021241098642349243,0.19850003719329834,0.19840002059936523
10,DROSOPHILA_TRANSFER__BEE,10,-1,200,0.02137802541255951,0.19850003719329834,0.19800002872943878
10,DROSOPHILA_TRANSFER__BEE,11,1,200,0.02151469700038433,0.1982000321149826,0.19800002872943878
10,DROSOPHILA_TRANSFER__BEE,12,-1,200,0.021651625633239746,0.1982000321149826,0.19760003685951233
10,DROSOPHILA_TRANSFER__BEE,13,1,200,0.021788300946354866,0.19790002703666687,0.19760003685951233
10,DROSOPHILA_TRANSFER__BEE,14,-1,200,0.021925227716565132,0.19790002703666687,0.19720004498958588
10,DROSOPHILA_TRANSFER__BEE,15,1,200,0.022061901167035103,0.19760003685951233,0.19720004498958588
10,DROSOPHILA_TRANSFER__BEE,16,-1,200,0.02219882607460022,0.19760003685951233,0.19680002331733704
10,DROSOPHILA_TRANSFER__BEE,17,1,200,0.02233550138771534,0.1973000168800354,0.19680002331733704
10,DROSOPHILA_TRANSFER__BEE,18,-1,200,0.022472430020570755,0.1973000168800354,0.19640004634857178
10,DROSOPHILA_TRANSFER__BEE,19,1,200,0.022609103471040726,0.19700002670288086,0.19640004634857178
10,DROSOPHILA_TRANSFER__BEE,20,-1,200,0.022746030241250992,0.19700002670288086,0.19600002467632294
11,DROSOPHILA_TRANSFER__BEE,1,1,200,0.02014649100601673,0.1997000277042389,0.20000003278255463
11,DROSOPHILA_TRANSFER__BEE,2,-1,200,0.020283648744225502,0.1997000277042389,0.19960002601146698
11,DROSOPHILA_TRANSFER__BEE,3,1,200,0.020420564338564873,0.19940002262592316,0.19960002601146698
11,DROSOPHILA_TRANSFER__BEE,4,-1,200,0.020557720214128494,0.19940002262592316,0.19920004904270172
11,DROSOPHILA_TRANSFER__BEE,5,1,200,0.020694641396403313,0.19910003244876862,0.19920004904270172
11,DROSOPHILA_TRANSFER__BEE,6,-1,200,0.020831793546676636,0.19910003244876862,0.19880002737045288
11,DROSOPHILA_TRANSFER__BEE,7,1,200,0.020968712866306305,0.19880002737045288,0.19880002737045288
11,DROSOPHILA_TRANSFER__BEE,8,-1,200,0.021105868741869926,0.19880002737045288,0.19840002059936523
11,DROSOPHILA_TRANSFER__BEE,9,1,200,0.021242788061499596,0.19850003719329834,0.19840002059936523
11,DROSOPHILA_TRANSFER__BEE,10,-1,200,0.021379943937063217,0.19850003719329834,0.19800002872943878
11,DROSOPHILA_TRANSFER__BEE,11,1,200,0.021516859531402588,0.1982000321149826,0.19800002872943878
11,DROSOPHILA_TRANSFER__BEE,12,-1,200,0.021654019132256508,0.1982000321149826,0.19760002195835114
11,DROSOPHILA_TRANSFER__BEE,13,1,200,0.02179093100130558,0.19790002703666687,0.19760002195835114
11,DROSOPHILA_TRANSFER__BEE,14,-1,200,0.021928085014224052,0.19790002703666687,0.19720004498958588
11,DROSOPHILA_TRANSFER__BEE,15,1,200,0.02206500992178917,0.19760003685951233,0.19720004498958588
11,DROSOPHILA_TRANSFER__BEE,16,-1,200,0.02220216393470764,0.19760003685951233,0.19680003821849823
11,DROSOPHILA_TRANSFER__BEE,17,1,200,0.02233908139169216,0.1973000168800354,0.19680003821849823
11,DROSOPHILA_TRANSFER__BEE,18,-1,200,0.022476237267255783,0.1973000168800354,0.19640003144741058
11,DROSOPHILA_TRANSFER__BEE,19,1,200,0.022613154724240303,0.19700002670288086,0.19640003144741058
11,DROSOPHILA_TRANSFER__BEE,20,-1,200,0.022750314325094223,0.19700002670288086,0.19600002467632294
12,DROSOPHILA_TRANSFER__BEE,1,1,200,0.020146753638982773,0.1997000277042389,0.20000003278255463
12,DROSOPHILA_TRANSFER__BEE,2,-1,200,0.02028319425880909,0.1997000277042389,0.19960002601146698
12,DROSOPHILA_TRANSFER__BEE,3,1,200,0.02041957713663578,0.19940002262592316,0.19960002601146698
12,DROSOPHILA_TRANSFER__BEE,4,-1,200,0.020556015893816948,0.19940002262592316,0.19920004904270172
12,DROSOPHILA_TRANSFER__BEE,5,1,200,0.020692400634288788,0.19910003244876862,0.19920004904270172
12,DROSOPHILA_TRANSFER__BEE,6,-1,200,0.020828835666179657,0.19910003244876862,0.1988000124692917
12,DROSOPHILA_TRANSFER__BEE,7,1,200,0.020965222269296646,0.19880002737045288,0.1988000124692917
12,DROSOPHILA_TRANSFER__BEE,8,-1,200,0.021101661026477814,0.19880002737045288,0.19840003550052643
12,DROSOPHILA_TRANSFER__BEE,9,1,200,0.021238047629594803,0.19850003719329834,0.19840003550052643
12,DROSOPHILA_TRANSFER__BEE,10,-1,200,0.021374480798840523,0.19850003719329834,0.19800002872943878
12,DROSOPHILA_TRANSFER__BEE,11,1,200,0.021510867401957512,0.1982000321149826,0.19800002872943878
12,DROSOPHILA_TRANSFER__BEE,12,-1,200,0.021647300571203232,0.1982000321149826,0.19760002195835114
12,DROSOPHILA_TRANSFER__BEE,13,1,200,0.02178368903696537,0.19790002703666687,0.19760002195835114
12,DROSOPHILA_TRANSFER__BEE,14,-1,200,0.02192012406885624,0.19790002703666687,0.19720004498958588
12,DROSOPHILA_TRANSFER__BEE,15,1,200,0.022056514397263527,0.19760003685951233,0.19720004498958588
12,DROSOPHILA_TRANSFER__BEE,16,-1,200,0.022192949429154396,0.19760003685951233,0.19680003821849823
12,DROSOPHILA_TRANSFER__BEE,17,1,200,0.022329337894916534,0.1973000317811966,0.19680003821849823
12,DROSOPHILA_TRANSFER__BEE,18,-1,200,0.022465771064162254,0.1973000317811966,0.19640003144741058
12,DROSOPHILA_TRANSFER__BEE,19,1,200,0.022602155804634094,0.19700002670288086,0.19640003144741058
12,DROSOPHILA_TRANSFER__BEE,20,-1,200,0.02273859642446041,0.19700002670288086,0.19600002467632294
13,DROSOPHILA_TRANSFER__BEE,1,1,200,0.020146703347563744,0.1997000277042389,0.20000003278255463
13,DROSOPHILA_TRANSFER__BEE,2,-1,200,0.020281974226236343,0.1997000277042389,0.19960002601146698
13,DROSOPHILA_TRANSFER__BEE,3,1,200,0.020417168736457825,0.19940002262592316,0.19960002601146698
13,DROSOPHILA_TRANSFER__BEE,4,-1,200,0.02055244706571102,0.19940002262592316,0.19920004904270172
13,DROSOPHILA_TRANSFER__BEE,5,1,200,0.020687641575932503,0.19910003244876862,0.19920004904270172
13,DROSOPHILA_TRANSFER__BEE,6,-1,200,0.020822912454605103,0.19910003244876862,0.1988000124692917
13,DROSOPHILA_TRANSFER__BEE,7,1,200,0.020958105102181435,0.19880002737045288,0.1988000124692917
13,DROSOPHILA_TRANSFER__BEE,8,-1,200,0.021093379706144333,0.19880002737045288,0.19840003550052643
13,DROSOPHILA_TRANSFER__BEE,9,1,200,0.021228576079010963,0.19850003719329834,0.19840003550052643
13,DROSOPHILA_TRANSFER__BEE,10,-1,200,0.02136385068297386,0.19850003719329834,0.19800002872943878
13,DROSOPHILA_TRANSFER__BEE,11,1,200,0.021499045193195343,0.1982000470161438,0.19800002872943878
13,DROSOPHILA_TRANSFER__BEE,12,-1,200,0.021634316071867943,0.1982000470161438,0.19760002195835114
13,DROSOPHILA_TRANSFER__BEE,13,1,200,0.021769512444734573,0.19790002703666687,0.19760002195835114
13,DROSOPHILA_TRANSFER__BEE,14,-1,200,0.02190478704869747,0.19790002703666687,0.19720004498958588
13,DROSOPHILA_TRANSFER__BEE,15,1,200,0.022039983421564102,0.19760003685951233,0.19720004498958588
13,DROSOPHILA_TRANSFER__BEE,16,-1,200,0.022175258025527,0.19760003685951233,0.19680002331733704
13,DROSOPHILA_TRANSFER__BEE,17,1,200,0.022310452535748482,0.1973000317811966,0.19680002331733704
13,DROSOPHILA_TRANSFER__BEE,18,-1,200,0.02244572713971138,0.1973000317811966,0.19640004634857178
13,DROSOPHILA_TRANSFER__BEE,19,1,200,0.022580919787287712,0.19700002670288086,0.19640004634857178
13,DROSOPHILA_TRANSFER__BEE,20,-1,200,0.02271619439125061,0.19700002670288086,0.19600002467632294
14,DROSOPHILA_TRANSFER__BEE,1,1,200,0.0201466865837574,0.1997000277042389,0.20000003278255463
14,DROSOPHILA_TRANSFER__BEE,2,-1,200,0.020282499492168427,0.1997000277042389,0.19960002601146698
14,DROSOPHILA_TRANSFER__BEE,3,1,200,0.02041822113096714,0.19940003752708435,0.19960002601146698
14,DROSOPHILA_TRANSFER__BEE,4,-1,200,0.020554035902023315,0.19940003752708435,0.19920003414154053
14,DROSOPHILA_TRANSFER__BEE,5,1,200,0.02068975754082203,0.19910003244876862,0.19920003414154053
14,DROSOPHILA_TRANSFER__BEE,6,-1,200,0.020825574174523354,0.19910003244876862,0.19880002737045288
14,DROSOPHILA_TRANSFER__BEE,7,1,200,0.020961295813322067,0.19880004227161407,0.19880002737045288
14,DROSOPHILA_TRANSFER__BEE,8,-1,200,0.021097108721733093,0.19880004227161407,0.19840002059936523
14,DROSOPHILA_TRANSFER__BEE,9,1,200,0.02123282663524151,0.19850003719329834,0.19840002059936523
14,DROSOPHILA_TRANSFER__BEE,10,-1,200,0.02136864699423313,0.19850003719329834,0.19800002872943878
14,DROSOPHILA_TRANSFER__BEE,11,1,200,0.021504366770386696,0.1982000321149826,0.19800002872943878
14,DROSOPHILA_TRANSFER__BEE,12,-1,200,0.02164018154144287,0.1982000321149826,0.19760003685951233
14,DROSOPHILA_TRANSFER__BEE,13,1,200,0.021775903180241585,0.19790002703666687,0.19760003685951233
14,DROSOPHILA_TRANSFER__BEE,14,-1,200,0.02191171795129776,0.19790002703666687,0.19720004498958588
14,DROSOPHILA_TRANSFER__BEE,15,1,200,0.022047435864806175,0.19760003685951233,0.19720004498958588
14,DROSOPHILA_TRANSFER__BEE,16,-1,200,0.02218325436115265,0.19760003685951233,0.19680002331733704
14,DROSOPHILA_TRANSFER__BEE,17,1,200,0.022318974137306213,0.1973000317811966,0.19680002331733704
14,DROSOPHILA_TRANSFER__BEE,18,-1,200,0.02245478704571724,0.1973000317811966,0.19640003144741058
14,DROSOPHILA_TRANSFER__BEE,19,1,200,0.022590508684515953,0.19700002670288086,0.19640003144741058
14,DROSOPHILA_TRANSFER__BEE,20,-1,200,0.022726330906152725,0.19700002670288086,0.19600002467632294
15,DROSOPHILA_TRANSFER__BEE,1,1,200,0.020146444439888,0.1997000277042389,0.20000003278255463
15,DROSOPHILA_TRANSFER__BEE,2,-1,200,0.02028265781700611,0.1997000277042389,0.19960002601146698
15,DROSOPHILA_TRANSFER__BEE,3,1,200,0.020418595522642136,0.19940002262592316,0.19960002601146698
15,DROSOPHILA_TRANSFER__BEE,4,-1,200,0.020554807037115097,0.19940002262592316,0.19920003414154053
15,DROSOPHILA_TRANSFER__BEE,5,1,200,0.02069075033068657,0.19910003244876862,0.19920003414154053
15,DROSOPHILA_TRANSFER__BEE,6,-1,200,0.020826956257224083,0.19910003244876862,0.19880002737045288
15,DROSOPHILA_TRANSFER__BEE,7,1,200,0.020962893962860107,0.19880002737045288,0.19880002737045288
15,DROSOPHILA_TRANSFER__BEE,8,-1,200,0.02109910361468792,0.19880002737045288,0.19840002059936523
15,DROSOPHILA_TRANSFER__BEE,9,1,200,0.021235041320323944,0.19850003719329834,0.19840002059936523
15,DROSOPHILA_TRANSFER__BEE,10,-1,200,0.021371254697442055,0.19850003719329834,0.19800002872943878
15,DROSOPHILA_TRANSFER__BEE,11,1,200,0.02150719426572323,0.1982000321149826,0.19800002872943878
15,DROSOPHILA_TRANSFER__BEE,12,-1,200,0.02164340391755104,0.1982000321149826,0.19760002195835114
15,DROSOPHILA_TRANSFER__BEE,13,1,200,0.021779341623187065,0.19790002703666687,0.19760002195835114
15,DROSOPHILA_TRANSFER__BEE,14,-1,200,0.021915549412369728,0.19790002703666687,0.19720004498958588
15,DROSOPHILA_TRANSFER__BEE,15,1,200,0.022051487118005753,0.19760003685951233,0.19720004498958588
15,DROSOPHILA_TRANSFER__BEE,16,-1,200,0.022187700495123863,0.19760003685951233,0.19680002331733704
15,DROSOPHILA_TRANSFER__BEE,17,1,200,0.022323638200759888,0.1973000168800354,0.19680002331733704
15,DROSOPHILA_TRANSFER__BEE,18,-1,200,0.02245984598994255,0.1973000168800354,0.19640003144741058
15,DROSOPHILA_TRANSFER__BEE,19,1,200,0.022595785558223724,0.19700002670288086,0.19640003144741058
15,DROSOPHILA_TRANSFER__BEE,20,-1,200,0.022731995210051537,0.19700002670288086,0.19600002467632294
16,DROSOPHILA_TRANSFER__BEE,1,1,200,0.020146692171692848,0.19970004260540009,0.20000003278255463
16,DROSOPHILA_TRANSFER__BEE,2,-1,200,0.020282283425331116,0.19970004260540009,0.19960004091262817
16,DROSOPHILA_TRANSFER__BEE,3,1,200,0.020417775958776474,0.19940002262592316,0.19960004091262817
16,DROSOPHILA_TRANSFER__BEE,4,-1,200,0.020553361624479294,0.19940002262592316,0.19920004904270172
16,DROSOPHILA_TRANSFER__BEE,5,1,200,0.02068885788321495,0.19910003244876862,0.19920004904270172
16,DROSOPHILA_TRANSFER__BEE,6,-1,200,0.02082444354891777,0.19910003244876862,0.1988000124692917
16,DROSOPHILA_TRANSFER__BEE,7,1,200,0.02095993608236313,0.19880002737045288,0.1988000124692917
16,DROSOPHILA_TRANSFER__BEE,8,-1,200,0.021095525473356247,0.19880002737045288,0.19840002059936523
16,DROSOPHILA_TRANSFER__BEE,9,1,200,0.021231016144156456,0.19850003719329834,0.19840002059936523
16,DROSOPHILA_TRANSFER__BEE,10,-1,200,0.021366609260439873,0.19850003719329834,0.19800002872943878
16,DROSOPHILA_TRANSFER__BEE,11,1,200,0.021502098068594933,0.1982000470161438,0.19800002872943878
16,DROSOPHILA_TRANSFER__BEE,12,-1,200,0.0216376855969429,0.1982000470161438,0.19760002195835114
16,DROSOPHILA_TRANSFER__BEE,13,1,200,0.021773183718323708,0.19790002703666687,0.19760002195835114
16,DROSOPHILA_TRANSFER__BEE,14,-1,200,0.02190876379609108,0.19790002703666687,0.19720004498958588
16,DROSOPHILA_TRANSFER__BEE,15,1,200,0.022044261917471886,0.19760003685951233,0.19720004498958588
16,DROSOPHILA_TRANSFER__BEE,16,-1,200,0.022179851308465004,0.19760003685951233,0.19680003821849823
16,DROSOPHILA_TRANSFER__BEE,17,1,200,0.022315341979265213,0.1973000168800354,0.19680003821849823
16,DROSOPHILA_TRANSFER__BEE,18,-1,200,0.02245093323290348,0.1973000168800354,0.19640003144741058
16,DROSOPHILA_TRANSFER__BEE,19,1,200,0.02258642017841339,0.19700002670288086,0.19640003144741058
16,DROSOPHILA_TRANSFER__BEE,20,-1,200,0.02272201143205166,0.19700002670288086,0.19600002467632294
17,DROSOPHILA_TRANSFER__BEE,1,1,200,0.020146649330854416,0.1997000277042389,0.20000003278255463
17,DROSOPHILA_TRANSFER__BEE,2,-1,200,0.020282650366425514,0.1997000277042389,0.19960004091262817
17,DROSOPHILA_TRANSFER__BEE,3,1,200,0.020418569445610046,0.19940002262592316,0.19960004091262817
17,DROSOPHILA_TRANSFER__BEE,4,-1,200,0.020554568618535995,0.19940002262592316,0.19920004904270172
17,DROSOPHILA_TRANSFER__BEE,5,1,200,0.020690493285655975,0.19910003244876862,0.19920004904270172
17,DROSOPHILA_TRANSFER__BEE,6,-1,200,0.020826494321227074,0.19910003244876862,0.1988000124692917
17,DROSOPHILA_TRANSFER__BEE,7,1,200,0.020962415263056755,0.1988000124692917,0.1988000124692917
17,DROSOPHILA_TRANSFER__BEE,8,-1,200,0.021098410710692406,0.1988000124692917,0.19840002059936523
17,DROSOPHILA_TRANSFER__BEE,9,1,200,0.021234331652522087,0.19850003719329834,0.19840002059936523
17,DROSOPHILA_TRANSFER__BEE,10,-1,200,0.021370332688093185,0.19850003719329834,0.19800002872943878
17,DROSOPHILA_TRANSFER__BEE,11,1,200,0.021506255492568016,0.1982000321149826,0.19800002872943878
17,DROSOPHILA_TRANSFER__BEE,12,-1,200,0.021642256528139114,0.1982000321149826,0.19760002195835114
17,DROSOPHILA_TRANSFER__BEE,13,1,200,0.021778175607323647,0.19790002703666687,0.19760002195835114
17,DROSOPHILA_TRANSFER__BEE,14,-1,200,0.021914174780249596,0.19790002703666687,0.19720004498958588
17,DROSOPHILA_TRANSFER__BEE,15,1,200,0.022050097584724426,0.19760002195835114,0.19720004498958588
17,DROSOPHILA_TRANSFER__BEE,16,-1,200,0.022186100482940674,0.19760002195835114,0.19680002331733704
17,DROSOPHILA_TRANSFER__BEE,17,1,200,0.022322019562125206,0.1973000317811966,0.19680002331733704
17,DROSOPHILA_TRANSFER__BEE,18,-1,200,0.022458015009760857,0.1973000317811966,0.19640003144741058
17,DROSOPHILA_TRANSFER__BEE,19,1,200,0.022593939676880836,0.19700002670288086,0.19640003144741058
17,DROSOPHILA_TRANSFER__BEE,20,-1,200,0.022729938849806786,0.19700002670288086,0.19600002467632294
18,DROSOPHILA_TRANSFER__BEE,1,1,200,0.020146561786532402,0.19970004260540009,0.20000003278255463
18,DROSOPHILA_TRANSFER__BEE,2,-1,200,0.020281320437788963,0.19970004260540009,0.19960004091262817
18,DROSOPHILA_TRANSFER__BEE,3,1,200,0.02041586861014366,0.19940002262592316,0.19960004091262817
18,DROSOPHILA_TRANSFER__BEE,4,-1,200,0.020550621673464775,0.19940002262592316,0.19920004904270172
18,DROSOPHILA_TRANSFER__BEE,5,1,200,0.020685171708464622,0.19910003244876862,0.19920004904270172
18,DROSOPHILA_TRANSFER__BEE,6,-1,200,0.020819928497076035,0.19910003244876862,0.19880002737045288
18,DROSOPHILA_TRANSFER__BEE,7,1,200,0.020954472944140434,0.19880002737045288,0.19880002737045288
18,DROSOPHILA_TRANSFER__BEE,8,-1,200,0.021089233458042145,0.19880002737045288,0.19840002059936523
18,DROSOPHILA_TRANSFER__BEE,9,1,200,0.021223779767751694,0.19850003719329834,0.19840002059936523
18,DROSOPHILA_TRANSFER__BEE,10,-1,200,0.021358540281653404,0.19850003719329834,0.19800002872943878
18,DROSOPHILA_TRANSFER__BEE,11,1,200,0.021493088454008102,0.1982000321149826,0.19800002872943878
18,DROSOPHILA_TRANSFER__BEE,12,-1,200,0.021627843379974365,0.1982000321149826,0.19760003685951233
18,DROSOPHILA_TRANSFER__BEE,13,1,200,0.021762393414974213,0.19790002703666687,0.19760003685951233
18,DROSOPHILA_TRANSFER__BEE,14,-1,200,0.021897150203585625,0.19790002703666687,0.19720004498958588
18,DROSOPHILA_TRANSFER__BEE,15,1,200,0.022031694650650024,0.19760003685951233,0.19720004498958588
18,DROSOPHILA_TRANSFER__BEE,16,-1,200,0.022166453301906586,0.19760003685951233,0.19680002331733704
18,DROSOPHILA_TRANSFER__BEE,17,1,200,0.022301003336906433,0.1973000168800354,0.19680002331733704
18,DROSOPHILA_TRANSFER__BEE,18,-1,200,0.022435760125517845,0.1973000168800354,0.19640003144741058
18,DROSOPHILA_TRANSFER__BEE,19,1,200,0.022570304572582245,0.19700002670288086,0.19640003144741058
18,DROSOPHILA_TRANSFER__BEE,20,-1,200,0.022705061361193657,0.19700002670288086,0.19600002467632294
19,DROSOPHILA_TRANSFER__BEE,1,1,200,0.020146526396274567,0.1997000277042389,0.20000003278255463
19,DROSOPHILA_TRANSFER__BEE,2,-1,200,0.020282059907913208,0.1997000277042389,0.19960004091262817
19,DROSOPHILA_TRANSFER__BEE,3,1,200,0.02041730284690857,0.19940002262592316,0.19960004091262817
19,DROSOPHILA_TRANSFER__BEE,4,-1,200,0.02055283449590206,0.19940002262592316,0.19920003414154053
19,DROSOPHILA_TRANSFER__BEE,5,1,200,0.020688075572252274,0.19910003244876862,0.19920003414154053
19,DROSOPHILA_TRANSFER__BEE,6,-1,200,0.020823612809181213,0.19910003244876862,0.19880002737045288
19,DROSOPHILA_TRANSFER__BEE,7,1,200,0.020958848297595978,0.19880002737045288,0.19880002737045288
19,DROSOPHILA_TRANSFER__BEE,8,-1,200,0.021094387397170067,0.19880002737045288,0.19840002059936523
19,DROSOPHILA_TRANSFER__BEE,9,1,200,0.02122962661087513,0.19850003719329834,0.19840002059936523
19,DROSOPHILA_TRANSFER__BEE,10,-1,200,0.021365167573094368,0.19850003719329834,0.19800002872943878
19,DROSOPHILA_TRANSFER__BEE,11,1,200,0.021500401198863983,0.1982000470161438,0.19800002872943878
19,DROSOPHILA_TRANSFER__BEE,12,-1,200,0.021635934710502625,0.1982000470161438,0.19760003685951233
19,DROSOPHILA_TRANSFER__BEE,13,1,200,0.021771173924207687,0.19790002703666687,0.19760003685951233
19,DROSOPHILA_TRANSFER__BEE,14,-1,200,0.021906709298491478,0.19790002703666687,0.19720004498958588
19,DROSOPHILA_TRANSFER__BEE,15,1,200,0.02204195037484169,0.19760003685951233,0.19720004498958588
19,DROSOPHILA_TRANSFER__BEE,16,-1,200,0.02217748947441578,0.19760003685951233,0.19680002331733704
19,DROSOPHILA_TRANSFER__BEE,17,1,200,0.022312726825475693,0.1973000168800354,0.19680002331733704
19,DROSOPHILA_TRANSFER__BEE,18,-1,200,0.022448264062404633,0.1973000168800354,0.19640003144741058
19,DROSOPHILA_TRANSFER__BEE,19,1,200,0.022583505138754845,0.19700002670288086,0.19640003144741058
19,DROSOPHILA_TRANSFER__BEE,20,-1,200,0.022719042375683784,0.19700002670288086,0.19600002467632294
20,DROSOPHILA_TRANSFER__BEE,1,1,200,0.020146597176790237,0.1997000277042389,0.20000003278255463
20,DROSOPHILA_TRANSFER__BEE,2,-1,200,0.02028231881558895,0.1997000277042389,0.19960002601146698
20,DROSOPHILA_TRANSFER__BEE,3,1,200,0.020417755469679832,0.19940002262592316,0.19960002601146698
20,DROSOPHILA_TRANSFER__BEE,4,-1,200,0.020553478971123695,0.19940002262592316,0.19920004904270172
20,DROSOPHILA_TRANSFER__BEE,5,1,200,0.020688915625214577,0.19910001754760742,0.19920004904270172
20,DROSOPHILA_TRANSFER__BEE,6,-1,200,0.02082463540136814,0.19910001754760742,0.1988000124692917
20,DROSOPHILA_TRANSFER__BEE,7,1,200,0.02096007578074932,0.19880004227161407,0.1988000124692917
20,DROSOPHILA_TRANSFER__BEE,8,-1,200,0.021095795556902885,0.19880004227161407,0.19840002059936523
20,DROSOPHILA_TRANSFER__BEE,9,1,200,0.021231235936284065,0.19850003719329834,0.19840002059936523
20,DROSOPHILA_TRANSFER__BEE,10,-1,200,0.02136695757508278,0.19850003719329834,0.19800002872943878
20,DROSOPHILA_TRANSFER__BEE,11,1,200,0.02150239795446396,0.1982000321149826,0.19800002872943878
20,DROSOPHILA_TRANSFER__BEE,12,-1,200,0.021638117730617523,0.1982000321149826,0.19760003685951233
20,DROSOPHILA_TRANSFER__BEE,13,1,200,0.021773559972643852,0.19790002703666687,0.19760003685951233
20,DROSOPHILA_TRANSFER__BEE,14,-1,200,0.02190927229821682,0.19790002703666687,0.19720004498958588
20,DROSOPHILA_TRANSFER__BEE,15,1,200,0.022044716402888298,0.19760003685951233,0.19720004498958588
20,DROSOPHILA_TRANSFER__BEE,16,-1,200,0.022180434316396713,0.19760003685951233,0.19680003821849823
20,DROSOPHILA_TRANSFER__BEE,17,1,200,0.02231588214635849,0.1973000168800354,0.19680003821849823
20,DROSOPHILA_TRANSFER__BEE,18,-1,200,0.022451598197221756,0.1973000168800354,0.19640003144741058
20,DROSOPHILA_TRANSFER__BEE,19,1,200,0.022587036713957787,0.19700002670288086,0.19640003144741058
20,DROSOPHILA_TRANSFER__BEE,20,-1,200,0.022722750902175903,0.19700002670288086,0.19600002467632294
21,DROSOPHILA_TRANSFER__BEE,1,1,200,0.020146554335951805,0.19970004260540009,0.20000003278255463
21,DROSOPHILA_TRANSFER__BEE,2,-1,200,0.0202825628221035,0.19970004260540009,0.19960002601146698
21,DROSOPHILA_TRANSFER__BEE,3,1,200,0.020418334752321243,0.19940002262592316,0.19960002601146698
21,DROSOPHILA_TRANSFER__BEE,4,-1,200,0.02055434137582779,0.19940002262592316,0.19920003414154053
21,DROSOPHILA_TRANSFER__BEE,5,1,200,0.020690111443400383,0.19910001754760742,0.19920003414154053
21,DROSOPHILA_TRANSFER__BEE,6,-1,200,0.020826125517487526,0.19910001754760742,0.1988000124692917
21,DROSOPHILA_TRANSFER__BEE,7,1,200,0.02096189744770527,0.19880002737045288,0.1988000124692917
21,DROSOPHILA_TRANSFER__BEE,8,-1,200,0.021097900345921516,0.19880002737045288,0.19840002059936523
21,DROSOPHILA_TRANSFER__BEE,9,1,200,0.021233676001429558,0.19850003719329834,0.19840002059936523
21,DROSOPHILA_TRANSFER__BEE,10,-1,200,0.021369684487581253,0.19850003719329834,0.19800002872943878
21,DROSOPHILA_TRANSFER__BEE,11,1,200,0.021505458280444145,0.1982000470161438,0.19800002872943878
21,DROSOPHILA_TRANSFER__BEE,12,-1,200,0.02164146490395069,0.1982000470161438,0.19760003685951233
21,DROSOPHILA_TRANSFER__BEE,13,1,200,0.021777240559458733,0.19790002703666687,0.19760003685951233
21,DROSOPHILA_TRANSFER__BEE,14,-1,200,0.021913249045610428,0.19790002703666687,0.19720004498958588
21,DROSOPHILA_TRANSFER__BEE,15,1,200,0.02204902097582817,0.19760003685951233,0.19720004498958588
21,DROSOPHILA_TRANSFER__BEE,16,-1,200,0.022185029461979866,0.19760003685951233,0.19680002331733704
21,DROSOPHILA_TRANSFER__BEE,17,1,200,0.022320805117487907,0.1973000317811966,0.19680002331733704
21,DROSOPHILA_TRANSFER__BEE,18,-1,200,0.0224568173289299,0.1973000317811966,0.19640003144741058
21,DROSOPHILA_TRANSFER__BEE,19,1,200,0.022592585533857346,0.19700002670288086,0.19640003144741058
21,DROSOPHILA_TRANSFER__BEE,20,-1,200,0.02272859402000904,0.19700002670288086,0.19600002467632294
22,DROSOPHILA_TRANSFER__BEE,1,1,200,0.020146632567048073,0.1997000277042389,0.20000003278255463
22,DROSOPHILA_TRANSFER__BEE,2,-1,200,0.020281195640563965,0.1997000277042389,0.19960004091262817
22,DROSOPHILA_TRANSFER__BEE,3,1,200,0.020415496081113815,0.19940002262592316,0.19960004091262817
22,DROSOPHILA_TRANSFER__BEE,4,-1,200,0.020550061017274857,0.19940002262592316,0.19920004904270172
22,DROSOPHILA_TRANSFER__BEE,5,1,200,0.020684365183115005,0.19910003244876862,0.19920004904270172
22,DROSOPHILA_TRANSFER__BEE,6,-1,200,0.020818930119276047,0.19910003244876862,0.19880002737045288
22,DROSOPHILA_TRANSFER__BEE,7,1,200,0.020953238010406494,0.19880002737045288,0.19880002737045288
22,DROSOPHILA_TRANSFER__BEE,8,-1,200,0.021087801083922386,0.19880002737045288,0.19840002059936523
22,DROSOPHILA_TRANSFER__BEE,9,1,200,0.021222105249762535,0.19850003719329834,0.19840002059936523
22,DROSOPHILA_TRANSFER__BEE,10,-1,200,0.02135666459798813,0.19850003719329834,0.19800002872943878
22,DROSOPHILA_TRANSFER__BEE,11,1,200,0.02149096690118313,0.1982000321149826,0.19800002872943878
22,DROSOPHILA_TRANSFER__BEE,12,-1,200,0.02162553183734417,0.1982000321149826,0.19760002195835114
22,DROSOPHILA_TRANSFER__BEE,13,1,200,0.021759839728474617,0.19790002703666687,0.19760002195835114
22,DROSOPHILA_TRANSFER__BEE,14,-1,200,0.02189439907670021,0.19790002703666687,0.19720003008842468
22,DROSOPHILA_TRANSFER__BEE,15,1,200,0.02202870324254036,0.19760003685951233,0.19720003008842468
22,DROSOPHILA_TRANSFER__BEE,16,-1,200,0.0221632681787014,0.19760003685951233,0.19680003821849823
22,DROSOPHILA_TRANSFER__BEE,17,1,200,0.02229757234454155,0.1973000168800354,0.19680003821849823
22,DROSOPHILA_TRANSFER__BEE,18,-1,200,0.02243213541805744,0.1973000168800354,0.19640003144741058
22,DROSOPHILA_TRANSFER__BEE,19,1,200,0.02256643958389759,0.19700002670288086,0.19640003144741058
22,DROSOPHILA_TRANSFER__BEE,20,-1,200,0.022701002657413483,0.19700002670288086,0.19600002467632294
23,DROSOPHILA_TRANSFER__BEE,1,1,200,0.02014661580324173,0.19970004260540009,0.20000003278255463
23,DROSOPHILA_TRANSFER__BEE,2,-1,200,0.02028321847319603,0.19970004260540009,0.19960002601146698
23,DROSOPHILA_TRANSFER__BEE,3,1,200,0.02041960135102272,0.19940002262592316,0.19960002601146698
23,DROSOPHILA_TRANSFER__BEE,4,-1,200,0.02055620774626732,0.19940002262592316,0.19920003414154053
23,DROSOPHILA_TRANSFER__BEE,5,1,200,0.02069259062409401,0.19910003244876862,0.19920003414154053
23,DROSOPHILA_TRANSFER__BEE,6,-1,200,0.02082919143140316,0.19910003244876862,0.1988000124692917
23,DROSOPHILA_TRANSFER__BEE,7,1,200,0.020965581759810448,0.19880002737045288,0.1988000124692917
23,DROSOPHILA_TRANSFER__BEE,8,-1,200,0.0211021825671196,0.19880002737045288,0.19840002059936523
23,DROSOPHILA_TRANSFER__BEE,9,1,200,0.021238569170236588,0.19850003719329834,0.19840002059936523
23,DROSOPHILA_TRANSFER__BEE,10,-1,200,0.021375173702836037,0.19850003719329834,0.19800002872943878
23,DROSOPHILA_TRANSFER__BEE,11,1,200,0.021511560305953026,0.1982000321149826,0.19800002872943878
23,DROSOPHILA_TRANSFER__BEE,12,-1,200,0.021648159250617027,0.1982000321149826,0.19760003685951233
23,DROSOPHILA_TRANSFER__BEE,13,1,200,0.021784545853734016,0.19790002703666687,0.19760003685951233
23,DROSOPHILA_TRANSFER__BEE,14,-1,200,0.021921152248978615,0.19790002703666687,0.19720004498958588
23,DROSOPHILA_TRANSFER__BEE,15,1,200,0.022057533264160156,0.19760003685951233,0.19720004498958588
23,DROSOPHILA_TRANSFER__BEE,16,-1,200,0.022194137796759605,0.19760003685951233,0.19680003821849823
23,DROSOPHILA_TRANSFER__BEE,17,1,200,0.022330524399876595,0.1973000317811966,0.19680003821849823
23,DROSOPHILA_TRANSFER__BEE,18,-1,200,0.022467123344540596,0.1973000317811966,0.19640003144741058
23,DROSOPHILA_TRANSFER__BEE,19,1,200,0.022603508085012436,0.19700002670288086,0.19640003144741058
23,DROSOPHILA_TRANSFER__BEE,20,-1,200,0.022740114480257034,0.19700002670288086,0.19600002467632294
24,DROSOPHILA_TRANSFER__BEE,1,1,200,0.020146474242210388,0.1997000277042389,0.20000003278255463
24,DROSOPHILA_TRANSFER__BEE,2,-1,200,0.02028237096965313,0.1997000277042389,0.19960002601146698
24,DROSOPHILA_TRANSFER__BEE,3,1,200,0.020417973399162292,0.19940002262592316,0.19960002601146698
24,DROSOPHILA_TRANSFER__BEE,4,-1,200,0.020553866401314735,0.19940002262592316,0.19920003414154053
24,DROSOPHILA_TRANSFER__BEE,5,1,200,0.020689474418759346,0.19910001754760742,0.19920003414154053
24,DROSOPHILA_TRANSFER__BEE,6,-1,200,0.020825371146202087,0.19910001754760742,0.19880002737045288
24,DROSOPHILA_TRANSFER__BEE,7,1,200,0.020960979163646698,0.19880002737045288,0.19880002737045288
24,DROSOPHILA_TRANSFER__BEE,8,-1,200,0.02109687030315399,0.19880002737045288,0.19840002059936523
24,DROSOPHILA_TRANSFER__BEE,9,1,200,0.021232478320598602,0.19850003719329834,0.19840002059936523
24,DROSOPHILA_TRANSFER__BEE,10,-1,200,0.021368371322751045,0.19850003719329834,0.19800002872943878
24,DROSOPHILA_TRANSFER__BEE,11,1,200,0.021503979340195656,0.1982000470161438,0.19800002872943878
24,DROSOPHILA_TRANSFER__BEE,12,-1,200,0.021639876067638397,0.1982000470161438,0.19760003685951233
24,DROSOPHILA_TRANSFER__BEE,13,1,200,0.02177548035979271,0.19790004193782806,0.19760003685951233
24,DROSOPHILA_TRANSFER__BEE,14,-1,200,0.0219113752245903,0.19790004193782806,0.19720003008842468
24,DROSOPHILA_TRANSFER__BEE,15,1,200,0.022046983242034912,0.19760003685951233,0.19720003008842468
24,DROSOPHILA_TRANSFER__BEE,16,-1,200,0.022182879969477654,0.19760003685951233,0.19680003821849823
24,DROSOPHILA_TRANSFER__BEE,17,1,200,0.022318484261631966,0.1973000168800354,0.19680003821849823
24,DROSOPHILA_TRANSFER__BEE,18,-1,200,0.022454379126429558,0.1973000168800354,0.19640003144741058
24,DROSOPHILA_TRANSFER__BEE,19,1,200,0.02258998714387417,0.19700002670288086,0.19640003144741058
24,DROSOPHILA_TRANSFER__BEE,20,-1,200,0.02272588200867176,0.19700002670288086,0.19600002467632294
25,DROSOPHILA_TRANSFER__BEE,1,1,200,0.02014683373272419,0.19970004260540009,0.20000003278255463
25,DROSOPHILA_TRANSFER__BEE,2,-1,200,0.02028324455022812,0.19970004260540009,0.19960004091262817
25,DROSOPHILA_TRANSFER__BEE,3,1,200,0.020419524982571602,0.19940002262592316,0.19960004091262817
25,DROSOPHILA_TRANSFER__BEE,4,-1,200,0.02055593580007553,0.19940002262592316,0.19920004904270172
25,DROSOPHILA_TRANSFER__BEE,5,1,200,0.020692214369773865,0.19910003244876862,0.19920004904270172
25,DROSOPHILA_TRANSFER__BEE,6,-1,200,0.020828625187277794,0.19910003244876862,0.19880002737045288
25,DROSOPHILA_TRANSFER__BEE,7,1,200,0.020964907482266426,0.1988000124692917,0.19880002737045288
25,DROSOPHILA_TRANSFER__BEE,8,-1,200,0.021101318299770355,0.1988000124692917,0.19840002059936523
25,DROSOPHILA_TRANSFER__BEE,9,1,200,0.02123759500682354,0.19850003719329834,0.19840002059936523
25,DROSOPHILA_TRANSFER__BEE,10,-1,200,0.021374009549617767,0.19850003719329834,0.19800002872943878
25,DROSOPHILA_TRANSFER__BEE,11,1,200,0.021510286256670952,0.1982000470161438,0.19800002872943878
25,DROSOPHILA_TRANSFER__BEE,12,-1,200,0.02164669893682003,0.1982000470161438,0.19760002195835114
25,DROSOPHILA_TRANSFER__BEE,13,1,200,0.021782981231808662,0.19790002703666687,0.19760002195835114
25,DROSOPHILA_TRANSFER__BEE,14,-1,200,0.02191939391195774,0.19790002703666687,0.19720004498958588
25,DROSOPHILA_TRANSFER__BEE,15,1,200,0.022055670619010925,0.19760003685951233,0.19720004498958588
25,DROSOPHILA_TRANSFER__BEE,16,-1,200,0.022192083299160004,0.19760003685951233,0.19680003821849823
25,DROSOPHILA_TRANSFER__BEE,17,1,200,0.022328361868858337,0.1973000168800354,0.19680003821849823
25,DROSOPHILA_TRANSFER__BEE,18,-1,200,0.022464774549007416,0.1973000168800354,0.19640003144741058
25,DROSOPHILA_TRANSFER__BEE,19,1,200,0.022601056843996048,0.19700002670288086,0.19640003144741058
25,DROSOPHILA_TRANSFER__BEE,20,-1,200,0.022737465798854828,0.19700002670288086,0.19600002467632294
26,DROSOPHILA_TRANSFER__BEE,1,1,200,0.02014661207795143,0.1997000277042389,0.20000003278255463
26,DROSOPHILA_TRANSFER__BEE,2,-1,200,0.02028343454003334,0.1997000277042389,0.19960004091262817
26,DROSOPHILA_TRANSFER__BEE,3,1,200,0.020420068874955177,0.19940002262592316,0.19960004091262817
26,DROSOPHILA_TRANSFER__BEE,4,-1,200,0.020556887611746788,0.19940002262592316,0.19920004904270172
26,DROSOPHILA_TRANSFER__BEE,5,1,200,0.020693520084023476,0.19910003244876862,0.19920004904270172
26,DROSOPHILA_TRANSFER__BEE,6,-1,200,0.020830342546105385,0.19910003244876862,0.19880002737045288
26,DROSOPHILA_TRANSFER__BEE,7,1,200,0.020966973155736923,0.1988000124692917,0.19880002737045288
26,DROSOPHILA_TRANSFER__BEE,8,-1,200,0.021103793755173683,0.1988000124692917,0.19840002059936523
26,DROSOPHILA_TRANSFER__BEE,9,1,200,0.02124042436480522,0.19850003719329834,0.19840002059936523
26,DROSOPHILA_TRANSFER__BEE,10,-1,200,0.021377243101596832,0.19850003719329834,0.19800002872943878
26,DROSOPHILA_TRANSFER__BEE,11,1,200,0.02151387371122837,0.1982000321149826,0.19800002872943878
26,DROSOPHILA_TRANSFER__BEE,12,-1,200,0.02165069803595543,0.1982000321149826,0.19760003685951233
26,DROSOPHILA_TRANSFER__BEE,13,1,200,0.021787328645586967,0.19790002703666687,0.19760003685951233
26,DROSOPHILA_TRANSFER__BEE,14,-1,200,0.021924158558249474,0.19790002703666687,0.19720004498958588
26,DROSOPHILA_TRANSFER__BEE,15,1,200,0.022060781717300415,0.19760002195835114,0.19720004498958588
26,DROSOPHILA_TRANSFER__BEE,16,-1,200,0.022197602316737175,0.19760002195835114,0.19680002331733704
26,DROSOPHILA_TRANSFER__BEE,17,1,200,0.022334232926368713,0.1973000168800354,0.19680002331733704
26,DROSOPHILA_TRANSFER__BEE,18,-1,200,0.022471057251095772,0.1973000168800354,0.19640003144741058
26,DROSOPHILA_TRANSFER__BEE,19,1,200,0.02260768972337246,0.19700002670288086,0.19640003144741058
26,DROSOPHILA_TRANSFER__BEE,20,-1,200,0.02274450659751892,0.19700002670288086,0.19600000977516174
27,DROSOPHILA_TRANSFER__BEE,1,1,200,0.020146720111370087,0.19970004260540009,0.20000003278255463
27,DROSOPHILA_TRANSFER__BEE,2,-1,200,0.020283086225390434,0.19970004260540009,0.19960004091262817
27,DROSOPHILA_TRANSFER__BEE,3,1,200,0.020419307053089142,0.19940002262592316,0.19960004091262817
27,DROSOPHILA_TRANSFER__BEE,4,-1,200,0.02055567130446434,0.19940002262592316,0.19920003414154053
27,DROSOPHILA_TRANSFER__BEE,5,1,200,0.020691892132163048,0.19910003244876862,0.19920003414154053
27,DROSOPHILA_TRANSFER__BEE,6,-1,200,0.020828260108828545,0.19910003244876862,0.19880002737045288
27,DROSOPHILA_TRANSFER__BEE,7,1,200,0.020964479073882103,0.19880002737045288,0.19880002737045288
27,DROSOPHILA_TRANSFER__BEE,8,-1,200,0.0211008470505476,0.19880002737045288,0.19840002059936523
27,DROSOPHILA_TRANSFER__BEE,9,1,200,0.021237066015601158,0.19850003719329834,0.19840002059936523
27,DROSOPHILA_TRANSFER__BEE,10,-1,200,0.021373432129621506,0.19850003719329834,0.19800002872943878
27,DROSOPHILA_TRANSFER__BEE,11,1,200,0.021509651094675064,0.1982000470161438,0.19800002872943878
27,DROSOPHILA_TRANSFER__BEE,12,-1,200,0.02164602093398571,0.1982000470161438,0.19760003685951233
27,DROSOPHILA_TRANSFER__BEE,13,1,200,0.021782241761684418,0.19790002703666687,0.19760003685951233
27,DROSOPHILA_TRANSFER__BEE,14,-1,200,0.02191860042512417,0.19790002703666687,0.19720003008842468
27,DROSOPHILA_TRANSFER__BEE,15,1,200,0.022054821252822876,0.19760003685951233,0.19720003008842468
27,DROSOPHILA_TRANSFER__BEE,16,-1,200,0.022191191092133522,0.19760003685951233,0.19680003821849823
27,DROSOPHILA_TRANSFER__BEE,17,1,200,0.02232741005718708,0.1973000168800354,0.19680003821849823
27,DROSOPHILA_TRANSFER__BEE,18,-1,200,0.022463776171207428,0.1973000168800354,0.19640003144741058
27,DROSOPHILA_TRANSFER__BEE,19,1,200,0.022599995136260986,0.19700002670288086,0.19640003144741058
27,DROSOPHILA_TRANSFER__BEE,20,-1,200,0.022736363112926483,0.19700002670288086,0.19600002467632294
28,DROSOPHILA_TRANSFER__BEE,1,1,200,0.02014659158885479,0.1997000277042389,0.20000003278255463
28,DROSOPHILA_TRANSFER__BEE,2,-1,200,0.020283639430999756,0.1997000277042389,0.19960004091262817
28,DROSOPHILA_TRANSFER__BEE,3,1,200,0.020420443266630173,0.19940002262592316,0.19960004091262817
28,DROSOPHILA_TRANSFER__BEE,4,-1,200,0.02055749110877514,0.19940002262592316,0.19920003414154053
28,DROSOPHILA_TRANSFER__BEE,5,1,200,0.020694298669695854,0.19910003244876862,0.19920003414154053
28,DROSOPHILA_TRANSFER__BEE,6,-1,200,0.020831352099776268,0.19910003244876862,0.19880002737045288
28,DROSOPHILA_TRANSFER__BEE,7,1,200,0.020968152210116386,0.19880002737045288,0.19880002737045288
28,DROSOPHILA_TRANSFER__BEE,8,-1,200,0.021105198189616203,0.19880002737045288,0.19840002059936523
28,DROSOPHILA_TRANSFER__BEE,9,1,200,0.021242007613182068,0.19850005209445953,0.19840002059936523
28,DROSOPHILA_TRANSFER__BEE,10,-1,200,0.021379057317972183,0.19850005209445953,0.19800002872943878
28,DROSOPHILA_TRANSFER__BEE,11,1,200,0.0215158648788929,0.1982000321149826,0.19800002872943878
28,DROSOPHILA_TRANSFER__BEE,12,-1,200,0.021652914583683014,0.1982000321149826,0.19760003685951233
28,DROSOPHILA_TRANSFER__BEE,13,1,200,0.02178971655666828,0.19790002703666687,0.19760003685951233
28,DROSOPHILA_TRANSFER__BEE,14,-1,200,0.021926768124103546,0.19790002703666687,0.19720004498958588
28,DROSOPHILA_TRANSFER__BEE,15,1,200,0.022063573822379112,0.19760002195835114,0.19720004498958588
28,DROSOPHILA_TRANSFER__BEE,16,-1,200,0.022200625389814377,0.19760002195835114,0.19680003821849823
28,DROSOPHILA_TRANSFER__BEE,17,1,200,0.022337429225444794,0.1973000168800354,0.19680003821849823
28,DROSOPHILA_TRANSFER__BEE,18,-1,200,0.02247447706758976,0.1973000168800354,0.19640003144741058
28,DROSOPHILA_TRANSFER__BEE,19,1,200,0.022611279040575027,0.19700002670288086,0.19640003144741058
28,DROSOPHILA_TRANSFER__BEE,20,-1,200,0.02274833433330059,0.19700002670288086,0.19600002467632294
29,DROSOPHILA_TRANSFER__BEE,1,1,200,0.020146597176790237,0.19970004260540009,0.20000003278255463
29,DROSOPHILA_TRANSFER__BEE,2,-1,200,0.020282745361328125,0.19970004260540009,0.19960004091262817
29,DROSOPHILA_TRANSFER__BEE,3,1,200,0.020418675616383553,0.19940002262592316,0.19960004091262817
29,DROSOPHILA_TRANSFER__BEE,4,-1,200,0.02055482380092144,0.19940002262592316,0.19920003414154053
29,DROSOPHILA_TRANSFER__BEE,5,1,200,0.02069075219333172,0.19910003244876862,0.19920003414154053
29,DROSOPHILA_TRANSFER__BEE,6,-1,200,0.020826902240514755,0.19910003244876862,0.19880002737045288
29,DROSOPHILA_TRANSFER__BEE,7,1,200,0.020962828770279884,0.1988000124692917,0.19880002737045288
29,DROSOPHILA_TRANSFER__BEE,8,-1,200,0.02109897881746292,0.1988000124692917,0.19840002059936523
29,DROSOPHILA_TRANSFER__BEE,9,1,200,0.02123490907251835,0.19850003719329834,0.19840002059936523
29,DROSOPHILA_TRANSFER__BEE,10,-1,200,0.021371059119701385,0.19850003719329834,0.19800002872943878
29,DROSOPHILA_TRANSFER__BEE,11,1,200,0.021506987512111664,0.1982000321149826,0.19800002872943878
29,DROSOPHILA_TRANSFER__BEE,12,-1,200,0.021643141284585,0.1982000321149826,0.19760002195835114
29,DROSOPHILA_TRANSFER__BEE,13,1,200,0.021779069676995277,0.19790002703666687,0.19760002195835114
29,DROSOPHILA_TRANSFER__BEE,14,-1,200,0.021915221586823463,0.19790002703666687,0.19720004498958588
29,DROSOPHILA_TRANSFER__BEE,15,1,200,0.022051149979233742,0.19760003685951233,0.19720004498958588
29,DROSOPHILA_TRANSFER__BEE,16,-1,200,0.022187301889061928,0.19760003685951233,0.19680003821849823
29,DROSOPHILA_TRANSFER__BEE,17,1,200,0.02232322469353676,0.1973000168800354,0.19680003821849823
29,DROSOPHILA_TRANSFER__BEE,18,-1,200,0.022459374740719795,0.1973000168800354,0.19640003144741058
29,DROSOPHILA_TRANSFER__BEE,19,1,200,0.022595306858420372,0.19700002670288086,0.19640003144741058
29,DROSOPHILA_TRANSFER__BEE,20,-1,200,0.02273145318031311,0.19700002670288086,0.19600002467632294
30,DROSOPHILA_TRANSFER__BEE,1,1,200,0.020146816968917847,0.19970004260540009,0.20000003278255463
30,DROSOPHILA_TRANSFER__BEE,2,-1,200,0.020282726734876633,0.19970004260540009,0.19960004091262817
30,DROSOPHILA_TRANSFER__BEE,3,1,200,0.020418550819158554,0.19940002262592316,0.19960004091262817
30,DROSOPHILA_TRANSFER__BEE,4,-1,200,0.02055446244776249,0.19940002262592316,0.19920003414154053
30,DROSOPHILA_TRANSFER__BEE,5,1,200,0.02069029025733471,0.19910003244876862,0.19920003414154053
30,DROSOPHILA_TRANSFER__BEE,6,-1,200,0.020826203748583794,0.19910003244876862,0.19880002737045288
30,DROSOPHILA_TRANSFER__BEE,7,1,200,0.020962029695510864,0.19880002737045288,0.19880002737045288
30,DROSOPHILA_TRANSFER__BEE,8,-1,200,0.021097945049405098,0.19880002737045288,0.19840002059936523
30,DROSOPHILA_TRANSFER__BEE,9,1,200,0.02123376727104187,0.19850003719329834,0.19840002059936523
30,DROSOPHILA_TRANSFER__BEE,10,-1,200,0.021369675174355507,0.19850003719329834,0.19800002872943878
30,DROSOPHILA_TRANSFER__BEE,11,1,200,0.021505502983927727,0.1982000321149826,0.19800002872943878
30,DROSOPHILA_TRANSFER__BEE,12,-1,200,0.021641410887241364,0.1982000321149826,0.19760002195835114
30,DROSOPHILA_TRANSFER__BEE,13,1,200,0.021777240559458733,0.19790002703666687,0.19760002195835114
30,DROSOPHILA_TRANSFER__BEE,14,-1,200,0.021913152188062668,0.19790002703666687,0.19720004498958588
30,DROSOPHILA_TRANSFER__BEE,15,1,200,0.022048979997634888,0.19760002195835114,0.19720004498958588
30,DROSOPHILA_TRANSFER__BEE,16,-1,200,0.022184893488883972,0.19760002195835114,0.19680002331733704
30,DROSOPHILA_TRANSFER__BEE,17,1,200,0.022320715710520744,0.1973000317811966,0.19680002331733704
30,DROSOPHILA_TRANSFER__BEE,18,-1,200,0.02245662547647953,0.1973000317811966,0.19640003144741058
30,DROSOPHILA_TRANSFER__BEE,19,1,200,0.02259244956076145,0.19700002670288086,0.19640003144741058
30,DROSOPHILA_TRANSFER__BEE,20,-1,200,0.022728361189365387,0.19700002670288086,0.19600002467632294
31,DROSOPHILA_TRANSFER__BEE,1,1,200,0.0201466865837574,0.19970004260540009,0.20000003278255463
31,DROSOPHILA_TRANSFER__BEE,2,-1,200,0.020282186567783356,0.19970004260540009,0.19960004091262817
31,DROSOPHILA_TRANSFER__BEE,3,1,200,0.020417511463165283,0.19940002262592316,0.19960004091262817
31,DROSOPHILA_TRANSFER__BEE,4,-1,200,0.020553013309836388,0.19940002262592316,0.19920004904270172
31,DROSOPHILA_TRANSFER__BEE,5,1,200,0.020688340067863464,0.19910003244876862,0.19920004904270172
31,DROSOPHILA_TRANSFER__BEE,6,-1,200,0.02082383818924427,0.19910003244876862,0.19880002737045288
31,DROSOPHILA_TRANSFER__BEE,7,1,200,0.020959164947271347,0.19880004227161407,0.19880002737045288
31,DROSOPHILA_TRANSFER__BEE,8,-1,200,0.021094664931297302,0.19880004227161407,0.19840002059936523
31,DROSOPHILA_TRANSFER__BEE,9,1,200,0.021229995414614677,0.19850003719329834,0.19840002059936523
31,DROSOPHILA_TRANSFER__BEE,10,-1,200,0.021365495398640633,0.19850003719329834,0.19800002872943878
31,DROSOPHILA_TRANSFER__BEE,11,1,200,0.02150082029402256,0.1982000470161438,0.19800002872943878
31,DROSOPHILA_TRANSFER__BEE,12,-1,200,0.021636320278048515,0.1982000470161438,0.19760002195835114
31,DROSOPHILA_TRANSFER__BEE,13,1,200,0.02177165076136589,0.19790002703666687,0.19760002195835114
31,DROSOPHILA_TRANSFER__BEE,14,-1,200,0.021907148882746696,0.19790002703666687,0.19720004498958588
31,DROSOPHILA_TRANSFER__BEE,15,1,200,0.022042477503418922,0.19760002195835114,0.19720004498958588
31,DROSOPHILA_TRANSFER__BEE,16,-1,200,0.02217797562479973,0.19760002195835114,0.19680003821849823
31,DROSOPHILA_TRANSFER__BEE,17,1,200,0.022313300520181656,0.1973000168800354,0.19680003821849823
31,DROSOPHILA_TRANSFER__BEE,18,-1,200,0.02244880609214306,0.1973000168800354,0.19640003144741058
31,DROSOPHILA_TRANSFER__BEE,19,1,200,0.022584136575460434,0.19700002670288086,0.19640003144741058
31,DROSOPHILA_TRANSFER__BEE,20,-1,200,0.02271963469684124,0.19700002670288086,0.19600002467632294
32,DROSOPHILA_TRANSFER__BEE,1,1,200,0.020146789029240608,0.1997000277042389,0.20000003278255463
32,DROSOPHILA_TRANSFER__BEE,2,-1,200,0.02028081938624382,0.1997000277042389,0.19960004091262817
32,DROSOPHILA_TRANSFER__BEE,3,1,200,0.020414773374795914,0.19940002262592316,0.19960004091262817
32,DROSOPHILA_TRANSFER__BEE,4,-1,200,0.020548803731799126,0.19940002262592316,0.19920003414154053
32,DROSOPHILA_TRANSFER__BEE,5,1,200,0.02068275585770607,0.19910003244876862,0.19920003414154053
32,DROSOPHILA_TRANSFER__BEE,6,-1,200,0.02081679180264473,0.19910003244876862,0.1988000124692917
32,DROSOPHILA_TRANSFER__BEE,7,1,200,0.020950742065906525,0.19880002737045288,0.1988000124692917
32,DROSOPHILA_TRANSFER__BEE,8,-1,200,0.021084770560264587,0.19880002737045288,0.19840002059936523
32,DROSOPHILA_TRANSFER__BEE,9,1,200,0.02121872641146183,0.19850003719329834,0.19840002059936523
32,DROSOPHILA_TRANSFER__BEE,10,-1,200,0.021352756768465042,0.19850003719329834,0.19800002872943878
32,DROSOPHILA_TRANSFER__BEE,11,1,200,0.021486708894371986,0.1982000321149826,0.19800002872943878
32,DROSOPHILA_TRANSFER__BEE,12,-1,200,0.0216207355260849,0.1982000321149826,0.19760003685951233
32,DROSOPHILA_TRANSFER__BEE,13,1,200,0.021754687651991844,0.19790002703666687,0.19760003685951233
32,DROSOPHILA_TRANSFER__BEE,14,-1,200,0.021888723596930504,0.19790002703666687,0.19720003008842468
32,DROSOPHILA_TRANSFER__BEE,15,1,200,0.022022677585482597,0.19760003685951233,0.19720003008842468
32,DROSOPHILA_TRANSFER__BEE,16,-1,200,0.02215670421719551,0.19760003685951233,0.19680002331733704
32,DROSOPHILA_TRANSFER__BEE,17,1,200,0.022290660068392754,0.1973000168800354,0.19680002331733704
32,DROSOPHILA_TRANSFER__BEE,18,-1,200,0.022424694150686264,0.1973000168800354,0.19640004634857178
32,DROSOPHILA_TRANSFER__BEE,19,1,200,0.02255864441394806,0.19700002670288086,0.19640004634857178
32,DROSOPHILA_TRANSFER__BEE,20,-1,200,0.02269267663359642,0.19700002670288086,0.19600000977516174
33,DROSOPHILA_TRANSFER__BEE,1,1,200,0.020146718248724937,0.1997000277042389,0.20000003278255463
33,DROSOPHILA_TRANSFER__BEE,2,-1,200,0.020284399390220642,0.1997000277042389,0.19960004091262817
33,DROSOPHILA_TRANSFER__BEE,3,1,200,0.020421886816620827,0.19940002262592316,0.19960004091262817
33,DROSOPHILA_TRANSFER__BEE,4,-1,200,0.02055956795811653,0.19940002262592316,0.19920003414154053
33,DROSOPHILA_TRANSFER__BEE,5,1,200,0.020697057247161865,0.19910001754760742,0.19920003414154053
33,DROSOPHILA_TRANSFER__BEE,6,-1,200,0.02083473652601242,0.19910001754760742,0.19880002737045288
33,DROSOPHILA_TRANSFER__BEE,7,1,200,0.020972218364477158,0.19880004227161407,0.19880002737045288
33,DROSOPHILA_TRANSFER__BEE,8,-1,200,0.021109897643327713,0.19880004227161407,0.19840002059936523
33,DROSOPHILA_TRANSFER__BEE,9,1,200,0.021247386932373047,0.19850003719329834,0.19840002059936523
33,DROSOPHILA_TRANSFER__BEE,10,-1,200,0.02138506807386875,0.19850003719329834,0.19800002872943878
33,DROSOPHILA_TRANSFER__BEE,11,1,200,0.021522553637623787,0.1982000470161438,0.19800002872943878
33,DROSOPHILA_TRANSFER__BEE,12,-1,200,0.02166023477911949,0.1982000470161438,0.19760002195835114
33,DROSOPHILA_TRANSFER__BEE,13,1,200,0.021797722205519676,0.19790002703666687,0.19760002195835114
33,DROSOPHILA_TRANSFER__BEE,14,-1,200,0.02193540334701538,0.19790002703666687,0.19720003008842468
33,DROSOPHILA_TRANSFER__BEE,15,1,200,0.022072885185480118,0.19760002195835114,0.19720003008842468
33,DROSOPHILA_TRANSFER__BEE,16,-1,200,0.02221057377755642,0.19760002195835114,0.19680003821849823
33,DROSOPHILA_TRANSFER__BEE,17,1,200,0.022348059341311455,0.1973000317811966,0.19680003821849823
33,DROSOPHILA_TRANSFER__BEE,18,-1,200,0.02248574048280716,0.1973000317811966,0.19640003144741058
33,DROSOPHILA_TRANSFER__BEE,19,1,200,0.022623224183917046,0.19700002670288086,0.19640003144741058
33,DROSOPHILA_TRANSFER__BEE,20,-1,200,0.02276090532541275,0.19700002670288086,0.19600002467632294
34,DROSOPHILA_TRANSFER__BEE,1,1,200,0.020146826282143593,0.19970004260540009,0.20000003278255463
34,DROSOPHILA_TRANSFER__BEE,2,-1,200,0.020282456651329994,0.19970004260540009,0.19960004091262817
34,DROSOPHILA_TRANSFER__BEE,3,1,200,0.020418021827936172,0.19940002262592316,0.19960004091262817
34,DROSOPHILA_TRANSFER__BEE,4,-1,200,0.020553654059767723,0.19940002262592316,0.19920004904270172
34,DROSOPHILA_TRANSFER__BEE,5,1,200,0.020689213648438454,0.19910003244876862,0.19920004904270172
34,DROSOPHILA_TRANSFER__BEE,6,-1,200,0.020824845880270004,0.19910003244876862,0.19880002737045288
34,DROSOPHILA_TRANSFER__BEE,7,1,200,0.020960407331585884,0.19880002737045288,0.19880002737045288
34,DROSOPHILA_TRANSFER__BEE,8,-1,200,0.021096037700772285,0.19880002737045288,0.19840002059936523
34,DROSOPHILA_TRANSFER__BEE,9,1,200,0.021231604740023613,0.19850003719329834,0.19840002059936523
34,DROSOPHILA_TRANSFER__BEE,10,-1,200,0.021367233246564865,0.19850003719329834,0.19800002872943878
34,DROSOPHILA_TRANSFER__BEE,11,1,200,0.021502800285816193,0.1982000470161438,0.19800002872943878
34,DROSOPHILA_TRANSFER__BEE,12,-1,200,0.021638432517647743,0.1982000470161438,0.19760002195835114
34,DROSOPHILA_TRANSFER__BEE,13,1,200,0.021773992106318474,0.19790002703666687,0.19760002195835114
34,DROSOPHILA_TRANSFER__BEE,14,-1,200,0.021909628063440323,0.19790002703666687,0.19720004498958588
34,DROSOPHILA_TRANSFER__BEE,15,1,200,0.022045189514756203,0.19760003685951233,0.19720004498958588
34,DROSOPHILA_TRANSFER__BEE,16,-1,200,0.022180819883942604,0.19760003685951233,0.19680002331733704
34,DROSOPHILA_TRANSFER__BEE,17,1,200,0.022316385060548782,0.1973000168800354,0.19680002331733704
34,DROSOPHILA_TRANSFER__BEE,18,-1,200,0.022452019155025482,0.1973000168800354,0.19640003144741058
34,DROSOPHILA_TRANSFER__BEE,19,1,200,0.02258758246898651,0.19700002670288086,0.19640003144741058
34,DROSOPHILA_TRANSFER__BEE,20,-1,200,0.022723214700818062,0.19700002670288086,0.19600002467632294
35,DROSOPHILA_TRANSFER__BEE,1,1,200,0.020146561786532402,0.1997000277042389,0.20000003278255463
35,DROSOPHILA_TRANSFER__BEE,2,-1,200,0.020283125340938568,0.1997000277042389,0.19960004091262817
35,DROSOPHILA_TRANSFER__BEE,3,1,200,0.020419491454958916,0.19940002262592316,0.19960004091262817
35,DROSOPHILA_TRANSFER__BEE,4,-1,200,0.020556049421429634,0.19940002262592316,0.19920004904270172
35,DROSOPHILA_TRANSFER__BEE,5,1,200,0.020692413672804832,0.19910001754760742,0.19920004904270172
35,DROSOPHILA_TRANSFER__BEE,6,-1,200,0.020828977227211,0.19910001754760742,0.1988000124692917
35,DROSOPHILA_TRANSFER__BEE,7,1,200,0.020965339615941048,0.1988000124692917,0.1988000124692917
35,DROSOPHILA_TRANSFER__BEE,8,-1,200,0.021101906895637512,0.1988000124692917,0.19840002059936523
35,DROSOPHILA_TRANSFER__BEE,9,1,200,0.02123826928436756,0.19850003719329834,0.19840002059936523
35,DROSOPHILA_TRANSFER__BEE,10,-1,200,0.021374830976128578,0.19850003719329834,0.19800002872943878
35,DROSOPHILA_TRANSFER__BEE,11,1,200,0.021511200815439224,0.1982000470161438,0.19800002872943878
35,DROSOPHILA_TRANSFER__BEE,12,-1,200,0.021647756919264793,0.1982000470161438,0.19760003685951233
35,DROSOPHILA_TRANSFER__BEE,13,1,200,0.021784121170639992,0.19790004193782806,0.19760003685951233
35,DROSOPHILA_TRANSFER__BEE,14,-1,200,0.021920686587691307,0.19790004193782806,0.19720004498958588
35,DROSOPHILA_TRANSFER__BEE,15,1,200,0.022057056427001953,0.19760003685951233,0.19720004498958588
35,DROSOPHILA_TRANSFER__BEE,16,-1,200,0.02219361625611782,0.19760003685951233,0.19680002331733704
35,DROSOPHILA_TRANSFER__BEE,17,1,200,0.022329987958073616,0.1973000168800354,0.19680002331733704
35,DROSOPHILA_TRANSFER__BEE,18,-1,200,0.022466542199254036,0.1973000168800354,0.19640004634857178
35,DROSOPHILA_TRANSFER__BEE,19,1,200,0.022602908313274384,0.19700002670288086,0.19640004634857178
35,DROSOPHILA_TRANSFER__BEE,20,-1,200,0.0227394700050354,0.19700002670288086,0.19600002467632294
36,DROSOPHILA_TRANSFER__BEE,1,1,200,0.020146841183304787,0.19970004260540009,0.20000003278255463
36,DROSOPHILA_TRANSFER__BEE,2,-1,200,0.020282989367842674,0.19970004260540009,0.19960002601146698
36,DROSOPHILA_TRANSFER__BEE,3,1,200,0.020419102162122726,0.19940002262592316,0.19960002601146698
36,DROSOPHILA_TRANSFER__BEE,4,-1,200,0.020555254071950912,0.19940002262592316,0.19920004904270172
36,DROSOPHILA_TRANSFER__BEE,5,1,200,0.020691366866230965,0.19910003244876862,0.19920004904270172
36,DROSOPHILA_TRANSFER__BEE,6,-1,200,0.020827515050768852,0.19910003244876862,0.19880002737045288
36,DROSOPHILA_TRANSFER__BEE,7,1,200,0.020963629707694054,0.1988000124692917,0.19880002737045288
36,DROSOPHILA_TRANSFER__BEE,8,-1,200,0.021099776029586792,0.1988000124692917,0.19840002059936523
36,DROSOPHILA_TRANSFER__BEE,9,1,200,0.021235894411802292,0.19850003719329834,0.19840002059936523
36,DROSOPHILA_TRANSFER__BEE,10,-1,200,0.02137203887104988,0.19850003719329834,0.19800002872943878
36,DROSOPHILA_TRANSFER__BEE,11,1,200,0.02150815725326538,0.1982000470161438,0.19800002872943878
36,DROSOPHILA_TRANSFER__BEE,12,-1,200,0.02164430171251297,0.1982000470161438,0.19760002195835114
36,DROSOPHILA_TRANSFER__BEE,13,1,200,0.02178041823208332,0.19790002703666687,0.19760002195835114
36,DROSOPHILA_TRANSFER__BEE,14,-1,200,0.02191656455397606,0.19790002703666687,0.19720004498958588
36,DROSOPHILA_TRANSFER__BEE,15,1,200,0.02205267734825611,0.19760003685951233,0.19720004498958588
36,DROSOPHILA_TRANSFER__BEE,16,-1,200,0.022188831120729446,0.19760003685951233,0.19680003821849823
36,DROSOPHILA_TRANSFER__BEE,17,1,200,0.02232494205236435,0.1973000317811966,0.19680003821849823
36,DROSOPHILA_TRANSFER__BEE,18,-1,200,0.022461092099547386,0.1973000317811966,0.19640003144741058
36,DROSOPHILA_TRANSFER__BEE,19,1,200,0.02259720489382744,0.19700002670288086,0.19640003144741058
36,DROSOPHILA_TRANSFER__BEE,20,-1,200,0.022733351215720177,0.19700002670288086,0.19600002467632294
37,DROSOPHILA_TRANSFER__BEE,1,1,200,0.02014651522040367,0.1997000277042389,0.20000003278255463
37,DROSOPHILA_TRANSFER__BEE,2,-1,200,0.020282912999391556,0.1997000277042389,0.19960002601146698
37,DROSOPHILA_TRANSFER__BEE,3,1,200,0.020419104024767876,0.19940002262592316,0.19960002601146698
37,DROSOPHILA_TRANSFER__BEE,4,-1,200,0.02055549994111061,0.19940002262592316,0.19920004904270172
37,DROSOPHILA_TRANSFER__BEE,5,1,200,0.02069168910384178,0.19910000264644623,0.19920004904270172
37,DROSOPHILA_TRANSFER__BEE,6,-1,200,0.020828088745474815,0.19910000264644623,0.1988000124692917
37,DROSOPHILA_TRANSFER__BEE,7,1,200,0.020964274182915688,0.19880002737045288,0.1988000124692917
37,DROSOPHILA_TRANSFER__BEE,8,-1,200,0.021100671961903572,0.19880002737045288,0.19840002059936523
37,DROSOPHILA_TRANSFER__BEE,9,1,200,0.021236861124634743,0.19850003719329834,0.19840002059936523
37,DROSOPHILA_TRANSFER__BEE,10,-1,200,0.021373257040977478,0.19850003719329834,0.19800002872943878
37,DROSOPHILA_TRANSFER__BEE,11,1,200,0.02150944620370865,0.1982000321149826,0.19800002872943878
37,DROSOPHILA_TRANSFER__BEE,12,-1,200,0.021645843982696533,0.1982000321149826,0.19760003685951233
37,DROSOPHILA_TRANSFER__BEE,13,1,200,0.021782036870718002,0.19790002703666687,0.19760003685951233
37,DROSOPHILA_TRANSFER__BEE,14,-1,200,0.021918432787060738,0.19790002703666687,0.19720003008842468
37,DROSOPHILA_TRANSFER__BEE,15,1,200,0.022054621949791908,0.19760003685951233,0.19720003008842468
37,DROSOPHILA_TRANSFER__BEE,16,-1,200,0.022191016003489494,0.19760003685951233,0.19680002331733704
37,DROSOPHILA_TRANSFER__BEE,17,1,200,0.022327207028865814,0.1973000317811966,0.19680002331733704
37,DROSOPHILA_TRANSFER__BEE,18,-1,200,0.02246360294520855,0.1973000317811966,0.19640003144741058
37,DROSOPHILA_TRANSFER__BEE,19,1,200,0.02259979210793972,0.19700002670288086,0.19640003144741058
37,DROSOPHILA_TRANSFER__BEE,20,-1,200,0.022736184298992157,0.19700002670288086,0.19600002467632294
38,DROSOPHILA_TRANSFER__BEE,1,1,200,0.020146632567048073,0.1997000128030777,0.20000003278255463
38,DROSOPHILA_TRANSFER__BEE,2,-1,200,0.020283568650484085,0.1997000128030777,0.19960002601146698
38,DROSOPHILA_TRANSFER__BEE,3,1,200,0.020420344546437263,0.19940002262592316,0.19960002601146698
38,DROSOPHILA_TRANSFER__BEE,4,-1,200,0.020557280629873276,0.19940002262592316,0.19920004904270172
38,DROSOPHILA_TRANSFER__BEE,5,1,200,0.020694062113761902,0.19910003244876862,0.19920004904270172
38,DROSOPHILA_TRANSFER__BEE,6,-1,200,0.020830998197197914,0.19910003244876862,0.1988000124692917
38,DROSOPHILA_TRANSFER__BEE,7,1,200,0.02096777781844139,0.19880002737045288,0.1988000124692917
38,DROSOPHILA_TRANSFER__BEE,8,-1,200,0.021104710176587105,0.19880002737045288,0.19840002059936523
38,DROSOPHILA_TRANSFER__BEE,9,1,200,0.02124149166047573,0.19850003719329834,0.19840002059936523
38,DROSOPHILA_TRANSFER__BEE,10,-1,200,0.021378429606556892,0.19850003719329834,0.19800002872943878
38,DROSOPHILA_TRANSFER__BEE,11,1,200,0.02151520550251007,0.1982000470161438,0.19800002872943878
38,DROSOPHILA_TRANSFER__BEE,12,-1,200,0.021652141585946083,0.1982000470161438,0.19760002195835114
38,DROSOPHILA_TRANSFER__BEE,13,1,200,0.02178891934454441,0.19790002703666687,0.19760002195835114
38,DROSOPHILA_TRANSFER__BEE,14,-1,200,0.021925857290625572,0.19790002703666687,0.19720004498958588
38,DROSOPHILA_TRANSFER__BEE,15,1,200,0.02206263691186905,0.19760002195835114,0.19720004498958588
38,DROSOPHILA_TRANSFER__BEE,16,-1,200,0.02219957485795021,0.19760002195835114,0.19680003821849823
38,DROSOPHILA_TRANSFER__BEE,17,1,200,0.02233635075390339,0.1973000317811966,0.19680003821849823
38,DROSOPHILA_TRANSFER__BEE,18,-1,200,0.02247328869998455,0.1973000317811966,0.19640003144741058
38,DROSOPHILA_TRANSFER__BEE,19,1,200,0.02261006273329258,0.19700002670288086,0.19640003144741058
38,DROSOPHILA_TRANSFER__BEE,20,-1,200,0.022746998816728592,0.19700002670288086,0.19600002467632294
39,DROSOPHILA_TRANSFER__BEE,1,1,200,0.020146505907177925,0.19970004260540009,0.20000003278255463
39,DROSOPHILA_TRANSFER__BEE,2,-1,200,0.020283540710806847,0.19970004260540009,0.19960004091262817
39,DROSOPHILA_TRANSFER__BEE,3,1,200,0.020420312881469727,0.19940002262592316,0.19960004091262817
39,DROSOPHILA_TRANSFER__BEE,4,-1,200,0.02055734395980835,0.19940002262592316,0.19920003414154053
39,DROSOPHILA_TRANSFER__BEE,5,1,200,0.020694110542535782,0.19910003244876862,0.19920003414154053
39,DROSOPHILA_TRANSFER__BEE,6,-1,200,0.020831147208809853,0.19910003244876862,0.19880002737045288
39,DROSOPHILA_TRANSFER__BEE,7,1,200,0.020967915654182434,0.19880002737045288,0.19880002737045288
39,DROSOPHILA_TRANSFER__BEE,8,-1,200,0.021104948595166206,0.19880002737045288,0.19840002059936523
39,DROSOPHILA_TRANSFER__BEE,9,1,200,0.021241720765829086,0.19850003719329834,0.19840002059936523
39,DROSOPHILA_TRANSFER__BEE,10,-1,200,0.02137875184416771,0.19850003719329834,0.19800002872943878
39,DROSOPHILA_TRANSFER__BEE,11,1,200,0.02151552028954029,0.1982000470161438,0.19800002872943878
39,DROSOPHILA_TRANSFER__BEE,12,-1,200,0.02165255695581436,0.1982000470161438,0.19760002195835114
39,DROSOPHILA_TRANSFER__BEE,13,1,200,0.021789317950606346,0.19790002703666687,0.19760002195835114
39,DROSOPHILA_TRANSFER__BEE,14,-1,200,0.021926354616880417,0.19790002703666687,0.19720004498958588
39,DROSOPHILA_TRANSFER__BEE,15,1,200,0.022063126787543297,0.19760003685951233,0.19720004498958588
39,DROSOPHILA_TRANSFER__BEE,16,-1,200,0.02220015786588192,0.19760003685951233,0.19680003821849823
39,DROSOPHILA_TRANSFER__BEE,17,1,200,0.02233692817389965,0.1973000168800354,0.19680003821849823
39,DROSOPHILA_TRANSFER__BEE,18,-1,200,0.022473959252238274,0.1973000168800354,0.19640003144741058
39,DROSOPHILA_TRANSFER__BEE,19,1,200,0.022610733285546303,0.19700002670288086,0.19640003144741058
39,DROSOPHILA_TRANSFER__BEE,20,-1,200,0.022747766226530075,0.19700002670288086,0.19600002467632294
40,DROSOPHILA_TRANSFER__BEE,1,1,200,0.020146753638982773,0.1997000277042389,0.20000003278255463
40,DROSOPHILA_TRANSFER__BEE,2,-1,200,0.020281512290239334,0.1997000277042389,0.19960002601146698
40,DROSOPHILA_TRANSFER__BEE,3,1,200,0.020416071638464928,0.19940003752708435,0.19960002601146698
40,DROSOPHILA_TRANSFER__BEE,4,-1,200,0.020550822839140892,0.19940003752708435,0.19920003414154053
40,DROSOPHILA_TRANSFER__BEE,5,1,200,0.020685380324721336,0.19910003244876862,0.19920003414154053
40,DROSOPHILA_TRANSFER__BEE,6,-1,200,0.020820138975977898,0.19910003244876862,0.1988000124692917
40,DROSOPHILA_TRANSFER__BEE,7,1,200,0.020954694598913193,0.19880002737045288,0.1988000124692917
40,DROSOPHILA_TRANSFER__BEE,8,-1,200,0.021089453250169754,0.19880002737045288,0.19840002059936523
40,DROSOPHILA_TRANSFER__BEE,9,1,200,0.02122400887310505,0.19850003719329834,0.19840002059936523
40,DROSOPHILA_TRANSFER__BEE,10,-1,200,0.02135876938700676,0.19850003719329834,0.19800002872943878
40,DROSOPHILA_TRANSFER__BEE,11,1,200,0.021493325009942055,0.1982000321149826,0.19800002872943878
40,DROSOPHILA_TRANSFER__BEE,12,-1,200,0.021628081798553467,0.1982000321149826,0.19760002195835114
40,DROSOPHILA_TRANSFER__BEE,13,1,200,0.021762633696198463,0.19790002703666687,0.19760002195835114
40,DROSOPHILA_TRANSFER__BEE,14,-1,200,0.021897392347455025,0.19790002703666687,0.19720004498958588
40,DROSOPHILA_TRANSFER__BEE,15,1,200,0.02203194797039032,0.19760003685951233,0.19720004498958588
40,DROSOPHILA_TRANSFER__BEE,16,-1,200,0.02216670848429203,0.19760003685951233,0.19680002331733704
40,DROSOPHILA_TRANSFER__BEE,17,1,200,0.022301264107227325,0.1973000317811966,0.19680002331733704
40,DROSOPHILA_TRANSFER__BEE,18,-1,200,0.022436020895838737,0.1973000317811966,0.19640003144741058
40,DROSOPHILA_TRANSFER__BEE,19,1,200,0.022570578381419182,0.19700002670288086,0.19640003144741058
40,DROSOPHILA_TRANSFER__BEE,20,-1,200,0.022705337032675743,0.19700002670288086,0.19600002467632294
41,DROSOPHILA_TRANSFER__BEE,1,1,200,0.020146569237113,0.1997000277042389,0.20000003278255463
41,DROSOPHILA_TRANSFER__BEE,2,-1,200,0.02028176747262478,0.1997000277042389,0.19960002601146698
41,DROSOPHILA_TRANSFER__BEE,3,1,200,0.0204167403280735,0.19940002262592316,0.19960002601146698
41,DROSOPHILA_TRANSFER__BEE,4,-1,200,0.02055194042623043,0.19940002262592316,0.19920004904270172
41,DROSOPHILA_TRANSFER__BEE,5,1,200,0.020686911419034004,0.19910003244876862,0.19920004904270172
41,DROSOPHILA_TRANSFER__BEE,6,-1,200,0.020822104066610336,0.19910003244876862,0.1988000124692917
41,DROSOPHILA_TRANSFER__BEE,7,1,200,0.020957084372639656,0.19880002737045288,0.1988000124692917
41,DROSOPHILA_TRANSFER__BEE,8,-1,200,0.021092280745506287,0.19880002737045288,0.19840002059936523
41,DROSOPHILA_TRANSFER__BEE,9,1,200,0.02122725360095501,0.19850003719329834,0.19840002059936523
41,DROSOPHILA_TRANSFER__BEE,10,-1,200,0.02136245183646679,0.19850003719329834,0.19800002872943878
41,DROSOPHILA_TRANSFER__BEE,11,1,200,0.02149742841720581,0.1982000321149826,0.19800002872943878
41,DROSOPHILA_TRANSFER__BEE,12,-1,200,0.02163262479007244,0.1982000321149826,0.19760002195835114
41,DROSOPHILA_TRANSFER__BEE,13,1,200,0.021767595782876015,0.19790002703666687,0.19760002195835114
41,DROSOPHILA_TRANSFER__BEE,14,-1,200,0.021902792155742645,0.19790002703666687,0.19720004498958588
41,DROSOPHILA_TRANSFER__BEE,15,1,200,0.022037770599126816,0.19760002195835114,0.19720004498958588
41,DROSOPHILA_TRANSFER__BEE,16,-1,200,0.022172966971993446,0.19760002195835114,0.19680002331733704
41,DROSOPHILA_TRANSFER__BEE,17,1,200,0.02230793982744217,0.1973000317811966,0.19680002331733704
41,DROSOPHILA_TRANSFER__BEE,18,-1,200,0.02244313433766365,0.1973000317811966,0.19640003144741058
41,DROSOPHILA_TRANSFER__BEE,19,1,200,0.022578110918402672,0.19700002670288086,0.19640003144741058
41,DROSOPHILA_TRANSFER__BEE,20,-1,200,0.022713305428624153,0.19700002670288086,0.19600002467632294
42,DROSOPHILA_TRANSFER__BEE,1,1,200,0.020146483555436134,0.19970004260540009,0.20000003278255463
42,DROSOPHILA_TRANSFER__BEE,2,-1,200,0.020282123237848282,0.19970004260540009,0.19960002601146698
42,DROSOPHILA_TRANSFER__BEE,3,1,200,0.020417504012584686,0.19940002262592316,0.19960002601146698
42,DROSOPHILA_TRANSFER__BEE,4,-1,200,0.020553143694996834,0.19940002262592316,0.19920004904270172
42,DROSOPHILA_TRANSFER__BEE,5,1,200,0.02068852260708809,0.19910003244876862,0.19920004904270172
42,DROSOPHILA_TRANSFER__BEE,6,-1,200,0.020824169740080833,0.19910003244876862,0.1988000124692917
42,DROSOPHILA_TRANSFER__BEE,7,1,200,0.02095954865217209,0.19880002737045288,0.1988000124692917
42,DROSOPHILA_TRANSFER__BEE,8,-1,200,0.021095186471939087,0.19880002737045288,0.19840002059936523
42,DROSOPHILA_TRANSFER__BEE,9,1,200,0.021230561658740044,0.19850003719329834,0.19840002059936523
42,DROSOPHILA_TRANSFER__BEE,10,-1,200,0.02136620692908764,0.19850003719329834,0.19800002872943878
42,DROSOPHILA_TRANSFER__BEE,11,1,200,0.021501580253243446,0.1982000321149826,0.19800002872943878
42,DROSOPHILA_TRANSFER__BEE,12,-1,200,0.02163722738623619,0.1982000321149826,0.19760003685951233
42,DROSOPHILA_TRANSFER__BEE,13,1,200,0.021772600710392,0.19790002703666687,0.19760003685951233
42,DROSOPHILA_TRANSFER__BEE,14,-1,200,0.021908244118094444,0.19790002703666687,0.19720004498958588
42,DROSOPHILA_TRANSFER__BEE,15,1,200,0.02204362116754055,0.19760002195835114,0.19720004498958588
42,DROSOPHILA_TRANSFER__BEE,16,-1,200,0.022179268300533295,0.19760002195835114,0.19680002331733704
42,DROSOPHILA_TRANSFER__BEE,17,1,200,0.022314641624689102,0.1973000168800354,0.19680002331733704
42,DROSOPHILA_TRANSFER__BEE,18,-1,200,0.02245028130710125,0.1973000168800354,0.19640003144741058
42,DROSOPHILA_TRANSFER__BEE,19,1,200,0.022585662081837654,0.19700002670288086,0.19640003144741058
42,DROSOPHILA_TRANSFER__BEE,20,-1,200,0.02272130362689495,0.19700002670288086,0.19600002467632294
43,DROSOPHILA_TRANSFER__BEE,1,1,200,0.020146569237113,0.1997000277042389,0.20000003278255463
43,DROSOPHILA_TRANSFER__BEE,2,-1,200,0.020283320918679237,0.1997000277042389,0.19960004091262817
43,DROSOPHILA_TRANSFER__BEE,3,1,200,0.020419778302311897,0.19940002262592316,0.19960004091262817
43,DROSOPHILA_TRANSFER__BEE,4,-1,200,0.020556529983878136,0.19940002262592316,0.19920004904270172
43,DROSOPHILA_TRANSFER__BEE,5,1,200,0.020692983642220497,0.19910003244876862,0.19920004904270172
43,DROSOPHILA_TRANSFER__BEE,6,-1,200,0.020829739049077034,0.19910003244876862,0.1988000124692917
43,DROSOPHILA_TRANSFER__BEE,7,1,200,0.020966190844774246,0.19880002737045288,0.1988000124692917
43,DROSOPHILA_TRANSFER__BEE,8,-1,200,0.021102944388985634,0.19880002737045288,0.19840002059936523
43,DROSOPHILA_TRANSFER__BEE,9,1,200,0.021239399909973145,0.19850003719329834,0.19840002059936523
43,DROSOPHILA_TRANSFER__BEE,10,-1,200,0.021376151591539383,0.19850003719329834,0.19800002872943878
43,DROSOPHILA_TRANSFER__BEE,11,1,200,0.021512608975172043,0.1982000470161438,0.19800002872943878
43,DROSOPHILA_TRANSFER__BEE,12,-1,200,0.02164936251938343,0.1982000470161438,0.19760003685951233
43,DROSOPHILA_TRANSFER__BEE,13,1,200,0.021785816177725792,0.19790004193782806,0.19760003685951233
43,DROSOPHILA_TRANSFER__BEE,14,-1,200,0.02192256785929203,0.19790004193782806,0.19720004498958588
43,DROSOPHILA_TRANSFER__BEE,15,1,200,0.02205902338027954,0.19760003685951233,0.19720004498958588
43,DROSOPHILA_TRANSFER__BEE,16,-1,200,0.02219577319920063,0.19760003685951233,0.19680002331733704
43,DROSOPHILA_TRANSFER__BEE,17,1,200,0.02233223058283329,0.1973000168800354,0.19680002331733704
43,DROSOPHILA_TRANSFER__BEE,18,-1,200,0.02246898040175438,0.1973000168800354,0.19640003144741058
43,DROSOPHILA_TRANSFER__BEE,19,1,200,0.02260543778538704,0.19700002670288086,0.19640003144741058
43,DROSOPHILA_TRANSFER__BEE,20,-1,200,0.02274218574166298,0.19700002670288086,0.19600002467632294
44,DROSOPHILA_TRANSFER__BEE,1,1,200,0.020146643742918968,0.19970004260540009,0.20000003278255463
44,DROSOPHILA_TRANSFER__BEE,2,-1,200,0.0202837772667408,0.19970004260540009,0.19960004091262817
44,DROSOPHILA_TRANSFER__BEE,3,1,200,0.020420709624886513,0.19940002262592316,0.19960004091262817
44,DROSOPHILA_TRANSFER__BEE,4,-1,200,0.020557845011353493,0.19940002262592316,0.19920003414154053
44,DROSOPHILA_TRANSFER__BEE,5,1,200,0.02069476805627346,0.19910003244876862,0.19920003414154053
44,DROSOPHILA_TRANSFER__BEE,6,-1,200,0.020831909030675888,0.19910003244876862,0.19880002737045288
44,DROSOPHILA_TRANSFER__BEE,7,1,200,0.020968837663531303,0.19880002737045288,0.19880002737045288
44,DROSOPHILA_TRANSFER__BEE,8,-1,200,0.021105974912643433,0.19880002737045288,0.19840002059936523
44,DROSOPHILA_TRANSFER__BEE,9,1,200,0.0212428979575634,0.19850005209445953,0.19840002059936523
44,DROSOPHILA_TRANSFER__BEE,10,-1,200,0.02138003334403038,0.19850005209445953,0.19800002872943878
44,DROSOPHILA_TRANSFER__BEE,11,1,200,0.021516960114240646,0.1982000470161438,0.19800002872943878
44,DROSOPHILA_TRANSFER__BEE,12,-1,200,0.021654104813933372,0.1982000470161438,0.19760003685951233
44,DROSOPHILA_TRANSFER__BEE,13,1,200,0.02179102972149849,0.19790002703666687,0.19760003685951233
44,DROSOPHILA_TRANSFER__BEE,14,-1,200,0.02192816697061062,0.19790002703666687,0.19720003008842468
44,DROSOPHILA_TRANSFER__BEE,15,1,200,0.022065097466111183,0.19760002195835114,0.19720003008842468
44,DROSOPHILA_TRANSFER__BEE,16,-1,200,0.022202230989933014,0.19760002195835114,0.19680002331733704
44,DROSOPHILA_TRANSFER__BEE,17,1,200,0.022339163348078728,0.1973000168800354,0.19680002331733704
44,DROSOPHILA_TRANSFER__BEE,18,-1,200,0.02247629687190056,0.1973000168800354,0.19640003144741058
44,DROSOPHILA_TRANSFER__BEE,19,1,200,0.022613227367401123,0.19700002670288086,0.19640003144741058
44,DROSOPHILA_TRANSFER__BEE,20,-1,200,0.022750359028577805,0.19700002670288086,0.19600002467632294
45,DROSOPHILA_TRANSFER__BEE,1,1,200,0.020146608352661133,0.19970004260540009,0.20000003278255463
45,DROSOPHILA_TRANSFER__BEE,2,-1,200,0.0202822033315897,0.19970004260540009,0.19960004091262817
45,DROSOPHILA_TRANSFER__BEE,3,1,200,0.02041756547987461,0.19940002262592316,0.19960004091262817
45,DROSOPHILA_TRANSFER__BEE,4,-1,200,0.020553164184093475,0.19940002262592316,0.19920003414154053
45,DROSOPHILA_TRANSFER__BEE,5,1,200,0.02068852260708809,0.19910003244876862,0.19920003414154053
45,DROSOPHILA_TRANSFER__BEE,6,-1,200,0.020824121311306953,0.19910003244876862,0.19880002737045288
45,DROSOPHILA_TRANSFER__BEE,7,1,200,0.020959481596946716,0.1988000124692917,0.19880002737045288
45,DROSOPHILA_TRANSFER__BEE,8,-1,200,0.02109508030116558,0.1988000124692917,0.19840002059936523
45,DROSOPHILA_TRANSFER__BEE,9,1,200,0.021230436861515045,0.19850003719329834,0.19840002059936523
45,DROSOPHILA_TRANSFER__BEE,10,-1,200,0.021366039291024208,0.19850003719329834,0.19800002872943878
45,DROSOPHILA_TRANSFER__BEE,11,1,200,0.02150140143930912,0.1982000470161438,0.19800002872943878
45,DROSOPHILA_TRANSFER__BEE,12,-1,200,0.021637000143527985,0.1982000470161438,0.19760003685951233
45,DROSOPHILA_TRANSFER__BEE,13,1,200,0.021772364154458046,0.19790004193782806,0.19760003685951233
45,DROSOPHILA_TRANSFER__BEE,14,-1,200,0.021907953545451164,0.19790004193782806,0.19720004498958588
45,DROSOPHILA_TRANSFER__BEE,15,1,200,0.022043313831090927,0.19760003685951233,0.19720004498958588
45,DROSOPHILA_TRANSFER__BEE,16,-1,200,0.022178910672664642,0.19760003685951233,0.19680002331733704
45,DROSOPHILA_TRANSFER__BEE,17,1,200,0.022314274683594704,0.1973000317811966,0.19680002331733704
45,DROSOPHILA_TRANSFER__BEE,18,-1,200,0.022449875250458717,0.1973000317811966,0.19640003144741058
45,DROSOPHILA_TRANSFER__BEE,19,1,200,0.02258523367345333,0.19700002670288086,0.19640003144741058
45,DROSOPHILA_TRANSFER__BEE,20,-1,200,0.022720832377672195,0.19700002670288086,0.19600002467632294
46,DROSOPHILA_TRANSFER__BEE,1,1,200,0.020146727561950684,0.1997000277042389,0.20000003278255463
46,DROSOPHILA_TRANSFER__BEE,2,-1,200,0.020281687378883362,0.1997000277042389,0.19960002601146698
46,DROSOPHILA_TRANSFER__BEE,3,1,200,0.020416531711816788,0.19940002262592316,0.19960002601146698
46,DROSOPHILA_TRANSFER__BEE,4,-1,200,0.020551491528749466,0.19940002262592316,0.19920003414154053
46,DROSOPHILA_TRANSFER__BEE,5,1,200,0.02068633772432804,0.19910001754760742,0.19920003414154053
46,DROSOPHILA_TRANSFER__BEE,6,-1,200,0.02082129567861557,0.19910001754760742,0.19880002737045288
46,DROSOPHILA_TRANSFER__BEE,7,1,200,0.020956138148903847,0.1988000124692917,0.19880002737045288
46,DROSOPHILA_TRANSFER__BEE,8,-1,200,0.021091097965836525,0.1988000124692917,0.19840002059936523
46,DROSOPHILA_TRANSFER__BEE,9,1,200,0.0212259404361248,0.19850003719329834,0.19840002059936523
46,DROSOPHILA_TRANSFER__BEE,10,-1,200,0.02136089839041233,0.19850003719329834,0.19800002872943878
46,DROSOPHILA_TRANSFER__BEE,11,1,200,0.021495744585990906,0.1982000321149826,0.19800002872943878
46,DROSOPHILA_TRANSFER__BEE,12,-1,200,0.021630708128213882,0.1982000321149826,0.19760003685951233
46,DROSOPHILA_TRANSFER__BEE,13,1,200,0.02176555246114731,0.19790002703666687,0.19760003685951233
46,DROSOPHILA_TRANSFER__BEE,14,-1,200,0.021900508552789688,0.19790002703666687,0.19720004498958588
46,DROSOPHILA_TRANSFER__BEE,15,1,200,0.022035356611013412,0.19760002195835114,0.19720004498958588
46,DROSOPHILA_TRANSFER__BEE,16,-1,200,0.022170312702655792,0.19760002195835114,0.19680002331733704
46,DROSOPHILA_TRANSFER__BEE,17,1,200,0.022305160760879517,0.1973000317811966,0.19680002331733704
46,DROSOPHILA_TRANSFER__BEE,18,-1,200,0.022440113127231598,0.1973000317811966,0.19640003144741058
46,DROSOPHILA_TRANSFER__BEE,19,1,200,0.022574961185455322,0.19700002670288086,0.19640003144741058
46,DROSOPHILA_TRANSFER__BEE,20,-1,200,0.022709921002388,0.19700002670288086,0.19600000977516174
47,DROSOPHILA_TRANSFER__BEE,1,1,200,0.020146748051047325,0.19970004260540009,0.20000003278255463
47,DROSOPHILA_TRANSFER__BEE,2,-1,200,0.020282067358493805,0.19970004260540009,0.19960002601146698
47,DROSOPHILA_TRANSFER__BEE,3,1,200,0.0204172283411026,0.19940002262592316,0.19960002601146698
47,DROSOPHILA_TRANSFER__BEE,4,-1,200,0.020552538335323334,0.19940002262592316,0.19920003414154053
47,DROSOPHILA_TRANSFER__BEE,5,1,200,0.02068769931793213,0.19910001754760742,0.19920003414154053
47,DROSOPHILA_TRANSFER__BEE,6,-1,200,0.020823020488023758,0.19910001754760742,0.1988000124692917
47,DROSOPHILA_TRANSFER__BEE,7,1,200,0.020958179607987404,0.1988000124692917,0.1988000124692917
47,DROSOPHILA_TRANSFER__BEE,8,-1,200,0.021093493327498436,0.1988000124692917,0.19840002059936523
47,DROSOPHILA_TRANSFER__BEE,9,1,200,0.02122865431010723,0.19850003719329834,0.19840002059936523
47,DROSOPHILA_TRANSFER__BEE,10,-1,200,0.02136397175490856,0.19850003719329834,0.19800002872943878
47,DROSOPHILA_TRANSFER__BEE,11,1,200,0.021499132737517357,0.1982000470161438,0.19800002872943878
47,DROSOPHILA_TRANSFER__BEE,12,-1,200,0.021634453907608986,0.1982000470161438,0.19760003685951233
47,DROSOPHILA_TRANSFER__BEE,13,1,200,0.021769607439637184,0.19790004193782806,0.19760003685951233
47,DROSOPHILA_TRANSFER__BEE,14,-1,200,0.02190493233501911,0.19790004193782806,0.19720004498958588
47,DROSOPHILA_TRANSFER__BEE,15,1,200,0.02204008586704731,0.19760002195835114,0.19720004498958588
47,DROSOPHILA_TRANSFER__BEE,16,-1,200,0.02217540517449379,0.19760002195835114,0.19680003821849823
47,DROSOPHILA_TRANSFER__BEE,17,1,200,0.022310564294457436,0.1973000168800354,0.19680003821849823
47,DROSOPHILA_TRANSFER__BEE,18,-1,200,0.022445881739258766,0.1973000168800354,0.19640003144741058
47,DROSOPHILA_TRANSFER__BEE,19,1,200,0.022581040859222412,0.19700002670288086,0.19640003144741058
47,DROSOPHILA_TRANSFER__BEE,20,-1,200,0.022716358304023743,0.19700002670288086,0.19600000977516174
48,DROSOPHILA_TRANSFER__BEE,1,1,200,0.02014675736427307,0.1997000277042389,0.20000003278255463
48,DROSOPHILA_TRANSFER__BEE,2,-1,200,0.020280871540308,0.1997000277042389,0.19960004091262817
48,DROSOPHILA_TRANSFER__BEE,3,1,200,0.020414862781763077,0.19940002262592316,0.19960004091262817
48,DROSOPHILA_TRANSFER__BEE,4,-1,200,0.020548976957798004,0.19940002262592316,0.19920004904270172
48,DROSOPHILA_TRANSFER__BEE,5,1,200,0.020682964473962784,0.19910003244876862,0.19920004904270172
48,DROSOPHILA_TRANSFER__BEE,6,-1,200,0.02081708423793316,0.19910003244876862,0.1988000124692917
48,DROSOPHILA_TRANSFER__BEE,7,1,200,0.020951073616743088,0.19880002737045288,0.1988000124692917
48,DROSOPHILA_TRANSFER__BEE,8,-1,200,0.021085189655423164,0.19880002737045288,0.19840002059936523
48,DROSOPHILA_TRANSFER__BEE,9,1,200,0.021219177171587944,0.19850003719329834,0.19840002059936523
48,DROSOPHILA_TRANSFER__BEE,10,-1,200,0.02135329879820347,0.19850003719329834,0.19800002872943878
48,DROSOPHILA_TRANSFER__BEE,11,1,200,0.0214872844517231,0.1982000470161438,0.19800002872943878
48,DROSOPHILA_TRANSFER__BEE,12,-1,200,0.021621404215693474,0.1982000470161438,0.19760003685951233
48,DROSOPHILA_TRANSFER__BEE,13,1,200,0.021755388006567955,0.19790002703666687,0.19760003685951233
48,DROSOPHILA_TRANSFER__BEE,14,-1,200,0.02188950963318348,0.19790002703666687,0.19720004498958588
48,DROSOPHILA_TRANSFER__BEE,15,1,200,0.02202349528670311,0.19760003685951233,0.19720004498958588
48,DROSOPHILA_TRANSFER__BEE,16,-1,200,0.022157616913318634,0.19760003685951233,0.19680002331733704
48,DROSOPHILA_TRANSFER__BEE,17,1,200,0.022291600704193115,0.1973000317811966,0.19680002331733704
48,DROSOPHILA_TRANSFER__BEE,18,-1,200,0.02242572046816349,0.1973000317811966,0.19640003144741058
48,DROSOPHILA_TRANSFER__BEE,19,1,200,0.02255971170961857,0.19700002670288086,0.19640003144741058
48,DROSOPHILA_TRANSFER__BEE,20,-1,200,0.022693831473588943,0.19700002670288086,0.19600002467632294
49,DROSOPHILA_TRANSFER__BEE,1,1,200,0.02014676108956337,0.19970004260540009,0.20000003278255463
49,DROSOPHILA_TRANSFER__BEE,2,-1,200,0.020282316952943802,0.19970004260540009,0.19960004091262817
49,DROSOPHILA_TRANSFER__BEE,3,1,200,0.020417755469679832,0.19940002262592316,0.19960004091262817
49,DROSOPHILA_TRANSFER__BEE,4,-1,200,0.020553313195705414,0.19940002262592316,0.19920004904270172
49,DROSOPHILA_TRANSFER__BEE,5,1,200,0.020688749849796295,0.19910003244876862,0.19920004904270172
49,DROSOPHILA_TRANSFER__BEE,6,-1,200,0.020824309438467026,0.19910003244876862,0.1988000124692917
49,DROSOPHILA_TRANSFER__BEE,7,1,200,0.020959746092557907,0.19880002737045288,0.1988000124692917
49,DROSOPHILA_TRANSFER__BEE,8,-1,200,0.02109529823064804,0.19880002737045288,0.19840002059936523
49,DROSOPHILA_TRANSFER__BEE,9,1,200,0.02123074047267437,0.19850003719329834,0.19840002059936523
49,DROSOPHILA_TRANSFER__BEE,10,-1,200,0.021366294473409653,0.19850003719329834,0.19800002872943878
49,DROSOPHILA_TRANSFER__BEE,11,1,200,0.021501731127500534,0.1982000470161438,0.19800002872943878
49,DROSOPHILA_TRANSFER__BEE,12,-1,200,0.021637285128235817,0.1982000470161438,0.19760003685951233
49,DROSOPHILA_TRANSFER__BEE,13,1,200,0.021772725507616997,0.19790002703666687,0.19760003685951233
49,DROSOPHILA_TRANSFER__BEE,14,-1,200,0.02190828137099743,0.19790002703666687,0.19720003008842468
49,DROSOPHILA_TRANSFER__BEE,15,1,200,0.02204371802508831,0.19760002195835114,0.19720003008842468
49,DROSOPHILA_TRANSFER__BEE,16,-1,200,0.02217927575111389,0.19760002195835114,0.19680002331733704
49,DROSOPHILA_TRANSFER__BEE,17,1,200,0.022314708679914474,0.1973000317811966,0.19680002331733704
49,DROSOPHILA_TRANSFER__BEE,18,-1,200,0.022450270131230354,0.1973000317811966,0.19640004634857178
49,DROSOPHILA_TRANSFER__BEE,19,1,200,0.022585708647966385,0.19700002670288086,0.19640004634857178
49,DROSOPHILA_TRANSFER__BEE,20,-1,200,0.02272125892341137,0.19700002670288086,0.19600002467632294
50,DROSOPHILA_TRANSFER__BEE,1,1,200,0.02014678157866001,0.19970004260540009,0.20000003278255463
50,DROSOPHILA_TRANSFER__BEE,2,-1,200,0.020280908793210983,0.19970004260540009,0.19960004091262817
50,DROSOPHILA_TRANSFER__BEE,3,1,200,0.020414894446730614,0.19940002262592316,0.19960004091262817
50,DROSOPHILA_TRANSFER__BEE,4,-1,200,0.020549023523926735,0.19940002262592316,0.19920003414154053
50,DROSOPHILA_TRANSFER__BEE,5,1,200,0.020683012902736664,0.19910003244876862,0.19920003414154053
50,DROSOPHILA_TRANSFER__BEE,6,-1,200,0.020817138254642487,0.19910003244876862,0.19880002737045288
50,DROSOPHILA_TRANSFER__BEE,7,1,200,0.020951123908162117,0.19880002737045288,0.19880002737045288
50,DROSOPHILA_TRANSFER__BEE,8,-1,200,0.02108525112271309,0.19880002737045288,0.19840002059936523
50,DROSOPHILA_TRANSFER__BEE,9,1,200,0.021219240501523018,0.19850003719329834,0.19840002059936523
50,DROSOPHILA_TRANSFER__BEE,10,-1,200,0.02135336957871914,0.19850003719329834,0.19800002872943878
50,DROSOPHILA_TRANSFER__BEE,11,1,200,0.021487358957529068,0.1982000321149826,0.19800002872943878
50,DROSOPHILA_TRANSFER__BEE,12,-1,200,0.02162148430943489,0.1982000321149826,0.19760003685951233
50,DROSOPHILA_TRANSFER__BEE,13,1,200,0.02175547368824482,0.19790002703666687,0.19760003685951233
50,DROSOPHILA_TRANSFER__BEE,14,-1,200,0.021889597177505493,0.19790002703666687,0.19720004498958588
50,DROSOPHILA_TRANSFER__BEE,15,1,200,0.022023586556315422,0.19760003685951233,0.19720004498958588
50,DROSOPHILA_TRANSFER__BEE,16,-1,200,0.022157715633511543,0.19760003685951233,0.19680003821849823
50,DROSOPHILA_TRANSFER__BEE,17,1,200,0.022291699424386024,0.1973000168800354,0.19680003821849823
50,DROSOPHILA_TRANSFER__BEE,18,-1,200,0.022425828501582146,0.1973000168800354,0.19640003144741058
50,DROSOPHILA_TRANSFER__BEE,19,1,200,0.022559814155101776,0.19700002670288086,0.19640003144741058
50,DROSOPHILA_TRANSFER__BEE,20,-1,200,0.022693945094943047,0.19700002670288086,0.19600002467632294
51,DROSOPHILA_TRANSFER__BEE,1,1,200,0.020146604627370834,0.19970004260540009,0.20000003278255463
51,DROSOPHILA_TRANSFER__BEE,2,-1,200,0.020283935591578484,0.19970004260540009,0.19960002601146698
51,DROSOPHILA_TRANSFER__BEE,3,1,200,0.02042115107178688,0.19940002262592316,0.19960002601146698
51,DROSOPHILA_TRANSFER__BEE,4,-1,200,0.02055847831070423,0.19940002262592316,0.19920003414154053
51,DROSOPHILA_TRANSFER__BEE,5,1,200,0.020695697516202927,0.19910003244876862,0.19920003414154053
51,DROSOPHILA_TRANSFER__BEE,6,-1,200,0.020833026617765427,0.19910003244876862,0.1988000124692917
51,DROSOPHILA_TRANSFER__BEE,7,1,200,0.020970243960618973,0.19880004227161407,0.1988000124692917
51,DROSOPHILA_TRANSFER__BEE,8,-1,200,0.021107573062181473,0.19880004227161407,0.19840002059936523
51,DROSOPHILA_TRANSFER__BEE,9,1,200,0.02124478667974472,0.19850003719329834,0.19840002059936523
51,DROSOPHILA_TRANSFER__BEE,10,-1,200,0.02138211391866207,0.19850003719329834,0.19800002872943878
51,DROSOPHILA_TRANSFER__BEE,11,1,200,0.021519338712096214,0.1982000321149826,0.19800002872943878
51,DROSOPHILA_TRANSFER__BEE,12,-1,200,0.021656667813658714,0.1982000321149826,0.19760003685951233
51,DROSOPHILA_TRANSFER__BEE,13,1,200,0.02179388515651226,0.19790002703666687,0.19760003685951233
51,DROSOPHILA_TRANSFER__BEE,14,-1,200,0.02193121612071991,0.19790002703666687,0.19720004498958588
51,DROSOPHILA_TRANSFER__BEE,15,1,200,0.02206842601299286,0.19760002195835114,0.19720004498958588
51,DROSOPHILA_TRANSFER__BEE,16,-1,200,0.022205762565135956,0.19760002195835114,0.19680002331733704
51,DROSOPHILA_TRANSFER__BEE,17,1,200,0.022342978045344353,0.1973000168800354,0.19680002331733704
51,DROSOPHILA_TRANSFER__BEE,18,-1,200,0.022480305284261703,0.1973000168800354,0.19640003144741058
51,DROSOPHILA_TRANSFER__BEE,19,1,200,0.022617526352405548,0.19700002670288086,0.19640003144741058
51,DROSOPHILA_TRANSFER__BEE,20,-1,200,0.0227548535913229,0.19700002670288086,0.19600002467632294
52,DROSOPHILA_TRANSFER__BEE,1,1,200,0.020146602764725685,0.1997000277042389,0.20000003278255463
52,DROSOPHILA_TRANSFER__BEE,2,-1,200,0.020282134413719177,0.1997000277042389,0.19960004091262817
52,DROSOPHILA_TRANSFER__BEE,3,1,200,0.02041749656200409,0.19940002262592316,0.19960004091262817
52,DROSOPHILA_TRANSFER__BEE,4,-1,200,0.020553020760416985,0.19940002262592316,0.19920004904270172
52,DROSOPHILA_TRANSFER__BEE,5,1,200,0.020688381046056747,0.19910003244876862,0.19920004904270172
52,DROSOPHILA_TRANSFER__BEE,6,-1,200,0.02082390896975994,0.19910003244876862,0.19880002737045288
52,DROSOPHILA_TRANSFER__BEE,7,1,200,0.020959269255399704,0.19880002737045288,0.19880002737045288
52,DROSOPHILA_TRANSFER__BEE,8,-1,200,0.02109479531645775,0.19880002737045288,0.19840002059936523
52,DROSOPHILA_TRANSFER__BEE,9,1,200,0.02123015932738781,0.19850003719329834,0.19840002059936523
52,DROSOPHILA_TRANSFER__BEE,10,-1,200,0.021365690976381302,0.19850003719329834,0.19800002872943878
52,DROSOPHILA_TRANSFER__BEE,11,1,200,0.021501047536730766,0.1982000172138214,0.19800002872943878
52,DROSOPHILA_TRANSFER__BEE,12,-1,200,0.02163657546043396,0.1982000172138214,0.19760002195835114
52,DROSOPHILA_TRANSFER__BEE,13,1,200,0.021771933883428574,0.19790002703666687,0.19760002195835114
52,DROSOPHILA_TRANSFER__BEE,14,-1,200,0.021907467395067215,0.19790002703666687,0.19720004498958588
52,DROSOPHILA_TRANSFER__BEE,15,1,200,0.022042827680706978,0.19760002195835114,0.19720004498958588
52,DROSOPHILA_TRANSFER__BEE,16,-1,200,0.022178351879119873,0.19760002195835114,0.19680003821849823
52,DROSOPHILA_TRANSFER__BEE,17,1,200,0.022313717752695084,0.1973000168800354,0.19680003821849823
52,DROSOPHILA_TRANSFER__BEE,18,-1,200,0.022449247539043427,0.1973000168800354,0.19640003144741058
52,DROSOPHILA_TRANSFER__BEE,19,1,200,0.02258460968732834,0.19700002670288086,0.19640003144741058
52,DROSOPHILA_TRANSFER__BEE,20,-1,200,0.022720137611031532,0.19700002670288086,0.19600002467632294
53,DROSOPHILA_TRANSFER__BEE,1,1,200,0.020146576687693596,0.1997000277042389,0.20000003278255463
53,DROSOPHILA_TRANSFER__BEE,2,-1,200,0.020282220095396042,0.1997000277042389,0.19960002601146698
53,DROSOPHILA_TRANSFER__BEE,3,1,200,0.020417654886841774,0.19940002262592316,0.19960002601146698
53,DROSOPHILA_TRANSFER__BEE,4,-1,200,0.02055329829454422,0.19940002262592316,0.19920001924037933
53,DROSOPHILA_TRANSFER__BEE,5,1,200,0.020688725635409355,0.19910003244876862,0.19920001924037933
53,DROSOPHILA_TRANSFER__BEE,6,-1,200,0.020824367180466652,0.19910003244876862,0.19880002737045288
53,DROSOPHILA_TRANSFER__BEE,7,1,200,0.020959800109267235,0.19880002737045288,0.19880002737045288
53,DROSOPHILA_TRANSFER__BEE,8,-1,200,0.021095437929034233,0.19880002737045288,0.19840002059936523
53,DROSOPHILA_TRANSFER__BEE,9,1,200,0.021230867132544518,0.19850003719329834,0.19840002059936523
53,DROSOPHILA_TRANSFER__BEE,10,-1,200,0.021366508677601814,0.19850003719329834,0.19800002872943878
53,DROSOPHILA_TRANSFER__BEE,11,1,200,0.021501941606402397,0.1982000470161438,0.19800002872943878
53,DROSOPHILA_TRANSFER__BEE,12,-1,200,0.021637585014104843,0.1982000470161438,0.19760003685951233
53,DROSOPHILA_TRANSFER__BEE,13,1,200,0.021773014217615128,0.19790002703666687,0.19760003685951233
53,DROSOPHILA_TRANSFER__BEE,14,-1,200,0.021908653900027275,0.19790002703666687,0.19720004498958588
53,DROSOPHILA_TRANSFER__BEE,15,1,200,0.022044086828827858,0.19760003685951233,0.19720004498958588
53,DROSOPHILA_TRANSFER__BEE,16,-1,200,0.022179728373885155,0.19760003685951233,0.19680002331733704
53,DROSOPHILA_TRANSFER__BEE,17,1,200,0.02231515944004059,0.1973000317811966,0.19680002331733704
53,DROSOPHILA_TRANSFER__BEE,18,-1,200,0.022450800985097885,0.1973000317811966,0.19640003144741058
53,DROSOPHILA_TRANSFER__BEE,19,1,200,0.02258623205125332,0.19700002670288086,0.19640003144741058
53,DROSOPHILA_TRANSFER__BEE,20,-1,200,0.022721875458955765,0.19700002670288086,0.19600002467632294
54,DROSOPHILA_TRANSFER__BEE,1,1,200,0.020146792754530907,0.1997000277042389,0.20000003278255463
54,DROSOPHILA_TRANSFER__BEE,2,-1,200,0.020282931625843048,0.1997000277042389,0.19960004091262817
54,DROSOPHILA_TRANSFER__BEE,3,1,200,0.020419016480445862,0.19940002262592316,0.19960004091262817
54,DROSOPHILA_TRANSFER__BEE,4,-1,200,0.020555149763822556,0.19940002262592316,0.19920003414154053
54,DROSOPHILA_TRANSFER__BEE,5,1,200,0.02069123275578022,0.19910003244876862,0.19920003414154053
54,DROSOPHILA_TRANSFER__BEE,6,-1,200,0.020827367901802063,0.19910003244876862,0.19880002737045288
54,DROSOPHILA_TRANSFER__BEE,7,1,200,0.020963460206985474,0.19880002737045288,0.19880002737045288
54,DROSOPHILA_TRANSFER__BEE,8,-1,200,0.02109958790242672,0.19880002737045288,0.19840002059936523
54,DROSOPHILA_TRANSFER__BEE,9,1,200,0.021235674619674683,0.19850003719329834,0.19840002059936523
54,DROSOPHILA_TRANSFER__BEE,10,-1,200,0.021371804177761078,0.19850003719329834,0.19800002872943878
54,DROSOPHILA_TRANSFER__BEE,11,1,200,0.02150789089500904,0.1982000321149826,0.19800002872943878
54,DROSOPHILA_TRANSFER__BEE,12,-1,200,0.021644020453095436,0.1982000321149826,0.19760003685951233
54,DROSOPHILA_TRANSFER__BEE,13,1,200,0.021780114620923996,0.19790002703666687,0.19760003685951233
54,DROSOPHILA_TRANSFER__BEE,14,-1,200,0.021916242316365242,0.19790002703666687,0.19720004498958588
54,DROSOPHILA_TRANSFER__BEE,15,1,200,0.022052327170968056,0.19760003685951233,0.19720004498958588
54,DROSOPHILA_TRANSFER__BEE,16,-1,200,0.0221884585916996,0.19760003685951233,0.19680002331733704
54,DROSOPHILA_TRANSFER__BEE,17,1,200,0.02232454903423786,0.1973000317811966,0.19680002331733704
54,DROSOPHILA_TRANSFER__BEE,18,-1,200,0.022460678592324257,0.1973000317811966,0.19640003144741058
54,DROSOPHILA_TRANSFER__BEE,19,1,200,0.022596770897507668,0.19700002670288086,0.19640003144741058
54,DROSOPHILA_TRANSFER__BEE,20,-1,200,0.022732898592948914,0.19700002670288086,0.19600000977516174
55,DROSOPHILA_TRANSFER__BEE,1,1,200,0.020146625116467476,0.19970004260540009,0.20000003278255463
55,DROSOPHILA_TRANSFER__BEE,2,-1,200,0.020281309261918068,0.19970004260540009,0.19960002601146698
55,DROSOPHILA_TRANSFER__BEE,3,1,200,0.020415840670466423,0.19940002262592316,0.19960002601146698
55,DROSOPHILA_TRANSFER__BEE,4,-1,200,0.020550526678562164,0.19940002262592316,0.19920001924037933
55,DROSOPHILA_TRANSFER__BEE,5,1,200,0.020685061812400818,0.19910001754760742,0.19920001924037933
55,DROSOPHILA_TRANSFER__BEE,6,-1,200,0.02081974595785141,0.19910001754760742,0.1988000124692917
55,DROSOPHILA_TRANSFER__BEE,7,1,200,0.020954277366399765,0.19880002737045288,0.1988000124692917
55,DROSOPHILA_TRANSFER__BEE,8,-1,200,0.021088965237140656,0.19880002737045288,0.19840002059936523
55,DROSOPHILA_TRANSFER__BEE,9,1,200,0.02122349664568901,0.19850003719329834,0.19840002059936523
55,DROSOPHILA_TRANSFER__BEE,10,-1,200,0.021358180791139603,0.19850003719329834,0.19800002872943878
55,DROSOPHILA_TRANSFER__BEE,11,1,200,0.02149271033704281,0.1982000470161438,0.19800002872943878
55,DROSOPHILA_TRANSFER__BEE,12,-1,200,0.0216273982077837,0.1982000470161438,0.19760002195835114
55,DROSOPHILA_TRANSFER__BEE,13,1,200,0.021761924028396606,0.19790002703666687,0.19760002195835114
55,DROSOPHILA_TRANSFER__BEE,14,-1,200,0.021896613761782646,0.19790002703666687,0.19720004498958588
55,DROSOPHILA_TRANSFER__BEE,15,1,200,0.022031143307685852,0.19760003685951233,0.19720004498958588
55,DROSOPHILA_TRANSFER__BEE,16,-1,200,0.022165829315781593,0.19760003685951233,0.19680002331733704
55,DROSOPHILA_TRANSFER__BEE,17,1,200,0.02230036072432995,0.1973000317811966,0.19680002331733704
55,DROSOPHILA_TRANSFER__BEE,18,-1,200,0.02243504859507084,0.1973000317811966,0.19640003144741058
55,DROSOPHILA_TRANSFER__BEE,19,1,200,0.022569581866264343,0.19700002670288086,0.19640003144741058
55,DROSOPHILA_TRANSFER__BEE,20,-1,200,0.022704267874360085,0.19700002670288086,0.19600000977516174
56,DROSOPHILA_TRANSFER__BEE,1,1,200,0.02014673873782158,0.1997000277042389,0.20000003278255463
56,DROSOPHILA_TRANSFER__BEE,2,-1,200,0.020280634984374046,0.1997000277042389,0.19960004091262817
56,DROSOPHILA_TRANSFER__BEE,3,1,200,0.020414454862475395,0.19940003752708435,0.19960004091262817
56,DROSOPHILA_TRANSFER__BEE,4,-1,200,0.02054835483431816,0.19940003752708435,0.19920003414154053
56,DROSOPHILA_TRANSFER__BEE,5,1,200,0.02068217843770981,0.19910003244876862,0.19920003414154053
56,DROSOPHILA_TRANSFER__BEE,6,-1,200,0.020816078409552574,0.19910003244876862,0.19880002737045288
56,DROSOPHILA_TRANSFER__BEE,7,1,200,0.020949900150299072,0.1988000124692917,0.19880002737045288
56,DROSOPHILA_TRANSFER__BEE,8,-1,200,0.02108379453420639,0.1988000124692917,0.19840002059936523
56,DROSOPHILA_TRANSFER__BEE,9,1,200,0.021217621862888336,0.19850003719329834,0.19840002059936523
56,DROSOPHILA_TRANSFER__BEE,10,-1,200,0.02135152369737625,0.19850003719329834,0.19800002872943878
56,DROSOPHILA_TRANSFER__BEE,11,1,200,0.02148534171283245,0.1982000470161438,0.19800002872943878
56,DROSOPHILA_TRANSFER__BEE,12,-1,200,0.021619243547320366,0.1982000470161438,0.19760003685951233
56,DROSOPHILA_TRANSFER__BEE,13,1,200,0.021753061562776566,0.19790002703666687,0.19760003685951233
56,DROSOPHILA_TRANSFER__BEE,14,-1,200,0.02188696339726448,0.19790002703666687,0.19720004498958588
56,DROSOPHILA_TRANSFER__BEE,15,1,200,0.02202078327536583,0.19760002195835114,0.19720004498958588
56,DROSOPHILA_TRANSFER__BEE,16,-1,200,0.022154686972498894,0.19760002195835114,0.19680002331733704
56,DROSOPHILA_TRANSFER__BEE,17,1,200,0.02228851243853569,0.1973000168800354,0.19680002331733704
56,DROSOPHILA_TRANSFER__BEE,18,-1,200,0.022422410547733307,0.1973000168800354,0.19640003144741058
56,DROSOPHILA_TRANSFER__BEE,19,1,200,0.022556230425834656,0.19700002670288086,0.19640003144741058
56,DROSOPHILA_TRANSFER__BEE,20,-1,200,0.022690122947096825,0.19700002670288086,0.19600002467632294
57,DROSOPHILA_TRANSFER__BEE,1,1,200,0.020146450027823448,0.1997000277042389,0.20000003278255463
57,DROSOPHILA_TRANSFER__BEE,2,-1,200,0.020281968638300896,0.1997000277042389,0.19960004091262817
57,DROSOPHILA_TRANSFER__BEE,3,1,200,0.020417293533682823,0.19940002262592316,0.19960004091262817
57,DROSOPHILA_TRANSFER__BEE,4,-1,200,0.02055281214416027,0.19940002262592316,0.19920003414154053
57,DROSOPHILA_TRANSFER__BEE,5,1,200,0.02068813517689705,0.19910003244876862,0.19920003414154053
57,DROSOPHILA_TRANSFER__BEE,6,-1,200,0.020823657512664795,0.19910003244876862,0.19880002737045288
57,DROSOPHILA_TRANSFER__BEE,7,1,200,0.02095898427069187,0.1988000124692917,0.19880002737045288
57,DROSOPHILA_TRANSFER__BEE,8,-1,200,0.02109450288116932,0.1988000124692917,0.19840002059936523
57,DROSOPHILA_TRANSFER__BEE,9,1,200,0.021229825913906097,0.19850003719329834,0.19840002059936523
57,DROSOPHILA_TRANSFER__BEE,10,-1,200,0.021365346387028694,0.19850003719329834,0.19800002872943878
57,DROSOPHILA_TRANSFER__BEE,11,1,200,0.02150067687034607,0.1982000321149826,0.19800002872943878
57,DROSOPHILA_TRANSFER__BEE,12,-1,200,0.021636195480823517,0.1982000321149826,0.19760003685951233
57,DROSOPHILA_TRANSFER__BEE,13,1,200,0.021771516650915146,0.19790002703666687,0.19760003685951233
57,DROSOPHILA_TRANSFER__BEE,14,-1,200,0.021907035261392593,0.19790002703666687,0.19720004498958588
57,DROSOPHILA_TRANSFER__BEE,15,1,200,0.022042367607355118,0.19760002195835114,0.19720004498958588
57,DROSOPHILA_TRANSFER__BEE,16,-1,200,0.022177880629897118,0.19760002195835114,0.19680003821849823
57,DROSOPHILA_TRANSFER__BEE,17,1,200,0.022313211113214493,0.1973000168800354,0.19680003821849823
57,DROSOPHILA_TRANSFER__BEE,18,-1,200,0.022448725998401642,0.1973000168800354,0.19640003144741058
57,DROSOPHILA_TRANSFER__BEE,19,1,200,0.022584054619073868,0.19700002670288086,0.19640003144741058
57,DROSOPHILA_TRANSFER__BEE,20,-1,200,0.022719573229551315,0.19700002670288086,0.19600002467632294
58,DROSOPHILA_TRANSFER__BEE,1,1,200,0.020146546885371208,0.1997000277042389,0.20000003278255463
58,DROSOPHILA_TRANSFER__BEE,2,-1,200,0.020282525569200516,0.1997000277042389,0.19960004091262817
58,DROSOPHILA_TRANSFER__BEE,3,1,200,0.020418327301740646,0.19940002262592316,0.19960004091262817
58,DROSOPHILA_TRANSFER__BEE,4,-1,200,0.0205543115735054,0.19940002262592316,0.19920004904270172
58,DROSOPHILA_TRANSFER__BEE,5,1,200,0.020690105855464935,0.19910003244876862,0.19920004904270172
58,DROSOPHILA_TRANSFER__BEE,6,-1,200,0.020826086401939392,0.19910003244876862,0.19880002737045288
58,DROSOPHILA_TRANSFER__BEE,7,1,200,0.020961889997124672,0.1988000124692917,0.19880002737045288
58,DROSOPHILA_TRANSFER__BEE,8,-1,200,0.02109787054359913,0.1988000124692917,0.19840003550052643
58,DROSOPHILA_TRANSFER__BEE,9,1,200,0.02123366668820381,0.19850003719329834,0.19840003550052643
58,DROSOPHILA_TRANSFER__BEE,10,-1,200,0.021369650959968567,0.19850003719329834,0.19800002872943878
58,DROSOPHILA_TRANSFER__BEE,11,1,200,0.02150545082986355,0.1982000321149826,0.19800002872943878
58,DROSOPHILA_TRANSFER__BEE,12,-1,200,0.021641433238983154,0.1982000321149826,0.19760002195835114
58,DROSOPHILA_TRANSFER__BEE,13,1,200,0.021777229383587837,0.19790002703666687,0.19760002195835114
58,DROSOPHILA_TRANSFER__BEE,14,-1,200,0.02191321551799774,0.19790002703666687,0.19720004498958588
58,DROSOPHILA_TRANSFER__BEE,15,1,200,0.022049011662602425,0.19760003685951233,0.19720004498958588
58,DROSOPHILA_TRANSFER__BEE,16,-1,200,0.02218499593436718,0.19760003685951233,0.19680002331733704
58,DROSOPHILA_TRANSFER__BEE,17,1,200,0.02232079580426216,0.1973000317811966,0.19680002331733704
58,DROSOPHILA_TRANSFER__BEE,18,-1,200,0.022456781938672066,0.1973000317811966,0.19640003144741058
58,DROSOPHILA_TRANSFER__BEE,19,1,200,0.02259257808327675,0.19700002670288086,0.19640003144741058
58,DROSOPHILA_TRANSFER__BEE,20,-1,200,0.022728560492396355,0.19700002670288086,0.19600000977516174
59,DROSOPHILA_TRANSFER__BEE,1,1,200,0.020146606490015984,0.1997000277042389,0.20000003278255463
59,DROSOPHILA_TRANSFER__BEE,2,-1,200,0.02028367482125759,0.1997000277042389,0.19960004091262817
59,DROSOPHILA_TRANSFER__BEE,3,1,200,0.020420487970113754,0.19940002262592316,0.19960004091262817
59,DROSOPHILA_TRANSFER__BEE,4,-1,200,0.020557556301355362,0.19940002262592316,0.19920003414154053
59,DROSOPHILA_TRANSFER__BEE,5,1,200,0.020694361999630928,0.19910003244876862,0.19920003414154053
59,DROSOPHILA_TRANSFER__BEE,6,-1,200,0.020831435918807983,0.19910003244876862,0.19880002737045288
59,DROSOPHILA_TRANSFER__BEE,7,1,200,0.020968249067664146,0.19880002737045288,0.19880002737045288
59,DROSOPHILA_TRANSFER__BEE,8,-1,200,0.021105317398905754,0.19880002737045288,0.19840002059936523
59,DROSOPHILA_TRANSFER__BEE,9,1,200,0.021242130547761917,0.19850003719329834,0.19840002059936523
59,DROSOPHILA_TRANSFER__BEE,10,-1,200,0.021379195153713226,0.19850003719329834,0.19800002872943878
59,DROSOPHILA_TRANSFER__BEE,11,1,200,0.02151601016521454,0.1982000321149826,0.19800002872943878
59,DROSOPHILA_TRANSFER__BEE,12,-1,200,0.021653076633810997,0.1982000321149826,0.19760003685951233
59,DROSOPHILA_TRANSFER__BEE,13,1,200,0.02178988978266716,0.19790002703666687,0.19760003685951233
59,DROSOPHILA_TRANSFER__BEE,14,-1,200,0.021926958113908768,0.19790002703666687,0.19720004498958588
59,DROSOPHILA_TRANSFER__BEE,15,1,200,0.02206376940011978,0.19760003685951233,0.19720004498958588
59,DROSOPHILA_TRANSFER__BEE,16,-1,200,0.022200841456651688,0.19760003685951233,0.19680002331733704
59,DROSOPHILA_TRANSFER__BEE,17,1,200,0.02233765833079815,0.1973000317811966,0.19680002331733704
59,DROSOPHILA_TRANSFER__BEE,18,-1,200,0.022474726662039757,0.1973000317811966,0.19640003144741058
59,DROSOPHILA_TRANSFER__BEE,19,1,200,0.02261153794825077,0.19700002670288086,0.19640003144741058
59,DROSOPHILA_TRANSFER__BEE,20,-1,200,0.022748606279492378,0.19700002670288086,0.19600002467632294
60,DROSOPHILA_TRANSFER__BEE,1,1,200,0.020146673545241356,0.19970004260540009,0.20000003278255463
60,DROSOPHILA_TRANSFER__BEE,2,-1,200,0.020282922312617302,0.19970004260540009,0.19960004091262817
60,DROSOPHILA_TRANSFER__BEE,3,1,200,0.020419053733348846,0.19940002262592316,0.19960004091262817
60,DROSOPHILA_TRANSFER__BEE,4,-1,200,0.020555298775434494,0.19940002262592316,0.19920003414154053
60,DROSOPHILA_TRANSFER__BEE,5,1,200,0.02069142833352089,0.19910001754760742,0.19920003414154053
60,DROSOPHILA_TRANSFER__BEE,6,-1,200,0.020827671512961388,0.19910001754760742,0.19880002737045288
60,DROSOPHILA_TRANSFER__BEE,7,1,200,0.020963802933692932,0.19880004227161407,0.19880002737045288
60,DROSOPHILA_TRANSFER__BEE,8,-1,200,0.02110004797577858,0.19880004227161407,0.19840002059936523
60,DROSOPHILA_TRANSFER__BEE,9,1,200,0.021236179396510124,0.19850003719329834,0.19840002059936523
60,DROSOPHILA_TRANSFER__BEE,10,-1,200,0.021372422575950623,0.19850003719329834,0.19800002872943878
60,DROSOPHILA_TRANSFER__BEE,11,1,200,0.021508552134037018,0.1982000321149826,0.19800002872943878
60,DROSOPHILA_TRANSFER__BEE,12,-1,200,0.021644802764058113,0.1982000321149826,0.19760003685951233
60,DROSOPHILA_TRANSFER__BEE,13,1,200,0.02178093232214451,0.19790002703666687,0.19760003685951233
60,DROSOPHILA_TRANSFER__BEE,14,-1,200,0.021917177364230156,0.19790002703666687,0.19720003008842468
60,DROSOPHILA_TRANSFER__BEE,15,1,200,0.0220533087849617,0.19760002195835114,0.19720003008842468
60,DROSOPHILA_TRANSFER__BEE,16,-1,200,0.022189555689692497,0.19760002195835114,0.19680003821849823
60,DROSOPHILA_TRANSFER__BEE,17,1,200,0.022325683385133743,0.1973000168800354,0.19680003821849823
60,DROSOPHILA_TRANSFER__BEE,18,-1,200,0.02246192842721939,0.1973000168800354,0.19640003144741058
60,DROSOPHILA_TRANSFER__BEE,19,1,200,0.022598061710596085,0.19700002670288086,0.19640003144741058
60,DROSOPHILA_TRANSFER__BEE,20,-1,200,0.02273430861532688,0.19700002670288086,0.19600002467632294
61,DROSOPHILA_TRANSFER__BEE,1,1,200,0.020146790891885757,0.1997000277042389,0.20000003278255463
61,DROSOPHILA_TRANSFER__BEE,2,-1,200,0.020283490419387817,0.1997000277042389,0.19960004091262817
61,DROSOPHILA_TRANSFER__BEE,3,1,200,0.020420124754309654,0.19940003752708435,0.19960004091262817
61,DROSOPHILA_TRANSFER__BEE,4,-1,200,0.020556828007102013,0.19940003752708435,0.19920004904270172
61,DROSOPHILA_TRANSFER__BEE,5,1,200,0.020693466067314148,0.19910003244876862,0.19920004904270172
61,DROSOPHILA_TRANSFER__BEE,6,-1,200,0.020830165594816208,0.19910003244876862,0.19880004227161407
61,DROSOPHILA_TRANSFER__BEE,7,1,200,0.020966801792383194,0.19880004227161407,0.19880004227161407
61,DROSOPHILA_TRANSFER__BEE,8,-1,200,0.021103503182530403,0.19880004227161407,0.19840002059936523
61,DROSOPHILA_TRANSFER__BEE,9,1,200,0.02124014124274254,0.19850003719329834,0.19840002059936523
61,DROSOPHILA_TRANSFER__BEE,10,-1,200,0.021376846358180046,0.19850003719329834,0.19800002872943878
61,DROSOPHILA_TRANSFER__BEE,11,1,200,0.02151348441839218,0.1982000321149826,0.19800002872943878
61,DROSOPHILA_TRANSFER__BEE,12,-1,200,0.021650180220603943,0.1982000321149826,0.19760002195835114
61,DROSOPHILA_TRANSFER__BEE,13,1,200,0.021786822006106377,0.19790004193782806,0.19760002195835114
61,DROSOPHILA_TRANSFER__BEE,14,-1,200,0.021923523396253586,0.19790004193782806,0.19720004498958588
61,DROSOPHILA_TRANSFER__BEE,15,1,200,0.022060155868530273,0.19760003685951233,0.19720004498958588
61,DROSOPHILA_TRANSFER__BEE,16,-1,200,0.02219686284661293,0.19760003685951233,0.19680003821849823
61,DROSOPHILA_TRANSFER__BEE,17,1,200,0.022333500906825066,0.1973000168800354,0.19680003821849823
61,DROSOPHILA_TRANSFER__BEE,18,-1,200,0.022470200434327126,0.1973000168800354,0.19640003144741058
61,DROSOPHILA_TRANSFER__BEE,19,1,200,0.02260683849453926,0.19700002670288086,0.19640003144741058
61,DROSOPHILA_TRANSFER__BEE,20,-1,200,0.02274353802204132,0.19700002670288086,0.19600002467632294
62,DROSOPHILA_TRANSFER__BEE,1,1,200,0.020146569237113,0.19970004260540009,0.20000003278255463
62,DROSOPHILA_TRANSFER__BEE,2,-1,200,0.02028205245733261,0.19970004260540009,0.19960004091262817
62,DROSOPHILA_TRANSFER__BEE,3,1,200,0.02041737176477909,0.19940002262592316,0.19960004091262817
62,DROSOPHILA_TRANSFER__BEE,4,-1,200,0.020552858710289,0.19940002262592316,0.19920004904270172
62,DROSOPHILA_TRANSFER__BEE,5,1,200,0.020688174292445183,0.19910003244876862,0.19920004904270172
62,DROSOPHILA_TRANSFER__BEE,6,-1,200,0.020823657512664795,0.19910003244876862,0.1988000124692917
62,DROSOPHILA_TRANSFER__BEE,7,1,200,0.020958973094820976,0.19880004227161407,0.1988000124692917
62,DROSOPHILA_TRANSFER__BEE,8,-1,200,0.02109445631504059,0.19880004227161407,0.19840002059936523
62,DROSOPHILA_TRANSFER__BEE,9,1,200,0.021229777485132217,0.19850003719329834,0.19840002059936523
62,DROSOPHILA_TRANSFER__BEE,10,-1,200,0.02136525884270668,0.19850003719329834,0.19800002872943878
62,DROSOPHILA_TRANSFER__BEE,11,1,200,0.02150057628750801,0.1982000470161438,0.19800002872943878
62,DROSOPHILA_TRANSFER__BEE,12,-1,200,0.021636057645082474,0.1982000470161438,0.19760002195835114
62,DROSOPHILA_TRANSFER__BEE,13,1,200,0.0217713825404644,0.19790002703666687,0.19760002195835114
62,DROSOPHILA_TRANSFER__BEE,14,-1,200,0.021906865760684013,0.19790002703666687,0.19720004498958588
62,DROSOPHILA_TRANSFER__BEE,15,1,200,0.022042175754904747,0.19760002195835114,0.19720004498958588
62,DROSOPHILA_TRANSFER__BEE,16,-1,200,0.022177668288350105,0.19760002195835114,0.19680003821849823
62,DROSOPHILA_TRANSFER__BEE,17,1,200,0.022312980145215988,0.1973000317811966,0.19680003821849823
62,DROSOPHILA_TRANSFER__BEE,18,-1,200,0.02244846522808075,0.1973000317811966,0.19640004634857178
62,DROSOPHILA_TRANSFER__BEE,19,1,200,0.02258378081023693,0.19700002670288086,0.19640004634857178
62,DROSOPHILA_TRANSFER__BEE,20,-1,200,0.022719260305166245,0.19700002670288086,0.19600002467632294
63,DROSOPHILA_TRANSFER__BEE,1,1,200,0.020146550610661507,0.1997000277042389,0.20000003278255463
63,DROSOPHILA_TRANSFER__BEE,2,-1,200,0.020282208919525146,0.1997000277042389,0.19960002601146698
63,DROSOPHILA_TRANSFER__BEE,3,1,200,0.020417697727680206,0.19940002262592316,0.19960002601146698
63,DROSOPHILA_TRANSFER__BEE,4,-1,200,0.020553352311253548,0.19940002262592316,0.19920003414154053
63,DROSOPHILA_TRANSFER__BEE,5,1,200,0.020688841119408607,0.19910001754760742,0.19920003414154053
63,DROSOPHILA_TRANSFER__BEE,6,-1,200,0.0208244938403368,0.19910001754760742,0.19880002737045288
63,DROSOPHILA_TRANSFER__BEE,7,1,200,0.02095998078584671,0.1988000124692917,0.19880002737045288
63,DROSOPHILA_TRANSFER__BEE,8,-1,200,0.02109564282000065,0.1988000124692917,0.19840002059936523
63,DROSOPHILA_TRANSFER__BEE,9,1,200,0.021231122314929962,0.19850003719329834,0.19840002059936523
63,DROSOPHILA_TRANSFER__BEE,10,-1,200,0.021366776898503304,0.19850003719329834,0.19800002872943878
63,DROSOPHILA_TRANSFER__BEE,11,1,200,0.021502265706658363,0.1982000470161438,0.19800002872943878
63,DROSOPHILA_TRANSFER__BEE,12,-1,200,0.021637924015522003,0.1982000470161438,0.19760003685951233
63,DROSOPHILA_TRANSFER__BEE,13,1,200,0.021773405373096466,0.19790002703666687,0.19760003685951233
63,DROSOPHILA_TRANSFER__BEE,14,-1,200,0.021909067407250404,0.19790002703666687,0.19720004498958588
63,DROSOPHILA_TRANSFER__BEE,15,1,200,0.022044550627470016,0.19760003685951233,0.19720004498958588
63,DROSOPHILA_TRANSFER__BEE,16,-1,200,0.022180207073688507,0.19760003685951233,0.19680002331733704
63,DROSOPHILA_TRANSFER__BEE,17,1,200,0.02231569029390812,0.1973000317811966,0.19680002331733704
63,DROSOPHILA_TRANSFER__BEE,18,-1,200,0.022451354190707207,0.1973000317811966,0.19640003144741058
63,DROSOPHILA_TRANSFER__BEE,19,1,200,0.02258683554828167,0.19700002670288086,0.19640003144741058
63,DROSOPHILA_TRANSFER__BEE,20,-1,200,0.02272249571979046,0.19700002670288086,0.19600002467632294
64,DROSOPHILA_TRANSFER__BEE,1,1,200,0.020146848633885384,0.1997000277042389,0.20000003278255463
64,DROSOPHILA_TRANSFER__BEE,2,-1,200,0.020283831283450127,0.1997000277042389,0.19960004091262817
64,DROSOPHILA_TRANSFER__BEE,3,1,200,0.020420784130692482,0.19940002262592316,0.19960004091262817
64,DROSOPHILA_TRANSFER__BEE,4,-1,200,0.020557761192321777,0.19940002262592316,0.19920003414154053
64,DROSOPHILA_TRANSFER__BEE,5,1,200,0.020694715902209282,0.19910001754760742,0.19920003414154053
64,DROSOPHILA_TRANSFER__BEE,6,-1,200,0.020831698551774025,0.19910001754760742,0.19880002737045288
64,DROSOPHILA_TRANSFER__BEE,7,1,200,0.020968647673726082,0.19880002737045288,0.19880002737045288
64,DROSOPHILA_TRANSFER__BEE,8,-1,200,0.021105632185935974,0.19880002737045288,0.19840002059936523
64,DROSOPHILA_TRANSFER__BEE,9,1,200,0.02124258317053318,0.19850003719329834,0.19840002059936523
64,DROSOPHILA_TRANSFER__BEE,10,-1,200,0.021379565820097923,0.19850003719329834,0.19800002872943878
64,DROSOPHILA_TRANSFER__BEE,11,1,200,0.02151651866734028,0.1982000470161438,0.19800002872943878
64,DROSOPHILA_TRANSFER__BEE,12,-1,200,0.02165350131690502,0.1982000470161438,0.19760003685951233
64,DROSOPHILA_TRANSFER__BEE,13,1,200,0.021790452301502228,0.19790002703666687,0.19760003685951233
64,DROSOPHILA_TRANSFER__BEE,14,-1,200,0.02192743495106697,0.19790002703666687,0.19720004498958588
64,DROSOPHILA_TRANSFER__BEE,15,1,200,0.022064387798309326,0.19760003685951233,0.19720004498958588
64,DROSOPHILA_TRANSFER__BEE,16,-1,200,0.02220136672258377,0.19760003685951233,0.19680002331733704
64,DROSOPHILA_TRANSFER__BEE,17,1,200,0.022338319569826126,0.1973000168800354,0.19680002331733704
64,DROSOPHILA_TRANSFER__BEE,18,-1,200,0.02247530035674572,0.1973000168800354,0.19640003144741058
64,DROSOPHILA_TRANSFER__BEE,19,1,200,0.022612253203988075,0.19700002670288086,0.19640003144741058
64,DROSOPHILA_TRANSFER__BEE,20,-1,200,0.02274923399090767,0.19700002670288086,0.19600002467632294
65,DROSOPHILA_TRANSFER__BEE,1,1,200,0.020146464928984642,0.19970004260540009,0.20000003278255463
65,DROSOPHILA_TRANSFER__BEE,2,-1,200,0.02028227224946022,0.19970004260540009,0.19960002601146698
65,DROSOPHILA_TRANSFER__BEE,3,1,200,0.020417790859937668,0.19940002262592316,0.19960002601146698
65,DROSOPHILA_TRANSFER__BEE,4,-1,200,0.020553598180413246,0.19940002262592316,0.19920004904270172
65,DROSOPHILA_TRANSFER__BEE,5,1,200,0.020689118653535843,0.19910003244876862,0.19920004904270172
65,DROSOPHILA_TRANSFER__BEE,6,-1,200,0.020824924111366272,0.19910003244876862,0.19880002737045288
65,DROSOPHILA_TRANSFER__BEE,7,1,200,0.02096044458448887,0.1988000124692917,0.19880002737045288
65,DROSOPHILA_TRANSFER__BEE,8,-1,200,0.021096251904964447,0.1988000124692917,0.19840002059936523
65,DROSOPHILA_TRANSFER__BEE,9,1,200,0.021231766790151596,0.19850003719329834,0.19840002059936523
65,DROSOPHILA_TRANSFER__BEE,10,-1,200,0.021367575973272324,0.19850003719329834,0.19800002872943878
65,DROSOPHILA_TRANSFER__BEE,11,1,200,0.02150309830904007,0.1982000470161438,0.19800002872943878
65,DROSOPHILA_TRANSFER__BEE,12,-1,200,0.021638905629515648,0.1982000470161438,0.19760003685951233
65,DROSOPHILA_TRANSFER__BEE,13,1,200,0.021774420514702797,0.19790002703666687,0.19760003685951233
65,DROSOPHILA_TRANSFER__BEE,14,-1,200,0.021910231560468674,0.19790002703666687,0.19720004498958588
65,DROSOPHILA_TRANSFER__BEE,15,1,200,0.022045746445655823,0.19760003685951233,0.19720004498958588
65,DROSOPHILA_TRANSFER__BEE,16,-1,200,0.0221815574914217,0.19760003685951233,0.19680002331733704
65,DROSOPHILA_TRANSFER__BEE,17,1,200,0.022317077964544296,0.1973000317811966,0.19680002331733704
65,DROSOPHILA_TRANSFER__BEE,18,-1,200,0.022452881559729576,0.1973000317811966,0.19640003144741058
65,DROSOPHILA_TRANSFER__BEE,19,1,200,0.022588403895497322,0.19700002670288086,0.19640003144741058
65,DROSOPHILA_TRANSFER__BEE,20,-1,200,0.02272420935332775,0.19700002670288086,0.19600002467632294
66,DROSOPHILA_TRANSFER__BEE,1,1,200,0.02014666609466076,0.1997000277042389,0.20000003278255463
66,DROSOPHILA_TRANSFER__BEE,2,-1,200,0.020283013582229614,0.1997000277042389,0.19960004091262817
66,DROSOPHILA_TRANSFER__BEE,3,1,200,0.02041928470134735,0.19940002262592316,0.19960004091262817
66,DROSOPHILA_TRANSFER__BEE,4,-1,200,0.020555637776851654,0.19940002262592316,0.19920003414154053
66,DROSOPHILA_TRANSFER__BEE,5,1,200,0.02069191075861454,0.19910001754760742,0.19920003414154053
66,DROSOPHILA_TRANSFER__BEE,6,-1,200,0.020828256383538246,0.19910001754760742,0.1988000124692917
66,DROSOPHILA_TRANSFER__BEE,7,1,200,0.02096453122794628,0.19880002737045288,0.1988000124692917
66,DROSOPHILA_TRANSFER__BEE,8,-1,200,0.021100878715515137,0.19880002737045288,0.19840002059936523
66,DROSOPHILA_TRANSFER__BEE,9,1,200,0.021237151697278023,0.19850003719329834,0.19840002059936523
66,DROSOPHILA_TRANSFER__BEE,10,-1,200,0.021373501047492027,0.19850003719329834,0.19800002872943878
66,DROSOPHILA_TRANSFER__BEE,11,1,200,0.021509775891900063,0.1982000470161438,0.19800002872943878
66,DROSOPHILA_TRANSFER__BEE,12,-1,200,0.021646125242114067,0.1982000470161438,0.19760003685951233
66,DROSOPHILA_TRANSFER__BEE,13,1,200,0.021782394498586655,0.19790002703666687,0.19760003685951233
66,DROSOPHILA_TRANSFER__BEE,14,-1,200,0.02191874571144581,0.19790002703666687,0.19720004498958588
66,DROSOPHILA_TRANSFER__BEE,15,1,200,0.022055014967918396,0.19760002195835114,0.19720004498958588
66,DROSOPHILA_TRANSFER__BEE,16,-1,200,0.0221913643181324,0.19760002195835114,0.19680002331733704
66,DROSOPHILA_TRANSFER__BEE,17,1,200,0.022327637299895287,0.1973000168800354,0.19680002331733704
66,DROSOPHILA_TRANSFER__BEE,18,-1,200,0.02246398665010929,0.1973000168800354,0.19640003144741058
66,DROSOPHILA_TRANSFER__BEE,19,1,200,0.022600259631872177,0.19700002670288086,0.19640003144741058
66,DROSOPHILA_TRANSFER__BEE,20,-1,200,0.022736607119441032,0.19700002670288086,0.19600002467632294
67,DROSOPHILA_TRANSFER__BEE,1,1,200,0.020146561786532402,0.1997000277042389,0.20000003278255463
67,DROSOPHILA_TRANSFER__BEE,2,-1,200,0.02028346247971058,0.1997000277042389,0.19960002601146698
67,DROSOPHILA_TRANSFER__BEE,3,1,200,0.020420130342245102,0.19940002262592316,0.19960002601146698
67,DROSOPHILA_TRANSFER__BEE,4,-1,200,0.02055703103542328,0.19940002262592316,0.19920004904270172
67,DROSOPHILA_TRANSFER__BEE,5,1,200,0.020693691447377205,0.19910001754760742,0.19920004904270172
67,DROSOPHILA_TRANSFER__BEE,6,-1,200,0.02083059400320053,0.19910001754760742,0.19880002737045288
67,DROSOPHILA_TRANSFER__BEE,7,1,200,0.020967260003089905,0.19880002737045288,0.19880002737045288
67,DROSOPHILA_TRANSFER__BEE,8,-1,200,0.02110416255891323,0.19880002737045288,0.19840002059936523
67,DROSOPHILA_TRANSFER__BEE,9,1,200,0.021240822970867157,0.19850003719329834,0.19840002059936523
67,DROSOPHILA_TRANSFER__BEE,10,-1,200,0.021377725526690483,0.19850003719329834,0.19800002872943878
67,DROSOPHILA_TRANSFER__BEE,11,1,200,0.021514391526579857,0.1982000321149826,0.19800002872943878
67,DROSOPHILA_TRANSFER__BEE,12,-1,200,0.021651295945048332,0.1982000321149826,0.19760003685951233
67,DROSOPHILA_TRANSFER__BEE,13,1,200,0.021787961944937706,0.19790002703666687,0.19760003685951233
67,DROSOPHILA_TRANSFER__BEE,14,-1,200,0.021924858912825584,0.19790002703666687,0.19720004498958588
67,DROSOPHILA_TRANSFER__BEE,15,1,200,0.022061526775360107,0.19760003685951233,0.19720004498958588
67,DROSOPHILA_TRANSFER__BEE,16,-1,200,0.022198427468538284,0.19760003685951233,0.19680002331733704
67,DROSOPHILA_TRANSFER__BEE,17,1,200,0.02233508788049221,0.1973000317811966,0.19680002331733704
67,DROSOPHILA_TRANSFER__BEE,18,-1,200,0.022471994161605835,0.1973000317811966,0.19640003144741058
67,DROSOPHILA_TRANSFER__BEE,19,1,200,0.02260865643620491,0.19700002670288086,0.19640003144741058
67,DROSOPHILA_TRANSFER__BEE,20,-1,200,0.022745557129383087,0.19700002670288086,0.19600002467632294
68,DROSOPHILA_TRANSFER__BEE,1,1,200,0.02014680579304695,0.1997000277042389,0.20000003278255463
68,DROSOPHILA_TRANSFER__BEE,2,-1,200,0.020282208919525146,0.1997000277042389,0.19960004091262817
68,DROSOPHILA_TRANSFER__BEE,3,1,200,0.020417504012584686,0.19940002262592316,0.19960004091262817
68,DROSOPHILA_TRANSFER__BEE,4,-1,200,0.02055291086435318,0.19940002262592316,0.19920003414154053
68,DROSOPHILA_TRANSFER__BEE,5,1,200,0.020688198506832123,0.19910003244876862,0.19920003414154053
68,DROSOPHILA_TRANSFER__BEE,6,-1,200,0.020823605358600616,0.19910003244876862,0.1988000124692917
68,DROSOPHILA_TRANSFER__BEE,7,1,200,0.020958896726369858,0.19880002737045288,0.1988000124692917
68,DROSOPHILA_TRANSFER__BEE,8,-1,200,0.02109430357813835,0.19880002737045288,0.19840002059936523
68,DROSOPHILA_TRANSFER__BEE,9,1,200,0.021229593083262444,0.19850003719329834,0.19840002059936523
68,DROSOPHILA_TRANSFER__BEE,10,-1,200,0.02136499434709549,0.19850003719329834,0.19800002872943878
68,DROSOPHILA_TRANSFER__BEE,11,1,200,0.02150029130280018,0.1982000172138214,0.19800002872943878
68,DROSOPHILA_TRANSFER__BEE,12,-1,200,0.021635692566633224,0.1982000172138214,0.19760003685951233
68,DROSOPHILA_TRANSFER__BEE,13,1,200,0.021770982071757317,0.19790002703666687,0.19760003685951233
68,DROSOPHILA_TRANSFER__BEE,14,-1,200,0.021906385198235512,0.19790002703666687,0.19720004498958588
68,DROSOPHILA_TRANSFER__BEE,15,1,200,0.022041674703359604,0.19760003685951233,0.19720004498958588
68,DROSOPHILA_TRANSFER__BEE,16,-1,200,0.022177085280418396,0.19760003685951233,0.19680002331733704
68,DROSOPHILA_TRANSFER__BEE,17,1,200,0.02231237292289734,0.1973000317811966,0.19680002331733704
68,DROSOPHILA_TRANSFER__BEE,18,-1,200,0.022447781637310982,0.1973000317811966,0.19640003144741058
68,DROSOPHILA_TRANSFER__BEE,19,1,200,0.022583071142435074,0.19700002670288086,0.19640003144741058
68,DROSOPHILA_TRANSFER__BEE,20,-1,200,0.022718479856848717,0.19700002670288086,0.19600002467632294
69,DROSOPHILA_TRANSFER__BEE,1,1,200,0.020146537572145462,0.19970004260540009,0.20000003278255463
69,DROSOPHILA_TRANSFER__BEE,2,-1,200,0.020283088088035583,0.19970004260540009,0.19960004091262817
69,DROSOPHILA_TRANSFER__BEE,3,1,200,0.020419400185346603,0.19940002262592316,0.19960004091262817
69,DROSOPHILA_TRANSFER__BEE,4,-1,200,0.020555952563881874,0.19940002262592316,0.19920004904270172
69,DROSOPHILA_TRANSFER__BEE,5,1,200,0.020692268386483192,0.19910003244876862,0.19920004904270172
69,DROSOPHILA_TRANSFER__BEE,6,-1,200,0.020828820765018463,0.19910003244876862,0.1988000124692917
69,DROSOPHILA_TRANSFER__BEE,7,1,200,0.020965130999684334,0.19880002737045288,0.1988000124692917
69,DROSOPHILA_TRANSFER__BEE,8,-1,200,0.021101688966155052,0.19880002737045288,0.19840002059936523
69,DROSOPHILA_TRANSFER__BEE,9,1,200,0.02123800292611122,0.19850003719329834,0.19840002059936523
69,DROSOPHILA_TRANSFER__BEE,10,-1,200,0.021374551579356194,0.19850003719329834,0.19800002872943878
69,DROSOPHILA_TRANSFER__BEE,11,1,200,0.021510863676667213,0.1982000321149826,0.19800002872943878
69,DROSOPHILA_TRANSFER__BEE,12,-1,200,0.021647417917847633,0.1982000321149826,0.19760003685951233
69,DROSOPHILA_TRANSFER__BEE,13,1,200,0.02178373374044895,0.19790002703666687,0.19760003685951233
69,DROSOPHILA_TRANSFER__BEE,14,-1,200,0.021920278668403625,0.19790002703666687,0.19720004498958588
69,DROSOPHILA_TRANSFER__BEE,15,1,200,0.022056596353650093,0.19760003685951233,0.19720004498958588
69,DROSOPHILA_TRANSFER__BEE,16,-1,200,0.022193148732185364,0.19760003685951233,0.19680002331733704
69,DROSOPHILA_TRANSFER__BEE,17,1,200,0.022329464554786682,0.1973000317811966,0.19680002331733704
69,DROSOPHILA_TRANSFER__BEE,18,-1,200,0.022466018795967102,0.1973000317811966,0.19640003144741058
69,DROSOPHILA_TRANSFER__BEE,19,1,200,0.02260233461856842,0.19700002670288086,0.19640003144741058
69,DROSOPHILA_TRANSFER__BEE,20,-1,200,0.022738881409168243,0.19700002670288086,0.19600002467632294
70,DROSOPHILA_TRANSFER__BEE,1,1,200,0.02014670893549919,0.1997000277042389,0.20000003278255463
70,DROSOPHILA_TRANSFER__BEE,2,-1,200,0.02028309740126133,0.1997000277042389,0.19960004091262817
70,DROSOPHILA_TRANSFER__BEE,3,1,200,0.020419372245669365,0.19940002262592316,0.19960004091262817
70,DROSOPHILA_TRANSFER__BEE,4,-1,200,0.020555758848786354,0.19940002262592316,0.19920003414154053
70,DROSOPHILA_TRANSFER__BEE,5,1,200,0.020692041143774986,0.19910003244876862,0.19920003414154053
70,DROSOPHILA_TRANSFER__BEE,6,-1,200,0.020828425884246826,0.19910003244876862,0.1988000124692917
70,DROSOPHILA_TRANSFER__BEE,7,1,200,0.02096470631659031,0.19880002737045288,0.1988000124692917
70,DROSOPHILA_TRANSFER__BEE,8,-1,200,0.021101089194417,0.19880002737045288,0.19840003550052643
70,DROSOPHILA_TRANSFER__BEE,9,1,200,0.021237367764115334,0.19850003719329834,0.19840003550052643
70,DROSOPHILA_TRANSFER__BEE,10,-1,200,0.021373752504587173,0.19850003719329834,0.19800002872943878
70,DROSOPHILA_TRANSFER__BEE,11,1,200,0.021510034799575806,0.1982000321149826,0.19800002872943878
70,DROSOPHILA_TRANSFER__BEE,12,-1,200,0.021646421402692795,0.1982000321149826,0.19760003685951233
70,DROSOPHILA_TRANSFER__BEE,13,1,200,0.02178269810974598,0.19790002703666687,0.19760003685951233
70,DROSOPHILA_TRANSFER__BEE,14,-1,200,0.02191908471286297,0.19790002703666687,0.19720004498958588
70,DROSOPHILA_TRANSFER__BEE,15,1,200,0.02205536887049675,0.19760003685951233,0.19720004498958588
70,DROSOPHILA_TRANSFER__BEE,16,-1,200,0.02219174988567829,0.19760003685951233,0.19680002331733704
70,DROSOPHILA_TRANSFER__BEE,17,1,200,0.022328032180666924,0.1973000168800354,0.19680002331733704
70,DROSOPHILA_TRANSFER__BEE,18,-1,200,0.022464413195848465,0.1973000168800354,0.19640003144741058
70,DROSOPHILA_TRANSFER__BEE,19,1,200,0.022600697353482246,0.19700002670288086,0.19640003144741058
70,DROSOPHILA_TRANSFER__BEE,20,-1,200,0.022737080231308937,0.19700002670288086,0.19600002467632294
71,DROSOPHILA_TRANSFER__BEE,1,1,200,0.02014678157866001,0.19970004260540009,0.20000003278255463
71,DROSOPHILA_TRANSFER__BEE,2,-1,200,0.02028154768049717,0.19970004260540009,0.19960002601146698
71,DROSOPHILA_TRANSFER__BEE,3,1,200,0.020416243001818657,0.19940002262592316,0.19960002601146698
71,DROSOPHILA_TRANSFER__BEE,4,-1,200,0.020551009103655815,0.19940002262592316,0.19920003414154053
71,DROSOPHILA_TRANSFER__BEE,5,1,200,0.0206857081502676,0.19910003244876862,0.19920003414154053
71,DROSOPHILA_TRANSFER__BEE,6,-1,200,0.02082046866416931,0.19910003244876862,0.19880002737045288
71,DROSOPHILA_TRANSFER__BEE,7,1,200,0.020955167710781097,0.1988000124692917,0.19880002737045288
71,DROSOPHILA_TRANSFER__BEE,8,-1,200,0.021089933812618256,0.1988000124692917,0.19840002059936523
71,DROSOPHILA_TRANSFER__BEE,9,1,200,0.021224630996584892,0.19850003719329834,0.19840002059936523
71,DROSOPHILA_TRANSFER__BEE,10,-1,200,0.0213593989610672,0.19850003719329834,0.19800002872943878
71,DROSOPHILA_TRANSFER__BEE,11,1,200,0.02149408869445324,0.1982000470161438,0.19800002872943878
71,DROSOPHILA_TRANSFER__BEE,12,-1,200,0.021628860384225845,0.1982000470161438,0.19760003685951233
71,DROSOPHILA_TRANSFER__BEE,13,1,200,0.021763557568192482,0.19790004193782806,0.19760003685951233
71,DROSOPHILA_TRANSFER__BEE,14,-1,200,0.02189832367002964,0.19790004193782806,0.19720004498958588
71,DROSOPHILA_TRANSFER__BEE,15,1,200,0.022033020853996277,0.19760003685951233,0.19720004498958588
71,DROSOPHILA_TRANSFER__BEE,16,-1,200,0.022167781367897987,0.19760003685951233,0.19680002331733704
71,DROSOPHILA_TRANSFER__BEE,17,1,200,0.022302478551864624,0.1973000168800354,0.19680002331733704
71,DROSOPHILA_TRANSFER__BEE,18,-1,200,0.022437242791056633,0.1973000168800354,0.19640004634857178
71,DROSOPHILA_TRANSFER__BEE,19,1,200,0.02257194183766842,0.19700002670288086,0.19640004634857178
71,DROSOPHILA_TRANSFER__BEE,20,-1,200,0.022706706076860428,0.19700002670288086,0.19600002467632294
72,DROSOPHILA_TRANSFER__BEE,1,1,200,0.020146867260336876,0.19970004260540009,0.20000003278255463
72,DROSOPHILA_TRANSFER__BEE,2,-1,200,0.020282527431845665,0.19970004260540009,0.19960002601146698
72,DROSOPHILA_TRANSFER__BEE,3,1,200,0.020418116822838783,0.19940002262592316,0.19960002601146698
72,DROSOPHILA_TRANSFER__BEE,4,-1,200,0.020553776994347572,0.19940002262592316,0.19920003414154053
72,DROSOPHILA_TRANSFER__BEE,5,1,200,0.02068936452269554,0.19910003244876862,0.19920003414154053
72,DROSOPHILA_TRANSFER__BEE,6,-1,200,0.02082502469420433,0.19910003244876862,0.1988000124692917
72,DROSOPHILA_TRANSFER__BEE,7,1,200,0.020960608497262,0.19880004227161407,0.1988000124692917
72,DROSOPHILA_TRANSFER__BEE,8,-1,200,0.02109626866877079,0.19880004227161407,0.19840002059936523
72,DROSOPHILA_TRANSFER__BEE,9,1,200,0.02123185619711876,0.19850003719329834,0.19840002059936523
72,DROSOPHILA_TRANSFER__BEE,10,-1,200,0.021367520093917847,0.19850003719329834,0.19800002872943878
72,DROSOPHILA_TRANSFER__BEE,11,1,200,0.021503103896975517,0.1982000321149826,0.19800002872943878
72,DROSOPHILA_TRANSFER__BEE,12,-1,200,0.021638767793774605,0.1982000321149826,0.19760003685951233
72,DROSOPHILA_TRANSFER__BEE,13,1,200,0.021774353459477425,0.19790002703666687,0.19760003685951233
72,DROSOPHILA_TRANSFER__BEE,14,-1,200,0.021910009905695915,0.19790002703666687,0.19720004498958588
72,DROSOPHILA_TRANSFER__BEE,15,1,200,0.022045597434043884,0.19760003685951233,0.19720004498958588
72,DROSOPHILA_TRANSFER__BEE,16,-1,200,0.022181259468197823,0.19760003685951233,0.19680003821849823
72,DROSOPHILA_TRANSFER__BEE,17,1,200,0.022316843271255493,0.1973000168800354,0.19680003821849823
72,DROSOPHILA_TRANSFER__BEE,18,-1,200,0.02245250530540943,0.1973000168800354,0.19640003144741058
72,DROSOPHILA_TRANSFER__BEE,19,1,200,0.022588100284337997,0.19700002670288086,0.19640003144741058
72,DROSOPHILA_TRANSFER__BEE,20,-1,200,0.02272375300526619,0.19700002670288086,0.19600002467632294
73,DROSOPHILA_TRANSFER__BEE,1,1,200,0.020146727561950684,0.19970004260540009,0.20000003278255463
73,DROSOPHILA_TRANSFER__BEE,2,-1,200,0.020281082019209862,0.19970004260540009,0.19960004091262817
73,DROSOPHILA_TRANSFER__BEE,3,1,200,0.020415358245372772,0.19940002262592316,0.19960004091262817
73,DROSOPHILA_TRANSFER__BEE,4,-1,200,0.02054971270263195,0.19940002262592316,0.19920003414154053
73,DROSOPHILA_TRANSFER__BEE,5,1,200,0.02068399451673031,0.19910001754760742,0.19920003414154053
73,DROSOPHILA_TRANSFER__BEE,6,-1,200,0.020818347111344337,0.19910001754760742,0.19880002737045288
73,DROSOPHILA_TRANSFER__BEE,7,1,200,0.0209526214748621,0.19880002737045288,0.19880002737045288
73,DROSOPHILA_TRANSFER__BEE,8,-1,200,0.021086975932121277,0.19880002737045288,0.19840002059936523
73,DROSOPHILA_TRANSFER__BEE,9,1,200,0.021221252158284187,0.19850003719329834,0.19840002059936523
73,DROSOPHILA_TRANSFER__BEE,10,-1,200,0.021355602890253067,0.19850003719329834,0.19800002872943878
73,DROSOPHILA_TRANSFER__BEE,11,1,200,0.021489882841706276,0.1982000470161438,0.19800002872943878
73,DROSOPHILA_TRANSFER__BEE,12,-1,200,0.021624235436320305,0.1982000470161438,0.19760003685951233
73,DROSOPHILA_TRANSFER__BEE,13,1,200,0.021758513525128365,0.19790002703666687,0.19760003685951233
73,DROSOPHILA_TRANSFER__BEE,14,-1,200,0.021892867982387543,0.19790002703666687,0.19720004498958588
73,DROSOPHILA_TRANSFER__BEE,15,1,200,0.022027146071195602,0.19760002195835114,0.19720004498958588
73,DROSOPHILA_TRANSFER__BEE,16,-1,200,0.02216150239109993,0.19760002195835114,0.19680002331733704
73,DROSOPHILA_TRANSFER__BEE,17,1,200,0.02229578047990799,0.1973000317811966,0.19680002331733704
73,DROSOPHILA_TRANSFER__BEE,18,-1,200,0.022430134937167168,0.1973000317811966,0.19640003144741058
73,DROSOPHILA_TRANSFER__BEE,19,1,200,0.022564414888620377,0.19700002670288086,0.19640003144741058
73,DROSOPHILA_TRANSFER__BEE,20,-1,200,0.022698761895298958,0.19700002670288086,0.19600002467632294
74,DROSOPHILA_TRANSFER__BEE,1,1,200,0.020146822556853294,0.19970004260540009,0.20000003278255463
74,DROSOPHILA_TRANSFER__BEE,2,-1,200,0.02028217352926731,0.19970004260540009,0.19960002601146698
74,DROSOPHILA_TRANSFER__BEE,3,1,200,0.02041734755039215,0.19940002262592316,0.19960002601146698
74,DROSOPHILA_TRANSFER__BEE,4,-1,200,0.02055269479751587,0.19940002262592316,0.19920004904270172
74,DROSOPHILA_TRANSFER__BEE,5,1,200,0.02068786695599556,0.19910003244876862,0.19920004904270172
74,DROSOPHILA_TRANSFER__BEE,6,-1,200,0.020823219791054726,0.19910003244876862,0.19880002737045288
74,DROSOPHILA_TRANSFER__BEE,7,1,200,0.020958388224244118,0.19880002737045288,0.19880002737045288
74,DROSOPHILA_TRANSFER__BEE,8,-1,200,0.021093737334012985,0.19880002737045288,0.19840002059936523
74,DROSOPHILA_TRANSFER__BEE,9,1,200,0.021228911355137825,0.19850003719329834,0.19840002059936523
74,DROSOPHILA_TRANSFER__BEE,10,-1,200,0.021364260464906693,0.19850003719329834,0.19800002872943878
74,DROSOPHILA_TRANSFER__BEE,11,1,200,0.021499430760741234,0.1982000470161438,0.19800002872943878
74,DROSOPHILA_TRANSFER__BEE,12,-1,200,0.0216347835958004,0.1982000470161438,0.19760003685951233
74,DROSOPHILA_TRANSFER__BEE,13,1,200,0.02176995389163494,0.19790002703666687,0.19760003685951233
74,DROSOPHILA_TRANSFER__BEE,14,-1,200,0.021905306726694107,0.19790002703666687,0.19720004498958588
74,DROSOPHILA_TRANSFER__BEE,15,1,200,0.02204047329723835,0.19760002195835114,0.19720004498958588
74,DROSOPHILA_TRANSFER__BEE,16,-1,200,0.022175824269652367,0.19760002195835114,0.19680003821849823
74,DROSOPHILA_TRANSFER__BEE,17,1,200,0.022310994565486908,0.1973000168800354,0.19680003821849823
74,DROSOPHILA_TRANSFER__BEE,18,-1,200,0.022446343675255775,0.1973000168800354,0.19640003144741058
74,DROSOPHILA_TRANSFER__BEE,19,1,200,0.022581515833735466,0.19700002670288086,0.19640003144741058
74,DROSOPHILA_TRANSFER__BEE,20,-1,200,0.02271687053143978,0.19700002670288086,0.19600002467632294
75,DROSOPHILA_TRANSFER__BEE,1,1,200,0.02014661580324173,0.1997000277042389,0.20000003278255463
75,DROSOPHILA_TRANSFER__BEE,2,-1,200,0.02028239332139492,0.1997000277042389,0.19960004091262817
75,DROSOPHILA_TRANSFER__BEE,3,1,200,0.020418010652065277,0.19940002262592316,0.19960004091262817
75,DROSOPHILA_TRANSFER__BEE,4,-1,200,0.020553791895508766,0.19940002262592316,0.19920003414154053
75,DROSOPHILA_TRANSFER__BEE,5,1,200,0.020689407363533974,0.19910003244876862,0.19920003414154053
75,DROSOPHILA_TRANSFER__BEE,6,-1,200,0.020825184881687164,0.19910003244876862,0.19880002737045288
75,DROSOPHILA_TRANSFER__BEE,7,1,200,0.02096080407500267,0.19880002737045288,0.19880002737045288
75,DROSOPHILA_TRANSFER__BEE,8,-1,200,0.02109658159315586,0.19880002737045288,0.19840002059936523
75,DROSOPHILA_TRANSFER__BEE,9,1,200,0.021232198923826218,0.19850003719329834,0.19840002059936523
75,DROSOPHILA_TRANSFER__BEE,10,-1,200,0.021367980167269707,0.19850003719329834,0.19800002872943878
75,DROSOPHILA_TRANSFER__BEE,11,1,200,0.021503593772649765,0.1982000470161438,0.19800002872943878
75,DROSOPHILA_TRANSFER__BEE,12,-1,200,0.021639380604028702,0.1982000470161438,0.19760003685951233
75,DROSOPHILA_TRANSFER__BEE,13,1,200,0.02177499048411846,0.19790002703666687,0.19760003685951233
75,DROSOPHILA_TRANSFER__BEE,14,-1,200,0.02191077172756195,0.19790002703666687,0.19720004498958588
75,DROSOPHILA_TRANSFER__BEE,15,1,200,0.022046387195587158,0.19760003685951233,0.19720004498958588
75,DROSOPHILA_TRANSFER__BEE,16,-1,200,0.022182170301675797,0.19760003685951233,0.19680003821849823
75,DROSOPHILA_TRANSFER__BEE,17,1,200,0.022317783907055855,0.1973000168800354,0.19680003821849823
75,DROSOPHILA_TRANSFER__BEE,18,-1,200,0.022453567013144493,0.1973000168800354,0.19640004634857178
75,DROSOPHILA_TRANSFER__BEE,19,1,200,0.02258918434381485,0.19700002670288086,0.19640004634857178
75,DROSOPHILA_TRANSFER__BEE,20,-1,200,0.022724958136677742,0.19700002670288086,0.19600002467632294
76,DROSOPHILA_TRANSFER__BEE,1,1,200,0.020146746188402176,0.1997000277042389,0.20000003278255463
76,DROSOPHILA_TRANSFER__BEE,2,-1,200,0.020282262936234474,0.1997000277042389,0.19960004091262817
76,DROSOPHILA_TRANSFER__BEE,3,1,200,0.020417671650648117,0.19940002262592316,0.19960004091262817
76,DROSOPHILA_TRANSFER__BEE,4,-1,200,0.020553188398480415,0.19940002262592316,0.19920004904270172
76,DROSOPHILA_TRANSFER__BEE,5,1,200,0.02068859338760376,0.19910003244876862,0.19920004904270172
76,DROSOPHILA_TRANSFER__BEE,6,-1,200,0.020824111998081207,0.19910003244876862,0.19880002737045288
76,DROSOPHILA_TRANSFER__BEE,7,1,200,0.0209595188498497,0.19880002737045288,0.19880002737045288
76,DROSOPHILA_TRANSFER__BEE,8,-1,200,0.02109503373503685,0.19880002737045288,0.19840002059936523
76,DROSOPHILA_TRANSFER__BEE,9,1,200,0.021230442449450493,0.19850003719329834,0.19840002059936523
76,DROSOPHILA_TRANSFER__BEE,10,-1,200,0.021365955471992493,0.19850003719329834,0.19800002872943878
76,DROSOPHILA_TRANSFER__BEE,11,1,200,0.021501364186406136,0.1982000470161438,0.19800002872943878
76,DROSOPHILA_TRANSFER__BEE,12,-1,200,0.021636882796883583,0.1982000470161438,0.19760003685951233
76,DROSOPHILA_TRANSFER__BEE,13,1,200,0.021772289648652077,0.19790002703666687,0.19760003685951233
76,DROSOPHILA_TRANSFER__BEE,14,-1,200,0.021907804533839226,0.19790002703666687,0.19720004498958588
76,DROSOPHILA_TRANSFER__BEE,15,1,200,0.02204321324825287,0.19760003685951233,0.19720004498958588
76,DROSOPHILA_TRANSFER__BEE,16,-1,200,0.022178728133440018,0.19760003685951233,0.19680002331733704
76,DROSOPHILA_TRANSFER__BEE,17,1,200,0.022314131259918213,0.1973000168800354,0.19680002331733704
76,DROSOPHILA_TRANSFER__BEE,18,-1,200,0.02244965359568596,0.1973000168800354,0.19640003144741058
76,DROSOPHILA_TRANSFER__BEE,19,1,200,0.022585058584809303,0.19700002670288086,0.19640003144741058
76,DROSOPHILA_TRANSFER__BEE,20,-1,200,0.0227205753326416,0.19700002670288086,0.19600002467632294
77,DROSOPHILA_TRANSFER__BEE,1,1,200,0.020146703347563744,0.1997000277042389,0.20000003278255463
77,DROSOPHILA_TRANSFER__BEE,2,-1,200,0.020282691344618797,0.1997000277042389,0.19960002601146698
77,DROSOPHILA_TRANSFER__BEE,3,1,200,0.020418616011738777,0.19940002262592316,0.19960002601146698
77,DROSOPHILA_TRANSFER__BEE,4,-1,200,0.02055460959672928,0.19940002262592316,0.19920004904270172
77,DROSOPHILA_TRANSFER__BEE,5,1,200,0.02069053053855896,0.19910001754760742,0.19920004904270172
77,DROSOPHILA_TRANSFER__BEE,6,-1,200,0.020826518535614014,0.19910001754760742,0.19880002737045288
77,DROSOPHILA_TRANSFER__BEE,7,1,200,0.020962435752153397,0.19880002737045288,0.19880002737045288
77,DROSOPHILA_TRANSFER__BEE,8,-1,200,0.021098433062434196,0.19880002737045288,0.19840002059936523
77,DROSOPHILA_TRANSFER__BEE,9,1,200,0.02123435214161873,0.19850003719329834,0.19840002059936523
77,DROSOPHILA_TRANSFER__BEE,10,-1,200,0.02137034386396408,0.19850003719329834,0.19800002872943878
77,DROSOPHILA_TRANSFER__BEE,11,1,200,0.021506264805793762,0.1982000470161438,0.19800002872943878
77,DROSOPHILA_TRANSFER__BEE,12,-1,200,0.021642260253429413,0.1982000470161438,0.19760002195835114
77,DROSOPHILA_TRANSFER__BEE,13,1,200,0.021778175607323647,0.19790002703666687,0.19760002195835114
77,DROSOPHILA_TRANSFER__BEE,14,-1,200,0.021914167329669,0.19790002703666687,0.19720004498958588
77,DROSOPHILA_TRANSFER__BEE,15,1,200,0.02205008454620838,0.19760002195835114,0.19720004498958588
77,DROSOPHILA_TRANSFER__BEE,16,-1,200,0.02218608185648918,0.19760002195835114,0.19680002331733704
77,DROSOPHILA_TRANSFER__BEE,17,1,200,0.022322002798318863,0.1973000168800354,0.19680002331733704
77,DROSOPHILA_TRANSFER__BEE,18,-1,200,0.022457990795373917,0.1973000168800354,0.19640003144741058
77,DROSOPHILA_TRANSFER__BEE,19,1,200,0.022593911737203598,0.19700002670288086,0.19640003144741058
77,DROSOPHILA_TRANSFER__BEE,20,-1,200,0.022729909047484398,0.19700002670288086,0.19600002467632294
78,DROSOPHILA_TRANSFER__BEE,1,1,200,0.020146651193499565,0.19970004260540009,0.20000003278255463
78,DROSOPHILA_TRANSFER__BEE,2,-1,200,0.020284444093704224,0.19970004260540009,0.19960004091262817
78,DROSOPHILA_TRANSFER__BEE,3,1,200,0.020422035828232765,0.19940002262592316,0.19960004091262817
78,DROSOPHILA_TRANSFER__BEE,4,-1,200,0.020559828728437424,0.19940002262592316,0.19920003414154053
78,DROSOPHILA_TRANSFER__BEE,5,1,200,0.020697422325611115,0.19910003244876862,0.19920003414154053
78,DROSOPHILA_TRANSFER__BEE,6,-1,200,0.020835215225815773,0.19910003244876862,0.19880002737045288
78,DROSOPHILA_TRANSFER__BEE,7,1,200,0.020972805097699165,0.19880002737045288,0.19880002737045288
78,DROSOPHILA_TRANSFER__BEE,8,-1,200,0.021110599860548973,0.19880002737045288,0.19840002059936523
78,DROSOPHILA_TRANSFER__BEE,9,1,200,0.021248193457722664,0.19850003719329834,0.19840002059936523
78,DROSOPHILA_TRANSFER__BEE,10,-1,200,0.02138599194586277,0.19850003719329834,0.19800002872943878
78,DROSOPHILA_TRANSFER__BEE,11,1,200,0.021523579955101013,0.1982000321149826,0.19800002872943878
78,DROSOPHILA_TRANSFER__BEE,12,-1,200,0.02166137285530567,0.1982000321149826,0.19760003685951233
78,DROSOPHILA_TRANSFER__BEE,13,1,200,0.021798966452479362,0.19790002703666687,0.19760003685951233
78,DROSOPHILA_TRANSFER__BEE,14,-1,200,0.02193675935268402,0.19790002703666687,0.19720004498958588
78,DROSOPHILA_TRANSFER__BEE,15,1,200,0.022074352949857712,0.19760003685951233,0.19720004498958588
78,DROSOPHILA_TRANSFER__BEE,16,-1,200,0.02221214398741722,0.19760003685951233,0.19680002331733704
78,DROSOPHILA_TRANSFER__BEE,17,1,200,0.022349733859300613,0.1973000317811966,0.19680002331733704
78,DROSOPHILA_TRANSFER__BEE,18,-1,200,0.022487539798021317,0.1973000317811966,0.19640003144741058
78,DROSOPHILA_TRANSFER__BEE,19,1,200,0.02262512966990471,0.19700002670288086,0.19640003144741058
78,DROSOPHILA_TRANSFER__BEE,20,-1,200,0.022762920707464218,0.19700002670288086,0.19600002467632294
79,DROSOPHILA_TRANSFER__BEE,1,1,200,0.020146731287240982,0.1997000277042389,0.20000003278255463
79,DROSOPHILA_TRANSFER__BEE,2,-1,200,0.020283516496419907,0.1997000277042389,0.19960004091262817
79,DROSOPHILA_TRANSFER__BEE,3,1,200,0.020420195534825325,0.19940002262592316,0.19960004091262817
79,DROSOPHILA_TRANSFER__BEE,4,-1,200,0.020556984469294548,0.19940002262592316,0.19920003414154053
79,DROSOPHILA_TRANSFER__BEE,5,1,200,0.020693667232990265,0.19910003244876862,0.19920003414154053
79,DROSOPHILA_TRANSFER__BEE,6,-1,200,0.02083045430481434,0.19910003244876862,0.19880002737045288
79,DROSOPHILA_TRANSFER__BEE,7,1,200,0.020967137068510056,0.19880002737045288,0.19880002737045288
79,DROSOPHILA_TRANSFER__BEE,8,-1,200,0.02110392600297928,0.19880002737045288,0.19840002059936523
79,DROSOPHILA_TRANSFER__BEE,9,1,200,0.021240610629320145,0.19850003719329834,0.19840002059936523
79,DROSOPHILA_TRANSFER__BEE,10,-1,200,0.021377399563789368,0.19850003719329834,0.19800002872943878
79,DROSOPHILA_TRANSFER__BEE,11,1,200,0.021514076739549637,0.1982000470161438,0.19800002872943878
79,DROSOPHILA_TRANSFER__BEE,12,-1,200,0.02165086381137371,0.1982000470161438,0.19760003685951233
79,DROSOPHILA_TRANSFER__BEE,13,1,200,0.021787546575069427,0.19790002703666687,0.19760003685951233
79,DROSOPHILA_TRANSFER__BEE,14,-1,200,0.02192433550953865,0.19790002703666687,0.19720004498958588
79,DROSOPHILA_TRANSFER__BEE,15,1,200,0.022061016410589218,0.19760003685951233,0.19720004498958588
79,DROSOPHILA_TRANSFER__BEE,16,-1,200,0.02219780720770359,0.19760003685951233,0.19680003821849823
79,DROSOPHILA_TRANSFER__BEE,17,1,200,0.02233448438346386,0.1973000168800354,0.19680003821849823
79,DROSOPHILA_TRANSFER__BEE,18,-1,200,0.02247127704322338,0.1973000168800354,0.19640003144741058
79,DROSOPHILA_TRANSFER__BEE,19,1,200,0.022607959806919098,0.19700002670288086,0.19640003144741058
79,DROSOPHILA_TRANSFER__BEE,20,-1,200,0.02274474687874317,0.19700002670288086,0.19600000977516174
80,DROSOPHILA_TRANSFER__BEE,1,1,200,0.020146571099758148,0.1997000277042389,0.20000003278255463
80,DROSOPHILA_TRANSFER__BEE,2,-1,200,0.020283374935388565,0.1997000277042389,0.19960002601146698
80,DROSOPHILA_TRANSFER__BEE,3,1,200,0.020419998094439507,0.19940002262592316,0.19960002601146698
80,DROSOPHILA_TRANSFER__BEE,4,-1,200,0.020556801930069923,0.19940002262592316,0.19920003414154053
80,DROSOPHILA_TRANSFER__BEE,5,1,200,0.020693423226475716,0.19910003244876862,0.19920003414154053
80,DROSOPHILA_TRANSFER__BEE,6,-1,200,0.020830227062106133,0.19910003244876862,0.1988000124692917
80,DROSOPHILA_TRANSFER__BEE,7,1,200,0.020966848358511925,0.19880002737045288,0.1988000124692917
80,DROSOPHILA_TRANSFER__BEE,8,-1,200,0.02110365778207779,0.19880002737045288,0.19840002059936523
80,DROSOPHILA_TRANSFER__BEE,9,1,200,0.021240275353193283,0.19850003719329834,0.19840002059936523
80,DROSOPHILA_TRANSFER__BEE,10,-1,200,0.0213770791888237,0.19850003719329834,0.19800002872943878
80,DROSOPHILA_TRANSFER__BEE,11,1,200,0.021513700485229492,0.1982000321149826,0.19800002872943878
80,DROSOPHILA_TRANSFER__BEE,12,-1,200,0.021650508046150208,0.1982000321149826,0.19760002195835114
80,DROSOPHILA_TRANSFER__BEE,13,1,200,0.0217871256172657,0.19790002703666687,0.19760002195835114
80,DROSOPHILA_TRANSFER__BEE,14,-1,200,0.021923935040831566,0.19790002703666687,0.19720004498958588
80,DROSOPHILA_TRANSFER__BEE,15,1,200,0.022060556337237358,0.19760003685951233,0.19720004498958588
80,DROSOPHILA_TRANSFER__BEE,16,-1,200,0.022197360172867775,0.19760003685951233,0.19680003821849823
80,DROSOPHILA_TRANSFER__BEE,17,1,200,0.022333985194563866,0.1973000168800354,0.19680003821849823
80,DROSOPHILA_TRANSFER__BEE,18,-1,200,0.022470783442258835,0.1973000168800354,0.19640003144741058
80,DROSOPHILA_TRANSFER__BEE,19,1,200,0.022607402876019478,0.19700002670288086,0.19640003144741058
80,DROSOPHILA_TRANSFER__BEE,20,-1,200,0.02274421416223049,0.19700002670288086,0.19600002467632294
81,DROSOPHILA_TRANSFER__BEE,1,1,200,0.020146651193499565,0.1997000277042389,0.20000003278255463
81,DROSOPHILA_TRANSFER__BEE,2,-1,200,0.020281100645661354,0.1997000277042389,0.19960004091262817
81,DROSOPHILA_TRANSFER__BEE,3,1,200,0.020415382459759712,0.19940002262592316,0.19960004091262817
81,DROSOPHILA_TRANSFER__BEE,4,-1,200,0.020549839362502098,0.19940002262592316,0.19920003414154053
81,DROSOPHILA_TRANSFER__BEE,5,1,200,0.020684119313955307,0.19910003244876862,0.19920003414154053
81,DROSOPHILA_TRANSFER__BEE,6,-1,200,0.020818572491407394,0.19910003244876862,0.1988000124692917
81,DROSOPHILA_TRANSFER__BEE,7,1,200,0.02095285803079605,0.1988000124692917,0.1988000124692917
81,DROSOPHILA_TRANSFER__BEE,8,-1,200,0.02108730934560299,0.1988000124692917,0.19840002059936523
81,DROSOPHILA_TRANSFER__BEE,9,1,200,0.021221596747636795,0.19850003719329834,0.19840002059936523
81,DROSOPHILA_TRANSFER__BEE,10,-1,200,0.021356044337153435,0.19850003719329834,0.19800002872943878
81,DROSOPHILA_TRANSFER__BEE,11,1,200,0.02149032987654209,0.1982000321149826,0.19800002872943878
81,DROSOPHILA_TRANSFER__BEE,12,-1,200,0.02162478119134903,0.1982000321149826,0.19760002195835114
81,DROSOPHILA_TRANSFER__BEE,13,1,200,0.021759063005447388,0.19790002703666687,0.19760002195835114
81,DROSOPHILA_TRANSFER__BEE,14,-1,200,0.021893518045544624,0.19790002703666687,0.19720004498958588
81,DROSOPHILA_TRANSFER__BEE,15,1,200,0.022027797996997833,0.19760002195835114,0.19720004498958588
81,DROSOPHILA_TRANSFER__BEE,16,-1,200,0.02216225117444992,0.19760002195835114,0.19680002331733704
81,DROSOPHILA_TRANSFER__BEE,17,1,200,0.022296538576483727,0.1973000168800354,0.19680002331733704
81,DROSOPHILA_TRANSFER__BEE,18,-1,200,0.022430993616580963,0.1973000168800354,0.19640003144741058
81,DROSOPHILA_TRANSFER__BEE,19,1,200,0.02256527543067932,0.19700002670288086,0.19640003144741058
81,DROSOPHILA_TRANSFER__BEE,20,-1,200,0.02269972674548626,0.19700002670288086,0.19600002467632294
82,DROSOPHILA_TRANSFER__BEE,1,1,200,0.020146479830145836,0.19970004260540009,0.20000003278255463
82,DROSOPHILA_TRANSFER__BEE,2,-1,200,0.0202837772667408,0.19970004260540009,0.19960002601146698
82,DROSOPHILA_TRANSFER__BEE,3,1,200,0.020420832559466362,0.19940002262592316,0.19960002601146698
82,DROSOPHILA_TRANSFER__BEE,4,-1,200,0.020558122545480728,0.19940002262592316,0.19920003414154053
82,DROSOPHILA_TRANSFER__BEE,5,1,200,0.020695170387625694,0.19910003244876862,0.19920003414154053
82,DROSOPHILA_TRANSFER__BEE,6,-1,200,0.020832467824220657,0.19910003244876862,0.19880002737045288
82,DROSOPHILA_TRANSFER__BEE,7,1,200,0.020969517529010773,0.19880002737045288,0.19880002737045288
82,DROSOPHILA_TRANSFER__BEE,8,-1,200,0.021106811240315437,0.19880002737045288,0.19840002059936523
82,DROSOPHILA_TRANSFER__BEE,9,1,200,0.021243862807750702,0.19850003719329834,0.19840002059936523
82,DROSOPHILA_TRANSFER__BEE,10,-1,200,0.021381156519055367,0.19850003719329834,0.19800002872943878
82,DROSOPHILA_TRANSFER__BEE,11,1,200,0.02151820808649063,0.1982000470161438,0.19800002872943878
82,DROSOPHILA_TRANSFER__BEE,12,-1,200,0.021655503660440445,0.1982000470161438,0.19760003685951233
82,DROSOPHILA_TRANSFER__BEE,13,1,200,0.02179255336523056,0.19790004193782806,0.19760003685951233
82,DROSOPHILA_TRANSFER__BEE,14,-1,200,0.021929850801825523,0.19790004193782806,0.19720004498958588
82,DROSOPHILA_TRANSFER__BEE,15,1,200,0.02206689678132534,0.19760003685951233,0.19720004498958588
82,DROSOPHILA_TRANSFER__BEE,16,-1,200,0.022204188629984856,0.19760003685951233,0.19680002331733704
82,DROSOPHILA_TRANSFER__BEE,17,1,200,0.022341245785355568,0.1973000168800354,0.19680002331733704
82,DROSOPHILA_TRANSFER__BEE,18,-1,200,0.022478539496660233,0.1973000168800354,0.19640003144741058
82,DROSOPHILA_TRANSFER__BEE,19,1,200,0.02261558547616005,0.19700002670288086,0.19640003144741058
82,DROSOPHILA_TRANSFER__BEE,20,-1,200,0.022752881050109863,0.19700002670288086,0.19600000977516174
83,DROSOPHILA_TRANSFER__BEE,1,1,200,0.020146682858467102,0.1997000277042389,0.20000003278255463
83,DROSOPHILA_TRANSFER__BEE,2,-1,200,0.02028222382068634,0.1997000277042389,0.19960002601146698
83,DROSOPHILA_TRANSFER__BEE,3,1,200,0.020417558029294014,0.19940003752708435,0.19960002601146698
83,DROSOPHILA_TRANSFER__BEE,4,-1,200,0.020553093403577805,0.19940003752708435,0.19920004904270172
83,DROSOPHILA_TRANSFER__BEE,5,1,200,0.02068842574954033,0.19910003244876862,0.19920004904270172
83,DROSOPHILA_TRANSFER__BEE,6,-1,200,0.02082396298646927,0.19910003244876862,0.19880002737045288
83,DROSOPHILA_TRANSFER__BEE,7,1,200,0.020959297195076942,0.19880004227161407,0.19880002737045288
83,DROSOPHILA_TRANSFER__BEE,8,-1,200,0.02109483629465103,0.19880004227161407,0.19840002059936523
83,DROSOPHILA_TRANSFER__BEE,9,1,200,0.021230174228549004,0.19850003719329834,0.19840002059936523
83,DROSOPHILA_TRANSFER__BEE,10,-1,200,0.021365705877542496,0.19850003719329834,0.19800002872943878
83,DROSOPHILA_TRANSFER__BEE,11,1,200,0.02150104194879532,0.1982000470161438,0.19800002872943878
83,DROSOPHILA_TRANSFER__BEE,12,-1,200,0.02163657732307911,0.1982000470161438,0.19760003685951233
83,DROSOPHILA_TRANSFER__BEE,13,1,200,0.021771913394331932,0.19790002703666687,0.19760003685951233
83,DROSOPHILA_TRANSFER__BEE,14,-1,200,0.02190745435655117,0.19790002703666687,0.19720004498958588
83,DROSOPHILA_TRANSFER__BEE,15,1,200,0.022042782977223396,0.19760002195835114,0.19720004498958588
83,DROSOPHILA_TRANSFER__BEE,16,-1,200,0.022178322076797485,0.19760002195835114,0.19680002331733704
83,DROSOPHILA_TRANSFER__BEE,17,1,200,0.022313658148050308,0.1973000168800354,0.19680002331733704
83,DROSOPHILA_TRANSFER__BEE,18,-1,200,0.02244919165968895,0.1973000168800354,0.19640003144741058
83,DROSOPHILA_TRANSFER__BEE,19,1,200,0.022584522143006325,0.19700002670288086,0.19640003144741058
83,DROSOPHILA_TRANSFER__BEE,20,-1,200,0.022720061242580414,0.19700002670288086,0.19600002467632294
84,DROSOPHILA_TRANSFER__BEE,1,1,200,0.020146528258919716,0.1997000277042389,0.20000003278255463
84,DROSOPHILA_TRANSFER__BEE,2,-1,200,0.020281650125980377,0.1997000277042389,0.19960004091262817
84,DROSOPHILA_TRANSFER__BEE,3,1,200,0.020416567102074623,0.19940002262592316,0.19960004091262817
84,DROSOPHILA_TRANSFER__BEE,4,-1,200,0.020551694557070732,0.19940002262592316,0.19920003414154053
84,DROSOPHILA_TRANSFER__BEE,5,1,200,0.02068660967051983,0.19910001754760742,0.19920003414154053
84,DROSOPHILA_TRANSFER__BEE,6,-1,200,0.02082173153758049,0.19910001754760742,0.1988000124692917
84,DROSOPHILA_TRANSFER__BEE,7,1,200,0.02095664292573929,0.19880002737045288,0.1988000124692917
84,DROSOPHILA_TRANSFER__BEE,8,-1,200,0.021091772243380547,0.19880002737045288,0.19840002059936523
84,DROSOPHILA_TRANSFER__BEE,9,1,200,0.021226681768894196,0.19850003719329834,0.19840002059936523
84,DROSOPHILA_TRANSFER__BEE,10,-1,200,0.021361811086535454,0.19850003719329834,0.19800002872943878
84,DROSOPHILA_TRANSFER__BEE,11,1,200,0.02149672619998455,0.1982000470161438,0.19800002872943878
84,DROSOPHILA_TRANSFER__BEE,12,-1,200,0.02163185551762581,0.1982000470161438,0.19760003685951233
84,DROSOPHILA_TRANSFER__BEE,13,1,200,0.021766765043139458,0.19790002703666687,0.19760003685951233
84,DROSOPHILA_TRANSFER__BEE,14,-1,200,0.021901892498135567,0.19790002703666687,0.19720004498958588
84,DROSOPHILA_TRANSFER__BEE,15,1,200,0.022036802023649216,0.19760003685951233,0.19720004498958588
84,DROSOPHILA_TRANSFER__BEE,16,-1,200,0.022171931341290474,0.19760003685951233,0.19680003821849823
84,DROSOPHILA_TRANSFER__BEE,17,1,200,0.02230685018002987,0.1973000168800354,0.19680003821849823
84,DROSOPHILA_TRANSFER__BEE,18,-1,200,0.02244197577238083,0.1973000168800354,0.19640003144741058
84,DROSOPHILA_TRANSFER__BEE,19,1,200,0.022576889023184776,0.19700002670288086,0.19640003144741058
84,DROSOPHILA_TRANSFER__BEE,20,-1,200,0.022712014615535736,0.19700002670288086,0.19600002467632294
85,DROSOPHILA_TRANSFER__BEE,1,1,200,0.020146800205111504,0.19970004260540009,0.20000003278255463
85,DROSOPHILA_TRANSFER__BEE,2,-1,200,0.020282238721847534,0.19970004260540009,0.19960004091262817
85,DROSOPHILA_TRANSFER__BEE,3,1,200,0.020417530089616776,0.19940002262592316,0.19960004091262817
85,DROSOPHILA_TRANSFER__BEE,4,-1,200,0.020552968606352806,0.19940002262592316,0.19920003414154053
85,DROSOPHILA_TRANSFER__BEE,5,1,200,0.020688261836767197,0.19910003244876862,0.19920003414154053
85,DROSOPHILA_TRANSFER__BEE,6,-1,200,0.020823700353503227,0.19910003244876862,0.19880002737045288
85,DROSOPHILA_TRANSFER__BEE,7,1,200,0.02095899172127247,0.19880002737045288,0.19880002737045288
85,DROSOPHILA_TRANSFER__BEE,8,-1,200,0.0210944302380085,0.19880002737045288,0.19840002059936523
85,DROSOPHILA_TRANSFER__BEE,9,1,200,0.02122972160577774,0.19850003719329834,0.19840002059936523
85,DROSOPHILA_TRANSFER__BEE,10,-1,200,0.02136516198515892,0.19850003719329834,0.19800002872943878
85,DROSOPHILA_TRANSFER__BEE,11,1,200,0.02150045707821846,0.1982000470161438,0.19800002872943878
85,DROSOPHILA_TRANSFER__BEE,12,-1,200,0.02163589559495449,0.1982000470161438,0.19760003685951233
85,DROSOPHILA_TRANSFER__BEE,13,1,200,0.021771183237433434,0.19790002703666687,0.19760003685951233
85,DROSOPHILA_TRANSFER__BEE,14,-1,200,0.021906623616814613,0.19790002703666687,0.19720004498958588
85,DROSOPHILA_TRANSFER__BEE,15,1,200,0.022041914984583855,0.19760003685951233,0.19720004498958588
85,DROSOPHILA_TRANSFER__BEE,16,-1,200,0.022177355363965034,0.19760003685951233,0.19680003821849823
85,DROSOPHILA_TRANSFER__BEE,17,1,200,0.022312646731734276,0.1973000317811966,0.19680003821849823
85,DROSOPHILA_TRANSFER__BEE,18,-1,200,0.022448085248470306,0.1973000317811966,0.19640003144741058
85,DROSOPHILA_TRANSFER__BEE,19,1,200,0.022583376616239548,0.19700002670288086,0.19640003144741058
85,DROSOPHILA_TRANSFER__BEE,20,-1,200,0.02271881513297558,0.19700002670288086,0.19600002467632294
86,DROSOPHILA_TRANSFER__BEE,1,1,200,0.020146764814853668,0.1997000277042389,0.20000003278255463
86,DROSOPHILA_TRANSFER__BEE,2,-1,200,0.020284028723835945,0.1997000277042389,0.19960002601146698
86,DROSOPHILA_TRANSFER__BEE,3,1,200,0.02042125165462494,0.19940002262592316,0.19960002601146698
86,DROSOPHILA_TRANSFER__BEE,4,-1,200,0.020558523014187813,0.19940002262592316,0.19920001924037933
86,DROSOPHILA_TRANSFER__BEE,5,1,200,0.020695749670267105,0.19910003244876862,0.19920001924037933
86,DROSOPHILA_TRANSFER__BEE,6,-1,200,0.02083301730453968,0.19910003244876862,0.1988000124692917
86,DROSOPHILA_TRANSFER__BEE,7,1,200,0.020970242097973824,0.19880002737045288,0.1988000124692917
86,DROSOPHILA_TRANSFER__BEE,8,-1,200,0.0211075097322464,0.19880002737045288,0.19840003550052643
86,DROSOPHILA_TRANSFER__BEE,9,1,200,0.02124473638832569,0.19850003719329834,0.19840003550052643
86,DROSOPHILA_TRANSFER__BEE,10,-1,200,0.021382004022598267,0.19850003719329834,0.19800002872943878
86,DROSOPHILA_TRANSFER__BEE,11,1,200,0.02151922881603241,0.1982000470161438,0.19800002872943878
86,DROSOPHILA_TRANSFER__BEE,12,-1,200,0.021656502038240433,0.1982000470161438,0.19760003685951233
86,DROSOPHILA_TRANSFER__BEE,13,1,200,0.021793724969029427,0.19790002703666687,0.19760003685951233
86,DROSOPHILA_TRANSFER__BEE,14,-1,200,0.0219309963285923,0.19790002703666687,0.19720003008842468
86,DROSOPHILA_TRANSFER__BEE,15,1,200,0.022068221122026443,0.19760003685951233,0.19720003008842468
86,DROSOPHILA_TRANSFER__BEE,16,-1,200,0.02220548875629902,0.19760003685951233,0.19680002331733704
86,DROSOPHILA_TRANSFER__BEE,17,1,200,0.022342711687088013,0.1973000317811966,0.19680002331733704
86,DROSOPHILA_TRANSFER__BEE,18,-1,200,0.022479981184005737,0.1973000317811966,0.19640003144741058
86,DROSOPHILA_TRANSFER__BEE,19,1,200,0.022617202252149582,0.19700002670288086,0.19640003144741058
86,DROSOPHILA_TRANSFER__BEE,20,-1,200,0.022754471749067307,0.19700002670288086,0.19600002467632294
87,DROSOPHILA_TRANSFER__BEE,1,1,200,0.020146572962403297,0.1997000277042389,0.20000003278255463
87,DROSOPHILA_TRANSFER__BEE,2,-1,200,0.02028336562216282,0.1997000277042389,0.19960004091262817
87,DROSOPHILA_TRANSFER__BEE,3,1,200,0.020419998094439507,0.19940003752708435,0.19960004091262817
87,DROSOPHILA_TRANSFER__BEE,4,-1,200,0.020556794479489326,0.19940003752708435,0.19920004904270172
87,DROSOPHILA_TRANSFER__BEE,5,1,200,0.020693423226475716,0.19910003244876862,0.19920004904270172
87,DROSOPHILA_TRANSFER__BEE,6,-1,200,0.020830219611525536,0.19910003244876862,0.19880002737045288
87,DROSOPHILA_TRANSFER__BEE,7,1,200,0.020966848358511925,0.19880004227161407,0.19880002737045288
87,DROSOPHILA_TRANSFER__BEE,8,-1,200,0.021103646606206894,0.19880004227161407,0.19840002059936523
87,DROSOPHILA_TRANSFER__BEE,9,1,200,0.02124027907848358,0.19850003719329834,0.19840002059936523
87,DROSOPHILA_TRANSFER__BEE,10,-1,200,0.021377068012952805,0.19850003719329834,0.19800002872943878
87,DROSOPHILA_TRANSFER__BEE,11,1,200,0.021513700485229492,0.1982000470161438,0.19800002872943878
87,DROSOPHILA_TRANSFER__BEE,12,-1,200,0.02165049873292446,0.1982000470161438,0.19760003685951233
87,DROSOPHILA_TRANSFER__BEE,13,1,200,0.0217871256172657,0.19790002703666687,0.19760003685951233
87,DROSOPHILA_TRANSFER__BEE,14,-1,200,0.02192392572760582,0.19790002703666687,0.19720004498958588
87,DROSOPHILA_TRANSFER__BEE,15,1,200,0.02206055447459221,0.19760003685951233,0.19720004498958588
87,DROSOPHILA_TRANSFER__BEE,16,-1,200,0.02219735085964203,0.19760003685951233,0.19680002331733704
87,DROSOPHILA_TRANSFER__BEE,17,1,200,0.022333981469273567,0.1973000168800354,0.19680002331733704
87,DROSOPHILA_TRANSFER__BEE,18,-1,200,0.022470775991678238,0.1973000168800354,0.19640003144741058
87,DROSOPHILA_TRANSFER__BEE,19,1,200,0.022607406601309776,0.19700002670288086,0.19640003144741058
87,DROSOPHILA_TRANSFER__BEE,20,-1,200,0.022744206711649895,0.19700002670288086,0.19600002467632294
88,DROSOPHILA_TRANSFER__BEE,1,1,200,0.020146673545241356,0.19970004260540009,0.20000003278255463
88,DROSOPHILA_TRANSFER__BEE,2,-1,200,0.020282452926039696,0.19970004260540009,0.19960002601146698
88,DROSOPHILA_TRANSFER__BEE,3,1,200,0.020418142899870872,0.19940002262592316,0.19960002601146698
88,DROSOPHILA_TRANSFER__BEE,4,-1,200,0.020553920418024063,0.19940002262592316,0.19920003414154053
88,DROSOPHILA_TRANSFER__BEE,5,1,200,0.02068960666656494,0.19910003244876862,0.19920003414154053
88,DROSOPHILA_TRANSFER__BEE,6,-1,200,0.02082538604736328,0.19910003244876862,0.19880002737045288
88,DROSOPHILA_TRANSFER__BEE,7,1,200,0.02096107415854931,0.19880002737045288,0.19880002737045288
88,DROSOPHILA_TRANSFER__BEE,8,-1,200,0.021096855401992798,0.19880002737045288,0.19840002059936523
88,DROSOPHILA_TRANSFER__BEE,9,1,200,0.021232541650533676,0.19850003719329834,0.19840002059936523
88,DROSOPHILA_TRANSFER__BEE,10,-1,200,0.021368317306041718,0.19850003719329834,0.19800002872943878
88,DROSOPHILA_TRANSFER__BEE,11,1,200,0.021504005417227745,0.1982000321149826,0.19800002872943878
88,DROSOPHILA_TRANSFER__BEE,12,-1,200,0.021639792248606682,0.1982000321149826,0.19760003685951233
88,DROSOPHILA_TRANSFER__BEE,13,1,200,0.021775472909212112,0.19790002703666687,0.19760003685951233
88,DROSOPHILA_TRANSFER__BEE,14,-1,200,0.021911252290010452,0.19790002703666687,0.19720004498958588
88,DROSOPHILA_TRANSFER__BEE,15,1,200,0.02204693853855133,0.19760002195835114,0.19720004498958588
88,DROSOPHILA_TRANSFER__BEE,16,-1,200,0.02218271791934967,0.19760002195835114,0.19680002331733704
88,DROSOPHILA_TRANSFER__BEE,17,1,200,0.022318407893180847,0.1973000168800354,0.19680002331733704
88,DROSOPHILA_TRANSFER__BEE,18,-1,200,0.022454187273979187,0.1973000168800354,0.19640003144741058
88,DROSOPHILA_TRANSFER__BEE,19,1,200,0.022589875385165215,0.19700002670288086,0.19640003144741058
88,DROSOPHILA_TRANSFER__BEE,20,-1,200,0.022725647315382957,0.19700002670288086,0.19600002467632294
89,DROSOPHILA_TRANSFER__BEE,1,1,200,0.02014663815498352,0.19970004260540009,0.20000003278255463
89,DROSOPHILA_TRANSFER__BEE,2,-1,200,0.020282449200749397,0.19970004260540009,0.19960004091262817
89,DROSOPHILA_TRANSFER__BEE,3,1,200,0.02041800506412983,0.19940002262592316,0.19960004091262817
89,DROSOPHILA_TRANSFER__BEE,4,-1,200,0.020553816109895706,0.19940002262592316,0.19920004904270172
89,DROSOPHILA_TRANSFER__BEE,5,1,200,0.020689379423856735,0.19910003244876862,0.19920004904270172
89,DROSOPHILA_TRANSFER__BEE,6,-1,200,0.020825184881687164,0.19910003244876862,0.1988000124692917
89,DROSOPHILA_TRANSFER__BEE,7,1,200,0.020960746333003044,0.1988000124692917,0.1988000124692917
89,DROSOPHILA_TRANSFER__BEE,8,-1,200,0.02109655737876892,0.1988000124692917,0.19840002059936523
89,DROSOPHILA_TRANSFER__BEE,9,1,200,0.02123212441802025,0.19850003719329834,0.19840002059936523
89,DROSOPHILA_TRANSFER__BEE,10,-1,200,0.02136792428791523,0.19850003719329834,0.19800002872943878
89,DROSOPHILA_TRANSFER__BEE,11,1,200,0.021503489464521408,0.1982000321149826,0.19800002872943878
89,DROSOPHILA_TRANSFER__BEE,12,-1,200,0.021639296784996986,0.1982000321149826,0.19760003685951233
89,DROSOPHILA_TRANSFER__BEE,13,1,200,0.021774860098958015,0.19790004193782806,0.19760003685951233
89,DROSOPHILA_TRANSFER__BEE,14,-1,200,0.021910667419433594,0.19790004193782806,0.19720004498958588
89,DROSOPHILA_TRANSFER__BEE,15,1,200,0.022046230733394623,0.19760003685951233,0.19720004498958588
89,DROSOPHILA_TRANSFER__BEE,16,-1,200,0.0221820380538702,0.19760003685951233,0.19680003821849823
89,DROSOPHILA_TRANSFER__BEE,17,1,200,0.02231760323047638,0.1973000317811966,0.19680003821849823
89,DROSOPHILA_TRANSFER__BEE,18,-1,200,0.02245340868830681,0.1973000317811966,0.19640003144741058
89,DROSOPHILA_TRANSFER__BEE,19,1,200,0.02258897013962269,0.19700002670288086,0.19640003144741058
89,DROSOPHILA_TRANSFER__BEE,20,-1,200,0.022724773734807968,0.19700002670288086,0.19600002467632294
90,DROSOPHILA_TRANSFER__BEE,1,1,200,0.020146474242210388,0.19970004260540009,0.20000003278255463
90,DROSOPHILA_TRANSFER__BEE,2,-1,200,0.020283354446291924,0.19970004260540009,0.19960002601146698
90,DROSOPHILA_TRANSFER__BEE,3,1,200,0.02041986770927906,0.19940002262592316,0.19960002601146698
90,DROSOPHILA_TRANSFER__BEE,4,-1,200,0.02055676095187664,0.19940002262592316,0.19920003414154053
90,DROSOPHILA_TRANSFER__BEE,5,1,200,0.020693276077508926,0.19910003244876862,0.19920003414154053
90,DROSOPHILA_TRANSFER__BEE,6,-1,200,0.02083015814423561,0.19910003244876862,0.19880002737045288
90,DROSOPHILA_TRANSFER__BEE,7,1,200,0.020966673269867897,0.19880002737045288,0.19880002737045288
90,DROSOPHILA_TRANSFER__BEE,8,-1,200,0.02110355719923973,0.19880002737045288,0.19840002059936523
90,DROSOPHILA_TRANSFER__BEE,9,1,200,0.021240072324872017,0.19850003719329834,0.19840002059936523
90,DROSOPHILA_TRANSFER__BEE,10,-1,200,0.021376963704824448,0.19850003719329834,0.19800002872943878
90,DROSOPHILA_TRANSFER__BEE,11,1,200,0.021513473242521286,0.1982000321149826,0.19800002872943878
90,DROSOPHILA_TRANSFER__BEE,12,-1,200,0.02165035903453827,0.1982000321149826,0.19760002195835114
90,DROSOPHILA_TRANSFER__BEE,13,1,200,0.021786874160170555,0.19790002703666687,0.19760002195835114
90,DROSOPHILA_TRANSFER__BEE,14,-1,200,0.02192375808954239,0.19790002703666687,0.19720004498958588
90,DROSOPHILA_TRANSFER__BEE,15,1,200,0.022060273215174675,0.19760002195835114,0.19720004498958588
90,DROSOPHILA_TRANSFER__BEE,16,-1,200,0.022197160869836807,0.19760002195835114,0.19680003821849823
90,DROSOPHILA_TRANSFER__BEE,17,1,200,0.022333675995469093,0.1973000168800354,0.19680003821849823
90,DROSOPHILA_TRANSFER__BEE,18,-1,200,0.022470559924840927,0.1973000168800354,0.19640003144741058
90,DROSOPHILA_TRANSFER__BEE,19,1,200,0.022607075050473213,0.19700002670288086,0.19640003144741058
90,DROSOPHILA_TRANSFER__BEE,20,-1,200,0.022743960842490196,0.19700002670288086,0.19600002467632294
91,DROSOPHILA_TRANSFER__BEE,1,1,200,0.02014651708304882,0.19970004260540009,0.20000003278255463
91,DROSOPHILA_TRANSFER__BEE,2,-1,200,0.02028365060687065,0.19970004260540009,0.19960004091262817
91,DROSOPHILA_TRANSFER__BEE,3,1,200,0.020420445129275322,0.19940002262592316,0.19960004091262817
91,DROSOPHILA_TRANSFER__BEE,4,-1,200,0.020557573065161705,0.19940002262592316,0.19920004904270172
91,DROSOPHILA_TRANSFER__BEE,5,1,200,0.020694365724921227,0.19910003244876862,0.19920004904270172
91,DROSOPHILA_TRANSFER__BEE,6,-1,200,0.020831497386097908,0.19910003244876862,0.19880002737045288
91,DROSOPHILA_TRANSFER__BEE,7,1,200,0.020968293771147728,0.19880002737045288,0.19880002737045288
91,DROSOPHILA_TRANSFER__BEE,8,-1,200,0.021105417981743813,0.19880002737045288,0.19840002059936523
91,DROSOPHILA_TRANSFER__BEE,9,1,200,0.021242216229438782,0.19850003719329834,0.19840002059936523
91,DROSOPHILA_TRANSFER__BEE,10,-1,200,0.021379346027970314,0.19850003719329834,0.19800002872943878
91,DROSOPHILA_TRANSFER__BEE,11,1,200,0.021516142413020134,0.1982000470161438,0.19800002872943878
91,DROSOPHILA_TRANSFER__BEE,12,-1,200,0.021653272211551666,0.1982000470161438,0.19760003685951233
91,DROSOPHILA_TRANSFER__BEE,13,1,200,0.021790068596601486,0.19790004193782806,0.19760003685951233
91,DROSOPHILA_TRANSFER__BEE,14,-1,200,0.021927200257778168,0.19790004193782806,0.19720004498958588
91,DROSOPHILA_TRANSFER__BEE,15,1,200,0.02206399478018284,0.19760003685951233,0.19720004498958588
91,DROSOPHILA_TRANSFER__BEE,16,-1,200,0.02220112271606922,0.19760003685951233,0.19680002331733704
91,DROSOPHILA_TRANSFER__BEE,17,1,200,0.022337917238473892,0.1973000317811966,0.19680002331733704
91,DROSOPHILA_TRANSFER__BEE,18,-1,200,0.022475048899650574,0.1973000317811966,0.19640004634857178
91,DROSOPHILA_TRANSFER__BEE,19,1,200,0.022611841559410095,0.19700002670288086,0.19640004634857178
91,DROSOPHILA_TRANSFER__BEE,20,-1,200,0.022748975083231926,0.19700002670288086,0.19600000977516174
92,DROSOPHILA_TRANSFER__BEE,1,1,200,0.020146753638982773,0.19970004260540009,0.20000003278255463
92,DROSOPHILA_TRANSFER__BEE,2,-1,200,0.020281467586755753,0.19970004260540009,0.19960004091262817
92,DROSOPHILA_TRANSFER__BEE,3,1,200,0.020416060462594032,0.19940002262592316,0.19960004091262817
92,DROSOPHILA_TRANSFER__BEE,4,-1,200,0.020550768822431564,0.19940002262592316,0.19920004904270172
92,DROSOPHILA_TRANSFER__BEE,5,1,200,0.020685361698269844,0.19910003244876862,0.19920004904270172
92,DROSOPHILA_TRANSFER__BEE,6,-1,200,0.020820077508687973,0.19910003244876862,0.19880002737045288
92,DROSOPHILA_TRANSFER__BEE,7,1,200,0.020954664796590805,0.19880002737045288,0.19880002737045288
92,DROSOPHILA_TRANSFER__BEE,8,-1,200,0.021089384332299232,0.19880002737045288,0.19840003550052643
92,DROSOPHILA_TRANSFER__BEE,9,1,200,0.021223977208137512,0.19850003719329834,0.19840003550052643
92,DROSOPHILA_TRANSFER__BEE,10,-1,200,0.021358683705329895,0.19850003719329834,0.19800002872943878
92,DROSOPHILA_TRANSFER__BEE,11,1,200,0.021493282169103622,0.1982000321149826,0.19800002872943878
92,DROSOPHILA_TRANSFER__BEE,12,-1,200,0.021627992391586304,0.1982000321149826,0.19760003685951233
92,DROSOPHILA_TRANSFER__BEE,13,1,200,0.021762587130069733,0.19790002703666687,0.19760003685951233
92,DROSOPHILA_TRANSFER__BEE,14,-1,200,0.021897299215197563,0.19790002703666687,0.19720004498958588
92,DROSOPHILA_TRANSFER__BEE,15,1,200,0.022031892091035843,0.19760003685951233,0.19720004498958588
92,DROSOPHILA_TRANSFER__BEE,16,-1,200,0.022166604176163673,0.19760003685951233,0.19680002331733704
92,DROSOPHILA_TRANSFER__BEE,17,1,200,0.022301193326711655,0.1973000168800354,0.19680002331733704
92,DROSOPHILA_TRANSFER__BEE,18,-1,200,0.022435907274484634,0.1973000168800354,0.19640003144741058
92,DROSOPHILA_TRANSFER__BEE,19,1,200,0.022570500150322914,0.19700002670288086,0.19640003144741058
92,DROSOPHILA_TRANSFER__BEE,20,-1,200,0.022705210372805595,0.19700002670288086,0.19600002467632294
93,DROSOPHILA_TRANSFER__BEE,1,1,200,0.020146537572145462,0.1997000277042389,0.20000003278255463
93,DROSOPHILA_TRANSFER__BEE,2,-1,200,0.020284153521060944,0.1997000277042389,0.19960004091262817
93,DROSOPHILA_TRANSFER__BEE,3,1,200,0.02042149007320404,0.19940002262592316,0.19960004091262817
93,DROSOPHILA_TRANSFER__BEE,4,-1,200,0.02055911161005497,0.19940002262592316,0.19920003414154053
93,DROSOPHILA_TRANSFER__BEE,5,1,200,0.020696450024843216,0.19910003244876862,0.19920003414154053
93,DROSOPHILA_TRANSFER__BEE,6,-1,200,0.020834067836403847,0.19910003244876862,0.19880002737045288
93,DROSOPHILA_TRANSFER__BEE,7,1,200,0.020971408113837242,0.19880002737045288,0.19880002737045288
93,DROSOPHILA_TRANSFER__BEE,8,-1,200,0.021109025925397873,0.19880002737045288,0.19840002059936523
93,DROSOPHILA_TRANSFER__BEE,9,1,200,0.02124636434018612,0.19850003719329834,0.19840002059936523
93,DROSOPHILA_TRANSFER__BEE,10,-1,200,0.0213839802891016,0.19850003719329834,0.19800002872943878
93,DROSOPHILA_TRANSFER__BEE,11,1,200,0.021521322429180145,0.1982000470161438,0.19800002872943878
93,DROSOPHILA_TRANSFER__BEE,12,-1,200,0.021658938378095627,0.1982000470161438,0.19760003685951233
93,DROSOPHILA_TRANSFER__BEE,13,1,200,0.02179628238081932,0.19790002703666687,0.19760003685951233
93,DROSOPHILA_TRANSFER__BEE,14,-1,200,0.021933898329734802,0.19790002703666687,0.19720004498958588
93,DROSOPHILA_TRANSFER__BEE,15,1,200,0.022071238607168198,0.19760003685951233,0.19720004498958588
93,DROSOPHILA_TRANSFER__BEE,16,-1,200,0.022208858281373978,0.19760003685951233,0.19680002331733704
93,DROSOPHILA_TRANSFER__BEE,17,1,200,0.022346196696162224,0.1973000168800354,0.19680002331733704
93,DROSOPHILA_TRANSFER__BEE,18,-1,200,0.022483816370368004,0.1973000168800354,0.19640003144741058
93,DROSOPHILA_TRANSFER__BEE,19,1,200,0.0226211529225111,0.19700002670288086,0.19640003144741058
93,DROSOPHILA_TRANSFER__BEE,20,-1,200,0.02275877445936203,0.19700002670288086,0.19600002467632294
94,DROSOPHILA_TRANSFER__BEE,1,1,200,0.020146308466792107,0.1997000277042389,0.20000003278255463
94,DROSOPHILA_TRANSFER__BEE,2,-1,200,0.020282603800296783,0.1997000277042389,0.19960004091262817
94,DROSOPHILA_TRANSFER__BEE,3,1,200,0.020418554544448853,0.19940002262592316,0.19960004091262817
94,DROSOPHILA_TRANSFER__BEE,4,-1,200,0.020554855465888977,0.19940002262592316,0.19920003414154053
94,DROSOPHILA_TRANSFER__BEE,5,1,200,0.02069079875946045,0.19910003244876862,0.19920003414154053
94,DROSOPHILA_TRANSFER__BEE,6,-1,200,0.020827094092965126,0.19910003244876862,0.19880002737045288
94,DROSOPHILA_TRANSFER__BEE,7,1,200,0.020963041111826897,0.19880002737045288,0.19880002737045288
94,DROSOPHILA_TRANSFER__BEE,8,-1,200,0.021099340170621872,0.19880002737045288,0.19840003550052643
94,DROSOPHILA_TRANSFER__BEE,9,1,200,0.02123529091477394,0.19850003719329834,0.19840003550052643
94,DROSOPHILA_TRANSFER__BEE,10,-1,200,0.02137158252298832,0.19850003719329834,0.19800002872943878
94,DROSOPHILA_TRANSFER__BEE,11,1,200,0.02150753140449524,0.1982000470161438,0.19800002872943878
94,DROSOPHILA_TRANSFER__BEE,12,-1,200,0.021643830463290215,0.1982000470161438,0.19760003685951233
94,DROSOPHILA_TRANSFER__BEE,13,1,200,0.021779779344797134,0.19790002703666687,0.19760003685951233
94,DROSOPHILA_TRANSFER__BEE,14,-1,200,0.02191607467830181,0.19790002703666687,0.19720004498958588
94,DROSOPHILA_TRANSFER__BEE,15,1,200,0.022052021697163582,0.19760003685951233,0.19720004498958588
94,DROSOPHILA_TRANSFER__BEE,16,-1,200,0.02218831703066826,0.19760003685951233,0.19680002331733704
94,DROSOPHILA_TRANSFER__BEE,17,1,200,0.02232426591217518,0.1973000317811966,0.19680002331733704
94,DROSOPHILA_TRANSFER__BEE,18,-1,200,0.022460568696260452,0.1973000317811966,0.19640003144741058
94,DROSOPHILA_TRANSFER__BEE,19,1,200,0.022596511989831924,0.19700002670288086,0.19640003144741058
94,DROSOPHILA_TRANSFER__BEE,20,-1,200,0.02273281291127205,0.19700002670288086,0.19600002467632294
95,DROSOPHILA_TRANSFER__BEE,1,1,200,0.02014654129743576,0.1997000277042389,0.20000003278255463
95,DROSOPHILA_TRANSFER__BEE,2,-1,200,0.020282238721847534,0.1997000277042389,0.19960004091262817
95,DROSOPHILA_TRANSFER__BEE,3,1,200,0.02041764184832573,0.19940002262592316,0.19960004091262817
95,DROSOPHILA_TRANSFER__BEE,4,-1,200,0.020553339272737503,0.19940002262592316,0.19920003414154053
95,DROSOPHILA_TRANSFER__BEE,5,1,200,0.020688742399215698,0.19910001754760742,0.19920003414154053
95,DROSOPHILA_TRANSFER__BEE,6,-1,200,0.020824434235692024,0.19910001754760742,0.1988000124692917
95,DROSOPHILA_TRANSFER__BEE,7,1,200,0.020959841087460518,0.19880002737045288,0.1988000124692917
95,DROSOPHILA_TRANSFER__BEE,8,-1,200,0.021095536649227142,0.19880002737045288,0.19840002059936523
95,DROSOPHILA_TRANSFER__BEE,9,1,200,0.02123093791306019,0.19850003719329834,0.19840002059936523
95,DROSOPHILA_TRANSFER__BEE,10,-1,200,0.021366631612181664,0.19850003719329834,0.19800002872943878
95,DROSOPHILA_TRANSFER__BEE,11,1,200,0.02150203287601471,0.1982000470161438,0.19800002872943878
95,DROSOPHILA_TRANSFER__BEE,12,-1,200,0.021637732163071632,0.1982000470161438,0.19760003685951233
95,DROSOPHILA_TRANSFER__BEE,13,1,200,0.021773135289549828,0.19790002703666687,0.19760003685951233
95,DROSOPHILA_TRANSFER__BEE,14,-1,200,0.0219088327139616,0.19790002703666687,0.19720004498958588
95,DROSOPHILA_TRANSFER__BEE,15,1,200,0.022044235840439796,0.19760003685951233,0.19720004498958588
95,DROSOPHILA_TRANSFER__BEE,16,-1,200,0.02217992953956127,0.19760003685951233,0.19680003821849823
95,DROSOPHILA_TRANSFER__BEE,17,1,200,0.022315334528684616,0.1973000168800354,0.19680003821849823
95,DROSOPHILA_TRANSFER__BEE,18,-1,200,0.02245103009045124,0.1973000168800354,0.19640003144741058
95,DROSOPHILA_TRANSFER__BEE,19,1,200,0.022586431354284286,0.19700002670288086,0.19640003144741058
95,DROSOPHILA_TRANSFER__BEE,20,-1,200,0.02272212877869606,0.19700002670288086,0.19600002467632294
96,DROSOPHILA_TRANSFER__BEE,1,1,200,0.020146658644080162,0.19970004260540009,0.20000003278255463
96,DROSOPHILA_TRANSFER__BEE,2,-1,200,0.020282819867134094,0.19970004260540009,0.19960002601146698
96,DROSOPHILA_TRANSFER__BEE,3,1,200,0.020418822765350342,0.19940002262592316,0.19960002601146698
96,DROSOPHILA_TRANSFER__BEE,4,-1,200,0.020554982125759125,0.19940002262592316,0.19920004904270172
96,DROSOPHILA_TRANSFER__BEE,5,1,200,0.02069098874926567,0.19910001754760742,0.19920004904270172
96,DROSOPHILA_TRANSFER__BEE,6,-1,200,0.020827149972319603,0.19910001754760742,0.1988000124692917
96,DROSOPHILA_TRANSFER__BEE,7,1,200,0.0209631510078907,0.19880002737045288,0.1988000124692917
96,DROSOPHILA_TRANSFER__BEE,8,-1,200,0.021099308505654335,0.19880002737045288,0.19840002059936523
96,DROSOPHILA_TRANSFER__BEE,9,1,200,0.021235324442386627,0.19850003719329834,0.19840002059936523
96,DROSOPHILA_TRANSFER__BEE,10,-1,200,0.02137148194015026,0.19850003719329834,0.19800002872943878
96,DROSOPHILA_TRANSFER__BEE,11,1,200,0.021507488563656807,0.1982000470161438,0.19800002872943878
96,DROSOPHILA_TRANSFER__BEE,12,-1,200,0.02164364978671074,0.1982000470161438,0.19760002195835114
96,DROSOPHILA_TRANSFER__BEE,13,1,200,0.021779656410217285,0.19790002703666687,0.19760002195835114
96,DROSOPHILA_TRANSFER__BEE,14,-1,200,0.02191581018269062,0.19790002703666687,0.19720004498958588
96,DROSOPHILA_TRANSFER__BEE,15,1,200,0.022051824256777763,0.19760003685951233,0.19720004498958588
96,DROSOPHILA_TRANSFER__BEE,16,-1,200,0.0221879780292511,0.19760003685951233,0.19680003821849823
96,DROSOPHILA_TRANSFER__BEE,17,1,200,0.022323986515402794,0.1973000317811966,0.19680003821849823
96,DROSOPHILA_TRANSFER__BEE,18,-1,200,0.022460145875811577,0.1973000317811966,0.19640003144741058
96,DROSOPHILA_TRANSFER__BEE,19,1,200,0.022596154361963272,0.19700002670288086,0.19640003144741058
96,DROSOPHILA_TRANSFER__BEE,20,-1,200,0.022732311859726906,0.19700002670288086,0.19600002467632294
97,DROSOPHILA_TRANSFER__BEE,1,1,200,0.02014642022550106,0.1997000277042389,0.20000003278255463
97,DROSOPHILA_TRANSFER__BEE,2,-1,200,0.020281875506043434,0.1997000277042389,0.19960002601146698
97,DROSOPHILA_TRANSFER__BEE,3,1,200,0.02041708119213581,0.19940002262592316,0.19960002601146698
97,DROSOPHILA_TRANSFER__BEE,4,-1,200,0.020552536472678185,0.19940002262592316,0.19920003414154053
97,DROSOPHILA_TRANSFER__BEE,5,1,200,0.02068774215877056,0.19910001754760742,0.19920003414154053
97,DROSOPHILA_TRANSFER__BEE,6,-1,200,0.020823203027248383,0.19910001754760742,0.1988000124692917
97,DROSOPHILA_TRANSFER__BEE,7,1,200,0.02095840498805046,0.19880002737045288,0.1988000124692917
97,DROSOPHILA_TRANSFER__BEE,8,-1,200,0.021093862131237984,0.19880002737045288,0.19840002059936523
97,DROSOPHILA_TRANSFER__BEE,9,1,200,0.021229064092040062,0.19850003719329834,0.19840002059936523
97,DROSOPHILA_TRANSFER__BEE,10,-1,200,0.021364523097872734,0.19850003719329834,0.19800002872943878
97,DROSOPHILA_TRANSFER__BEE,11,1,200,0.021499723196029663,0.1982000470161438,0.19800002872943878
97,DROSOPHILA_TRANSFER__BEE,12,-1,200,0.021635185927152634,0.1982000470161438,0.19760003685951233
97,DROSOPHILA_TRANSFER__BEE,13,1,200,0.021770387887954712,0.19790002703666687,0.19760003685951233
97,DROSOPHILA_TRANSFER__BEE,14,-1,200,0.021905848756432533,0.19790002703666687,0.19720003008842468
97,DROSOPHILA_TRANSFER__BEE,15,1,200,0.02204105257987976,0.19760003685951233,0.19720003008842468
97,DROSOPHILA_TRANSFER__BEE,16,-1,200,0.022176507860422134,0.19760003685951233,0.19680003821849823
97,DROSOPHILA_TRANSFER__BEE,17,1,200,0.022311711683869362,0.1973000168800354,0.19680003821849823
97,DROSOPHILA_TRANSFER__BEE,18,-1,200,0.022447172552347183,0.1973000168800354,0.19640003144741058
97,DROSOPHILA_TRANSFER__BEE,19,1,200,0.02258237637579441,0.19700002670288086,0.19640003144741058
97,DROSOPHILA_TRANSFER__BEE,20,-1,200,0.022717835381627083,0.19700002670288086,0.19600002467632294
98,DROSOPHILA_TRANSFER__BEE,1,1,200,0.020146569237113,0.1997000277042389,0.20000003278255463
98,DROSOPHILA_TRANSFER__BEE,2,-1,200,0.020282069221138954,0.1997000277042389,0.19960002601146698
98,DROSOPHILA_TRANSFER__BEE,3,1,200,0.02041737735271454,0.19940002262592316,0.19960002601146698
98,DROSOPHILA_TRANSFER__BEE,4,-1,200,0.02055288292467594,0.19940002262592316,0.19920003414154053
98,DROSOPHILA_TRANSFER__BEE,5,1,200,0.020688191056251526,0.19910001754760742,0.19920003414154053
98,DROSOPHILA_TRANSFER__BEE,6,-1,200,0.02082369104027748,0.19910001754760742,0.19880002737045288
98,DROSOPHILA_TRANSFER__BEE,7,1,200,0.020958999171853065,0.19880002737045288,0.19880002737045288
98,DROSOPHILA_TRANSFER__BEE,8,-1,200,0.02109450288116932,0.19880002737045288,0.19840002059936523
98,DROSOPHILA_TRANSFER__BEE,9,1,200,0.021229814738035202,0.19850003719329834,0.19840002059936523
98,DROSOPHILA_TRANSFER__BEE,10,-1,200,0.021365314722061157,0.19850003719329834,0.19800002872943878
98,DROSOPHILA_TRANSFER__BEE,11,1,200,0.02150062285363674,0.1982000321149826,0.19800002872943878
98,DROSOPHILA_TRANSFER__BEE,12,-1,200,0.021636120975017548,0.1982000321149826,0.19760003685951233
98,DROSOPHILA_TRANSFER__BEE,13,1,200,0.021771429106593132,0.19790002703666687,0.19760003685951233
98,DROSOPHILA_TRANSFER__BEE,14,-1,200,0.021906930953264236,0.19790002703666687,0.19720004498958588
98,DROSOPHILA_TRANSFER__BEE,15,1,200,0.02204223722219467,0.19760003685951233,0.19720004498958588
98,DROSOPHILA_TRANSFER__BEE,16,-1,200,0.022177740931510925,0.19760003685951233,0.19680002331733704
98,DROSOPHILA_TRANSFER__BEE,17,1,200,0.022313054651021957,0.1973000317811966,0.19680002331733704
98,DROSOPHILA_TRANSFER__BEE,18,-1,200,0.022448554635047913,0.1973000317811966,0.19640004634857178
98,DROSOPHILA_TRANSFER__BEE,19,1,200,0.022583864629268646,0.19700002670288086,0.19640004634857178
98,DROSOPHILA_TRANSFER__BEE,20,-1,200,0.0227193646132946,0.19700002670288086,0.19600002467632294
99,DROSOPHILA_TRANSFER__BEE,1,1,200,0.020146554335951805,0.1997000277042389,0.20000003278255463
99,DROSOPHILA_TRANSFER__BEE,2,-1,200,0.02028251625597477,0.1997000277042389,0.19960004091262817
99,DROSOPHILA_TRANSFER__BEE,3,1,200,0.020418237894773483,0.19940002262592316,0.19960004091262817
99,DROSOPHILA_TRANSFER__BEE,4,-1,200,0.020554203540086746,0.19940002262592316,0.19920003414154053
99,DROSOPHILA_TRANSFER__BEE,5,1,200,0.02068992145359516,0.19910003244876862,0.19920003414154053
99,DROSOPHILA_TRANSFER__BEE,6,-1,200,0.020825883373618126,0.19910003244876862,0.1988000124692917
99,DROSOPHILA_TRANSFER__BEE,7,1,200,0.02096160687506199,0.19880002737045288,0.1988000124692917
99,DROSOPHILA_TRANSFER__BEE,8,-1,200,0.021097572520375252,0.19880002737045288,0.19840002059936523
99,DROSOPHILA_TRANSFER__BEE,9,1,200,0.021233294159173965,0.19850003719329834,0.19840002059936523
99,DROSOPHILA_TRANSFER__BEE,10,-1,200,0.02136925607919693,0.19850003719329834,0.19800002872943878
99,DROSOPHILA_TRANSFER__BEE,11,1,200,0.021504977717995644,0.1982000470161438,0.19800002872943878
99,DROSOPHILA_TRANSFER__BEE,12,-1,200,0.021640945225954056,0.1982000470161438,0.19760002195835114
99,DROSOPHILA_TRANSFER__BEE,13,1,200,0.02177666500210762,0.19790002703666687,0.19760002195835114
99,DROSOPHILA_TRANSFER__BEE,14,-1,200,0.021912626922130585,0.19790002703666687,0.19720004498958588
99,DROSOPHILA_TRANSFER__BEE,15,1,200,0.022048350423574448,0.19760003685951233,0.19720004498958588
99,DROSOPHILA_TRANSFER__BEE,16,-1,200,0.022184312343597412,0.19760003685951233,0.19680002331733704
99,DROSOPHILA_TRANSFER__BEE,17,1,200,0.022320033982396126,0.1973000168800354,0.19680002331733704
99,DROSOPHILA_TRANSFER__BEE,18,-1,200,0.02245599776506424,0.1973000168800354,0.19640003144741058
99,DROSOPHILA_TRANSFER__BEE,19,1,200,0.022591715678572655,0.19700002670288086,0.19640003144741058
99,DROSOPHILA_TRANSFER__BEE,20,-1,200,0.02272767759859562,0.19700002670288086,0.19600002467632294
0,DROSOPHILA_TRANSFER__DROSOPHILA,1,1,200,0.02009805105626583,0.20000003278255463,0.1997000277042389
0,DROSOPHILA_TRANSFER__DROSOPHILA,2,-1,200,0.02019154094159603,0.1997000277042389,0.1997000277042389
0,DROSOPHILA_TRANSFER__DROSOPHILA,3,1,200,0.020284943282604218,0.1997000277042389,0.19940002262592316
0,DROSOPHILA_TRANSFER__DROSOPHILA,4,-1,200,0.02037842571735382,0.19940002262592316,0.19940002262592316
0,DROSOPHILA_TRANSFER__DROSOPHILA,5,1,200,0.02047182433307171,0.19940002262592316,0.19910001754760742
0,DROSOPHILA_TRANSFER__DROSOPHILA,6,-1,200,0.02056531235575676,0.19910003244876862,0.19910001754760742
0,DROSOPHILA_TRANSFER__DROSOPHILA,7,1,200,0.0206587091088295,0.19910003244876862,0.19880004227161407
0,DROSOPHILA_TRANSFER__DROSOPHILA,8,-1,200,0.0207521952688694,0.19880002737045288,0.19880004227161407
0,DROSOPHILA_TRANSFER__DROSOPHILA,9,1,200,0.020845595747232437,0.19880002737045288,0.19850003719329834
0,DROSOPHILA_TRANSFER__DROSOPHILA,10,-1,200,0.02093908004462719,0.19850003719329834,0.19850003719329834
0,DROSOPHILA_TRANSFER__DROSOPHILA,11,1,200,0.021032482385635376,0.19850003719329834,0.1982000470161438
0,DROSOPHILA_TRANSFER__DROSOPHILA,12,-1,200,0.02112596668303013,0.1982000321149826,0.1982000470161438
0,DROSOPHILA_TRANSFER__DROSOPHILA,13,1,200,0.021219363436102867,0.1982000321149826,0.19790002703666687
0,DROSOPHILA_TRANSFER__DROSOPHILA,14,-1,200,0.02131284959614277,0.19790002703666687,0.19790002703666687
0,DROSOPHILA_TRANSFER__DROSOPHILA,15,1,200,0.021406251937150955,0.19790002703666687,0.19760002195835114
0,DROSOPHILA_TRANSFER__DROSOPHILA,16,-1,200,0.02149973437190056,0.19760003685951233,0.19760002195835114
0,DROSOPHILA_TRANSFER__DROSOPHILA,17,1,200,0.021593129262328148,0.19760003685951233,0.1973000466823578
0,DROSOPHILA_TRANSFER__DROSOPHILA,18,-1,200,0.021686621010303497,0.1973000317811966,0.1973000466823578
0,DROSOPHILA_TRANSFER__DROSOPHILA,19,1,200,0.021780025213956833,0.1973000317811966,0.19700002670288086
0,DROSOPHILA_TRANSFER__DROSOPHILA,20,-1,200,0.021873503923416138,0.19700002670288086,0.19700002670288086
1,DROSOPHILA_TRANSFER__DROSOPHILA,1,1,200,0.02009798400104046,0.20000003278255463,0.1997000277042389
1,DROSOPHILA_TRANSFER__DROSOPHILA,2,-1,200,0.020192096009850502,0.1997000277042389,0.1997000277042389
1,DROSOPHILA_TRANSFER__DROSOPHILA,3,1,200,0.020286057144403458,0.1997000277042389,0.19940002262592316
1,DROSOPHILA_TRANSFER__DROSOPHILA,4,-1,200,0.020380165427923203,0.19940002262592316,0.19940002262592316
1,DROSOPHILA_TRANSFER__DROSOPHILA,5,1,200,0.02047412283718586,0.19940002262592316,0.19910001754760742
1,DROSOPHILA_TRANSFER__DROSOPHILA,6,-1,200,0.020568236708641052,0.19910003244876862,0.19910001754760742
1,DROSOPHILA_TRANSFER__DROSOPHILA,7,1,200,0.02066219225525856,0.19910003244876862,0.19880002737045288
1,DROSOPHILA_TRANSFER__DROSOPHILA,8,-1,200,0.020756307989358902,0.1988000124692917,0.19880002737045288
1,DROSOPHILA_TRANSFER__DROSOPHILA,9,1,200,0.020850269123911858,0.1988000124692917,0.19850003719329834
1,DROSOPHILA_TRANSFER__DROSOPHILA,10,-1,200,0.020944375544786453,0.19850003719329834,0.19850003719329834
1,DROSOPHILA_TRANSFER__DROSOPHILA,11,1,200,0.02103833667933941,0.19850003719329834,0.1982000470161438
1,DROSOPHILA_TRANSFER__DROSOPHILA,12,-1,200,0.021132446825504303,0.1982000172138214,0.1982000470161438
1,DROSOPHILA_TRANSFER__DROSOPHILA,13,1,200,0.02122640609741211,0.1982000172138214,0.19790002703666687
1,DROSOPHILA_TRANSFER__DROSOPHILA,14,-1,200,0.021320514380931854,0.19790002703666687,0.19790002703666687
1,DROSOPHILA_TRANSFER__DROSOPHILA,15,1,200,0.02141447924077511,0.19790002703666687,0.19760003685951233
1,DROSOPHILA_TRANSFER__DROSOPHILA,16,-1,200,0.021508585661649704,0.19760003685951233,0.19760003685951233
1,DROSOPHILA_TRANSFER__DROSOPHILA,17,1,200,0.02160254679620266,0.19760003685951233,0.1973000317811966
1,DROSOPHILA_TRANSFER__DROSOPHILA,18,-1,200,0.021696656942367554,0.1973000168800354,0.1973000317811966
1,DROSOPHILA_TRANSFER__DROSOPHILA,19,1,200,0.02179061435163021,0.1973000168800354,0.19700002670288086
1,DROSOPHILA_TRANSFER__DROSOPHILA,20,-1,200,0.021884724497795105,0.19700002670288086,0.19700002670288086
2,DROSOPHILA_TRANSFER__DROSOPHILA,1,1,200,0.02009802684187889,0.20000003278255463,0.1997000277042389
2,DROSOPHILA_TRANSFER__DROSOPHILA,2,-1,200,0.020191049203276634,0.1997000277042389,0.1997000277042389
2,DROSOPHILA_TRANSFER__DROSOPHILA,3,1,200,0.020283915102481842,0.1997000277042389,0.19940002262592316
2,DROSOPHILA_TRANSFER__DROSOPHILA,4,-1,200,0.020376935601234436,0.19940002262592316,0.19940002262592316
2,DROSOPHILA_TRANSFER__DROSOPHILA,5,1,200,0.02046980895102024,0.19940002262592316,0.19910003244876862
2,DROSOPHILA_TRANSFER__DROSOPHILA,6,-1,200,0.020562829449772835,0.19910003244876862,0.19910003244876862
2,DROSOPHILA_TRANSFER__DROSOPHILA,7,1,200,0.02065569907426834,0.19910003244876862,0.19880002737045288
2,DROSOPHILA_TRANSFER__DROSOPHILA,8,-1,200,0.020748721435666084,0.19880004227161407,0.19880002737045288
2,DROSOPHILA_TRANSFER__DROSOPHILA,9,1,200,0.020841583609580994,0.19880004227161407,0.19850003719329834
2,DROSOPHILA_TRANSFER__DROSOPHILA,10,-1,200,0.020934609696269035,0.19850003719329834,0.19850003719329834
2,DROSOPHILA_TRANSFER__DROSOPHILA,11,1,200,0.021027477458119392,0.19850003719329834,0.1982000470161438
2,DROSOPHILA_TRANSFER__DROSOPHILA,12,-1,200,0.021120503544807434,0.1982000470161438,0.1982000470161438
2,DROSOPHILA_TRANSFER__DROSOPHILA,13,1,200,0.021213363856077194,0.1982000470161438,0.19790002703666687
2,DROSOPHILA_TRANSFER__DROSOPHILA,14,-1,200,0.021306389942765236,0.19790002703666687,0.19790002703666687
2,DROSOPHILA_TRANSFER__DROSOPHILA,15,1,200,0.021399255841970444,0.19790002703666687,0.19760003685951233
2,DROSOPHILA_TRANSFER__DROSOPHILA,16,-1,200,0.021492281928658485,0.19760002195835114,0.19760003685951233
2,DROSOPHILA_TRANSFER__DROSOPHILA,17,1,200,0.021585144102573395,0.19760002195835114,0.1973000168800354
2,DROSOPHILA_TRANSFER__DROSOPHILA,18,-1,200,0.021678172051906586,0.1973000168800354,0.1973000168800354
2,DROSOPHILA_TRANSFER__DROSOPHILA,19,1,200,0.021771032363176346,0.1973000168800354,0.19700002670288086
2,DROSOPHILA_TRANSFER__DROSOPHILA,20,-1,200,0.021864058449864388,0.19700002670288086,0.19700002670288086
3,DROSOPHILA_TRANSFER__DROSOPHILA,1,1,200,0.02009798400104046,0.20000003278255463,0.1997000277042389
3,DROSOPHILA_TRANSFER__DROSOPHILA,2,-1,200,0.020192036405205727,0.1997000277042389,0.1997000277042389
3,DROSOPHILA_TRANSFER__DROSOPHILA,3,1,200,0.020285900682210922,0.1997000277042389,0.19940002262592316
3,DROSOPHILA_TRANSFER__DROSOPHILA,4,-1,200,0.020379947498440742,0.19940002262592316,0.19940002262592316
3,DROSOPHILA_TRANSFER__DROSOPHILA,5,1,200,0.020473811775445938,0.19940002262592316,0.19910003244876862
3,DROSOPHILA_TRANSFER__DROSOPHILA,6,-1,200,0.020567866042256355,0.19910001754760742,0.19910003244876862
3,DROSOPHILA_TRANSFER__DROSOPHILA,7,1,200,0.0206617284566164,0.19910001754760742,0.19880002737045288
3,DROSOPHILA_TRANSFER__DROSOPHILA,8,-1,200,0.02075578086078167,0.19880002737045288,0.19880002737045288
3,DROSOPHILA_TRANSFER__DROSOPHILA,9,1,200,0.020849645137786865,0.19880002737045288,0.19850003719329834
3,DROSOPHILA_TRANSFER__DROSOPHILA,10,-1,200,0.020943693816661835,0.19850003719329834,0.19850003719329834
3,DROSOPHILA_TRANSFER__DROSOPHILA,11,1,200,0.02103755809366703,0.19850003719329834,0.1982000321149826
3,DROSOPHILA_TRANSFER__DROSOPHILA,12,-1,200,0.02113160863518715,0.1982000470161438,0.1982000321149826
3,DROSOPHILA_TRANSFER__DROSOPHILA,13,1,200,0.021225476637482643,0.1982000470161438,0.19790002703666687
3,DROSOPHILA_TRANSFER__DROSOPHILA,14,-1,200,0.021319521591067314,0.19790002703666687,0.19790002703666687
3,DROSOPHILA_TRANSFER__DROSOPHILA,15,1,200,0.021413391456007957,0.19790002703666687,0.19760002195835114
3,DROSOPHILA_TRANSFER__DROSOPHILA,16,-1,200,0.021507438272237778,0.19760002195835114,0.19760002195835114
3,DROSOPHILA_TRANSFER__DROSOPHILA,17,1,200,0.021601306274533272,0.19760002195835114,0.1973000168800354
3,DROSOPHILA_TRANSFER__DROSOPHILA,18,-1,200,0.021695351228117943,0.1973000168800354,0.1973000168800354
3,DROSOPHILA_TRANSFER__DROSOPHILA,19,1,200,0.021789221093058586,0.1973000168800354,0.19700002670288086
3,DROSOPHILA_TRANSFER__DROSOPHILA,20,-1,200,0.021883266046643257,0.19700002670288086,0.19700002670288086
4,DROSOPHILA_TRANSFER__DROSOPHILA,1,1,200,0.020098097622394562,0.20000003278255463,0.1997000277042389
4,DROSOPHILA_TRANSFER__DROSOPHILA,2,-1,200,0.020192774012684822,0.1997000277042389,0.1997000277042389
4,DROSOPHILA_TRANSFER__DROSOPHILA,3,1,200,0.020287368446588516,0.1997000277042389,0.19940002262592316
4,DROSOPHILA_TRANSFER__DROSOPHILA,4,-1,200,0.020382046699523926,0.19940003752708435,0.19940002262592316
4,DROSOPHILA_TRANSFER__DROSOPHILA,5,1,200,0.02047664113342762,0.19940003752708435,0.19910003244876862
4,DROSOPHILA_TRANSFER__DROSOPHILA,6,-1,200,0.020571313798427582,0.19910003244876862,0.19910003244876862
4,DROSOPHILA_TRANSFER__DROSOPHILA,7,1,200,0.020665913820266724,0.19910003244876862,0.19880002737045288
4,DROSOPHILA_TRANSFER__DROSOPHILA,8,-1,200,0.020760586485266685,0.19880004227161407,0.19880002737045288
4,DROSOPHILA_TRANSFER__DROSOPHILA,9,1,200,0.02085518091917038,0.19880004227161407,0.19850003719329834
4,DROSOPHILA_TRANSFER__DROSOPHILA,10,-1,200,0.02094985544681549,0.19850003719329834,0.19850003719329834
4,DROSOPHILA_TRANSFER__DROSOPHILA,11,1,200,0.021044448018074036,0.19850003719329834,0.1982000321149826
4,DROSOPHILA_TRANSFER__DROSOPHILA,12,-1,200,0.021139124408364296,0.1982000470161438,0.1982000321149826
4,DROSOPHILA_TRANSFER__DROSOPHILA,13,1,200,0.02123371884226799,0.1982000470161438,0.19790002703666687
4,DROSOPHILA_TRANSFER__DROSOPHILA,14,-1,200,0.02132839523255825,0.19790002703666687,0.19790002703666687
4,DROSOPHILA_TRANSFER__DROSOPHILA,15,1,200,0.021422987803816795,0.19790002703666687,0.19760002195835114
4,DROSOPHILA_TRANSFER__DROSOPHILA,16,-1,200,0.021517667919397354,0.19760003685951233,0.19760002195835114
4,DROSOPHILA_TRANSFER__DROSOPHILA,17,1,200,0.0216122604906559,0.19760003685951233,0.1973000168800354
4,DROSOPHILA_TRANSFER__DROSOPHILA,18,-1,200,0.02170693874359131,0.1973000466823578,0.1973000168800354
4,DROSOPHILA_TRANSFER__DROSOPHILA,19,1,200,0.021801531314849854,0.1973000466823578,0.19700002670288086
4,DROSOPHILA_TRANSFER__DROSOPHILA,20,-1,200,0.021896203979849815,0.19700002670288086,0.19700002670288086
5,DROSOPHILA_TRANSFER__DROSOPHILA,1,1,200,0.020098164677619934,0.20000003278255463,0.1997000277042389
5,DROSOPHILA_TRANSFER__DROSOPHILA,2,-1,200,0.020192259922623634,0.1997000277042389,0.1997000277042389
5,DROSOPHILA_TRANSFER__DROSOPHILA,3,1,200,0.02028631791472435,0.1997000277042389,0.19940002262592316
5,DROSOPHILA_TRANSFER__DROSOPHILA,4,-1,200,0.02038041315972805,0.19940002262592316,0.19940002262592316
5,DROSOPHILA_TRANSFER__DROSOPHILA,5,1,200,0.020474476739764214,0.19940002262592316,0.19910003244876862
5,DROSOPHILA_TRANSFER__DROSOPHILA,6,-1,200,0.020568566396832466,0.19910003244876862,0.19910003244876862
5,DROSOPHILA_TRANSFER__DROSOPHILA,7,1,200,0.02066263183951378,0.19910003244876862,0.19880002737045288
5,DROSOPHILA_TRANSFER__DROSOPHILA,8,-1,200,0.020756728947162628,0.19880002737045288,0.19880002737045288
5,DROSOPHILA_TRANSFER__DROSOPHILA,9,1,200,0.020850781351327896,0.19880002737045288,0.19850003719329834
5,DROSOPHILA_TRANSFER__DROSOPHILA,10,-1,200,0.020944880321621895,0.19850003719329834,0.19850003719329834
5,DROSOPHILA_TRANSFER__DROSOPHILA,11,1,200,0.02103893831372261,0.19850003719329834,0.1982000321149826
5,DROSOPHILA_TRANSFER__DROSOPHILA,12,-1,200,0.02113303542137146,0.1982000470161438,0.1982000321149826
5,DROSOPHILA_TRANSFER__DROSOPHILA,13,1,200,0.021227097138762474,0.1982000470161438,0.19790004193782806
5,DROSOPHILA_TRANSFER__DROSOPHILA,14,-1,200,0.021321188658475876,0.19790002703666687,0.19790004193782806
5,DROSOPHILA_TRANSFER__DROSOPHILA,15,1,200,0.02141525410115719,0.19790002703666687,0.19760003685951233
5,DROSOPHILA_TRANSFER__DROSOPHILA,16,-1,200,0.02150934562087059,0.19760002195835114,0.19760003685951233
5,DROSOPHILA_TRANSFER__DROSOPHILA,17,1,200,0.021603405475616455,0.19760002195835114,0.1973000168800354
5,DROSOPHILA_TRANSFER__DROSOPHILA,18,-1,200,0.021697502583265305,0.1973000168800354,0.1973000168800354
5,DROSOPHILA_TRANSFER__DROSOPHILA,19,1,200,0.02179156057536602,0.1973000168800354,0.19700002670288086
5,DROSOPHILA_TRANSFER__DROSOPHILA,20,-1,200,0.02188565395772457,0.19700002670288086,0.19700002670288086
6,DROSOPHILA_TRANSFER__DROSOPHILA,1,1,200,0.020098034292459488,0.20000003278255463,0.19970004260540009
6,DROSOPHILA_TRANSFER__DROSOPHILA,2,-1,200,0.020192472264170647,0.1997000277042389,0.19970004260540009
6,DROSOPHILA_TRANSFER__DROSOPHILA,3,1,200,0.020286770537495613,0.1997000277042389,0.19940002262592316
6,DROSOPHILA_TRANSFER__DROSOPHILA,4,-1,200,0.020381202921271324,0.19940002262592316,0.19940002262592316
6,DROSOPHILA_TRANSFER__DROSOPHILA,5,1,200,0.02047550491988659,0.19940002262592316,0.19910001754760742
6,DROSOPHILA_TRANSFER__DROSOPHILA,6,-1,200,0.02056993916630745,0.19910003244876862,0.19910001754760742
6,DROSOPHILA_TRANSFER__DROSOPHILA,7,1,200,0.020664237439632416,0.19910003244876862,0.19880002737045288
6,DROSOPHILA_TRANSFER__DROSOPHILA,8,-1,200,0.020758677273988724,0.19880002737045288,0.19880002737045288
6,DROSOPHILA_TRANSFER__DROSOPHILA,9,1,200,0.02085297182202339,0.19880002737045288,0.19850005209445953
6,DROSOPHILA_TRANSFER__DROSOPHILA,10,-1,200,0.020947415381669998,0.19850003719329834,0.19850005209445953
6,DROSOPHILA_TRANSFER__DROSOPHILA,11,1,200,0.021041708067059517,0.19850003719329834,0.1982000470161438
6,DROSOPHILA_TRANSFER__DROSOPHILA,12,-1,200,0.021136144176125526,0.1982000321149826,0.1982000470161438
6,DROSOPHILA_TRANSFER__DROSOPHILA,13,1,200,0.021230442449450493,0.1982000321149826,0.19790002703666687
6,DROSOPHILA_TRANSFER__DROSOPHILA,14,-1,200,0.02132488042116165,0.19790002703666687,0.19790002703666687
6,DROSOPHILA_TRANSFER__DROSOPHILA,15,1,200,0.02141917683184147,0.19790002703666687,0.19760003685951233
6,DROSOPHILA_TRANSFER__DROSOPHILA,16,-1,200,0.021513614803552628,0.19760003685951233,0.19760003685951233
6,DROSOPHILA_TRANSFER__DROSOPHILA,17,1,200,0.021607914939522743,0.19760003685951233,0.1973000168800354
6,DROSOPHILA_TRANSFER__DROSOPHILA,18,-1,200,0.021702349185943604,0.1973000168800354,0.1973000168800354
6,DROSOPHILA_TRANSFER__DROSOPHILA,19,1,200,0.02179665118455887,0.1973000168800354,0.19700002670288086
6,DROSOPHILA_TRANSFER__DROSOPHILA,20,-1,200,0.02189108356833458,0.19700002670288086,0.19700002670288086
7,DROSOPHILA_TRANSFER__DROSOPHILA,1,1,200,0.020098116248846054,0.20000003278255463,0.19970004260540009
7,DROSOPHILA_TRANSFER__DROSOPHILA,2,-1,200,0.020190877839922905,0.19970004260540009,0.19970004260540009
7,DROSOPHILA_TRANSFER__DROSOPHILA,3,1,200,0.020283598452806473,0.19970004260540009,0.19940002262592316
7,DROSOPHILA_TRANSFER__DROSOPHILA,4,-1,200,0.020376360043883324,0.19940002262592316,0.19940002262592316
7,DROSOPHILA_TRANSFER__DROSOPHILA,5,1,200,0.02046908251941204,0.19940002262592316,0.19910003244876862
7,DROSOPHILA_TRANSFER__DROSOPHILA,6,-1,200,0.02056184783577919,0.19910003244876862,0.19910003244876862
7,DROSOPHILA_TRANSFER__DROSOPHILA,7,1,200,0.020654570311307907,0.19910003244876862,0.19880002737045288
7,DROSOPHILA_TRANSFER__DROSOPHILA,8,-1,200,0.02074732817709446,0.19880002737045288,0.19880002737045288
7,DROSOPHILA_TRANSFER__DROSOPHILA,9,1,200,0.020840058103203773,0.19880002737045288,0.19850003719329834
7,DROSOPHILA_TRANSFER__DROSOPHILA,10,-1,200,0.020932814106345177,0.19850003719329834,0.19850003719329834
7,DROSOPHILA_TRANSFER__DROSOPHILA,11,1,200,0.021025540307164192,0.19850003719329834,0.1982000470161438
7,DROSOPHILA_TRANSFER__DROSOPHILA,12,-1,200,0.021118298172950745,0.1982000470161438,0.1982000470161438
7,DROSOPHILA_TRANSFER__DROSOPHILA,13,1,200,0.02121102809906006,0.1982000470161438,0.19790002703666687
7,DROSOPHILA_TRANSFER__DROSOPHILA,14,-1,200,0.02130378596484661,0.19790002703666687,0.19790002703666687
7,DROSOPHILA_TRANSFER__DROSOPHILA,15,1,200,0.021396510303020477,0.19790002703666687,0.19760003685951233
7,DROSOPHILA_TRANSFER__DROSOPHILA,16,-1,200,0.021489271894097328,0.19760003685951233,0.19760003685951233
7,DROSOPHILA_TRANSFER__DROSOPHILA,17,1,200,0.021581999957561493,0.19760003685951233,0.1973000317811966
7,DROSOPHILA_TRANSFER__DROSOPHILA,18,-1,200,0.021674755960702896,0.1973000168800354,0.1973000317811966
7,DROSOPHILA_TRANSFER__DROSOPHILA,19,1,200,0.021767480298876762,0.1973000168800354,0.19700002670288086
7,DROSOPHILA_TRANSFER__DROSOPHILA,20,-1,200,0.021860240027308464,0.19700002670288086,0.19700002670288086
8,DROSOPHILA_TRANSFER__DROSOPHILA,1,1,200,0.020097969099879265,0.20000003278255463,0.1997000277042389
8,DROSOPHILA_TRANSFER__DROSOPHILA,2,-1,200,0.02019280195236206,0.1997000277042389,0.1997000277042389
8,DROSOPHILA_TRANSFER__DROSOPHILA,3,1,200,0.02028740756213665,0.1997000277042389,0.19940002262592316
8,DROSOPHILA_TRANSFER__DROSOPHILA,4,-1,200,0.020382240414619446,0.19940002262592316,0.19940002262592316
8,DROSOPHILA_TRANSFER__DROSOPHILA,5,1,200,0.020476851612329483,0.19940002262592316,0.19910001754760742
8,DROSOPHILA_TRANSFER__DROSOPHILA,6,-1,200,0.02057167887687683,0.19910003244876862,0.19910001754760742
8,DROSOPHILA_TRANSFER__DROSOPHILA,7,1,200,0.02066628821194172,0.19910003244876862,0.19880002737045288
8,DROSOPHILA_TRANSFER__DROSOPHILA,8,-1,200,0.020761117339134216,0.1988000124692917,0.19880002737045288
8,DROSOPHILA_TRANSFER__DROSOPHILA,9,1,200,0.020855726674199104,0.1988000124692917,0.19850003719329834
8,DROSOPHILA_TRANSFER__DROSOPHILA,10,-1,200,0.0209505558013916,0.19850003719329834,0.19850003719329834
8,DROSOPHILA_TRANSFER__DROSOPHILA,11,1,200,0.021045170724391937,0.19850003719329834,0.1982000321149826
8,DROSOPHILA_TRANSFER__DROSOPHILA,12,-1,200,0.021139997988939285,0.1982000321149826,0.1982000321149826
8,DROSOPHILA_TRANSFER__DROSOPHILA,13,1,200,0.021234609186649323,0.1982000321149826,0.19790002703666687
8,DROSOPHILA_TRANSFER__DROSOPHILA,14,-1,200,0.02132944017648697,0.19790002703666687,0.19790002703666687
8,DROSOPHILA_TRANSFER__DROSOPHILA,15,1,200,0.021424049511551857,0.19790002703666687,0.19760002195835114
8,DROSOPHILA_TRANSFER__DROSOPHILA,16,-1,200,0.021518878638744354,0.19760003685951233,0.19760002195835114
8,DROSOPHILA_TRANSFER__DROSOPHILA,17,1,200,0.02161349169909954,0.19760003685951233,0.1973000317811966
8,DROSOPHILA_TRANSFER__DROSOPHILA,18,-1,200,0.021708320826292038,0.1973000168800354,0.1973000317811966
8,DROSOPHILA_TRANSFER__DROSOPHILA,19,1,200,0.021802930161356926,0.1973000168800354,0.19700002670288086
8,DROSOPHILA_TRANSFER__DROSOPHILA,20,-1,200,0.021897761151194572,0.19700002670288086,0.19700002670288086
9,DROSOPHILA_TRANSFER__DROSOPHILA,1,1,200,0.020098034292459488,0.20000003278255463,0.19970004260540009
9,DROSOPHILA_TRANSFER__DROSOPHILA,2,-1,200,0.020193200558423996,0.19970004260540009,0.19970004260540009
9,DROSOPHILA_TRANSFER__DROSOPHILA,3,1,200,0.02028818428516388,0.19970004260540009,0.19940002262592316
9,DROSOPHILA_TRANSFER__DROSOPHILA,4,-1,200,0.020383352413773537,0.19940002262592316,0.19940002262592316
9,DROSOPHILA_TRANSFER__DROSOPHILA,5,1,200,0.02047833800315857,0.19940002262592316,0.19910003244876862
9,DROSOPHILA_TRANSFER__DROSOPHILA,6,-1,200,0.02057350054383278,0.19910001754760742,0.19910003244876862
9,DROSOPHILA_TRANSFER__DROSOPHILA,7,1,200,0.02066848613321781,0.19910001754760742,0.19880002737045288
9,DROSOPHILA_TRANSFER__DROSOPHILA,8,-1,200,0.020763646811246872,0.19880002737045288,0.19880002737045288
9,DROSOPHILA_TRANSFER__DROSOPHILA,9,1,200,0.020858630537986755,0.19880002737045288,0.19850003719329834
9,DROSOPHILA_TRANSFER__DROSOPHILA,10,-1,200,0.020953798666596413,0.19850003719329834,0.19850003719329834
9,DROSOPHILA_TRANSFER__DROSOPHILA,11,1,200,0.021048786118626595,0.19850003719329834,0.1982000470161438
9,DROSOPHILA_TRANSFER__DROSOPHILA,12,-1,200,0.021143950521945953,0.1982000321149826,0.1982000470161438
9,DROSOPHILA_TRANSFER__DROSOPHILA,13,1,200,0.021238932386040688,0.1982000321149826,0.19790002703666687
9,DROSOPHILA_TRANSFER__DROSOPHILA,14,-1,200,0.021334098652005196,0.19790002703666687,0.19790002703666687
9,DROSOPHILA_TRANSFER__DROSOPHILA,15,1,200,0.021429086104035378,0.19790002703666687,0.19760003685951233
9,DROSOPHILA_TRANSFER__DROSOPHILA,16,-1,200,0.021524250507354736,0.19760003685951233,0.19760003685951233
9,DROSOPHILA_TRANSFER__DROSOPHILA,17,1,200,0.021619237959384918,0.19760003685951233,0.1973000317811966
9,DROSOPHILA_TRANSFER__DROSOPHILA,18,-1,200,0.02171439863741398,0.1973000168800354,0.1973000317811966
9,DROSOPHILA_TRANSFER__DROSOPHILA,19,1,200,0.02180938422679901,0.1973000168800354,0.19700002670288086
9,DROSOPHILA_TRANSFER__DROSOPHILA,20,-1,200,0.02190455049276352,0.19700002670288086,0.19700002670288086
10,DROSOPHILA_TRANSFER__DROSOPHILA,1,1,200,0.020098106935620308,0.20000003278255463,0.1997000277042389
10,DROSOPHILA_TRANSFER__DROSOPHILA,2,-1,200,0.020193347707390785,0.1997000277042389,0.1997000277042389
10,DROSOPHILA_TRANSFER__DROSOPHILA,3,1,200,0.02028846926987171,0.1997000277042389,0.19940002262592316
10,DROSOPHILA_TRANSFER__DROSOPHILA,4,-1,200,0.020383702591061592,0.19940002262592316,0.19940002262592316
10,DROSOPHILA_TRANSFER__DROSOPHILA,5,1,200,0.020478829741477966,0.19940002262592316,0.19910003244876862
10,DROSOPHILA_TRANSFER__DROSOPHILA,6,-1,200,0.020574064925312996,0.19910003244876862,0.19910003244876862
10,DROSOPHILA_TRANSFER__DROSOPHILA,7,1,200,0.020669186487793922,0.19910003244876862,0.19880002737045288
10,DROSOPHILA_TRANSFER__DROSOPHILA,8,-1,200,0.0207644235342741,0.19880002737045288,0.19880002737045288
10,DROSOPHILA_TRANSFER__DROSOPHILA,9,1,200,0.020859545096755028,0.19880002737045288,0.19850003719329834
10,DROSOPHILA_TRANSFER__DROSOPHILA,10,-1,200,0.020954785868525505,0.19850003719329834,0.19850003719329834
10,DROSOPHILA_TRANSFER__DROSOPHILA,11,1,200,0.02104990929365158,0.19850003719329834,0.1982000321149826
10,DROSOPHILA_TRANSFER__DROSOPHILA,12,-1,200,0.02114514447748661,0.1982000470161438,0.1982000321149826
10,DROSOPHILA_TRANSFER__DROSOPHILA,13,1,200,0.021240273490548134,0.1982000470161438,0.19790002703666687
10,DROSOPHILA_TRANSFER__DROSOPHILA,14,-1,200,0.021335504949092865,0.19790002703666687,0.19790002703666687
10,DROSOPHILA_TRANSFER__DROSOPHILA,15,1,200,0.02143063023686409,0.19790002703666687,0.19760003685951233
10,DROSOPHILA_TRANSFER__DROSOPHILA,16,-1,200,0.02152586355805397,0.19760002195835114,0.19760003685951233
10,DROSOPHILA_TRANSFER__DROSOPHILA,17,1,200,0.021620990708470345,0.19760002195835114,0.1973000168800354
10,DROSOPHILA_TRANSFER__DROSOPHILA,18,-1,200,0.021716227754950523,0.1973000168800354,0.1973000168800354
10,DROSOPHILA_TRANSFER__DROSOPHILA,19,1,200,0.02181135304272175,0.1973000168800354,0.19700002670288086
10,DROSOPHILA_TRANSFER__DROSOPHILA,20,-1,200,0.02190658263862133,0.19700002670288086,0.19700002670288086
11,DROSOPHILA_TRANSFER__DROSOPHILA,1,1,200,0.020097995176911354,0.20000003278255463,0.1997000277042389
11,DROSOPHILA_TRANSFER__DROSOPHILA,2,-1,200,0.020192621275782585,0.1997000277042389,0.1997000277042389
11,DROSOPHILA_TRANSFER__DROSOPHILA,3,1,200,0.020287079736590385,0.1997000277042389,0.19940002262592316
11,DROSOPHILA_TRANSFER__DROSOPHILA,4,-1,200,0.020381703972816467,0.19940002262592316,0.19940002262592316
11,DROSOPHILA_TRANSFER__DROSOPHILA,5,1,200,0.020476169884204865,0.19940002262592316,0.19910003244876862
11,DROSOPHILA_TRANSFER__DROSOPHILA,6,-1,200,0.020570794120430946,0.19910003244876862,0.19910003244876862
11,DROSOPHILA_TRANSFER__DROSOPHILA,7,1,200,0.020665248855948448,0.19910003244876862,0.19880002737045288
11,DROSOPHILA_TRANSFER__DROSOPHILA,8,-1,200,0.02075987495481968,0.1988000124692917,0.19880002737045288
11,DROSOPHILA_TRANSFER__DROSOPHILA,9,1,200,0.02085433527827263,0.1988000124692917,0.19850003719329834
11,DROSOPHILA_TRANSFER__DROSOPHILA,10,-1,200,0.02094896323978901,0.19850003719329834,0.19850003719329834
11,DROSOPHILA_TRANSFER__DROSOPHILA,11,1,200,0.02104341983795166,0.19850003719329834,0.1982000321149826
11,DROSOPHILA_TRANSFER__DROSOPHILA,12,-1,200,0.021138042211532593,0.1982000470161438,0.1982000321149826
11,DROSOPHILA_TRANSFER__DROSOPHILA,13,1,200,0.02123250812292099,0.1982000470161438,0.19790002703666687
11,DROSOPHILA_TRANSFER__DROSOPHILA,14,-1,200,0.021327130496501923,0.19790004193782806,0.19790002703666687
11,DROSOPHILA_TRANSFER__DROSOPHILA,15,1,200,0.02142159454524517,0.19790004193782806,0.19760003685951233
11,DROSOPHILA_TRANSFER__DROSOPHILA,16,-1,200,0.021516213193535805,0.19760002195835114,0.19760003685951233
11,DROSOPHILA_TRANSFER__DROSOPHILA,17,1,200,0.021610675379633904,0.19760002195835114,0.1973000168800354
11,DROSOPHILA_TRANSFER__DROSOPHILA,18,-1,200,0.021705303341150284,0.1973000317811966,0.1973000168800354
11,DROSOPHILA_TRANSFER__DROSOPHILA,19,1,200,0.021799758076667786,0.1973000317811966,0.19700002670288086
11,DROSOPHILA_TRANSFER__DROSOPHILA,20,-1,200,0.021894387900829315,0.19700002670288086,0.19700002670288086
12,DROSOPHILA_TRANSFER__DROSOPHILA,1,1,200,0.020098146051168442,0.20000003278255463,0.1997000277042389
12,DROSOPHILA_TRANSFER__DROSOPHILA,2,-1,200,0.02019277773797512,0.1997000277042389,0.1997000277042389
12,DROSOPHILA_TRANSFER__DROSOPHILA,3,1,200,0.020287401974201202,0.1997000277042389,0.19940002262592316
12,DROSOPHILA_TRANSFER__DROSOPHILA,4,-1,200,0.02038203552365303,0.19940002262592316,0.19940002262592316
12,DROSOPHILA_TRANSFER__DROSOPHILA,5,1,200,0.020476656034588814,0.19940002262592316,0.19910003244876862
12,DROSOPHILA_TRANSFER__DROSOPHILA,6,-1,200,0.02057129144668579,0.19910001754760742,0.19910003244876862
12,DROSOPHILA_TRANSFER__DROSOPHILA,7,1,200,0.020665910094976425,0.19910001754760742,0.19880002737045288
12,DROSOPHILA_TRANSFER__DROSOPHILA,8,-1,200,0.0207605492323637,0.19880002737045288,0.19880002737045288
12,DROSOPHILA_TRANSFER__DROSOPHILA,9,1,200,0.020855160430073738,0.19880002737045288,0.19850003719329834
12,DROSOPHILA_TRANSFER__DROSOPHILA,10,-1,200,0.020949801430106163,0.19850003719329834,0.19850003719329834
12,DROSOPHILA_TRANSFER__DROSOPHILA,11,1,200,0.021044421941041946,0.19850003719329834,0.1982000321149826
12,DROSOPHILA_TRANSFER__DROSOPHILA,12,-1,200,0.021139053627848625,0.1982000321149826,0.1982000321149826
12,DROSOPHILA_TRANSFER__DROSOPHILA,13,1,200,0.02123367413878441,0.1982000321149826,0.19790002703666687
12,DROSOPHILA_TRANSFER__DROSOPHILA,14,-1,200,0.021328313276171684,0.19790004193782806,0.19790002703666687
12,DROSOPHILA_TRANSFER__DROSOPHILA,15,1,200,0.02142293006181717,0.19790004193782806,0.19760003685951233
12,DROSOPHILA_TRANSFER__DROSOPHILA,16,-1,200,0.021517563611268997,0.19760003685951233,0.19760003685951233
12,DROSOPHILA_TRANSFER__DROSOPHILA,17,1,200,0.02161218784749508,0.19760003685951233,0.1973000317811966
12,DROSOPHILA_TRANSFER__DROSOPHILA,18,-1,200,0.021706823259592056,0.1973000168800354,0.1973000317811966
12,DROSOPHILA_TRANSFER__DROSOPHILA,19,1,200,0.02180144377052784,0.1973000168800354,0.19700002670288086
12,DROSOPHILA_TRANSFER__DROSOPHILA,20,-1,200,0.02189607359468937,0.19700002670288086,0.19700002670288086
13,DROSOPHILA_TRANSFER__DROSOPHILA,1,1,200,0.020098114386200905,0.20000003278255463,0.1997000277042389
13,DROSOPHILA_TRANSFER__DROSOPHILA,2,-1,200,0.020192984491586685,0.1997000277042389,0.1997000277042389
13,DROSOPHILA_TRANSFER__DROSOPHILA,3,1,200,0.020287834107875824,0.1997000277042389,0.19940002262592316
13,DROSOPHILA_TRANSFER__DROSOPHILA,4,-1,200,0.020382704213261604,0.19940002262592316,0.19940002262592316
13,DROSOPHILA_TRANSFER__DROSOPHILA,5,1,200,0.020477553829550743,0.19940002262592316,0.19910003244876862
13,DROSOPHILA_TRANSFER__DROSOPHILA,6,-1,200,0.020572420209646225,0.19910003244876862,0.19910003244876862
13,DROSOPHILA_TRANSFER__DROSOPHILA,7,1,200,0.02066727541387081,0.19910003244876862,0.19880002737045288
13,DROSOPHILA_TRANSFER__DROSOPHILA,8,-1,200,0.020762143656611443,0.19880002737045288,0.19880002737045288
13,DROSOPHILA_TRANSFER__DROSOPHILA,9,1,200,0.02085699513554573,0.19880002737045288,0.19850003719329834
13,DROSOPHILA_TRANSFER__DROSOPHILA,10,-1,200,0.02095186524093151,0.19850003719329834,0.19850003719329834
13,DROSOPHILA_TRANSFER__DROSOPHILA,11,1,200,0.0210467129945755,0.19850003719329834,0.1982000470161438
13,DROSOPHILA_TRANSFER__DROSOPHILA,12,-1,200,0.02114158123731613,0.1982000321149826,0.1982000470161438
13,DROSOPHILA_TRANSFER__DROSOPHILA,13,1,200,0.021236436441540718,0.1982000321149826,0.19790002703666687
13,DROSOPHILA_TRANSFER__DROSOPHILA,14,-1,200,0.0213313028216362,0.19790002703666687,0.19790002703666687
13,DROSOPHILA_TRANSFER__DROSOPHILA,15,1,200,0.021426154300570488,0.19790002703666687,0.19760003685951233
13,DROSOPHILA_TRANSFER__DROSOPHILA,16,-1,200,0.02152102254331112,0.19760003685951233,0.19760003685951233
13,DROSOPHILA_TRANSFER__DROSOPHILA,17,1,200,0.021615875884890556,0.19760003685951233,0.1973000317811966
13,DROSOPHILA_TRANSFER__DROSOPHILA,18,-1,200,0.021710744127631187,0.1973000317811966,0.1973000317811966
13,DROSOPHILA_TRANSFER__DROSOPHILA,19,1,200,0.021805593743920326,0.1973000317811966,0.19700002670288086
13,DROSOPHILA_TRANSFER__DROSOPHILA,20,-1,200,0.021900465711951256,0.19700002670288086,0.19700002670288086
14,DROSOPHILA_TRANSFER__DROSOPHILA,1,1,200,0.02009810507297516,0.20000003278255463,0.1997000277042389
14,DROSOPHILA_TRANSFER__DROSOPHILA,2,-1,200,0.020193027332425117,0.1997000277042389,0.1997000277042389
14,DROSOPHILA_TRANSFER__DROSOPHILA,3,1,200,0.0202878937125206,0.1997000277042389,0.19940003752708435
14,DROSOPHILA_TRANSFER__DROSOPHILA,4,-1,200,0.02038281410932541,0.19940002262592316,0.19940003752708435
14,DROSOPHILA_TRANSFER__DROSOPHILA,5,1,200,0.02047768607735634,0.19940002262592316,0.19910003244876862
14,DROSOPHILA_TRANSFER__DROSOPHILA,6,-1,200,0.02057260274887085,0.19910001754760742,0.19910003244876862
14,DROSOPHILA_TRANSFER__DROSOPHILA,7,1,200,0.020667478442192078,0.19910001754760742,0.19880004227161407
14,DROSOPHILA_TRANSFER__DROSOPHILA,8,-1,200,0.02076239511370659,0.1988000124692917,0.19880004227161407
14,DROSOPHILA_TRANSFER__DROSOPHILA,9,1,200,0.020857257768511772,0.1988000124692917,0.19850003719329834
14,DROSOPHILA_TRANSFER__DROSOPHILA,10,-1,200,0.020952187478542328,0.19850003719329834,0.19850003719329834
14,DROSOPHILA_TRANSFER__DROSOPHILA,11,1,200,0.02104705385863781,0.19850003719329834,0.1982000321149826
14,DROSOPHILA_TRANSFER__DROSOPHILA,12,-1,200,0.02114197425544262,0.1982000470161438,0.1982000321149826
14,DROSOPHILA_TRANSFER__DROSOPHILA,13,1,200,0.02123684622347355,0.1982000470161438,0.19790002703666687
14,DROSOPHILA_TRANSFER__DROSOPHILA,14,-1,200,0.021331770345568657,0.19790004193782806,0.19790002703666687
14,DROSOPHILA_TRANSFER__DROSOPHILA,15,1,200,0.02142663300037384,0.19790004193782806,0.19760003685951233
14,DROSOPHILA_TRANSFER__DROSOPHILA,16,-1,200,0.02152155339717865,0.19760003685951233,0.19760003685951233
14,DROSOPHILA_TRANSFER__DROSOPHILA,17,1,200,0.02161642163991928,0.19760003685951233,0.1973000317811966
14,DROSOPHILA_TRANSFER__DROSOPHILA,18,-1,200,0.02171134576201439,0.1973000168800354,0.1973000317811966
14,DROSOPHILA_TRANSFER__DROSOPHILA,19,1,200,0.02180621400475502,0.1973000168800354,0.19700002670288086
14,DROSOPHILA_TRANSFER__DROSOPHILA,20,-1,200,0.02190113253891468,0.19700002670288086,0.19700002670288086
15,DROSOPHILA_TRANSFER__DROSOPHILA,1,1,200,0.020097970962524414,0.20000003278255463,0.1997000277042389
15,DROSOPHILA_TRANSFER__DROSOPHILA,2,-1,200,0.020192623138427734,0.19970004260540009,0.1997000277042389
15,DROSOPHILA_TRANSFER__DROSOPHILA,3,1,200,0.020287102088332176,0.19970004260540009,0.19940002262592316
15,DROSOPHILA_TRANSFER__DROSOPHILA,4,-1,200,0.020381756126880646,0.19940002262592316,0.19940002262592316
15,DROSOPHILA_TRANSFER__DROSOPHILA,5,1,200,0.02047622762620449,0.19940002262592316,0.19910003244876862
15,DROSOPHILA_TRANSFER__DROSOPHILA,6,-1,200,0.02057088352739811,0.19910001754760742,0.19910003244876862
15,DROSOPHILA_TRANSFER__DROSOPHILA,7,1,200,0.020665360614657402,0.19910001754760742,0.19880002737045288
15,DROSOPHILA_TRANSFER__DROSOPHILA,8,-1,200,0.02076001651585102,0.19880004227161407,0.19880002737045288
15,DROSOPHILA_TRANSFER__DROSOPHILA,9,1,200,0.020854488015174866,0.19880004227161407,0.19850003719329834
15,DROSOPHILA_TRANSFER__DROSOPHILA,10,-1,200,0.020949145779013634,0.19850003719329834,0.19850003719329834
15,DROSOPHILA_TRANSFER__DROSOPHILA,11,1,200,0.02104361727833748,0.19850003719329834,0.1982000321149826
15,DROSOPHILA_TRANSFER__DROSOPHILA,12,-1,200,0.021138271316885948,0.1982000470161438,0.1982000321149826
15,DROSOPHILA_TRANSFER__DROSOPHILA,13,1,200,0.02123274840414524,0.1982000470161438,0.19790002703666687
15,DROSOPHILA_TRANSFER__DROSOPHILA,14,-1,200,0.02132740430533886,0.19790002703666687,0.19790002703666687
15,DROSOPHILA_TRANSFER__DROSOPHILA,15,1,200,0.021421879529953003,0.19790002703666687,0.19760003685951233
15,DROSOPHILA_TRANSFER__DROSOPHILA,16,-1,200,0.021516533568501472,0.19760002195835114,0.19760003685951233
15,DROSOPHILA_TRANSFER__DROSOPHILA,17,1,200,0.021611012518405914,0.19760002195835114,0.1973000168800354
15,DROSOPHILA_TRANSFER__DROSOPHILA,18,-1,200,0.021705666556954384,0.1973000168800354,0.1973000168800354
15,DROSOPHILA_TRANSFER__DROSOPHILA,19,1,200,0.02180013619363308,0.1973000168800354,0.19700002670288086
15,DROSOPHILA_TRANSFER__DROSOPHILA,20,-1,200,0.021894797682762146,0.19700002670288086,0.19700002670288086
16,DROSOPHILA_TRANSFER__DROSOPHILA,1,1,200,0.020098106935620308,0.20000003278255463,0.19970004260540009
16,DROSOPHILA_TRANSFER__DROSOPHILA,2,-1,200,0.020191673189401627,0.1997000277042389,0.19970004260540009
16,DROSOPHILA_TRANSFER__DROSOPHILA,3,1,200,0.020285161212086678,0.1997000277042389,0.19940002262592316
16,DROSOPHILA_TRANSFER__DROSOPHILA,4,-1,200,0.0203787200152874,0.19940002262592316,0.19940002262592316
16,DROSOPHILA_TRANSFER__DROSOPHILA,5,1,200,0.0204722061753273,0.19940002262592316,0.19910003244876862
16,DROSOPHILA_TRANSFER__DROSOPHILA,6,-1,200,0.02056576870381832,0.19910003244876862,0.19910003244876862
16,DROSOPHILA_TRANSFER__DROSOPHILA,7,1,200,0.02065925858914852,0.19910003244876862,0.19880002737045288
16,DROSOPHILA_TRANSFER__DROSOPHILA,8,-1,200,0.020752819254994392,0.19880002737045288,0.19880002737045288
16,DROSOPHILA_TRANSFER__DROSOPHILA,9,1,200,0.02084631286561489,0.19880002737045288,0.19850003719329834
16,DROSOPHILA_TRANSFER__DROSOPHILA,10,-1,200,0.020939869806170464,0.19850003719329834,0.19850003719329834
16,DROSOPHILA_TRANSFER__DROSOPHILA,11,1,200,0.021033361554145813,0.19850003719329834,0.1982000470161438
16,DROSOPHILA_TRANSFER__DROSOPHILA,12,-1,200,0.021126916632056236,0.1982000321149826,0.1982000470161438
16,DROSOPHILA_TRANSFER__DROSOPHILA,13,1,200,0.021220408380031586,0.1982000321149826,0.19790002703666687
16,DROSOPHILA_TRANSFER__DROSOPHILA,14,-1,200,0.021313972771167755,0.19790002703666687,0.19790002703666687
16,DROSOPHILA_TRANSFER__DROSOPHILA,15,1,200,0.021407460793852806,0.19790002703666687,0.19760003685951233
16,DROSOPHILA_TRANSFER__DROSOPHILA,16,-1,200,0.021501019597053528,0.19760003685951233,0.19760003685951233
16,DROSOPHILA_TRANSFER__DROSOPHILA,17,1,200,0.021594509482383728,0.19760003685951233,0.1973000168800354
16,DROSOPHILA_TRANSFER__DROSOPHILA,18,-1,200,0.021688072010874748,0.1973000317811966,0.1973000168800354
16,DROSOPHILA_TRANSFER__DROSOPHILA,19,1,200,0.02178155444562435,0.1973000317811966,0.19700002670288086
16,DROSOPHILA_TRANSFER__DROSOPHILA,20,-1,200,0.02187512256205082,0.19700002670288086,0.19700002670288086
17,DROSOPHILA_TRANSFER__DROSOPHILA,1,1,200,0.020098086446523666,0.20000003278255463,0.1997000277042389
17,DROSOPHILA_TRANSFER__DROSOPHILA,2,-1,200,0.020192375406622887,0.19970004260540009,0.1997000277042389
17,DROSOPHILA_TRANSFER__DROSOPHILA,3,1,200,0.02028663083910942,0.19970004260540009,0.19940002262592316
17,DROSOPHILA_TRANSFER__DROSOPHILA,4,-1,200,0.020380917936563492,0.19940002262592316,0.19940002262592316
17,DROSOPHILA_TRANSFER__DROSOPHILA,5,1,200,0.020475173369050026,0.19940002262592316,0.19910003244876862
17,DROSOPHILA_TRANSFER__DROSOPHILA,6,-1,200,0.020569467917084694,0.19910003244876862,0.19910003244876862
17,DROSOPHILA_TRANSFER__DROSOPHILA,7,1,200,0.02066372148692608,0.19910003244876862,0.1988000124692917
17,DROSOPHILA_TRANSFER__DROSOPHILA,8,-1,200,0.0207580104470253,0.1988000124692917,0.1988000124692917
17,DROSOPHILA_TRANSFER__DROSOPHILA,9,1,200,0.020852264016866684,0.1988000124692917,0.19850003719329834
17,DROSOPHILA_TRANSFER__DROSOPHILA,10,-1,200,0.020946556702256203,0.19850003719329834,0.19850003719329834
17,DROSOPHILA_TRANSFER__DROSOPHILA,11,1,200,0.02104080840945244,0.19850003719329834,0.1982000321149826
17,DROSOPHILA_TRANSFER__DROSOPHILA,12,-1,200,0.021135099232196808,0.1982000470161438,0.1982000321149826
17,DROSOPHILA_TRANSFER__DROSOPHILA,13,1,200,0.021229350939393044,0.1982000470161438,0.19790002703666687
17,DROSOPHILA_TRANSFER__DROSOPHILA,14,-1,200,0.02132364735007286,0.19790002703666687,0.19790002703666687
17,DROSOPHILA_TRANSFER__DROSOPHILA,15,1,200,0.021417902782559395,0.19790002703666687,0.19760002195835114
17,DROSOPHILA_TRANSFER__DROSOPHILA,16,-1,200,0.021512184292078018,0.19760003685951233,0.19760002195835114
17,DROSOPHILA_TRANSFER__DROSOPHILA,17,1,200,0.0216064453125,0.19760003685951233,0.1973000317811966
17,DROSOPHILA_TRANSFER__DROSOPHILA,18,-1,200,0.02170073427259922,0.1973000317811966,0.1973000317811966
17,DROSOPHILA_TRANSFER__DROSOPHILA,19,1,200,0.021794989705085754,0.1973000317811966,0.19700002670288086
17,DROSOPHILA_TRANSFER__DROSOPHILA,20,-1,200,0.021889280527830124,0.19700002670288086,0.19700002670288086
18,DROSOPHILA_TRANSFER__DROSOPHILA,1,1,200,0.020098034292459488,0.20000003278255463,0.19970004260540009
18,DROSOPHILA_TRANSFER__DROSOPHILA,2,-1,200,0.02019229158759117,0.19970004260540009,0.19970004260540009
18,DROSOPHILA_TRANSFER__DROSOPHILA,3,1,200,0.0202864371240139,0.19970004260540009,0.19940002262592316
18,DROSOPHILA_TRANSFER__DROSOPHILA,4,-1,200,0.020380692556500435,0.19940002262592316,0.19940002262592316
18,DROSOPHILA_TRANSFER__DROSOPHILA,5,1,200,0.020474834367632866,0.19940002262592316,0.19910003244876862
18,DROSOPHILA_TRANSFER__DROSOPHILA,6,-1,200,0.02056909166276455,0.19910003244876862,0.19910003244876862
18,DROSOPHILA_TRANSFER__DROSOPHILA,7,1,200,0.02066323719918728,0.19910003244876862,0.19880002737045288
18,DROSOPHILA_TRANSFER__DROSOPHILA,8,-1,200,0.020757492631673813,0.1988000124692917,0.19880002737045288
18,DROSOPHILA_TRANSFER__DROSOPHILA,9,1,200,0.020851638168096542,0.1988000124692917,0.19850003719329834
18,DROSOPHILA_TRANSFER__DROSOPHILA,10,-1,200,0.02094588801264763,0.19850003719329834,0.19850003719329834
18,DROSOPHILA_TRANSFER__DROSOPHILA,11,1,200,0.02104003354907036,0.19850003719329834,0.1982000321149826
18,DROSOPHILA_TRANSFER__DROSOPHILA,12,-1,200,0.02113429270684719,0.1982000321149826,0.1982000321149826
18,DROSOPHILA_TRANSFER__DROSOPHILA,13,1,200,0.021228434517979622,0.1982000321149826,0.19790002703666687
18,DROSOPHILA_TRANSFER__DROSOPHILA,14,-1,200,0.021322689950466156,0.19790002703666687,0.19790002703666687
18,DROSOPHILA_TRANSFER__DROSOPHILA,15,1,200,0.021416835486888885,0.19790002703666687,0.19760003685951233
18,DROSOPHILA_TRANSFER__DROSOPHILA,16,-1,200,0.021511094644665718,0.19760002195835114,0.19760003685951233
18,DROSOPHILA_TRANSFER__DROSOPHILA,17,1,200,0.021605234593153,0.19760002195835114,0.1973000168800354
18,DROSOPHILA_TRANSFER__DROSOPHILA,18,-1,200,0.021699491888284683,0.1973000168800354,0.1973000168800354
18,DROSOPHILA_TRANSFER__DROSOPHILA,19,1,200,0.021793635562062263,0.1973000168800354,0.19700002670288086
18,DROSOPHILA_TRANSFER__DROSOPHILA,20,-1,200,0.021887892857193947,0.19700002670288086,0.19700002670288086
19,DROSOPHILA_TRANSFER__DROSOPHILA,1,1,200,0.020098015666007996,0.20000003278255463,0.1997000277042389
19,DROSOPHILA_TRANSFER__DROSOPHILA,2,-1,200,0.020191580057144165,0.1997000277042389,0.1997000277042389
19,DROSOPHILA_TRANSFER__DROSOPHILA,3,1,200,0.020284969359636307,0.1997000277042389,0.19940002262592316
19,DROSOPHILA_TRANSFER__DROSOPHILA,4,-1,200,0.020378531888127327,0.19940002262592316,0.19940002262592316
19,DROSOPHILA_TRANSFER__DROSOPHILA,5,1,200,0.020471930503845215,0.19940002262592316,0.19910003244876862
19,DROSOPHILA_TRANSFER__DROSOPHILA,6,-1,200,0.020565487444400787,0.19910001754760742,0.19910003244876862
19,DROSOPHILA_TRANSFER__DROSOPHILA,7,1,200,0.02065887860953808,0.19910001754760742,0.19880002737045288
19,DROSOPHILA_TRANSFER__DROSOPHILA,8,-1,200,0.0207524411380291,0.19880002737045288,0.19880002737045288
19,DROSOPHILA_TRANSFER__DROSOPHILA,9,1,200,0.02084583230316639,0.19880002737045288,0.19850003719329834
19,DROSOPHILA_TRANSFER__DROSOPHILA,10,-1,200,0.020939398556947708,0.19850002229213715,0.19850003719329834
19,DROSOPHILA_TRANSFER__DROSOPHILA,11,1,200,0.021032793447375298,0.19850002229213715,0.1982000470161438
19,DROSOPHILA_TRANSFER__DROSOPHILA,12,-1,200,0.02112635411322117,0.1982000470161438,0.1982000470161438
19,DROSOPHILA_TRANSFER__DROSOPHILA,13,1,200,0.02121974341571331,0.1982000470161438,0.19790002703666687
19,DROSOPHILA_TRANSFER__DROSOPHILA,14,-1,200,0.02131330780684948,0.19790002703666687,0.19790002703666687
19,DROSOPHILA_TRANSFER__DROSOPHILA,15,1,200,0.02140669897198677,0.19790002703666687,0.19760003685951233
19,DROSOPHILA_TRANSFER__DROSOPHILA,16,-1,200,0.02150026522576809,0.19760003685951233,0.19760003685951233
19,DROSOPHILA_TRANSFER__DROSOPHILA,17,1,200,0.02159365639090538,0.19760003685951233,0.1973000168800354
19,DROSOPHILA_TRANSFER__DROSOPHILA,18,-1,200,0.02168722078204155,0.1973000317811966,0.1973000168800354
19,DROSOPHILA_TRANSFER__DROSOPHILA,19,1,200,0.02178061008453369,0.1973000317811966,0.19700002670288086
19,DROSOPHILA_TRANSFER__DROSOPHILA,20,-1,200,0.02187417261302471,0.19700002670288086,0.19700002670288086
20,DROSOPHILA_TRANSFER__DROSOPHILA,1,1,200,0.02009805664420128,0.20000003278255463,0.1997000277042389
20,DROSOPHILA_TRANSFER__DROSOPHILA,2,-1,200,0.020192908123135567,0.19970004260540009,0.1997000277042389
20,DROSOPHILA_TRANSFER__DROSOPHILA,3,1,200,0.02028762176632881,0.19970004260540009,0.19940002262592316
20,DROSOPHILA_TRANSFER__DROSOPHILA,4,-1,200,0.020382467657327652,0.19940002262592316,0.19940002262592316
20,DROSOPHILA_TRANSFER__DROSOPHILA,5,1,200,0.020477183163166046,0.19940002262592316,0.19910001754760742
20,DROSOPHILA_TRANSFER__DROSOPHILA,6,-1,200,0.020572036504745483,0.19910003244876862,0.19910001754760742
20,DROSOPHILA_TRANSFER__DROSOPHILA,7,1,200,0.02066675014793873,0.19910003244876862,0.19880004227161407
20,DROSOPHILA_TRANSFER__DROSOPHILA,8,-1,200,0.02076159603893757,0.19880002737045288,0.19880004227161407
20,DROSOPHILA_TRANSFER__DROSOPHILA,9,1,200,0.02085631899535656,0.19880002737045288,0.19850003719329834
20,DROSOPHILA_TRANSFER__DROSOPHILA,10,-1,200,0.02095116674900055,0.19850003719329834,0.19850003719329834
20,DROSOPHILA_TRANSFER__DROSOPHILA,11,1,200,0.021045878529548645,0.19850003719329834,0.1982000321149826
20,DROSOPHILA_TRANSFER__DROSOPHILA,12,-1,200,0.021140728145837784,0.1982000470161438,0.1982000321149826
20,DROSOPHILA_TRANSFER__DROSOPHILA,13,1,200,0.021235447376966476,0.1982000470161438,0.19790002703666687
20,DROSOPHILA_TRANSFER__DROSOPHILA,14,-1,200,0.021330293267965317,0.19790002703666687,0.19790002703666687
20,DROSOPHILA_TRANSFER__DROSOPHILA,15,1,200,0.02142501063644886,0.19790002703666687,0.19760003685951233
20,DROSOPHILA_TRANSFER__DROSOPHILA,16,-1,200,0.02151985839009285,0.19760003685951233,0.19760003685951233
20,DROSOPHILA_TRANSFER__DROSOPHILA,17,1,200,0.02161457948386669,0.19760003685951233,0.1973000168800354
20,DROSOPHILA_TRANSFER__DROSOPHILA,18,-1,200,0.021709425374865532,0.1973000317811966,0.1973000168800354
20,DROSOPHILA_TRANSFER__DROSOPHILA,19,1,200,0.02180413529276848,0.1973000317811966,0.19700002670288086
20,DROSOPHILA_TRANSFER__DROSOPHILA,20,-1,200,0.021898988634347916,0.19700002670288086,0.19700002670288086
21,DROSOPHILA_TRANSFER__DROSOPHILA,1,1,200,0.02009802870452404,0.20000003278255463,0.19970004260540009
21,DROSOPHILA_TRANSFER__DROSOPHILA,2,-1,200,0.020192736759781837,0.19970004260540009,0.19970004260540009
21,DROSOPHILA_TRANSFER__DROSOPHILA,3,1,200,0.020287292078137398,0.19970004260540009,0.19940002262592316
21,DROSOPHILA_TRANSFER__DROSOPHILA,4,-1,200,0.020381996408104897,0.19940002262592316,0.19940002262592316
21,DROSOPHILA_TRANSFER__DROSOPHILA,5,1,200,0.020476549863815308,0.19940002262592316,0.19910001754760742
21,DROSOPHILA_TRANSFER__DROSOPHILA,6,-1,200,0.020571257919073105,0.19910003244876862,0.19910001754760742
21,DROSOPHILA_TRANSFER__DROSOPHILA,7,1,200,0.020665807649493217,0.19910003244876862,0.19880002737045288
21,DROSOPHILA_TRANSFER__DROSOPHILA,8,-1,200,0.020760515704751015,0.1988000124692917,0.19880002737045288
21,DROSOPHILA_TRANSFER__DROSOPHILA,9,1,200,0.020855072885751724,0.1988000124692917,0.19850003719329834
21,DROSOPHILA_TRANSFER__DROSOPHILA,10,-1,200,0.020949777215719223,0.19850003719329834,0.19850003719329834
21,DROSOPHILA_TRANSFER__DROSOPHILA,11,1,200,0.021044330671429634,0.19850003719329834,0.1982000470161438
21,DROSOPHILA_TRANSFER__DROSOPHILA,12,-1,200,0.021139033138751984,0.1982000321149826,0.1982000470161438
21,DROSOPHILA_TRANSFER__DROSOPHILA,13,1,200,0.021233592182397842,0.1982000321149826,0.19790002703666687
21,DROSOPHILA_TRANSFER__DROSOPHILA,14,-1,200,0.02132829651236534,0.19790002703666687,0.19790002703666687
21,DROSOPHILA_TRANSFER__DROSOPHILA,15,1,200,0.0214228518307209,0.19790002703666687,0.19760003685951233
21,DROSOPHILA_TRANSFER__DROSOPHILA,16,-1,200,0.021517550572752953,0.19760002195835114,0.19760003685951233
21,DROSOPHILA_TRANSFER__DROSOPHILA,17,1,200,0.02161210961639881,0.19760002195835114,0.1973000317811966
21,DROSOPHILA_TRANSFER__DROSOPHILA,18,-1,200,0.02170681580901146,0.1973000168800354,0.1973000317811966
21,DROSOPHILA_TRANSFER__DROSOPHILA,19,1,200,0.02180137299001217,0.1973000168800354,0.19700002670288086
21,DROSOPHILA_TRANSFER__DROSOPHILA,20,-1,200,0.02189607359468937,0.19700002670288086,0.19700002670288086
22,DROSOPHILA_TRANSFER__DROSOPHILA,1,1,200,0.02009807899594307,0.20000003278255463,0.1997000277042389
22,DROSOPHILA_TRANSFER__DROSOPHILA,2,-1,200,0.02019284851849079,0.19970004260540009,0.1997000277042389
22,DROSOPHILA_TRANSFER__DROSOPHILA,3,1,200,0.020287517458200455,0.19970004260540009,0.19940002262592316
22,DROSOPHILA_TRANSFER__DROSOPHILA,4,-1,200,0.020382290706038475,0.19940002262592316,0.19940002262592316
22,DROSOPHILA_TRANSFER__DROSOPHILA,5,1,200,0.020476950332522392,0.19940002262592316,0.19910003244876862
22,DROSOPHILA_TRANSFER__DROSOPHILA,6,-1,200,0.02057172916829586,0.19910001754760742,0.19910003244876862
22,DROSOPHILA_TRANSFER__DROSOPHILA,7,1,200,0.020666394382715225,0.19910001754760742,0.19880002737045288
22,DROSOPHILA_TRANSFER__DROSOPHILA,8,-1,200,0.020761171355843544,0.19880002737045288,0.19880002737045288
22,DROSOPHILA_TRANSFER__DROSOPHILA,9,1,200,0.02085583470761776,0.19880002737045288,0.19850003719329834
22,DROSOPHILA_TRANSFER__DROSOPHILA,10,-1,200,0.020950613543391228,0.19850003719329834,0.19850003719329834
22,DROSOPHILA_TRANSFER__DROSOPHILA,11,1,200,0.021045275032520294,0.19850003719329834,0.1982000321149826
22,DROSOPHILA_TRANSFER__DROSOPHILA,12,-1,200,0.021140053868293762,0.1982000470161438,0.1982000321149826
22,DROSOPHILA_TRANSFER__DROSOPHILA,13,1,200,0.021234717220067978,0.1982000470161438,0.19790002703666687
22,DROSOPHILA_TRANSFER__DROSOPHILA,14,-1,200,0.021329490467905998,0.19790002703666687,0.19790002703666687
22,DROSOPHILA_TRANSFER__DROSOPHILA,15,1,200,0.021424155682325363,0.19790002703666687,0.19760003685951233
22,DROSOPHILA_TRANSFER__DROSOPHILA,16,-1,200,0.021518925204873085,0.19760002195835114,0.19760003685951233
22,DROSOPHILA_TRANSFER__DROSOPHILA,17,1,200,0.02161359414458275,0.19760002195835114,0.1973000168800354
22,DROSOPHILA_TRANSFER__DROSOPHILA,18,-1,200,0.021708369255065918,0.1973000168800354,0.1973000168800354
22,DROSOPHILA_TRANSFER__DROSOPHILA,19,1,200,0.021803032606840134,0.1973000168800354,0.19700002670288086
22,DROSOPHILA_TRANSFER__DROSOPHILA,20,-1,200,0.0218978151679039,0.19700002670288086,0.19700002670288086
23,DROSOPHILA_TRANSFER__DROSOPHILA,1,1,200,0.020098065957427025,0.20000003278255463,0.19970004260540009
23,DROSOPHILA_TRANSFER__DROSOPHILA,2,-1,200,0.020192105323076248,0.1997000128030777,0.19970004260540009
23,DROSOPHILA_TRANSFER__DROSOPHILA,3,1,200,0.020286019891500473,0.1997000128030777,0.19940002262592316
23,DROSOPHILA_TRANSFER__DROSOPHILA,4,-1,200,0.020380059257149696,0.19940002262592316,0.19940002262592316
23,DROSOPHILA_TRANSFER__DROSOPHILA,5,1,200,0.02047397382557392,0.19940002262592316,0.19910003244876862
23,DROSOPHILA_TRANSFER__DROSOPHILA,6,-1,200,0.020568016916513443,0.19910001754760742,0.19910003244876862
23,DROSOPHILA_TRANSFER__DROSOPHILA,7,1,200,0.020661931484937668,0.19910001754760742,0.19880002737045288
23,DROSOPHILA_TRANSFER__DROSOPHILA,8,-1,200,0.020755967125296593,0.1988000124692917,0.19880002737045288
23,DROSOPHILA_TRANSFER__DROSOPHILA,9,1,200,0.020849885419011116,0.1988000124692917,0.19850003719329834
23,DROSOPHILA_TRANSFER__DROSOPHILA,10,-1,200,0.02094392664730549,0.19850003719329834,0.19850003719329834
23,DROSOPHILA_TRANSFER__DROSOPHILA,11,1,200,0.021037839353084564,0.19850003719329834,0.1982000321149826
23,DROSOPHILA_TRANSFER__DROSOPHILA,12,-1,200,0.021131880581378937,0.1982000321149826,0.1982000321149826
23,DROSOPHILA_TRANSFER__DROSOPHILA,13,1,200,0.021225793287158012,0.1982000321149826,0.19790002703666687
23,DROSOPHILA_TRANSFER__DROSOPHILA,14,-1,200,0.021319830790162086,0.19790002703666687,0.19790002703666687
23,DROSOPHILA_TRANSFER__DROSOPHILA,15,1,200,0.021413752809166908,0.19790002703666687,0.19760003685951233
23,DROSOPHILA_TRANSFER__DROSOPHILA,16,-1,200,0.021507790312170982,0.19760003685951233,0.19760003685951233
23,DROSOPHILA_TRANSFER__DROSOPHILA,17,1,200,0.02160170115530491,0.19760003685951233,0.1973000317811966
23,DROSOPHILA_TRANSFER__DROSOPHILA,18,-1,200,0.021695749834179878,0.1973000317811966,0.1973000317811966
23,DROSOPHILA_TRANSFER__DROSOPHILA,19,1,200,0.021789660677313805,0.1973000317811966,0.19700002670288086
23,DROSOPHILA_TRANSFER__DROSOPHILA,20,-1,200,0.021883701905608177,0.19700002670288086,0.19700002670288086
24,DROSOPHILA_TRANSFER__DROSOPHILA,1,1,200,0.02009798400104046,0.20000003278255463,0.1997000277042389
24,DROSOPHILA_TRANSFER__DROSOPHILA,2,-1,200,0.020193185657262802,0.1997000277042389,0.1997000277042389
24,DROSOPHILA_TRANSFER__DROSOPHILA,3,1,200,0.020288223400712013,0.1997000277042389,0.19940002262592316
24,DROSOPHILA_TRANSFER__DROSOPHILA,4,-1,200,0.020383425056934357,0.19940002262592316,0.19940002262592316
24,DROSOPHILA_TRANSFER__DROSOPHILA,5,1,200,0.020478462800383568,0.19940002262592316,0.19910001754760742
24,DROSOPHILA_TRANSFER__DROSOPHILA,6,-1,200,0.020573662593960762,0.19910001754760742,0.19910001754760742
24,DROSOPHILA_TRANSFER__DROSOPHILA,7,1,200,0.02066870406270027,0.19910001754760742,0.19880002737045288
24,DROSOPHILA_TRANSFER__DROSOPHILA,8,-1,200,0.020763909444212914,0.19880004227161407,0.19880002737045288
24,DROSOPHILA_TRANSFER__DROSOPHILA,9,1,200,0.020858945325016975,0.19880004227161407,0.19850003719329834
24,DROSOPHILA_TRANSFER__DROSOPHILA,10,-1,200,0.020954148843884468,0.19850003719329834,0.19850003719329834
24,DROSOPHILA_TRANSFER__DROSOPHILA,11,1,200,0.02104918286204338,0.19850003719329834,0.1982000470161438
24,DROSOPHILA_TRANSFER__DROSOPHILA,12,-1,200,0.021144390106201172,0.1982000321149826,0.1982000470161438
24,DROSOPHILA_TRANSFER__DROSOPHILA,13,1,200,0.021239425987005234,0.1982000321149826,0.19790004193782806
24,DROSOPHILA_TRANSFER__DROSOPHILA,14,-1,200,0.021334625780582428,0.19790002703666687,0.19790004193782806
24,DROSOPHILA_TRANSFER__DROSOPHILA,15,1,200,0.02142966538667679,0.19790002703666687,0.19760003685951233
24,DROSOPHILA_TRANSFER__DROSOPHILA,16,-1,200,0.021524865180253983,0.19760003685951233,0.19760003685951233
24,DROSOPHILA_TRANSFER__DROSOPHILA,17,1,200,0.021619904786348343,0.19760003685951233,0.1973000168800354
24,DROSOPHILA_TRANSFER__DROSOPHILA,18,-1,200,0.021715108305215836,0.1973000317811966,0.1973000168800354
24,DROSOPHILA_TRANSFER__DROSOPHILA,19,1,200,0.021810144186019897,0.1973000317811966,0.19700002670288086
24,DROSOPHILA_TRANSFER__DROSOPHILA,20,-1,200,0.021905342116951942,0.19700002670288086,0.19700002670288086
25,DROSOPHILA_TRANSFER__DROSOPHILA,1,1,200,0.020098192617297173,0.20000003278255463,0.19970004260540009
25,DROSOPHILA_TRANSFER__DROSOPHILA,2,-1,200,0.020193658769130707,0.1997000277042389,0.19970004260540009
25,DROSOPHILA_TRANSFER__DROSOPHILA,3,1,200,0.020289095118641853,0.1997000277042389,0.19940002262592316
25,DROSOPHILA_TRANSFER__DROSOPHILA,4,-1,200,0.020384564995765686,0.19940003752708435,0.19940002262592316
25,DROSOPHILA_TRANSFER__DROSOPHILA,5,1,200,0.020479999482631683,0.19940003752708435,0.19910003244876862
25,DROSOPHILA_TRANSFER__DROSOPHILA,6,-1,200,0.020575476810336113,0.19910003244876862,0.19910003244876862
25,DROSOPHILA_TRANSFER__DROSOPHILA,7,1,200,0.020670903846621513,0.19910003244876862,0.1988000124692917
25,DROSOPHILA_TRANSFER__DROSOPHILA,8,-1,200,0.020766379311680794,0.19880002737045288,0.1988000124692917
25,DROSOPHILA_TRANSFER__DROSOPHILA,9,1,200,0.020861811935901642,0.19880002737045288,0.19850003719329834
25,DROSOPHILA_TRANSFER__DROSOPHILA,10,-1,200,0.020957281813025475,0.19850003719329834,0.19850003719329834
25,DROSOPHILA_TRANSFER__DROSOPHILA,11,1,200,0.02105271816253662,0.19850003719329834,0.1982000470161438
25,DROSOPHILA_TRANSFER__DROSOPHILA,12,-1,200,0.021148184314370155,0.1982000470161438,0.1982000470161438
25,DROSOPHILA_TRANSFER__DROSOPHILA,13,1,200,0.021243620663881302,0.1982000470161438,0.19790002703666687
25,DROSOPHILA_TRANSFER__DROSOPHILA,14,-1,200,0.021339086815714836,0.19790002703666687,0.19790002703666687
25,DROSOPHILA_TRANSFER__DROSOPHILA,15,1,200,0.021434523165225983,0.19790002703666687,0.19760003685951233
25,DROSOPHILA_TRANSFER__DROSOPHILA,16,-1,200,0.021529996767640114,0.19760003685951233,0.19760003685951233
25,DROSOPHILA_TRANSFER__DROSOPHILA,17,1,200,0.021625425666570663,0.19760003685951233,0.1973000168800354
25,DROSOPHILA_TRANSFER__DROSOPHILA,18,-1,200,0.021720901131629944,0.1973000168800354,0.1973000168800354
25,DROSOPHILA_TRANSFER__DROSOPHILA,19,1,200,0.02181633561849594,0.1973000168800354,0.19700002670288086
25,DROSOPHILA_TRANSFER__DROSOPHILA,20,-1,200,0.021911809220910072,0.19700002670288086,0.19700002670288086
26,DROSOPHILA_TRANSFER__DROSOPHILA,1,1,200,0.020098065957427025,0.20000003278255463,0.1997000277042389
26,DROSOPHILA_TRANSFER__DROSOPHILA,2,-1,200,0.020193686708807945,0.1997000277042389,0.1997000277042389
26,DROSOPHILA_TRANSFER__DROSOPHILA,3,1,200,0.020289208739995956,0.1997000277042389,0.19940002262592316
26,DROSOPHILA_TRANSFER__DROSOPHILA,4,-1,200,0.020384829491376877,0.19940002262592316,0.19940002262592316
26,DROSOPHILA_TRANSFER__DROSOPHILA,5,1,200,0.020480357110500336,0.19940002262592316,0.19910003244876862
26,DROSOPHILA_TRANSFER__DROSOPHILA,6,-1,200,0.020575975999236107,0.19910003244876862,0.19910003244876862
26,DROSOPHILA_TRANSFER__DROSOPHILA,7,1,200,0.020671503618359566,0.19910003244876862,0.1988000124692917
26,DROSOPHILA_TRANSFER__DROSOPHILA,8,-1,200,0.020767124369740486,0.19880002737045288,0.1988000124692917
26,DROSOPHILA_TRANSFER__DROSOPHILA,9,1,200,0.020862648263573647,0.19880002737045288,0.19850003719329834
26,DROSOPHILA_TRANSFER__DROSOPHILA,10,-1,200,0.02095826156437397,0.19850003719329834,0.19850003719329834
26,DROSOPHILA_TRANSFER__DROSOPHILA,11,1,200,0.02105378918349743,0.19850003719329834,0.1982000321149826
26,DROSOPHILA_TRANSFER__DROSOPHILA,12,-1,200,0.02114940993487835,0.1982000321149826,0.1982000321149826
26,DROSOPHILA_TRANSFER__DROSOPHILA,13,1,200,0.02124493569135666,0.1982000321149826,0.19790002703666687
26,DROSOPHILA_TRANSFER__DROSOPHILA,14,-1,200,0.02134055644273758,0.19790002703666687,0.19790002703666687
26,DROSOPHILA_TRANSFER__DROSOPHILA,15,1,200,0.02143608219921589,0.19790002703666687,0.19760002195835114
26,DROSOPHILA_TRANSFER__DROSOPHILA,16,-1,200,0.02153169922530651,0.19760003685951233,0.19760002195835114
26,DROSOPHILA_TRANSFER__DROSOPHILA,17,1,200,0.02162722870707512,0.19760003685951233,0.1973000168800354
26,DROSOPHILA_TRANSFER__DROSOPHILA,18,-1,200,0.021722843870520592,0.1973000317811966,0.1973000168800354
26,DROSOPHILA_TRANSFER__DROSOPHILA,19,1,200,0.02181837148964405,0.1973000317811966,0.19700002670288086
26,DROSOPHILA_TRANSFER__DROSOPHILA,20,-1,200,0.021913986653089523,0.19700002670288086,0.19700002670288086
27,DROSOPHILA_TRANSFER__DROSOPHILA,1,1,200,0.0200981255620718,0.20000003278255463,0.19970004260540009
27,DROSOPHILA_TRANSFER__DROSOPHILA,2,-1,200,0.020192019641399384,0.1997000277042389,0.19970004260540009
27,DROSOPHILA_TRANSFER__DROSOPHILA,3,1,200,0.020285824313759804,0.1997000277042389,0.19940002262592316
27,DROSOPHILA_TRANSFER__DROSOPHILA,4,-1,200,0.020379722118377686,0.19940003752708435,0.19940002262592316
27,DROSOPHILA_TRANSFER__DROSOPHILA,5,1,200,0.020473524928092957,0.19940003752708435,0.19910003244876862
27,DROSOPHILA_TRANSFER__DROSOPHILA,6,-1,200,0.02056742273271084,0.19910003244876862,0.19910003244876862
27,DROSOPHILA_TRANSFER__DROSOPHILA,7,1,200,0.02066122367978096,0.19910003244876862,0.19880002737045288
27,DROSOPHILA_TRANSFER__DROSOPHILA,8,-1,200,0.020755119621753693,0.1988000124692917,0.19880002737045288
27,DROSOPHILA_TRANSFER__DROSOPHILA,9,1,200,0.020848922431468964,0.1988000124692917,0.19850003719329834
27,DROSOPHILA_TRANSFER__DROSOPHILA,10,-1,200,0.020942820236086845,0.19850003719329834,0.19850003719329834
27,DROSOPHILA_TRANSFER__DROSOPHILA,11,1,200,0.021036626771092415,0.19850003719329834,0.1982000470161438
27,DROSOPHILA_TRANSFER__DROSOPHILA,12,-1,200,0.021130522713065147,0.1982000321149826,0.1982000470161438
27,DROSOPHILA_TRANSFER__DROSOPHILA,13,1,200,0.02122432366013527,0.1982000321149826,0.19790002703666687
27,DROSOPHILA_TRANSFER__DROSOPHILA,14,-1,200,0.021318217739462852,0.19790002703666687,0.19790002703666687
27,DROSOPHILA_TRANSFER__DROSOPHILA,15,1,200,0.021412024274468422,0.19790002703666687,0.19760003685951233
27,DROSOPHILA_TRANSFER__DROSOPHILA,16,-1,200,0.021505920216441154,0.19760003685951233,0.19760003685951233
27,DROSOPHILA_TRANSFER__DROSOPHILA,17,1,200,0.021599724888801575,0.19760003685951233,0.1973000168800354
27,DROSOPHILA_TRANSFER__DROSOPHILA,18,-1,200,0.021693622693419456,0.1973000317811966,0.1973000168800354
27,DROSOPHILA_TRANSFER__DROSOPHILA,19,1,200,0.021787423640489578,0.1973000317811966,0.19700002670288086
27,DROSOPHILA_TRANSFER__DROSOPHILA,20,-1,200,0.02188131771981716,0.19700002670288086,0.19700002670288086
28,DROSOPHILA_TRANSFER__DROSOPHILA,1,1,200,0.020098047330975533,0.20000003278255463,0.1997000277042389
28,DROSOPHILA_TRANSFER__DROSOPHILA,2,-1,200,0.02019180916249752,0.1997000277042389,0.1997000277042389
28,DROSOPHILA_TRANSFER__DROSOPHILA,3,1,200,0.020285427570343018,0.1997000277042389,0.19940002262592316
28,DROSOPHILA_TRANSFER__DROSOPHILA,4,-1,200,0.020379193127155304,0.19940002262592316,0.19940002262592316
28,DROSOPHILA_TRANSFER__DROSOPHILA,5,1,200,0.02047281339764595,0.19940002262592316,0.19910003244876862
28,DROSOPHILA_TRANSFER__DROSOPHILA,6,-1,200,0.02056656964123249,0.19910001754760742,0.19910003244876862
28,DROSOPHILA_TRANSFER__DROSOPHILA,7,1,200,0.02066018618643284,0.19910001754760742,0.19880002737045288
28,DROSOPHILA_TRANSFER__DROSOPHILA,8,-1,200,0.020753949880599976,0.1988000124692917,0.19880002737045288
28,DROSOPHILA_TRANSFER__DROSOPHILA,9,1,200,0.02084757387638092,0.1988000124692917,0.19850005209445953
28,DROSOPHILA_TRANSFER__DROSOPHILA,10,-1,200,0.02094132825732231,0.19850003719329834,0.19850005209445953
28,DROSOPHILA_TRANSFER__DROSOPHILA,11,1,200,0.021034948527812958,0.19850003719329834,0.1982000321149826
28,DROSOPHILA_TRANSFER__DROSOPHILA,12,-1,200,0.021128708496689796,0.1982000470161438,0.1982000321149826
28,DROSOPHILA_TRANSFER__DROSOPHILA,13,1,200,0.021222328767180443,0.1982000470161438,0.19790002703666687
28,DROSOPHILA_TRANSFER__DROSOPHILA,14,-1,200,0.021316086873412132,0.19790002703666687,0.19790002703666687
28,DROSOPHILA_TRANSFER__DROSOPHILA,15,1,200,0.021409712731838226,0.19790002703666687,0.19760002195835114
28,DROSOPHILA_TRANSFER__DROSOPHILA,16,-1,200,0.021503467112779617,0.19760003685951233,0.19760002195835114
28,DROSOPHILA_TRANSFER__DROSOPHILA,17,1,200,0.021597089245915413,0.19760003685951233,0.1973000168800354
28,DROSOPHILA_TRANSFER__DROSOPHILA,18,-1,200,0.021690847352147102,0.1973000317811966,0.1973000168800354
28,DROSOPHILA_TRANSFER__DROSOPHILA,19,1,200,0.021784473210573196,0.1973000317811966,0.19700002670288086
28,DROSOPHILA_TRANSFER__DROSOPHILA,20,-1,200,0.021878229454159737,0.19700002670288086,0.19700002670288086
29,DROSOPHILA_TRANSFER__DROSOPHILA,1,1,200,0.02009805664420128,0.20000003278255463,0.19970004260540009
29,DROSOPHILA_TRANSFER__DROSOPHILA,2,-1,200,0.020192895084619522,0.19970004260540009,0.19970004260540009
29,DROSOPHILA_TRANSFER__DROSOPHILA,3,1,200,0.02028762549161911,0.19970004260540009,0.19940002262592316
29,DROSOPHILA_TRANSFER__DROSOPHILA,4,-1,200,0.020382465794682503,0.19940002262592316,0.19940002262592316
29,DROSOPHILA_TRANSFER__DROSOPHILA,5,1,200,0.02047719433903694,0.19940002262592316,0.19910003244876862
29,DROSOPHILA_TRANSFER__DROSOPHILA,6,-1,200,0.020572036504745483,0.19910001754760742,0.19910003244876862
29,DROSOPHILA_TRANSFER__DROSOPHILA,7,1,200,0.02066676691174507,0.19910001754760742,0.1988000124692917
29,DROSOPHILA_TRANSFER__DROSOPHILA,8,-1,200,0.020761601626873016,0.19880002737045288,0.1988000124692917
29,DROSOPHILA_TRANSFER__DROSOPHILA,9,1,200,0.020856337621808052,0.19880002737045288,0.19850003719329834
29,DROSOPHILA_TRANSFER__DROSOPHILA,10,-1,200,0.020951174199581146,0.19850003719329834,0.19850003719329834
29,DROSOPHILA_TRANSFER__DROSOPHILA,11,1,200,0.021045908331871033,0.19850003719329834,0.1982000321149826
29,DROSOPHILA_TRANSFER__DROSOPHILA,12,-1,200,0.021140744909644127,0.1982000321149826,0.1982000321149826
29,DROSOPHILA_TRANSFER__DROSOPHILA,13,1,200,0.021235475316643715,0.1982000321149826,0.19790002703666687
29,DROSOPHILA_TRANSFER__DROSOPHILA,14,-1,200,0.021330315619707108,0.19790002703666687,0.19790002703666687
29,DROSOPHILA_TRANSFER__DROSOPHILA,15,1,200,0.021425046026706696,0.19790002703666687,0.19760003685951233
29,DROSOPHILA_TRANSFER__DROSOPHILA,16,-1,200,0.02151988260447979,0.19760002195835114,0.19760003685951233
29,DROSOPHILA_TRANSFER__DROSOPHILA,17,1,200,0.021614616736769676,0.19760002195835114,0.1973000168800354
29,DROSOPHILA_TRANSFER__DROSOPHILA,18,-1,200,0.02170945517718792,0.1973000168800354,0.1973000168800354
29,DROSOPHILA_TRANSFER__DROSOPHILA,19,1,200,0.02180418372154236,0.1973000168800354,0.19700002670288086
29,DROSOPHILA_TRANSFER__DROSOPHILA,20,-1,200,0.021899020299315453,0.19700002670288086,0.19700002670288086
30,DROSOPHILA_TRANSFER__DROSOPHILA,1,1,200,0.020098179578781128,0.20000003278255463,0.19970004260540009
30,DROSOPHILA_TRANSFER__DROSOPHILA,2,-1,200,0.020192565396428108,0.1997000128030777,0.19970004260540009
30,DROSOPHILA_TRANSFER__DROSOPHILA,3,1,200,0.02028694935142994,0.1997000128030777,0.19940002262592316
30,DROSOPHILA_TRANSFER__DROSOPHILA,4,-1,200,0.02038133144378662,0.19940003752708435,0.19940002262592316
30,DROSOPHILA_TRANSFER__DROSOPHILA,5,1,200,0.0204757172614336,0.19940003752708435,0.19910003244876862
30,DROSOPHILA_TRANSFER__DROSOPHILA,6,-1,200,0.02057010307908058,0.19910001754760742,0.19910003244876862
30,DROSOPHILA_TRANSFER__DROSOPHILA,7,1,200,0.02066449448466301,0.19910001754760742,0.19880002737045288
30,DROSOPHILA_TRANSFER__DROSOPHILA,8,-1,200,0.020758874714374542,0.19880002737045288,0.19880002737045288
30,DROSOPHILA_TRANSFER__DROSOPHILA,9,1,200,0.020853258669376373,0.19880002737045288,0.19850003719329834
30,DROSOPHILA_TRANSFER__DROSOPHILA,10,-1,200,0.020947646349668503,0.19850003719329834,0.19850003719329834
30,DROSOPHILA_TRANSFER__DROSOPHILA,11,1,200,0.021042028442025185,0.19850003719329834,0.1982000321149826
30,DROSOPHILA_TRANSFER__DROSOPHILA,12,-1,200,0.021136416122317314,0.1982000321149826,0.1982000321149826
30,DROSOPHILA_TRANSFER__DROSOPHILA,13,1,200,0.021230800077319145,0.1982000321149826,0.19790002703666687
30,DROSOPHILA_TRANSFER__DROSOPHILA,14,-1,200,0.021325180307030678,0.19790002703666687,0.19790002703666687
30,DROSOPHILA_TRANSFER__DROSOPHILA,15,1,200,0.021419567987322807,0.19790002703666687,0.19760002195835114
30,DROSOPHILA_TRANSFER__DROSOPHILA,16,-1,200,0.021513955667614937,0.19760003685951233,0.19760002195835114
30,DROSOPHILA_TRANSFER__DROSOPHILA,17,1,200,0.021608339622616768,0.19760003685951233,0.1973000317811966
30,DROSOPHILA_TRANSFER__DROSOPHILA,18,-1,200,0.021702725440263748,0.1973000168800354,0.1973000317811966
30,DROSOPHILA_TRANSFER__DROSOPHILA,19,1,200,0.021797114983201027,0.1973000168800354,0.19700002670288086
30,DROSOPHILA_TRANSFER__DROSOPHILA,20,-1,200,0.02189149335026741,0.19700002670288086,0.19700002670288086
31,DROSOPHILA_TRANSFER__DROSOPHILA,1,1,200,0.020098108798265457,0.20000003278255463,0.19970004260540009
31,DROSOPHILA_TRANSFER__DROSOPHILA,2,-1,200,0.020193444564938545,0.1997000277042389,0.19970004260540009
31,DROSOPHILA_TRANSFER__DROSOPHILA,3,1,200,0.020288687199354172,0.1997000277042389,0.19940002262592316
31,DROSOPHILA_TRANSFER__DROSOPHILA,4,-1,200,0.02038401924073696,0.19940002262592316,0.19940002262592316
31,DROSOPHILA_TRANSFER__DROSOPHILA,5,1,200,0.020479265600442886,0.19940002262592316,0.19910003244876862
31,DROSOPHILA_TRANSFER__DROSOPHILA,6,-1,200,0.020574601367115974,0.19910003244876862,0.19910003244876862
31,DROSOPHILA_TRANSFER__DROSOPHILA,7,1,200,0.0206698477268219,0.19910003244876862,0.19880004227161407
31,DROSOPHILA_TRANSFER__DROSOPHILA,8,-1,200,0.02076517976820469,0.19880004227161407,0.19880004227161407
31,DROSOPHILA_TRANSFER__DROSOPHILA,9,1,200,0.020860424265265465,0.19880004227161407,0.19850003719329834
31,DROSOPHILA_TRANSFER__DROSOPHILA,10,-1,200,0.020955761894583702,0.19850003719329834,0.19850003719329834
31,DROSOPHILA_TRANSFER__DROSOPHILA,11,1,200,0.021051006391644478,0.19850003719329834,0.1982000470161438
31,DROSOPHILA_TRANSFER__DROSOPHILA,12,-1,200,0.021146340295672417,0.1982000470161438,0.1982000470161438
31,DROSOPHILA_TRANSFER__DROSOPHILA,13,1,200,0.021241584792733192,0.1982000470161438,0.19790002703666687
31,DROSOPHILA_TRANSFER__DROSOPHILA,14,-1,200,0.021336916834115982,0.19790002703666687,0.19790002703666687
31,DROSOPHILA_TRANSFER__DROSOPHILA,15,1,200,0.021432165056467056,0.19790002703666687,0.19760002195835114
31,DROSOPHILA_TRANSFER__DROSOPHILA,16,-1,200,0.021527500823140144,0.19760002195835114,0.19760002195835114
31,DROSOPHILA_TRANSFER__DROSOPHILA,17,1,200,0.02162274345755577,0.19760002195835114,0.1973000168800354
31,DROSOPHILA_TRANSFER__DROSOPHILA,18,-1,200,0.02171807922422886,0.1973000168800354,0.1973000168800354
31,DROSOPHILA_TRANSFER__DROSOPHILA,19,1,200,0.021813321858644485,0.1973000168800354,0.19700002670288086
31,DROSOPHILA_TRANSFER__DROSOPHILA,20,-1,200,0.021908659487962723,0.19700002670288086,0.19700002670288086
32,DROSOPHILA_TRANSFER__DROSOPHILA,1,1,200,0.020098168402910233,0.20000003278255463,0.1997000277042389
32,DROSOPHILA_TRANSFER__DROSOPHILA,2,-1,200,0.02019193395972252,0.19970004260540009,0.1997000277042389
32,DROSOPHILA_TRANSFER__DROSOPHILA,3,1,200,0.020285682752728462,0.19970004260540009,0.19940002262592316
32,DROSOPHILA_TRANSFER__DROSOPHILA,4,-1,200,0.020379455760121346,0.19940002262592316,0.19940002262592316
32,DROSOPHILA_TRANSFER__DROSOPHILA,5,1,200,0.020473208278417587,0.19940002262592316,0.19910003244876862
32,DROSOPHILA_TRANSFER__DROSOPHILA,6,-1,200,0.020566971972584724,0.19910003244876862,0.19910003244876862
32,DROSOPHILA_TRANSFER__DROSOPHILA,7,1,200,0.020660724490880966,0.19910003244876862,0.19880002737045288
32,DROSOPHILA_TRANSFER__DROSOPHILA,8,-1,200,0.02075449377298355,0.1988000124692917,0.19880002737045288
32,DROSOPHILA_TRANSFER__DROSOPHILA,9,1,200,0.020848242565989494,0.1988000124692917,0.19850003719329834
32,DROSOPHILA_TRANSFER__DROSOPHILA,10,-1,200,0.02094201371073723,0.19850003719329834,0.19850003719329834
32,DROSOPHILA_TRANSFER__DROSOPHILA,11,1,200,0.02103576995432377,0.19850003719329834,0.1982000321149826
32,DROSOPHILA_TRANSFER__DROSOPHILA,12,-1,200,0.021129533648490906,0.1982000321149826,0.1982000321149826
32,DROSOPHILA_TRANSFER__DROSOPHILA,13,1,200,0.021223284304142,0.1982000321149826,0.19790002703666687
32,DROSOPHILA_TRANSFER__DROSOPHILA,14,-1,200,0.021317055448889732,0.19790002703666687,0.19790002703666687
32,DROSOPHILA_TRANSFER__DROSOPHILA,15,1,200,0.021410802379250526,0.19790002703666687,0.19760003685951233
32,DROSOPHILA_TRANSFER__DROSOPHILA,16,-1,200,0.02150457538664341,0.19760003685951233,0.19760003685951233
32,DROSOPHILA_TRANSFER__DROSOPHILA,17,1,200,0.02159832790493965,0.19760003685951233,0.1973000168800354
32,DROSOPHILA_TRANSFER__DROSOPHILA,18,-1,200,0.021692095324397087,0.1973000168800354,0.1973000168800354
32,DROSOPHILA_TRANSFER__DROSOPHILA,19,1,200,0.02178584784269333,0.1973000168800354,0.19700002670288086
32,DROSOPHILA_TRANSFER__DROSOPHILA,20,-1,200,0.021879617124795914,0.19700002670288086,0.19700002670288086
33,DROSOPHILA_TRANSFER__DROSOPHILA,1,1,200,0.02009812369942665,0.20000003278255463,0.1997000277042389
33,DROSOPHILA_TRANSFER__DROSOPHILA,2,-1,200,0.02019297331571579,0.19970004260540009,0.1997000277042389
33,DROSOPHILA_TRANSFER__DROSOPHILA,3,1,200,0.020287716761231422,0.19970004260540009,0.19940002262592316
33,DROSOPHILA_TRANSFER__DROSOPHILA,4,-1,200,0.02038256824016571,0.19940002262592316,0.19940002262592316
33,DROSOPHILA_TRANSFER__DROSOPHILA,5,1,200,0.02047731727361679,0.19940002262592316,0.19910001754760742
33,DROSOPHILA_TRANSFER__DROSOPHILA,6,-1,200,0.02057216316461563,0.19910003244876862,0.19910001754760742
33,DROSOPHILA_TRANSFER__DROSOPHILA,7,1,200,0.020666906610131264,0.19910003244876862,0.19880004227161407
33,DROSOPHILA_TRANSFER__DROSOPHILA,8,-1,200,0.0207617599517107,0.19880002737045288,0.19880004227161407
33,DROSOPHILA_TRANSFER__DROSOPHILA,9,1,200,0.02085650898516178,0.19880002737045288,0.19850003719329834
33,DROSOPHILA_TRANSFER__DROSOPHILA,10,-1,200,0.020951353013515472,0.19850003719329834,0.19850003719329834
33,DROSOPHILA_TRANSFER__DROSOPHILA,11,1,200,0.021046100184321404,0.19850003719329834,0.1982000470161438
33,DROSOPHILA_TRANSFER__DROSOPHILA,12,-1,200,0.021140947937965393,0.1982000470161438,0.1982000470161438
33,DROSOPHILA_TRANSFER__DROSOPHILA,13,1,200,0.021235698834061623,0.1982000470161438,0.19790002703666687
33,DROSOPHILA_TRANSFER__DROSOPHILA,14,-1,200,0.021330546587705612,0.19790002703666687,0.19790002703666687
33,DROSOPHILA_TRANSFER__DROSOPHILA,15,1,200,0.021425286307930946,0.19790002703666687,0.19760002195835114
33,DROSOPHILA_TRANSFER__DROSOPHILA,16,-1,200,0.021520143374800682,0.19760003685951233,0.19760002195835114
33,DROSOPHILA_TRANSFER__DROSOPHILA,17,1,200,0.021614884957671165,0.19760003685951233,0.1973000317811966
33,DROSOPHILA_TRANSFER__DROSOPHILA,18,-1,200,0.021709734573960304,0.1973000168800354,0.1973000317811966
33,DROSOPHILA_TRANSFER__DROSOPHILA,19,1,200,0.021804478019475937,0.1973000168800354,0.19700002670288086
33,DROSOPHILA_TRANSFER__DROSOPHILA,20,-1,200,0.021899333223700523,0.19700002670288086,0.19700002670288086
34,DROSOPHILA_TRANSFER__DROSOPHILA,1,1,200,0.020098187029361725,0.20000003278255463,0.19970004260540009
34,DROSOPHILA_TRANSFER__DROSOPHILA,2,-1,200,0.02019375190138817,0.19970004260540009,0.19970004260540009
34,DROSOPHILA_TRANSFER__DROSOPHILA,3,1,200,0.020289329811930656,0.19970004260540009,0.19940002262592316
34,DROSOPHILA_TRANSFER__DROSOPHILA,4,-1,200,0.02038489654660225,0.19940002262592316,0.19940002262592316
34,DROSOPHILA_TRANSFER__DROSOPHILA,5,1,200,0.020480478182435036,0.19940002262592316,0.19910003244876862
34,DROSOPHILA_TRANSFER__DROSOPHILA,6,-1,200,0.02057604305446148,0.19910003244876862,0.19910003244876862
34,DROSOPHILA_TRANSFER__DROSOPHILA,7,1,200,0.020671622827649117,0.19910003244876862,0.19880002737045288
34,DROSOPHILA_TRANSFER__DROSOPHILA,8,-1,200,0.02076718583703041,0.19880002737045288,0.19880002737045288
34,DROSOPHILA_TRANSFER__DROSOPHILA,9,1,200,0.0208627637475729,0.19880002737045288,0.19850003719329834
34,DROSOPHILA_TRANSFER__DROSOPHILA,10,-1,200,0.02095833793282509,0.19850003719329834,0.19850003719329834
34,DROSOPHILA_TRANSFER__DROSOPHILA,11,1,200,0.02105390839278698,0.19850003719329834,0.1982000470161438
34,DROSOPHILA_TRANSFER__DROSOPHILA,12,-1,200,0.021149475127458572,0.1982000321149826,0.1982000470161438
34,DROSOPHILA_TRANSFER__DROSOPHILA,13,1,200,0.02124505303800106,0.1982000321149826,0.19790002703666687
34,DROSOPHILA_TRANSFER__DROSOPHILA,14,-1,200,0.021340617910027504,0.19790002703666687,0.19790002703666687
34,DROSOPHILA_TRANSFER__DROSOPHILA,15,1,200,0.02143619954586029,0.19790002703666687,0.19760003685951233
34,DROSOPHILA_TRANSFER__DROSOPHILA,16,-1,200,0.021531764417886734,0.19760003685951233,0.19760003685951233
34,DROSOPHILA_TRANSFER__DROSOPHILA,17,1,200,0.02162734419107437,0.19760003685951233,0.1973000168800354
34,DROSOPHILA_TRANSFER__DROSOPHILA,18,-1,200,0.021722910925745964,0.1973000168800354,0.1973000168800354
34,DROSOPHILA_TRANSFER__DROSOPHILA,19,1,200,0.02181849628686905,0.1973000168800354,0.19700002670288086
34,DROSOPHILA_TRANSFER__DROSOPHILA,20,-1,200,0.021914055570960045,0.19700002670288086,0.19700002670288086
35,DROSOPHILA_TRANSFER__DROSOPHILA,1,1,200,0.020098034292459488,0.20000003278255463,0.1997000277042389
35,DROSOPHILA_TRANSFER__DROSOPHILA,2,-1,200,0.02019035443663597,0.19970004260540009,0.1997000277042389
35,DROSOPHILA_TRANSFER__DROSOPHILA,3,1,200,0.020282568410038948,0.19970004260540009,0.19940002262592316
35,DROSOPHILA_TRANSFER__DROSOPHILA,4,-1,200,0.020374884828925133,0.19940002262592316,0.19940002262592316
35,DROSOPHILA_TRANSFER__DROSOPHILA,5,1,200,0.02046709693968296,0.19940002262592316,0.19910001754760742
35,DROSOPHILA_TRANSFER__DROSOPHILA,6,-1,200,0.020559411495923996,0.19910003244876862,0.19910001754760742
35,DROSOPHILA_TRANSFER__DROSOPHILA,7,1,200,0.020651623606681824,0.19910003244876862,0.1988000124692917
35,DROSOPHILA_TRANSFER__DROSOPHILA,8,-1,200,0.020743943750858307,0.1988000124692917,0.1988000124692917
35,DROSOPHILA_TRANSFER__DROSOPHILA,9,1,200,0.020836152136325836,0.1988000124692917,0.19850003719329834
35,DROSOPHILA_TRANSFER__DROSOPHILA,10,-1,200,0.020928476005792618,0.19850003719329834,0.19850003719329834
35,DROSOPHILA_TRANSFER__DROSOPHILA,11,1,200,0.021020684391260147,0.19850003719329834,0.1982000470161438
35,DROSOPHILA_TRANSFER__DROSOPHILA,12,-1,200,0.02111300453543663,0.1982000321149826,0.1982000470161438
35,DROSOPHILA_TRANSFER__DROSOPHILA,13,1,200,0.02120521292090416,0.1982000321149826,0.19790004193782806
35,DROSOPHILA_TRANSFER__DROSOPHILA,14,-1,200,0.021297531202435493,0.19790002703666687,0.19790004193782806
35,DROSOPHILA_TRANSFER__DROSOPHILA,15,1,200,0.021389741450548172,0.19790002703666687,0.19760003685951233
35,DROSOPHILA_TRANSFER__DROSOPHILA,16,-1,200,0.021482067182660103,0.19760003685951233,0.19760003685951233
35,DROSOPHILA_TRANSFER__DROSOPHILA,17,1,200,0.02157427743077278,0.19760003685951233,0.1973000168800354
35,DROSOPHILA_TRANSFER__DROSOPHILA,18,-1,200,0.021666597574949265,0.1973000168800354,0.1973000168800354
35,DROSOPHILA_TRANSFER__DROSOPHILA,19,1,200,0.021758805960416794,0.1973000168800354,0.19700002670288086
35,DROSOPHILA_TRANSFER__DROSOPHILA,20,-1,200,0.021851126104593277,0.19700002670288086,0.19700002670288086
36,DROSOPHILA_TRANSFER__DROSOPHILA,1,1,200,0.02009819634258747,0.20000003278255463,0.19970004260540009
36,DROSOPHILA_TRANSFER__DROSOPHILA,2,-1,200,0.020191185176372528,0.1997000277042389,0.19970004260540009
36,DROSOPHILA_TRANSFER__DROSOPHILA,3,1,200,0.02028416097164154,0.1997000277042389,0.19940002262592316
36,DROSOPHILA_TRANSFER__DROSOPHILA,4,-1,200,0.020377151668071747,0.19940002262592316,0.19940002262592316
36,DROSOPHILA_TRANSFER__DROSOPHILA,5,1,200,0.02047012560069561,0.19940002262592316,0.19910003244876862
36,DROSOPHILA_TRANSFER__DROSOPHILA,6,-1,200,0.020563114434480667,0.19910003244876862,0.19910003244876862
36,DROSOPHILA_TRANSFER__DROSOPHILA,7,1,200,0.02065609209239483,0.19910003244876862,0.1988000124692917
36,DROSOPHILA_TRANSFER__DROSOPHILA,8,-1,200,0.020749084651470184,0.1988000124692917,0.1988000124692917
36,DROSOPHILA_TRANSFER__DROSOPHILA,9,1,200,0.02084205485880375,0.1988000124692917,0.19850003719329834
36,DROSOPHILA_TRANSFER__DROSOPHILA,10,-1,200,0.020935043692588806,0.19850003719329834,0.19850003719329834
36,DROSOPHILA_TRANSFER__DROSOPHILA,11,1,200,0.02102801948785782,0.19850003719329834,0.1982000470161438
36,DROSOPHILA_TRANSFER__DROSOPHILA,12,-1,200,0.021121008321642876,0.1982000470161438,0.1982000470161438
36,DROSOPHILA_TRANSFER__DROSOPHILA,13,1,200,0.021213985979557037,0.1982000470161438,0.19790002703666687
36,DROSOPHILA_TRANSFER__DROSOPHILA,14,-1,200,0.021306972950696945,0.19790004193782806,0.19790002703666687
36,DROSOPHILA_TRANSFER__DROSOPHILA,15,1,200,0.021399948745965958,0.19790004193782806,0.19760003685951233
36,DROSOPHILA_TRANSFER__DROSOPHILA,16,-1,200,0.021492941305041313,0.19760002195835114,0.19760003685951233
36,DROSOPHILA_TRANSFER__DROSOPHILA,17,1,200,0.021585920825600624,0.19760002195835114,0.1973000317811966
36,DROSOPHILA_TRANSFER__DROSOPHILA,18,-1,200,0.021678904071450233,0.1973000317811966,0.1973000317811966
36,DROSOPHILA_TRANSFER__DROSOPHILA,19,1,200,0.021771879866719246,0.1973000317811966,0.19700002670288086
36,DROSOPHILA_TRANSFER__DROSOPHILA,20,-1,200,0.021864868700504303,0.19700002670288086,0.19700002670288086
37,DROSOPHILA_TRANSFER__DROSOPHILA,1,1,200,0.020098010078072548,0.20000003278255463,0.1997000277042389
37,DROSOPHILA_TRANSFER__DROSOPHILA,2,-1,200,0.020191006362438202,0.19970004260540009,0.1997000277042389
37,DROSOPHILA_TRANSFER__DROSOPHILA,3,1,200,0.02028387412428856,0.19970004260540009,0.19940002262592316
37,DROSOPHILA_TRANSFER__DROSOPHILA,4,-1,200,0.020376872271299362,0.19940002262592316,0.19940002262592316
37,DROSOPHILA_TRANSFER__DROSOPHILA,5,1,200,0.02046973817050457,0.19940002262592316,0.19910000264644623
37,DROSOPHILA_TRANSFER__DROSOPHILA,6,-1,200,0.02056274190545082,0.19910003244876862,0.19910000264644623
37,DROSOPHILA_TRANSFER__DROSOPHILA,7,1,200,0.02065560221672058,0.19910003244876862,0.19880002737045288
37,DROSOPHILA_TRANSFER__DROSOPHILA,8,-1,200,0.02074860781431198,0.1988000124692917,0.19880002737045288
37,DROSOPHILA_TRANSFER__DROSOPHILA,9,1,200,0.02084146812558174,0.1988000124692917,0.19850003719329834
37,DROSOPHILA_TRANSFER__DROSOPHILA,10,-1,200,0.020934469997882843,0.19850003719329834,0.19850003719329834
37,DROSOPHILA_TRANSFER__DROSOPHILA,11,1,200,0.021027332171797752,0.19850003719329834,0.1982000321149826
37,DROSOPHILA_TRANSFER__DROSOPHILA,12,-1,200,0.021120334044098854,0.1982000321149826,0.1982000321149826
37,DROSOPHILA_TRANSFER__DROSOPHILA,13,1,200,0.02121320366859436,0.1982000321149826,0.19790002703666687
37,DROSOPHILA_TRANSFER__DROSOPHILA,14,-1,200,0.021306203678250313,0.19790002703666687,0.19790002703666687
37,DROSOPHILA_TRANSFER__DROSOPHILA,15,1,200,0.021399065852165222,0.19790002703666687,0.19760003685951233
37,DROSOPHILA_TRANSFER__DROSOPHILA,16,-1,200,0.021492065861821175,0.19760002195835114,0.19760003685951233
37,DROSOPHILA_TRANSFER__DROSOPHILA,17,1,200,0.021584929898381233,0.19760002195835114,0.1973000317811966
37,DROSOPHILA_TRANSFER__DROSOPHILA,18,-1,200,0.021677928045392036,0.1973000317811966,0.1973000317811966
37,DROSOPHILA_TRANSFER__DROSOPHILA,19,1,200,0.021770793944597244,0.1973000317811966,0.19700002670288086
37,DROSOPHILA_TRANSFER__DROSOPHILA,20,-1,200,0.02186378836631775,0.19700002670288086,0.19700002670288086
38,DROSOPHILA_TRANSFER__DROSOPHILA,1,1,200,0.02009807527065277,0.20000003278255463,0.1997000128030777
38,DROSOPHILA_TRANSFER__DROSOPHILA,2,-1,200,0.020192962139844894,0.19970004260540009,0.1997000128030777
38,DROSOPHILA_TRANSFER__DROSOPHILA,3,1,200,0.02028774842619896,0.19970004260540009,0.19940002262592316
38,DROSOPHILA_TRANSFER__DROSOPHILA,4,-1,200,0.020382633432745934,0.19940002262592316,0.19940002262592316
38,DROSOPHILA_TRANSFER__DROSOPHILA,5,1,200,0.020477425307035446,0.19940002262592316,0.19910003244876862
38,DROSOPHILA_TRANSFER__DROSOPHILA,6,-1,200,0.02057231031358242,0.19910003244876862,0.19910003244876862
38,DROSOPHILA_TRANSFER__DROSOPHILA,7,1,200,0.020667100325226784,0.19910003244876862,0.19880002737045288
38,DROSOPHILA_TRANSFER__DROSOPHILA,8,-1,200,0.02076198160648346,0.19880004227161407,0.19880002737045288
38,DROSOPHILA_TRANSFER__DROSOPHILA,9,1,200,0.02085677534341812,0.19880004227161407,0.19850003719329834
38,DROSOPHILA_TRANSFER__DROSOPHILA,10,-1,200,0.020951658487319946,0.19850003719329834,0.19850003719329834
38,DROSOPHILA_TRANSFER__DROSOPHILA,11,1,200,0.02104645036160946,0.19850003719329834,0.1982000470161438
38,DROSOPHILA_TRANSFER__DROSOPHILA,12,-1,200,0.021141335368156433,0.1982000470161438,0.1982000470161438
38,DROSOPHILA_TRANSFER__DROSOPHILA,13,1,200,0.021236125379800797,0.1982000470161438,0.19790002703666687
38,DROSOPHILA_TRANSFER__DROSOPHILA,14,-1,200,0.02133101038634777,0.19790002703666687,0.19790002703666687
38,DROSOPHILA_TRANSFER__DROSOPHILA,15,1,200,0.021425800397992134,0.19790002703666687,0.19760002195835114
38,DROSOPHILA_TRANSFER__DROSOPHILA,16,-1,200,0.02152068167924881,0.19760002195835114,0.19760002195835114
38,DROSOPHILA_TRANSFER__DROSOPHILA,17,1,200,0.02161547914147377,0.19760002195835114,0.1973000317811966
38,DROSOPHILA_TRANSFER__DROSOPHILA,18,-1,200,0.021710358560085297,0.1973000317811966,0.1973000317811966
38,DROSOPHILA_TRANSFER__DROSOPHILA,19,1,200,0.02180515229701996,0.1973000317811966,0.19700002670288086
38,DROSOPHILA_TRANSFER__DROSOPHILA,20,-1,200,0.021900033578276634,0.19700002670288086,0.19700002670288086
39,DROSOPHILA_TRANSFER__DROSOPHILA,1,1,200,0.0200980044901371,0.20000003278255463,0.19970004260540009
39,DROSOPHILA_TRANSFER__DROSOPHILA,2,-1,200,0.02019241265952587,0.1997000277042389,0.19970004260540009
39,DROSOPHILA_TRANSFER__DROSOPHILA,3,1,200,0.020286649465560913,0.1997000277042389,0.19940002262592316
39,DROSOPHILA_TRANSFER__DROSOPHILA,4,-1,200,0.020381053909659386,0.19940002262592316,0.19940002262592316
39,DROSOPHILA_TRANSFER__DROSOPHILA,5,1,200,0.020475292578339577,0.19940002262592316,0.19910003244876862
39,DROSOPHILA_TRANSFER__DROSOPHILA,6,-1,200,0.02056969702243805,0.19910003244876862,0.19910003244876862
39,DROSOPHILA_TRANSFER__DROSOPHILA,7,1,200,0.020663941279053688,0.19910003244876862,0.19880002737045288
39,DROSOPHILA_TRANSFER__DROSOPHILA,8,-1,200,0.02075834386050701,0.1988000124692917,0.19880002737045288
39,DROSOPHILA_TRANSFER__DROSOPHILA,9,1,200,0.0208525862544775,0.1988000124692917,0.19850003719329834
39,DROSOPHILA_TRANSFER__DROSOPHILA,10,-1,200,0.020946985110640526,0.19850003719329834,0.19850003719329834
39,DROSOPHILA_TRANSFER__DROSOPHILA,11,1,200,0.021041227504611015,0.19850003719329834,0.1982000470161438
39,DROSOPHILA_TRANSFER__DROSOPHILA,12,-1,200,0.021135637536644936,0.1982000321149826,0.1982000470161438
39,DROSOPHILA_TRANSFER__DROSOPHILA,13,1,200,0.021229876205325127,0.1982000321149826,0.19790002703666687
39,DROSOPHILA_TRANSFER__DROSOPHILA,14,-1,200,0.0213242769241333,0.19790002703666687,0.19790002703666687
39,DROSOPHILA_TRANSFER__DROSOPHILA,15,1,200,0.02141851745545864,0.19790002703666687,0.19760003685951233
39,DROSOPHILA_TRANSFER__DROSOPHILA,16,-1,200,0.021512925624847412,0.19760002195835114,0.19760003685951233
39,DROSOPHILA_TRANSFER__DROSOPHILA,17,1,200,0.0216071680188179,0.19760002195835114,0.1973000168800354
39,DROSOPHILA_TRANSFER__DROSOPHILA,18,-1,200,0.021701570600271225,0.1973000168800354,0.1973000168800354
39,DROSOPHILA_TRANSFER__DROSOPHILA,19,1,200,0.021795811131596565,0.1973000168800354,0.19700002670288086
39,DROSOPHILA_TRANSFER__DROSOPHILA,20,-1,200,0.021890217438340187,0.19700002670288086,0.19700002670288086
40,DROSOPHILA_TRANSFER__DROSOPHILA,1,1,200,0.020098146051168442,0.20000003278255463,0.1997000277042389
40,DROSOPHILA_TRANSFER__DROSOPHILA,2,-1,200,0.020192990079522133,0.19970004260540009,0.1997000277042389
40,DROSOPHILA_TRANSFER__DROSOPHILA,3,1,200,0.0202877689152956,0.19970004260540009,0.19940003752708435
40,DROSOPHILA_TRANSFER__DROSOPHILA,4,-1,200,0.02038261480629444,0.19940002262592316,0.19940003752708435
40,DROSOPHILA_TRANSFER__DROSOPHILA,5,1,200,0.020477397367358208,0.19940002262592316,0.19910003244876862
40,DROSOPHILA_TRANSFER__DROSOPHILA,6,-1,200,0.02057223580777645,0.19910003244876862,0.19910003244876862
40,DROSOPHILA_TRANSFER__DROSOPHILA,7,1,200,0.020667018368840218,0.19910003244876862,0.19880002737045288
40,DROSOPHILA_TRANSFER__DROSOPHILA,8,-1,200,0.020761867985129356,0.1988000124692917,0.19880002737045288
40,DROSOPHILA_TRANSFER__DROSOPHILA,9,1,200,0.020856644958257675,0.1988000124692917,0.19850003719329834
40,DROSOPHILA_TRANSFER__DROSOPHILA,10,-1,200,0.020951488986611366,0.19850003719329834,0.19850003719329834
40,DROSOPHILA_TRANSFER__DROSOPHILA,11,1,200,0.021046269685029984,0.19850003719329834,0.1982000321149826
40,DROSOPHILA_TRANSFER__DROSOPHILA,12,-1,200,0.021141117438673973,0.1982000470161438,0.1982000321149826
40,DROSOPHILA_TRANSFER__DROSOPHILA,13,1,200,0.02123589627444744,0.1982000470161438,0.19790002703666687
40,DROSOPHILA_TRANSFER__DROSOPHILA,14,-1,200,0.021330740302801132,0.19790002703666687,0.19790002703666687
40,DROSOPHILA_TRANSFER__DROSOPHILA,15,1,200,0.0214255191385746,0.19790002703666687,0.19760003685951233
40,DROSOPHILA_TRANSFER__DROSOPHILA,16,-1,200,0.02152036689221859,0.19760003685951233,0.19760003685951233
40,DROSOPHILA_TRANSFER__DROSOPHILA,17,1,200,0.021615145727992058,0.19760003685951233,0.1973000317811966
40,DROSOPHILA_TRANSFER__DROSOPHILA,18,-1,200,0.021709993481636047,0.1973000317811966,0.1973000317811966
40,DROSOPHILA_TRANSFER__DROSOPHILA,19,1,200,0.021804772317409515,0.1973000317811966,0.19700002670288086
40,DROSOPHILA_TRANSFER__DROSOPHILA,20,-1,200,0.021899614483118057,0.19700002670288086,0.19700002670288086
41,DROSOPHILA_TRANSFER__DROSOPHILA,1,1,200,0.020098038017749786,0.20000003278255463,0.1997000277042389
41,DROSOPHILA_TRANSFER__DROSOPHILA,2,-1,200,0.020191656425595284,0.19970004260540009,0.1997000277042389
41,DROSOPHILA_TRANSFER__DROSOPHILA,3,1,200,0.020285140722990036,0.19970004260540009,0.19940002262592316
41,DROSOPHILA_TRANSFER__DROSOPHILA,4,-1,200,0.020378755405545235,0.19940002262592316,0.19940002262592316
41,DROSOPHILA_TRANSFER__DROSOPHILA,5,1,200,0.020472241565585136,0.19940002262592316,0.19910003244876862
41,DROSOPHILA_TRANSFER__DROSOPHILA,6,-1,200,0.020565856248140335,0.19910001754760742,0.19910003244876862
41,DROSOPHILA_TRANSFER__DROSOPHILA,7,1,200,0.020659340545535088,0.19910001754760742,0.19880002737045288
41,DROSOPHILA_TRANSFER__DROSOPHILA,8,-1,200,0.020752953365445137,0.19880002737045288,0.19880002737045288
41,DROSOPHILA_TRANSFER__DROSOPHILA,9,1,200,0.02084643952548504,0.19880002737045288,0.19850003719329834
41,DROSOPHILA_TRANSFER__DROSOPHILA,10,-1,200,0.020940054208040237,0.19850003719329834,0.19850003719329834
41,DROSOPHILA_TRANSFER__DROSOPHILA,11,1,200,0.02103353850543499,0.19850003719329834,0.1982000321149826
41,DROSOPHILA_TRANSFER__DROSOPHILA,12,-1,200,0.02112715318799019,0.1982000470161438,0.1982000321149826
41,DROSOPHILA_TRANSFER__DROSOPHILA,13,1,200,0.02122063934803009,0.1982000470161438,0.19790002703666687
41,DROSOPHILA_TRANSFER__DROSOPHILA,14,-1,200,0.021314255893230438,0.19790002703666687,0.19790002703666687
41,DROSOPHILA_TRANSFER__DROSOPHILA,15,1,200,0.021407734602689743,0.19790002703666687,0.19760002195835114
41,DROSOPHILA_TRANSFER__DROSOPHILA,16,-1,200,0.02150135487318039,0.19760003685951233,0.19760002195835114
41,DROSOPHILA_TRANSFER__DROSOPHILA,17,1,200,0.021594839170575142,0.19760003685951233,0.1973000317811966
41,DROSOPHILA_TRANSFER__DROSOPHILA,18,-1,200,0.02168845385313034,0.1973000317811966,0.1973000317811966
41,DROSOPHILA_TRANSFER__DROSOPHILA,19,1,200,0.021781938150525093,0.1973000317811966,0.19700002670288086
41,DROSOPHILA_TRANSFER__DROSOPHILA,20,-1,200,0.02187555655837059,0.19700002670288086,0.19700002670288086
42,DROSOPHILA_TRANSFER__DROSOPHILA,1,1,200,0.020097991451621056,0.20000003278255463,0.19970004260540009
42,DROSOPHILA_TRANSFER__DROSOPHILA,2,-1,200,0.020191095769405365,0.1997000277042389,0.19970004260540009
42,DROSOPHILA_TRANSFER__DROSOPHILA,3,1,200,0.02028401382267475,0.1997000277042389,0.19940002262592316
42,DROSOPHILA_TRANSFER__DROSOPHILA,4,-1,200,0.02037712000310421,0.19940002262592316,0.19940002262592316
42,DROSOPHILA_TRANSFER__DROSOPHILA,5,1,200,0.020470041781663895,0.19940002262592316,0.19910003244876862
42,DROSOPHILA_TRANSFER__DROSOPHILA,6,-1,200,0.020563146099448204,0.19910003244876862,0.19910003244876862
42,DROSOPHILA_TRANSFER__DROSOPHILA,7,1,200,0.02065606415271759,0.19910003244876862,0.19880002737045288
42,DROSOPHILA_TRANSFER__DROSOPHILA,8,-1,200,0.02074917033314705,0.19880002737045288,0.19880002737045288
42,DROSOPHILA_TRANSFER__DROSOPHILA,9,1,200,0.020842090249061584,0.19880002737045288,0.19850003719329834
42,DROSOPHILA_TRANSFER__DROSOPHILA,10,-1,200,0.020935198292136192,0.19850003719329834,0.19850003719329834
42,DROSOPHILA_TRANSFER__DROSOPHILA,11,1,200,0.02102811262011528,0.19850003719329834,0.1982000321149826
42,DROSOPHILA_TRANSFER__DROSOPHILA,12,-1,200,0.02112121880054474,0.1982000470161438,0.1982000321149826
42,DROSOPHILA_TRANSFER__DROSOPHILA,13,1,200,0.021214142441749573,0.1982000470161438,0.19790002703666687
42,DROSOPHILA_TRANSFER__DROSOPHILA,14,-1,200,0.021307246759533882,0.19790002703666687,0.19790002703666687
42,DROSOPHILA_TRANSFER__DROSOPHILA,15,1,200,0.021400166675448418,0.19790002703666687,0.19760002195835114
42,DROSOPHILA_TRANSFER__DROSOPHILA,16,-1,200,0.021493270993232727,0.19760003685951233,0.19760002195835114
42,DROSOPHILA_TRANSFER__DROSOPHILA,17,1,200,0.021586190909147263,0.19760003685951233,0.1973000168800354
42,DROSOPHILA_TRANSFER__DROSOPHILA,18,-1,200,0.02167929708957672,0.1973000317811966,0.1973000168800354
42,DROSOPHILA_TRANSFER__DROSOPHILA,19,1,200,0.021772215142846107,0.1973000317811966,0.19700002670288086
42,DROSOPHILA_TRANSFER__DROSOPHILA,20,-1,200,0.021865323185920715,0.19700002670288086,0.19700002670288086
43,DROSOPHILA_TRANSFER__DROSOPHILA,1,1,200,0.020098038017749786,0.20000003278255463,0.1997000277042389
43,DROSOPHILA_TRANSFER__DROSOPHILA,2,-1,200,0.020193617790937424,0.1997000277042389,0.1997000277042389
43,DROSOPHILA_TRANSFER__DROSOPHILA,3,1,200,0.02028900943696499,0.1997000277042389,0.19940002262592316
43,DROSOPHILA_TRANSFER__DROSOPHILA,4,-1,200,0.020384589210152626,0.19940002262592316,0.19940002262592316
43,DROSOPHILA_TRANSFER__DROSOPHILA,5,1,200,0.02047998085618019,0.19940002262592316,0.19910003244876862
43,DROSOPHILA_TRANSFER__DROSOPHILA,6,-1,200,0.02057556062936783,0.19910003244876862,0.19910003244876862
43,DROSOPHILA_TRANSFER__DROSOPHILA,7,1,200,0.020670950412750244,0.19910003244876862,0.19880002737045288
43,DROSOPHILA_TRANSFER__DROSOPHILA,8,-1,200,0.02076653018593788,0.19880004227161407,0.19880002737045288
43,DROSOPHILA_TRANSFER__DROSOPHILA,9,1,200,0.020861918106675148,0.19880004227161407,0.19850003719329834
43,DROSOPHILA_TRANSFER__DROSOPHILA,10,-1,200,0.020957501605153084,0.19850003719329834,0.19850003719329834
43,DROSOPHILA_TRANSFER__DROSOPHILA,11,1,200,0.0210528913885355,0.19850003719329834,0.1982000470161438
43,DROSOPHILA_TRANSFER__DROSOPHILA,12,-1,200,0.021148469299077988,0.1982000470161438,0.1982000470161438
43,DROSOPHILA_TRANSFER__DROSOPHILA,13,1,200,0.021243862807750702,0.1982000470161438,0.19790004193782806
43,DROSOPHILA_TRANSFER__DROSOPHILA,14,-1,200,0.021339435130357742,0.19790004193782806,0.19790004193782806
43,DROSOPHILA_TRANSFER__DROSOPHILA,15,1,200,0.021434828639030457,0.19790004193782806,0.19760003685951233
43,DROSOPHILA_TRANSFER__DROSOPHILA,16,-1,200,0.021530410274863243,0.19760003685951233,0.19760003685951233
43,DROSOPHILA_TRANSFER__DROSOPHILA,17,1,200,0.021625803783535957,0.19760003685951233,0.1973000168800354
43,DROSOPHILA_TRANSFER__DROSOPHILA,18,-1,200,0.021721376106142998,0.1973000168800354,0.1973000168800354
43,DROSOPHILA_TRANSFER__DROSOPHILA,19,1,200,0.021816769614815712,0.1973000168800354,0.19700002670288086
43,DROSOPHILA_TRANSFER__DROSOPHILA,20,-1,200,0.021912353113293648,0.19700002670288086,0.19700002670288086
44,DROSOPHILA_TRANSFER__DROSOPHILA,1,1,200,0.020098082721233368,0.20000003278255463,0.19970004260540009
44,DROSOPHILA_TRANSFER__DROSOPHILA,2,-1,200,0.020191697403788567,0.1997000277042389,0.19970004260540009
44,DROSOPHILA_TRANSFER__DROSOPHILA,3,1,200,0.020285187289118767,0.1997000277042389,0.19940002262592316
44,DROSOPHILA_TRANSFER__DROSOPHILA,4,-1,200,0.020378801971673965,0.19940002262592316,0.19940002262592316
44,DROSOPHILA_TRANSFER__DROSOPHILA,5,1,200,0.020472289994359016,0.19940002262592316,0.19910003244876862
44,DROSOPHILA_TRANSFER__DROSOPHILA,6,-1,200,0.020565906539559364,0.19910001754760742,0.19910003244876862
44,DROSOPHILA_TRANSFER__DROSOPHILA,7,1,200,0.020659394562244415,0.19910001754760742,0.19880002737045288
44,DROSOPHILA_TRANSFER__DROSOPHILA,8,-1,200,0.020753012970089912,0.19880004227161407,0.19880002737045288
44,DROSOPHILA_TRANSFER__DROSOPHILA,9,1,200,0.020846504718065262,0.19880004227161407,0.19850005209445953
44,DROSOPHILA_TRANSFER__DROSOPHILA,10,-1,200,0.020940115675330162,0.19850002229213715,0.19850005209445953
44,DROSOPHILA_TRANSFER__DROSOPHILA,11,1,200,0.02103360928595066,0.19850002229213715,0.1982000470161438
44,DROSOPHILA_TRANSFER__DROSOPHILA,12,-1,200,0.02112721838057041,0.1982000470161438,0.1982000470161438
44,DROSOPHILA_TRANSFER__DROSOPHILA,13,1,200,0.021220708265900612,0.1982000470161438,0.19790002703666687
44,DROSOPHILA_TRANSFER__DROSOPHILA,14,-1,200,0.02131432294845581,0.19790002703666687,0.19790002703666687
44,DROSOPHILA_TRANSFER__DROSOPHILA,15,1,200,0.02140781469643116,0.19790002703666687,0.19760002195835114
44,DROSOPHILA_TRANSFER__DROSOPHILA,16,-1,200,0.021501431241631508,0.19760003685951233,0.19760002195835114
44,DROSOPHILA_TRANSFER__DROSOPHILA,17,1,200,0.021594921126961708,0.19760003685951233,0.1973000168800354
44,DROSOPHILA_TRANSFER__DROSOPHILA,18,-1,200,0.021688537672162056,0.1973000168800354,0.1973000168800354
44,DROSOPHILA_TRANSFER__DROSOPHILA,19,1,200,0.021782029420137405,0.1973000168800354,0.19700002670288086
44,DROSOPHILA_TRANSFER__DROSOPHILA,20,-1,200,0.021875640377402306,0.19700002670288086,0.19700002670288086
45,DROSOPHILA_TRANSFER__DROSOPHILA,1,1,200,0.020098058506846428,0.20000003278255463,0.19970004260540009
45,DROSOPHILA_TRANSFER__DROSOPHILA,2,-1,200,0.02019193023443222,0.1997000277042389,0.19970004260540009
45,DROSOPHILA_TRANSFER__DROSOPHILA,3,1,200,0.020285675302147865,0.1997000277042389,0.19940002262592316
45,DROSOPHILA_TRANSFER__DROSOPHILA,4,-1,200,0.020379552617669106,0.19940002262592316,0.19940002262592316
45,DROSOPHILA_TRANSFER__DROSOPHILA,5,1,200,0.020473293960094452,0.19940002262592316,0.19910003244876862
45,DROSOPHILA_TRANSFER__DROSOPHILA,6,-1,200,0.020567165687680244,0.19910003244876862,0.19910003244876862
45,DROSOPHILA_TRANSFER__DROSOPHILA,7,1,200,0.020660903304815292,0.19910003244876862,0.1988000124692917
45,DROSOPHILA_TRANSFER__DROSOPHILA,8,-1,200,0.020754780620336533,0.19880002737045288,0.1988000124692917
45,DROSOPHILA_TRANSFER__DROSOPHILA,9,1,200,0.02084851823747158,0.19880002737045288,0.19850003719329834
45,DROSOPHILA_TRANSFER__DROSOPHILA,10,-1,200,0.02094239555299282,0.19850003719329834,0.19850003719329834
45,DROSOPHILA_TRANSFER__DROSOPHILA,11,1,200,0.021036135032773018,0.19850003719329834,0.1982000470161438
45,DROSOPHILA_TRANSFER__DROSOPHILA,12,-1,200,0.021130012348294258,0.1982000321149826,0.1982000470161438
45,DROSOPHILA_TRANSFER__DROSOPHILA,13,1,200,0.021223755553364754,0.1982000321149826,0.19790004193782806
45,DROSOPHILA_TRANSFER__DROSOPHILA,14,-1,200,0.021317625418305397,0.19790002703666687,0.19790004193782806
45,DROSOPHILA_TRANSFER__DROSOPHILA,15,1,200,0.021411363035440445,0.19790002703666687,0.19760003685951233
45,DROSOPHILA_TRANSFER__DROSOPHILA,16,-1,200,0.021505242213606834,0.19760003685951233,0.19760003685951233
45,DROSOPHILA_TRANSFER__DROSOPHILA,17,1,200,0.021598979830741882,0.19760003685951233,0.1973000317811966
45,DROSOPHILA_TRANSFER__DROSOPHILA,18,-1,200,0.021692857146263123,0.1973000168800354,0.1973000317811966
45,DROSOPHILA_TRANSFER__DROSOPHILA,19,1,200,0.02178659662604332,0.1973000168800354,0.19700002670288086
45,DROSOPHILA_TRANSFER__DROSOPHILA,20,-1,200,0.021880466490983963,0.19700002670288086,0.19700002670288086
46,DROSOPHILA_TRANSFER__DROSOPHILA,1,1,200,0.020098133012652397,0.20000003278255463,0.1997000277042389
46,DROSOPHILA_TRANSFER__DROSOPHILA,2,-1,200,0.020191386342048645,0.1997000277042389,0.1997000277042389
46,DROSOPHILA_TRANSFER__DROSOPHILA,3,1,200,0.020284585654735565,0.1997000277042389,0.19940002262592316
46,DROSOPHILA_TRANSFER__DROSOPHILA,4,-1,200,0.020377838984131813,0.19940002262592316,0.19940002262592316
46,DROSOPHILA_TRANSFER__DROSOPHILA,5,1,200,0.02047104202210903,0.19940002262592316,0.19910001754760742
46,DROSOPHILA_TRANSFER__DROSOPHILA,6,-1,200,0.02056429535150528,0.19910001754760742,0.19910001754760742
46,DROSOPHILA_TRANSFER__DROSOPHILA,7,1,200,0.02065749280154705,0.19910001754760742,0.1988000124692917
46,DROSOPHILA_TRANSFER__DROSOPHILA,8,-1,200,0.020750751718878746,0.1988000124692917,0.1988000124692917
46,DROSOPHILA_TRANSFER__DROSOPHILA,9,1,200,0.020843951031565666,0.1988000124692917,0.19850003719329834
46,DROSOPHILA_TRANSFER__DROSOPHILA,10,-1,200,0.020937204360961914,0.19850003719329834,0.19850003719329834
46,DROSOPHILA_TRANSFER__DROSOPHILA,11,1,200,0.021030405536293983,0.19850003719329834,0.1982000321149826
46,DROSOPHILA_TRANSFER__DROSOPHILA,12,-1,200,0.02112365886569023,0.1982000470161438,0.1982000321149826
46,DROSOPHILA_TRANSFER__DROSOPHILA,13,1,200,0.0212168600410223,0.1982000470161438,0.19790002703666687
46,DROSOPHILA_TRANSFER__DROSOPHILA,14,-1,200,0.021310117095708847,0.19790004193782806,0.19790002703666687
46,DROSOPHILA_TRANSFER__DROSOPHILA,15,1,200,0.021403320133686066,0.19790004193782806,0.19760002195835114
46,DROSOPHILA_TRANSFER__DROSOPHILA,16,-1,200,0.021496571600437164,0.19760003685951233,0.19760002195835114
46,DROSOPHILA_TRANSFER__DROSOPHILA,17,1,200,0.021589770913124084,0.19760003685951233,0.1973000317811966
46,DROSOPHILA_TRANSFER__DROSOPHILA,18,-1,200,0.021683024242520332,0.1973000317811966,0.1973000317811966
46,DROSOPHILA_TRANSFER__DROSOPHILA,19,1,200,0.0217762254178524,0.1973000317811966,0.19700002670288086
46,DROSOPHILA_TRANSFER__DROSOPHILA,20,-1,200,0.021869482472538948,0.19700002670288086,0.19700002670288086
47,DROSOPHILA_TRANSFER__DROSOPHILA,1,1,200,0.020098144188523293,0.20000003278255463,0.19970004260540009
47,DROSOPHILA_TRANSFER__DROSOPHILA,2,-1,200,0.02019244059920311,0.1997000277042389,0.19970004260540009
47,DROSOPHILA_TRANSFER__DROSOPHILA,3,1,200,0.020286675542593002,0.1997000277042389,0.19940002262592316
47,DROSOPHILA_TRANSFER__DROSOPHILA,4,-1,200,0.020380981266498566,0.19940002262592316,0.19940002262592316
47,DROSOPHILA_TRANSFER__DROSOPHILA,5,1,200,0.020475223660469055,0.19940002262592316,0.19910001754760742
47,DROSOPHILA_TRANSFER__DROSOPHILA,6,-1,200,0.02056952193379402,0.19910003244876862,0.19910001754760742
47,DROSOPHILA_TRANSFER__DROSOPHILA,7,1,200,0.020663760602474213,0.19910003244876862,0.1988000124692917
47,DROSOPHILA_TRANSFER__DROSOPHILA,8,-1,200,0.02075805887579918,0.1988000124692917,0.1988000124692917
47,DROSOPHILA_TRANSFER__DROSOPHILA,9,1,200,0.02085229940712452,0.1988000124692917,0.19850003719329834
47,DROSOPHILA_TRANSFER__DROSOPHILA,10,-1,200,0.020946601405739784,0.19850003719329834,0.19850003719329834
47,DROSOPHILA_TRANSFER__DROSOPHILA,11,1,200,0.021040841937065125,0.19850003719329834,0.1982000470161438
47,DROSOPHILA_TRANSFER__DROSOPHILA,12,-1,200,0.02113514207303524,0.1982000321149826,0.1982000470161438
47,DROSOPHILA_TRANSFER__DROSOPHILA,13,1,200,0.02122938260436058,0.1982000321149826,0.19790004193782806
47,DROSOPHILA_TRANSFER__DROSOPHILA,14,-1,200,0.021323680877685547,0.19790002703666687,0.19790004193782806
47,DROSOPHILA_TRANSFER__DROSOPHILA,15,1,200,0.021417923271656036,0.19790002703666687,0.19760002195835114
47,DROSOPHILA_TRANSFER__DROSOPHILA,16,-1,200,0.021512219682335854,0.19760003685951233,0.19760002195835114
47,DROSOPHILA_TRANSFER__DROSOPHILA,17,1,200,0.021606458351016045,0.19760003685951233,0.1973000168800354
47,DROSOPHILA_TRANSFER__DROSOPHILA,18,-1,200,0.02170075848698616,0.1973000317811966,0.1973000168800354
47,DROSOPHILA_TRANSFER__DROSOPHILA,19,1,200,0.02179499715566635,0.1973000317811966,0.19700002670288086
47,DROSOPHILA_TRANSFER__DROSOPHILA,20,-1,200,0.021889301016926765,0.19700001180171967,0.19700002670288086
48,DROSOPHILA_TRANSFER__DROSOPHILA,1,1,200,0.020098144188523293,0.20000003278255463,0.1997000277042389
48,DROSOPHILA_TRANSFER__DROSOPHILA,2,-1,200,0.02019171603024006,0.1997000277042389,0.1997000277042389
48,DROSOPHILA_TRANSFER__DROSOPHILA,3,1,200,0.020285258069634438,0.1997000277042389,0.19940002262592316
48,DROSOPHILA_TRANSFER__DROSOPHILA,4,-1,200,0.020378826186060905,0.19940003752708435,0.19940002262592316
48,DROSOPHILA_TRANSFER__DROSOPHILA,5,1,200,0.020472366362810135,0.19940003752708435,0.19910003244876862
48,DROSOPHILA_TRANSFER__DROSOPHILA,6,-1,200,0.0205659382045269,0.19910001754760742,0.19910003244876862
48,DROSOPHILA_TRANSFER__DROSOPHILA,7,1,200,0.020659472793340683,0.19910001754760742,0.19880002737045288
48,DROSOPHILA_TRANSFER__DROSOPHILA,8,-1,200,0.02075304463505745,0.19880004227161407,0.19880002737045288
48,DROSOPHILA_TRANSFER__DROSOPHILA,9,1,200,0.020846586674451828,0.19880004227161407,0.19850003719329834
48,DROSOPHILA_TRANSFER__DROSOPHILA,10,-1,200,0.020940156653523445,0.19850003719329834,0.19850003719329834
48,DROSOPHILA_TRANSFER__DROSOPHILA,11,1,200,0.021033693104982376,0.19850003719329834,0.1982000470161438
48,DROSOPHILA_TRANSFER__DROSOPHILA,12,-1,200,0.021127264946699142,0.1982000321149826,0.1982000470161438
48,DROSOPHILA_TRANSFER__DROSOPHILA,13,1,200,0.021220805123448372,0.1982000321149826,0.19790002703666687
48,DROSOPHILA_TRANSFER__DROSOPHILA,14,-1,200,0.02131437510251999,0.19790002703666687,0.19790002703666687
48,DROSOPHILA_TRANSFER__DROSOPHILA,15,1,200,0.021407917141914368,0.19790002703666687,0.19760003685951233
48,DROSOPHILA_TRANSFER__DROSOPHILA,16,-1,200,0.021501487120985985,0.19760003685951233,0.19760003685951233
48,DROSOPHILA_TRANSFER__DROSOPHILA,17,1,200,0.021595023572444916,0.19760003685951233,0.1973000317811966
48,DROSOPHILA_TRANSFER__DROSOPHILA,18,-1,200,0.021688593551516533,0.1973000168800354,0.1973000317811966
48,DROSOPHILA_TRANSFER__DROSOPHILA,19,1,200,0.02178213559091091,0.1973000168800354,0.19700002670288086
48,DROSOPHILA_TRANSFER__DROSOPHILA,20,-1,200,0.02187570370733738,0.19700002670288086,0.19700002670288086
49,DROSOPHILA_TRANSFER__DROSOPHILA,1,1,200,0.02009814977645874,0.20000003278255463,0.19970004260540009
49,DROSOPHILA_TRANSFER__DROSOPHILA,2,-1,200,0.020192667841911316,0.19970004260540009,0.19970004260540009
49,DROSOPHILA_TRANSFER__DROSOPHILA,3,1,200,0.020287150517106056,0.19970004260540009,0.19940002262592316
49,DROSOPHILA_TRANSFER__DROSOPHILA,4,-1,200,0.02038167230784893,0.19940002262592316,0.19940002262592316
49,DROSOPHILA_TRANSFER__DROSOPHILA,5,1,200,0.020476147532463074,0.19940002262592316,0.19910003244876862
49,DROSOPHILA_TRANSFER__DROSOPHILA,6,-1,200,0.020570671185851097,0.19910003244876862,0.19910003244876862
49,DROSOPHILA_TRANSFER__DROSOPHILA,7,1,200,0.02066514827311039,0.19910003244876862,0.19880002737045288
49,DROSOPHILA_TRANSFER__DROSOPHILA,8,-1,200,0.020759670063853264,0.19880002737045288,0.19880002737045288
49,DROSOPHILA_TRANSFER__DROSOPHILA,9,1,200,0.020854150876402855,0.19880002737045288,0.19850003719329834
49,DROSOPHILA_TRANSFER__DROSOPHILA,10,-1,200,0.02094866894185543,0.19850003719329834,0.19850003719329834
49,DROSOPHILA_TRANSFER__DROSOPHILA,11,1,200,0.02104314975440502,0.19850003719329834,0.1982000470161438
49,DROSOPHILA_TRANSFER__DROSOPHILA,12,-1,200,0.021137673407793045,0.1982000321149826,0.1982000470161438
49,DROSOPHILA_TRANSFER__DROSOPHILA,13,1,200,0.021232150495052338,0.1982000321149826,0.19790002703666687
49,DROSOPHILA_TRANSFER__DROSOPHILA,14,-1,200,0.021326666697859764,0.19790002703666687,0.19790002703666687
49,DROSOPHILA_TRANSFER__DROSOPHILA,15,1,200,0.021421149373054504,0.19790002703666687,0.19760002195835114
49,DROSOPHILA_TRANSFER__DROSOPHILA,16,-1,200,0.02151566930115223,0.19760003685951233,0.19760002195835114
49,DROSOPHILA_TRANSFER__DROSOPHILA,17,1,200,0.02161014825105667,0.19760003685951233,0.1973000317811966
49,DROSOPHILA_TRANSFER__DROSOPHILA,18,-1,200,0.021704668179154396,0.1973000168800354,0.1973000317811966
49,DROSOPHILA_TRANSFER__DROSOPHILA,19,1,200,0.021799150854349136,0.1973000168800354,0.19700002670288086
49,DROSOPHILA_TRANSFER__DROSOPHILA,20,-1,200,0.02189367264509201,0.19700002670288086,0.19700002670288086
50,DROSOPHILA_TRANSFER__DROSOPHILA,1,1,200,0.020098160952329636,0.20000003278255463,0.19970004260540009
50,DROSOPHILA_TRANSFER__DROSOPHILA,2,-1,200,0.020192578434944153,0.1997000128030777,0.19970004260540009
50,DROSOPHILA_TRANSFER__DROSOPHILA,3,1,200,0.02028694562613964,0.1997000128030777,0.19940002262592316
50,DROSOPHILA_TRANSFER__DROSOPHILA,4,-1,200,0.02038135565817356,0.19940002262592316,0.19940002262592316
50,DROSOPHILA_TRANSFER__DROSOPHILA,5,1,200,0.020475734025239944,0.19940002262592316,0.19910003244876862
50,DROSOPHILA_TRANSFER__DROSOPHILA,6,-1,200,0.020570144057273865,0.19910003244876862,0.19910003244876862
50,DROSOPHILA_TRANSFER__DROSOPHILA,7,1,200,0.02066451497375965,0.19910003244876862,0.19880002737045288
50,DROSOPHILA_TRANSFER__DROSOPHILA,8,-1,200,0.02075893059372902,0.19880002737045288,0.19880002737045288
50,DROSOPHILA_TRANSFER__DROSOPHILA,9,1,200,0.020853301510214806,0.19880002737045288,0.19850003719329834
50,DROSOPHILA_TRANSFER__DROSOPHILA,10,-1,200,0.020947717130184174,0.19850003719329834,0.19850003719329834
50,DROSOPHILA_TRANSFER__DROSOPHILA,11,1,200,0.02104208804666996,0.19850003719329834,0.1982000321149826
50,DROSOPHILA_TRANSFER__DROSOPHILA,12,-1,200,0.02113649994134903,0.1982000470161438,0.1982000321149826
50,DROSOPHILA_TRANSFER__DROSOPHILA,13,1,200,0.021230867132544518,0.1982000470161438,0.19790002703666687
50,DROSOPHILA_TRANSFER__DROSOPHILA,14,-1,200,0.021325282752513885,0.19790004193782806,0.19790002703666687
50,DROSOPHILA_TRANSFER__DROSOPHILA,15,1,200,0.02141965553164482,0.19790004193782806,0.19760003685951233
50,DROSOPHILA_TRANSFER__DROSOPHILA,16,-1,200,0.02151406928896904,0.19760003685951233,0.19760003685951233
50,DROSOPHILA_TRANSFER__DROSOPHILA,17,1,200,0.021608438342809677,0.19760003685951233,0.1973000168800354
50,DROSOPHILA_TRANSFER__DROSOPHILA,18,-1,200,0.021702855825424194,0.1973000168800354,0.1973000168800354
50,DROSOPHILA_TRANSFER__DROSOPHILA,19,1,200,0.02179722487926483,0.1973000168800354,0.19700002670288086
50,DROSOPHILA_TRANSFER__DROSOPHILA,20,-1,200,0.02189163863658905,0.19700002670288086,0.19700002670288086
51,DROSOPHILA_TRANSFER__DROSOPHILA,1,1,200,0.020098058506846428,0.20000003278255463,0.19970004260540009
51,DROSOPHILA_TRANSFER__DROSOPHILA,2,-1,200,0.020192505791783333,0.19970004260540009,0.19970004260540009
51,DROSOPHILA_TRANSFER__DROSOPHILA,3,1,200,0.02028687298297882,0.19970004260540009,0.19940002262592316
51,DROSOPHILA_TRANSFER__DROSOPHILA,4,-1,200,0.02038131281733513,0.19940002262592316,0.19940002262592316
51,DROSOPHILA_TRANSFER__DROSOPHILA,5,1,200,0.020475680008530617,0.19940002262592316,0.19910003244876862
51,DROSOPHILA_TRANSFER__DROSOPHILA,6,-1,200,0.02057012729346752,0.19910003244876862,0.19910003244876862
51,DROSOPHILA_TRANSFER__DROSOPHILA,7,1,200,0.020664488896727562,0.19910003244876862,0.19880004227161407
51,DROSOPHILA_TRANSFER__DROSOPHILA,8,-1,200,0.020758936181664467,0.19880002737045288,0.19880004227161407
51,DROSOPHILA_TRANSFER__DROSOPHILA,9,1,200,0.020853297784924507,0.19880002737045288,0.19850003719329834
51,DROSOPHILA_TRANSFER__DROSOPHILA,10,-1,200,0.02094774693250656,0.19850003719329834,0.19850003719329834
51,DROSOPHILA_TRANSFER__DROSOPHILA,11,1,200,0.0210421085357666,0.19850003719329834,0.1982000321149826
51,DROSOPHILA_TRANSFER__DROSOPHILA,12,-1,200,0.021136555820703506,0.1982000470161438,0.1982000321149826
51,DROSOPHILA_TRANSFER__DROSOPHILA,13,1,200,0.021230921149253845,0.1982000470161438,0.19790002703666687
51,DROSOPHILA_TRANSFER__DROSOPHILA,14,-1,200,0.02132536843419075,0.19790002703666687,0.19790002703666687
51,DROSOPHILA_TRANSFER__DROSOPHILA,15,1,200,0.02141972817480564,0.19790002703666687,0.19760002195835114
51,DROSOPHILA_TRANSFER__DROSOPHILA,16,-1,200,0.021514175459742546,0.19760003685951233,0.19760002195835114
51,DROSOPHILA_TRANSFER__DROSOPHILA,17,1,200,0.021608535200357437,0.19760003685951233,0.1973000168800354
51,DROSOPHILA_TRANSFER__DROSOPHILA,18,-1,200,0.02170298621058464,0.1973000168800354,0.1973000168800354
51,DROSOPHILA_TRANSFER__DROSOPHILA,19,1,200,0.021797344088554382,0.1973000168800354,0.19700002670288086
51,DROSOPHILA_TRANSFER__DROSOPHILA,20,-1,200,0.021891796961426735,0.19700002670288086,0.19700002670288086
52,DROSOPHILA_TRANSFER__DROSOPHILA,1,1,200,0.020098058506846428,0.20000003278255463,0.1997000277042389
52,DROSOPHILA_TRANSFER__DROSOPHILA,2,-1,200,0.02019253931939602,0.19970004260540009,0.1997000277042389
52,DROSOPHILA_TRANSFER__DROSOPHILA,3,1,200,0.020286912098526955,0.19970004260540009,0.19940002262592316
52,DROSOPHILA_TRANSFER__DROSOPHILA,4,-1,200,0.020381391048431396,0.19940002262592316,0.19940002262592316
52,DROSOPHILA_TRANSFER__DROSOPHILA,5,1,200,0.020475758239626884,0.19940002262592316,0.19910003244876862
52,DROSOPHILA_TRANSFER__DROSOPHILA,6,-1,200,0.020570239052176476,0.19910001754760742,0.19910003244876862
52,DROSOPHILA_TRANSFER__DROSOPHILA,7,1,200,0.02066461183130741,0.19910001754760742,0.19880002737045288
52,DROSOPHILA_TRANSFER__DROSOPHILA,8,-1,200,0.020759092643857002,0.19880002737045288,0.19880002737045288
52,DROSOPHILA_TRANSFER__DROSOPHILA,9,1,200,0.02085345983505249,0.19880002737045288,0.19850003719329834
52,DROSOPHILA_TRANSFER__DROSOPHILA,10,-1,200,0.02094794251024723,0.19850003719329834,0.19850003719329834
52,DROSOPHILA_TRANSFER__DROSOPHILA,11,1,200,0.02104230783879757,0.19850003719329834,0.1982000172138214
52,DROSOPHILA_TRANSFER__DROSOPHILA,12,-1,200,0.021136794239282608,0.1982000321149826,0.1982000172138214
52,DROSOPHILA_TRANSFER__DROSOPHILA,13,1,200,0.021231159567832947,0.1982000321149826,0.19790002703666687
52,DROSOPHILA_TRANSFER__DROSOPHILA,14,-1,200,0.021325644105672836,0.19790002703666687,0.19790002703666687
52,DROSOPHILA_TRANSFER__DROSOPHILA,15,1,200,0.021420009434223175,0.19790002703666687,0.19760002195835114
52,DROSOPHILA_TRANSFER__DROSOPHILA,16,-1,200,0.021514492109417915,0.19760003685951233,0.19760002195835114
52,DROSOPHILA_TRANSFER__DROSOPHILA,17,1,200,0.021608859300613403,0.19760003685951233,0.1973000168800354
52,DROSOPHILA_TRANSFER__DROSOPHILA,18,-1,200,0.021703341975808144,0.1973000168800354,0.1973000168800354
52,DROSOPHILA_TRANSFER__DROSOPHILA,19,1,200,0.02179770916700363,0.1973000168800354,0.19700002670288086
52,DROSOPHILA_TRANSFER__DROSOPHILA,20,-1,200,0.021892189979553223,0.19700002670288086,0.19700002670288086
53,DROSOPHILA_TRANSFER__DROSOPHILA,1,1,200,0.020098047330975533,0.20000003278255463,0.1997000277042389
53,DROSOPHILA_TRANSFER__DROSOPHILA,2,-1,200,0.02019045688211918,0.1997000277042389,0.1997000277042389
53,DROSOPHILA_TRANSFER__DROSOPHILA,3,1,200,0.02028273418545723,0.1997000277042389,0.19940002262592316
53,DROSOPHILA_TRANSFER__DROSOPHILA,4,-1,200,0.020375143736600876,0.19940002262592316,0.19940002262592316
53,DROSOPHILA_TRANSFER__DROSOPHILA,5,1,200,0.020467430353164673,0.19940002262592316,0.19910003244876862
53,DROSOPHILA_TRANSFER__DROSOPHILA,6,-1,200,0.02055983431637287,0.19910003244876862,0.19910003244876862
53,DROSOPHILA_TRANSFER__DROSOPHILA,7,1,200,0.02065211720764637,0.19910003244876862,0.19880002737045288
53,DROSOPHILA_TRANSFER__DROSOPHILA,8,-1,200,0.020744526758790016,0.1988000124692917,0.19880002737045288
53,DROSOPHILA_TRANSFER__DROSOPHILA,9,1,200,0.020836804062128067,0.1988000124692917,0.19850003719329834
53,DROSOPHILA_TRANSFER__DROSOPHILA,10,-1,200,0.020929215475916862,0.19850003719329834,0.19850003719329834
53,DROSOPHILA_TRANSFER__DROSOPHILA,11,1,200,0.021021494641900063,0.19850003719329834,0.1982000470161438
53,DROSOPHILA_TRANSFER__DROSOPHILA,12,-1,200,0.02111390419304371,0.1982000321149826,0.1982000470161438
53,DROSOPHILA_TRANSFER__DROSOPHILA,13,1,200,0.02120618149638176,0.1982000321149826,0.19790002703666687
53,DROSOPHILA_TRANSFER__DROSOPHILA,14,-1,200,0.021298592910170555,0.19790002703666687,0.19790002703666687
53,DROSOPHILA_TRANSFER__DROSOPHILA,15,1,200,0.021390872076153755,0.19790002703666687,0.19760003685951233
53,DROSOPHILA_TRANSFER__DROSOPHILA,16,-1,200,0.0214832853525877,0.19760003685951233,0.19760003685951233
53,DROSOPHILA_TRANSFER__DROSOPHILA,17,1,200,0.021575558930635452,0.19760003685951233,0.1973000317811966
53,DROSOPHILA_TRANSFER__DROSOPHILA,18,-1,200,0.021667974069714546,0.1973000317811966,0.1973000317811966
53,DROSOPHILA_TRANSFER__DROSOPHILA,19,1,200,0.021760256960988045,0.1973000317811966,0.19700002670288086
53,DROSOPHILA_TRANSFER__DROSOPHILA,20,-1,200,0.021852662786841393,0.19700002670288086,0.19700002670288086
54,DROSOPHILA_TRANSFER__DROSOPHILA,1,1,200,0.020098170265555382,0.20000003278255463,0.1997000277042389
54,DROSOPHILA_TRANSFER__DROSOPHILA,2,-1,200,0.020192695781588554,0.1997000277042389,0.1997000277042389
54,DROSOPHILA_TRANSFER__DROSOPHILA,3,1,200,0.020287230610847473,0.1997000277042389,0.19940002262592316
54,DROSOPHILA_TRANSFER__DROSOPHILA,4,-1,200,0.020381759852170944,0.19940003752708435,0.19940002262592316
54,DROSOPHILA_TRANSFER__DROSOPHILA,5,1,200,0.020476290956139565,0.19940003752708435,0.19910003244876862
54,DROSOPHILA_TRANSFER__DROSOPHILA,6,-1,200,0.020570822060108185,0.19910003244876862,0.19910003244876862
54,DROSOPHILA_TRANSFER__DROSOPHILA,7,1,200,0.020665349438786507,0.19910003244876862,0.19880002737045288
54,DROSOPHILA_TRANSFER__DROSOPHILA,8,-1,200,0.020759882405400276,0.19880004227161407,0.19880002737045288
54,DROSOPHILA_TRANSFER__DROSOPHILA,9,1,200,0.020854409784078598,0.19880004227161407,0.19850003719329834
54,DROSOPHILA_TRANSFER__DROSOPHILA,10,-1,200,0.02094894088804722,0.19850003719329834,0.19850003719329834
54,DROSOPHILA_TRANSFER__DROSOPHILA,11,1,200,0.02104347012937069,0.19850003719329834,0.1982000321149826
54,DROSOPHILA_TRANSFER__DROSOPHILA,12,-1,200,0.02113800123333931,0.1982000470161438,0.1982000321149826
54,DROSOPHILA_TRANSFER__DROSOPHILA,13,1,200,0.02123252861201763,0.1982000470161438,0.19790002703666687
54,DROSOPHILA_TRANSFER__DROSOPHILA,14,-1,200,0.02132706344127655,0.19790002703666687,0.19790002703666687
54,DROSOPHILA_TRANSFER__DROSOPHILA,15,1,200,0.021421587094664574,0.19790002703666687,0.19760003685951233
54,DROSOPHILA_TRANSFER__DROSOPHILA,16,-1,200,0.021516120061278343,0.19760003685951233,0.19760003685951233
54,DROSOPHILA_TRANSFER__DROSOPHILA,17,1,200,0.021610649302601814,0.19760003685951233,0.1973000317811966
54,DROSOPHILA_TRANSFER__DROSOPHILA,18,-1,200,0.021705180406570435,0.1973000168800354,0.1973000317811966
54,DROSOPHILA_TRANSFER__DROSOPHILA,19,1,200,0.021799709647893906,0.1973000168800354,0.19700002670288086
54,DROSOPHILA_TRANSFER__DROSOPHILA,20,-1,200,0.021894240751862526,0.19700002670288086,0.19700002670288086
55,DROSOPHILA_TRANSFER__DROSOPHILA,1,1,200,0.020098069682717323,0.20000003278255463,0.19970004260540009
55,DROSOPHILA_TRANSFER__DROSOPHILA,2,-1,200,0.020193520933389664,0.1997000277042389,0.19970004260540009
55,DROSOPHILA_TRANSFER__DROSOPHILA,3,1,200,0.020288905128836632,0.1997000277042389,0.19940002262592316
55,DROSOPHILA_TRANSFER__DROSOPHILA,4,-1,200,0.02038435824215412,0.19940002262592316,0.19940002262592316
55,DROSOPHILA_TRANSFER__DROSOPHILA,5,1,200,0.02047973871231079,0.19940002262592316,0.19910001754760742
55,DROSOPHILA_TRANSFER__DROSOPHILA,6,-1,200,0.020575188100337982,0.19910001754760742,0.19910001754760742
55,DROSOPHILA_TRANSFER__DROSOPHILA,7,1,200,0.02067057602107525,0.19910001754760742,0.19880002737045288
55,DROSOPHILA_TRANSFER__DROSOPHILA,8,-1,200,0.02076602540910244,0.1988000124692917,0.19880002737045288
55,DROSOPHILA_TRANSFER__DROSOPHILA,9,1,200,0.020861411467194557,0.1988000124692917,0.19850003719329834
55,DROSOPHILA_TRANSFER__DROSOPHILA,10,-1,200,0.020956862717866898,0.19850003719329834,0.19850003719329834
55,DROSOPHILA_TRANSFER__DROSOPHILA,11,1,200,0.021052246913313866,0.19850003719329834,0.1982000470161438
55,DROSOPHILA_TRANSFER__DROSOPHILA,12,-1,200,0.021147694438695908,0.1982000470161438,0.1982000470161438
55,DROSOPHILA_TRANSFER__DROSOPHILA,13,1,200,0.021243080496788025,0.1982000470161438,0.19790002703666687
55,DROSOPHILA_TRANSFER__DROSOPHILA,14,-1,200,0.021338529884815216,0.19790002703666687,0.19790002703666687
55,DROSOPHILA_TRANSFER__DROSOPHILA,15,1,200,0.021433915942907333,0.19790002703666687,0.19760003685951233
55,DROSOPHILA_TRANSFER__DROSOPHILA,16,-1,200,0.021529365330934525,0.19760002195835114,0.19760003685951233
55,DROSOPHILA_TRANSFER__DROSOPHILA,17,1,200,0.021624751389026642,0.19760002195835114,0.1973000317811966
55,DROSOPHILA_TRANSFER__DROSOPHILA,18,-1,200,0.021720202639698982,0.1973000168800354,0.1973000317811966
55,DROSOPHILA_TRANSFER__DROSOPHILA,19,1,200,0.02181558683514595,0.1973000168800354,0.19700002670288086
55,DROSOPHILA_TRANSFER__DROSOPHILA,20,-1,200,0.021911032497882843,0.19700002670288086,0.19700002670288086
56,DROSOPHILA_TRANSFER__DROSOPHILA,1,1,200,0.020098134875297546,0.20000003278255463,0.1997000277042389
56,DROSOPHILA_TRANSFER__DROSOPHILA,2,-1,200,0.020192259922623634,0.1997000277042389,0.1997000277042389
56,DROSOPHILA_TRANSFER__DROSOPHILA,3,1,200,0.020286351442337036,0.1997000277042389,0.19940003752708435
56,DROSOPHILA_TRANSFER__DROSOPHILA,4,-1,200,0.020380478352308273,0.19940002262592316,0.19940003752708435
56,DROSOPHILA_TRANSFER__DROSOPHILA,5,1,200,0.020474564284086227,0.19940002262592316,0.19910003244876862
56,DROSOPHILA_TRANSFER__DROSOPHILA,6,-1,200,0.020568691194057465,0.19910003244876862,0.19910003244876862
56,DROSOPHILA_TRANSFER__DROSOPHILA,7,1,200,0.020662780851125717,0.19910003244876862,0.1988000124692917
56,DROSOPHILA_TRANSFER__DROSOPHILA,8,-1,200,0.020756904035806656,0.19880002737045288,0.1988000124692917
56,DROSOPHILA_TRANSFER__DROSOPHILA,9,1,200,0.020850995555520058,0.19880002737045288,0.19850003719329834
56,DROSOPHILA_TRANSFER__DROSOPHILA,10,-1,200,0.020945122465491295,0.19850003719329834,0.19850003719329834
56,DROSOPHILA_TRANSFER__DROSOPHILA,11,1,200,0.021039212122559547,0.19850003719329834,0.1982000470161438
56,DROSOPHILA_TRANSFER__DROSOPHILA,12,-1,200,0.021133335307240486,0.1982000321149826,0.1982000470161438
56,DROSOPHILA_TRANSFER__DROSOPHILA,13,1,200,0.021227426826953888,0.1982000321149826,0.19790002703666687
56,DROSOPHILA_TRANSFER__DROSOPHILA,14,-1,200,0.021321550011634827,0.19790002703666687,0.19790002703666687
56,DROSOPHILA_TRANSFER__DROSOPHILA,15,1,200,0.02141563408076763,0.19790002703666687,0.19760002195835114
56,DROSOPHILA_TRANSFER__DROSOPHILA,16,-1,200,0.021509764716029167,0.19760003685951233,0.19760002195835114
56,DROSOPHILA_TRANSFER__DROSOPHILA,17,1,200,0.02160385437309742,0.19760003685951233,0.1973000168800354
56,DROSOPHILA_TRANSFER__DROSOPHILA,18,-1,200,0.021697979420423508,0.1973000317811966,0.1973000168800354
56,DROSOPHILA_TRANSFER__DROSOPHILA,19,1,200,0.02179206721484661,0.1973000317811966,0.19700002670288086
56,DROSOPHILA_TRANSFER__DROSOPHILA,20,-1,200,0.021886194124817848,0.19700002670288086,0.19700002670288086
57,DROSOPHILA_TRANSFER__DROSOPHILA,1,1,200,0.020097970962524414,0.20000003278255463,0.1997000277042389
57,DROSOPHILA_TRANSFER__DROSOPHILA,2,-1,200,0.020191363990306854,0.1997000277042389,0.1997000277042389
57,DROSOPHILA_TRANSFER__DROSOPHILA,3,1,200,0.020284617319703102,0.1997000277042389,0.19940002262592316
57,DROSOPHILA_TRANSFER__DROSOPHILA,4,-1,200,0.02037801221013069,0.19940002262592316,0.19940002262592316
57,DROSOPHILA_TRANSFER__DROSOPHILA,5,1,200,0.02047126553952694,0.19940002262592316,0.19910003244876862
57,DROSOPHILA_TRANSFER__DROSOPHILA,6,-1,200,0.02056465856730938,0.19910001754760742,0.19910003244876862
57,DROSOPHILA_TRANSFER__DROSOPHILA,7,1,200,0.020657917484641075,0.19910001754760742,0.1988000124692917
57,DROSOPHILA_TRANSFER__DROSOPHILA,8,-1,200,0.020751310512423515,0.19880002737045288,0.1988000124692917
57,DROSOPHILA_TRANSFER__DROSOPHILA,9,1,200,0.02084457315504551,0.19880002737045288,0.19850003719329834
57,DROSOPHILA_TRANSFER__DROSOPHILA,10,-1,200,0.020937960594892502,0.19850003719329834,0.19850003719329834
57,DROSOPHILA_TRANSFER__DROSOPHILA,11,1,200,0.021031217649579048,0.19850003719329834,0.1982000321149826
57,DROSOPHILA_TRANSFER__DROSOPHILA,12,-1,200,0.02112460881471634,0.1982000470161438,0.1982000321149826
57,DROSOPHILA_TRANSFER__DROSOPHILA,13,1,200,0.021217867732048035,0.1982000470161438,0.19790002703666687
57,DROSOPHILA_TRANSFER__DROSOPHILA,14,-1,200,0.021311258897185326,0.19790002703666687,0.19790002703666687
57,DROSOPHILA_TRANSFER__DROSOPHILA,15,1,200,0.02140452340245247,0.19790002703666687,0.19760002195835114
57,DROSOPHILA_TRANSFER__DROSOPHILA,16,-1,200,0.021497907117009163,0.19760003685951233,0.19760002195835114
57,DROSOPHILA_TRANSFER__DROSOPHILA,17,1,200,0.02159116417169571,0.19760003685951233,0.1973000168800354
57,DROSOPHILA_TRANSFER__DROSOPHILA,18,-1,200,0.021684560924768448,0.1973000168800354,0.1973000168800354
57,DROSOPHILA_TRANSFER__DROSOPHILA,19,1,200,0.021777821704745293,0.1973000168800354,0.19700002670288086
57,DROSOPHILA_TRANSFER__DROSOPHILA,20,-1,200,0.021871211007237434,0.19700002670288086,0.19700002670288086
58,DROSOPHILA_TRANSFER__DROSOPHILA,1,1,200,0.020098024979233742,0.20000003278255463,0.1997000277042389
58,DROSOPHILA_TRANSFER__DROSOPHILA,2,-1,200,0.020191190764307976,0.1997000277042389,0.1997000277042389
58,DROSOPHILA_TRANSFER__DROSOPHILA,3,1,200,0.020284239202737808,0.1997000277042389,0.19940002262592316
58,DROSOPHILA_TRANSFER__DROSOPHILA,4,-1,200,0.02037740685045719,0.19940002262592316,0.19940002262592316
58,DROSOPHILA_TRANSFER__DROSOPHILA,5,1,200,0.020470457151532173,0.19940002262592316,0.19910003244876862
58,DROSOPHILA_TRANSFER__DROSOPHILA,6,-1,200,0.02056361734867096,0.19910003244876862,0.19910003244876862
58,DROSOPHILA_TRANSFER__DROSOPHILA,7,1,200,0.02065667323768139,0.19910003244876862,0.1988000124692917
58,DROSOPHILA_TRANSFER__DROSOPHILA,8,-1,200,0.020749831572175026,0.19880002737045288,0.1988000124692917
58,DROSOPHILA_TRANSFER__DROSOPHILA,9,1,200,0.020842885598540306,0.19880002737045288,0.19850003719329834
58,DROSOPHILA_TRANSFER__DROSOPHILA,10,-1,200,0.02093605138361454,0.19850003719329834,0.19850003719329834
58,DROSOPHILA_TRANSFER__DROSOPHILA,11,1,200,0.021029101684689522,0.19850003719329834,0.1982000321149826
58,DROSOPHILA_TRANSFER__DROSOPHILA,12,-1,200,0.02112226001918316,0.1982000470161438,0.1982000321149826
58,DROSOPHILA_TRANSFER__DROSOPHILA,13,1,200,0.021215317770838737,0.1982000470161438,0.19790002703666687
58,DROSOPHILA_TRANSFER__DROSOPHILA,14,-1,200,0.021308481693267822,0.19790002703666687,0.19790002703666687
58,DROSOPHILA_TRANSFER__DROSOPHILA,15,1,200,0.021401528269052505,0.19790002703666687,0.19760003685951233
58,DROSOPHILA_TRANSFER__DROSOPHILA,16,-1,200,0.02149469219148159,0.19760002195835114,0.19760003685951233
58,DROSOPHILA_TRANSFER__DROSOPHILA,17,1,200,0.02158774435520172,0.19760002195835114,0.1973000317811966
58,DROSOPHILA_TRANSFER__DROSOPHILA,18,-1,200,0.021680910140275955,0.1973000317811966,0.1973000317811966
58,DROSOPHILA_TRANSFER__DROSOPHILA,19,1,200,0.021773960441350937,0.1973000317811966,0.19700002670288086
58,DROSOPHILA_TRANSFER__DROSOPHILA,20,-1,200,0.02186712622642517,0.19700002670288086,0.19700002670288086
59,DROSOPHILA_TRANSFER__DROSOPHILA,1,1,200,0.02009805478155613,0.20000003278255463,0.1997000277042389
59,DROSOPHILA_TRANSFER__DROSOPHILA,2,-1,200,0.02019374445080757,0.1997000277042389,0.1997000277042389
59,DROSOPHILA_TRANSFER__DROSOPHILA,3,1,200,0.020289316773414612,0.1997000277042389,0.19940002262592316
59,DROSOPHILA_TRANSFER__DROSOPHILA,4,-1,200,0.020384998992085457,0.19940002262592316,0.19940002262592316
59,DROSOPHILA_TRANSFER__DROSOPHILA,5,1,200,0.020480571314692497,0.19940002262592316,0.19910003244876862
59,DROSOPHILA_TRANSFER__DROSOPHILA,6,-1,200,0.02057625539600849,0.19910001754760742,0.19910003244876862
59,DROSOPHILA_TRANSFER__DROSOPHILA,7,1,200,0.020671825855970383,0.19910001754760742,0.19880002737045288
59,DROSOPHILA_TRANSFER__DROSOPHILA,8,-1,200,0.020767508074641228,0.19880002737045288,0.19880002737045288
59,DROSOPHILA_TRANSFER__DROSOPHILA,9,1,200,0.02086307853460312,0.19880002737045288,0.19850003719329834
59,DROSOPHILA_TRANSFER__DROSOPHILA,10,-1,200,0.02095876634120941,0.19850003719329834,0.19850003719329834
59,DROSOPHILA_TRANSFER__DROSOPHILA,11,1,200,0.021054336801171303,0.19850003719329834,0.1982000321149826
59,DROSOPHILA_TRANSFER__DROSOPHILA,12,-1,200,0.021150019019842148,0.1982000321149826,0.1982000321149826
59,DROSOPHILA_TRANSFER__DROSOPHILA,13,1,200,0.021245591342449188,0.1982000321149826,0.19790002703666687
59,DROSOPHILA_TRANSFER__DROSOPHILA,14,-1,200,0.021341273561120033,0.19790002703666687,0.19790002703666687
59,DROSOPHILA_TRANSFER__DROSOPHILA,15,1,200,0.021436844021081924,0.19790002703666687,0.19760003685951233
59,DROSOPHILA_TRANSFER__DROSOPHILA,16,-1,200,0.021532531827688217,0.19760003685951233,0.19760003685951233
59,DROSOPHILA_TRANSFER__DROSOPHILA,17,1,200,0.02162810042500496,0.19760003685951233,0.1973000317811966
59,DROSOPHILA_TRANSFER__DROSOPHILA,18,-1,200,0.021723784506320953,0.1973000317811966,0.1973000317811966
59,DROSOPHILA_TRANSFER__DROSOPHILA,19,1,200,0.021819354966282845,0.1973000317811966,0.19700002670288086
59,DROSOPHILA_TRANSFER__DROSOPHILA,20,-1,200,0.021915040910243988,0.19700002670288086,0.19700002670288086
60,DROSOPHILA_TRANSFER__DROSOPHILA,1,1,200,0.020098097622394562,0.20000003278255463,0.19970004260540009
60,DROSOPHILA_TRANSFER__DROSOPHILA,2,-1,200,0.020192451775074005,0.1997000277042389,0.19970004260540009
60,DROSOPHILA_TRANSFER__DROSOPHILA,3,1,200,0.02028675563633442,0.1997000277042389,0.19940002262592316
60,DROSOPHILA_TRANSFER__DROSOPHILA,4,-1,200,0.020381111651659012,0.19940002262592316,0.19940002262592316
60,DROSOPHILA_TRANSFER__DROSOPHILA,5,1,200,0.020475411787629128,0.19940002262592316,0.19910001754760742
60,DROSOPHILA_TRANSFER__DROSOPHILA,6,-1,200,0.02056976780295372,0.19910003244876862,0.19910001754760742
60,DROSOPHILA_TRANSFER__DROSOPHILA,7,1,200,0.020664067938923836,0.19910003244876862,0.19880004227161407
60,DROSOPHILA_TRANSFER__DROSOPHILA,8,-1,200,0.02075841836631298,0.1988000124692917,0.19880004227161407
60,DROSOPHILA_TRANSFER__DROSOPHILA,9,1,200,0.020852722227573395,0.1988000124692917,0.19850003719329834
60,DROSOPHILA_TRANSFER__DROSOPHILA,10,-1,200,0.02094707079231739,0.19850003719329834,0.19850003719329834
60,DROSOPHILA_TRANSFER__DROSOPHILA,11,1,200,0.021041380241513252,0.19850003719329834,0.1982000321149826
60,DROSOPHILA_TRANSFER__DROSOPHILA,12,-1,200,0.021135732531547546,0.1982000321149826,0.1982000321149826
60,DROSOPHILA_TRANSFER__DROSOPHILA,13,1,200,0.021230028942227364,0.1982000321149826,0.19790002703666687
60,DROSOPHILA_TRANSFER__DROSOPHILA,14,-1,200,0.021324383094906807,0.19790002703666687,0.19790002703666687
60,DROSOPHILA_TRANSFER__DROSOPHILA,15,1,200,0.021418683230876923,0.19790002703666687,0.19760002195835114
60,DROSOPHILA_TRANSFER__DROSOPHILA,16,-1,200,0.021513041108846664,0.19760003685951233,0.19760002195835114
60,DROSOPHILA_TRANSFER__DROSOPHILA,17,1,200,0.02160734124481678,0.19760003685951233,0.1973000168800354
60,DROSOPHILA_TRANSFER__DROSOPHILA,18,-1,200,0.021701693534851074,0.1973000317811966,0.1973000168800354
60,DROSOPHILA_TRANSFER__DROSOPHILA,19,1,200,0.02179599367082119,0.1973000317811966,0.19700002670288086
60,DROSOPHILA_TRANSFER__DROSOPHILA,20,-1,200,0.021890349686145782,0.19700002670288086,0.19700002670288086
61,DROSOPHILA_TRANSFER__DROSOPHILA,1,1,200,0.020098166540265083,0.20000003278255463,0.1997000277042389
61,DROSOPHILA_TRANSFER__DROSOPHILA,2,-1,200,0.020192932337522507,0.1997000277042389,0.1997000277042389
61,DROSOPHILA_TRANSFER__DROSOPHILA,3,1,200,0.020287679508328438,0.1997000277042389,0.19940003752708435
61,DROSOPHILA_TRANSFER__DROSOPHILA,4,-1,200,0.02038244903087616,0.19940002262592316,0.19940003752708435
61,DROSOPHILA_TRANSFER__DROSOPHILA,5,1,200,0.02047719806432724,0.19940002262592316,0.19910003244876862
61,DROSOPHILA_TRANSFER__DROSOPHILA,6,-1,200,0.020571960136294365,0.19910003244876862,0.19910003244876862
61,DROSOPHILA_TRANSFER__DROSOPHILA,7,1,200,0.020666709169745445,0.19910003244876862,0.19880004227161407
61,DROSOPHILA_TRANSFER__DROSOPHILA,8,-1,200,0.020761478692293167,0.19880004227161407,0.19880004227161407
61,DROSOPHILA_TRANSFER__DROSOPHILA,9,1,200,0.02085622400045395,0.19880004227161407,0.19850003719329834
61,DROSOPHILA_TRANSFER__DROSOPHILA,10,-1,200,0.020950987935066223,0.19850003719329834,0.19850003719329834
61,DROSOPHILA_TRANSFER__DROSOPHILA,11,1,200,0.021045738831162453,0.19850003719329834,0.1982000321149826
61,DROSOPHILA_TRANSFER__DROSOPHILA,12,-1,200,0.021140508353710175,0.1982000470161438,0.1982000321149826
61,DROSOPHILA_TRANSFER__DROSOPHILA,13,1,200,0.021235253661870956,0.1982000470161438,0.19790004193782806
61,DROSOPHILA_TRANSFER__DROSOPHILA,14,-1,200,0.02133001759648323,0.19790002703666687,0.19790004193782806
61,DROSOPHILA_TRANSFER__DROSOPHILA,15,1,200,0.02142477035522461,0.19790002703666687,0.19760003685951233
61,DROSOPHILA_TRANSFER__DROSOPHILA,16,-1,200,0.021519536152482033,0.19760002195835114,0.19760003685951233
61,DROSOPHILA_TRANSFER__DROSOPHILA,17,1,200,0.021614281460642815,0.19760002195835114,0.1973000168800354
61,DROSOPHILA_TRANSFER__DROSOPHILA,18,-1,200,0.021709050983190536,0.1973000317811966,0.1973000168800354
61,DROSOPHILA_TRANSFER__DROSOPHILA,19,1,200,0.021803801879286766,0.1973000317811966,0.19700002670288086
61,DROSOPHILA_TRANSFER__DROSOPHILA,20,-1,200,0.02189856767654419,0.19700002670288086,0.19700002670288086
62,DROSOPHILA_TRANSFER__DROSOPHILA,1,1,200,0.020098039880394936,0.20000003278255463,0.19970004260540009
62,DROSOPHILA_TRANSFER__DROSOPHILA,2,-1,200,0.020190764218568802,0.1997000277042389,0.19970004260540009
62,DROSOPHILA_TRANSFER__DROSOPHILA,3,1,200,0.020283371210098267,0.1997000277042389,0.19940002262592316
62,DROSOPHILA_TRANSFER__DROSOPHILA,4,-1,200,0.020376095548272133,0.19940002262592316,0.19940002262592316
62,DROSOPHILA_TRANSFER__DROSOPHILA,5,1,200,0.020468711853027344,0.19940002262592316,0.19910003244876862
62,DROSOPHILA_TRANSFER__DROSOPHILA,6,-1,200,0.020561430603265762,0.19910003244876862,0.19910003244876862
62,DROSOPHILA_TRANSFER__DROSOPHILA,7,1,200,0.020654043182730675,0.19910003244876862,0.19880004227161407
62,DROSOPHILA_TRANSFER__DROSOPHILA,8,-1,200,0.020746765658259392,0.19880002737045288,0.19880004227161407
62,DROSOPHILA_TRANSFER__DROSOPHILA,9,1,200,0.020839378237724304,0.19880002737045288,0.19850003719329834
62,DROSOPHILA_TRANSFER__DROSOPHILA,10,-1,200,0.02093210257589817,0.19850003719329834,0.19850003719329834
62,DROSOPHILA_TRANSFER__DROSOPHILA,11,1,200,0.021024715155363083,0.19850003719329834,0.1982000470161438
62,DROSOPHILA_TRANSFER__DROSOPHILA,12,-1,200,0.0211174339056015,0.1982000470161438,0.1982000470161438
62,DROSOPHILA_TRANSFER__DROSOPHILA,13,1,200,0.02121005207300186,0.1982000470161438,0.19790002703666687
62,DROSOPHILA_TRANSFER__DROSOPHILA,14,-1,200,0.02130277082324028,0.19790004193782806,0.19790002703666687
62,DROSOPHILA_TRANSFER__DROSOPHILA,15,1,200,0.021395385265350342,0.19790004193782806,0.19760002195835114
62,DROSOPHILA_TRANSFER__DROSOPHILA,16,-1,200,0.02148810215294361,0.19760003685951233,0.19760002195835114
62,DROSOPHILA_TRANSFER__DROSOPHILA,17,1,200,0.02158072218298912,0.19760003685951233,0.1973000317811966
62,DROSOPHILA_TRANSFER__DROSOPHILA,18,-1,200,0.02167344279587269,0.1973000168800354,0.1973000317811966
62,DROSOPHILA_TRANSFER__DROSOPHILA,19,1,200,0.021766051650047302,0.1973000168800354,0.19700002670288086
62,DROSOPHILA_TRANSFER__DROSOPHILA,20,-1,200,0.02185877412557602,0.19700002670288086,0.19700002670288086
63,DROSOPHILA_TRANSFER__DROSOPHILA,1,1,200,0.02009803056716919,0.20000003278255463,0.1997000277042389
63,DROSOPHILA_TRANSFER__DROSOPHILA,2,-1,200,0.020191390067338943,0.1997000277042389,0.1997000277042389
63,DROSOPHILA_TRANSFER__DROSOPHILA,3,1,200,0.0202846247702837,0.1997000277042389,0.19940002262592316
63,DROSOPHILA_TRANSFER__DROSOPHILA,4,-1,200,0.020377984270453453,0.19940002262592316,0.19940002262592316
63,DROSOPHILA_TRANSFER__DROSOPHILA,5,1,200,0.020471222698688507,0.19940002262592316,0.19910001754760742
63,DROSOPHILA_TRANSFER__DROSOPHILA,6,-1,200,0.020564574748277664,0.19910003244876862,0.19910001754760742
63,DROSOPHILA_TRANSFER__DROSOPHILA,7,1,200,0.020657816901803017,0.19910003244876862,0.1988000124692917
63,DROSOPHILA_TRANSFER__DROSOPHILA,8,-1,200,0.020751172676682472,0.1988000124692917,0.1988000124692917
63,DROSOPHILA_TRANSFER__DROSOPHILA,9,1,200,0.020844409242272377,0.1988000124692917,0.19850003719329834
63,DROSOPHILA_TRANSFER__DROSOPHILA,10,-1,200,0.02093777060508728,0.19850003719329834,0.19850003719329834
63,DROSOPHILA_TRANSFER__DROSOPHILA,11,1,200,0.021031005308032036,0.19850003719329834,0.1982000470161438
63,DROSOPHILA_TRANSFER__DROSOPHILA,12,-1,200,0.02112436480820179,0.1982000321149826,0.1982000470161438
63,DROSOPHILA_TRANSFER__DROSOPHILA,13,1,200,0.021217597648501396,0.1982000321149826,0.19790002703666687
63,DROSOPHILA_TRANSFER__DROSOPHILA,14,-1,200,0.0213109590113163,0.19790002703666687,0.19790002703666687
63,DROSOPHILA_TRANSFER__DROSOPHILA,15,1,200,0.021404193714261055,0.19790002703666687,0.19760003685951233
63,DROSOPHILA_TRANSFER__DROSOPHILA,16,-1,200,0.02149755135178566,0.19760002195835114,0.19760003685951233
63,DROSOPHILA_TRANSFER__DROSOPHILA,17,1,200,0.021590787917375565,0.19760002195835114,0.1973000317811966
63,DROSOPHILA_TRANSFER__DROSOPHILA,18,-1,200,0.021684153005480766,0.1973000317811966,0.1973000317811966
63,DROSOPHILA_TRANSFER__DROSOPHILA,19,1,200,0.021777385845780373,0.1973000317811966,0.19700002670288086
63,DROSOPHILA_TRANSFER__DROSOPHILA,20,-1,200,0.021870747208595276,0.19700002670288086,0.19700002670288086
64,DROSOPHILA_TRANSFER__DROSOPHILA,1,1,200,0.02009820006787777,0.20000003278255463,0.1997000277042389
64,DROSOPHILA_TRANSFER__DROSOPHILA,2,-1,200,0.020191725343465805,0.1997000277042389,0.1997000277042389
64,DROSOPHILA_TRANSFER__DROSOPHILA,3,1,200,0.020285241305828094,0.1997000277042389,0.19940002262592316
64,DROSOPHILA_TRANSFER__DROSOPHILA,4,-1,200,0.020378759130835533,0.19940002262592316,0.19940002262592316
64,DROSOPHILA_TRANSFER__DROSOPHILA,5,1,200,0.020472275093197823,0.19940002262592316,0.19910001754760742
64,DROSOPHILA_TRANSFER__DROSOPHILA,6,-1,200,0.020565804094076157,0.19910003244876862,0.19910001754760742
64,DROSOPHILA_TRANSFER__DROSOPHILA,7,1,200,0.020659321919083595,0.19910003244876862,0.19880002737045288
64,DROSOPHILA_TRANSFER__DROSOPHILA,8,-1,200,0.02075284719467163,0.1988000124692917,0.19880002737045288
64,DROSOPHILA_TRANSFER__DROSOPHILA,9,1,200,0.02084636315703392,0.1988000124692917,0.19850003719329834
64,DROSOPHILA_TRANSFER__DROSOPHILA,10,-1,200,0.020939882844686508,0.19850003719329834,0.19850003719329834
64,DROSOPHILA_TRANSFER__DROSOPHILA,11,1,200,0.021033398807048798,0.19850003719329834,0.1982000470161438
64,DROSOPHILA_TRANSFER__DROSOPHILA,12,-1,200,0.021126924082636833,0.1982000321149826,0.1982000470161438
64,DROSOPHILA_TRANSFER__DROSOPHILA,13,1,200,0.021220440044999123,0.1982000321149826,0.19790002703666687
64,DROSOPHILA_TRANSFER__DROSOPHILA,14,-1,200,0.021313965320587158,0.19790002703666687,0.19790002703666687
64,DROSOPHILA_TRANSFER__DROSOPHILA,15,1,200,0.021407483145594597,0.19790002703666687,0.19760003685951233
64,DROSOPHILA_TRANSFER__DROSOPHILA,16,-1,200,0.021501008421182632,0.19760003685951233,0.19760003685951233
64,DROSOPHILA_TRANSFER__DROSOPHILA,17,1,200,0.021594518795609474,0.19760003685951233,0.1973000168800354
64,DROSOPHILA_TRANSFER__DROSOPHILA,18,-1,200,0.02168804407119751,0.1973000317811966,0.1973000168800354
64,DROSOPHILA_TRANSFER__DROSOPHILA,19,1,200,0.02178155817091465,0.1973000317811966,0.19700002670288086
64,DROSOPHILA_TRANSFER__DROSOPHILA,20,-1,200,0.021875085309147835,0.19700002670288086,0.19700002670288086
65,DROSOPHILA_TRANSFER__DROSOPHILA,1,1,200,0.02009798027575016,0.20000003278255463,0.19970004260540009
65,DROSOPHILA_TRANSFER__DROSOPHILA,2,-1,200,0.020192069932818413,0.19970004260540009,0.19970004260540009
65,DROSOPHILA_TRANSFER__DROSOPHILA,3,1,200,0.020285965874791145,0.19970004260540009,0.19940002262592316
65,DROSOPHILA_TRANSFER__DROSOPHILA,4,-1,200,0.02038005366921425,0.19940002262592316,0.19940002262592316
65,DROSOPHILA_TRANSFER__DROSOPHILA,5,1,200,0.020473947748541832,0.19940002262592316,0.19910003244876862
65,DROSOPHILA_TRANSFER__DROSOPHILA,6,-1,200,0.020568041130900383,0.19910003244876862,0.19910003244876862
65,DROSOPHILA_TRANSFER__DROSOPHILA,7,1,200,0.020661935210227966,0.19910003244876862,0.1988000124692917
65,DROSOPHILA_TRANSFER__DROSOPHILA,8,-1,200,0.02075602300465107,0.19880002737045288,0.1988000124692917
65,DROSOPHILA_TRANSFER__DROSOPHILA,9,1,200,0.020849918946623802,0.19880002737045288,0.19850003719329834
65,DROSOPHILA_TRANSFER__DROSOPHILA,10,-1,200,0.020944008603692055,0.19850003719329834,0.19850003719329834
65,DROSOPHILA_TRANSFER__DROSOPHILA,11,1,200,0.021037902683019638,0.19850003719329834,0.1982000470161438
65,DROSOPHILA_TRANSFER__DROSOPHILA,12,-1,200,0.02113199420273304,0.1982000321149826,0.1982000470161438
65,DROSOPHILA_TRANSFER__DROSOPHILA,13,1,200,0.021225888282060623,0.1982000321149826,0.19790002703666687
65,DROSOPHILA_TRANSFER__DROSOPHILA,14,-1,200,0.021319979801774025,0.19790004193782806,0.19790002703666687
65,DROSOPHILA_TRANSFER__DROSOPHILA,15,1,200,0.02141387201845646,0.19790004193782806,0.19760003685951233
65,DROSOPHILA_TRANSFER__DROSOPHILA,16,-1,200,0.02150796167552471,0.19760003685951233,0.19760003685951233
65,DROSOPHILA_TRANSFER__DROSOPHILA,17,1,200,0.021601859480142593,0.19760003685951233,0.1973000317811966
65,DROSOPHILA_TRANSFER__DROSOPHILA,18,-1,200,0.021695949137210846,0.1973000168800354,0.1973000317811966
65,DROSOPHILA_TRANSFER__DROSOPHILA,19,1,200,0.02178984135389328,0.1973000168800354,0.19700002670288086
65,DROSOPHILA_TRANSFER__DROSOPHILA,20,-1,200,0.02188393473625183,0.19700002670288086,0.19700002670288086
66,DROSOPHILA_TRANSFER__DROSOPHILA,1,1,200,0.020098093897104263,0.20000003278255463,0.1997000277042389
66,DROSOPHILA_TRANSFER__DROSOPHILA,2,-1,200,0.020193064585328102,0.1997000277042389,0.1997000277042389
66,DROSOPHILA_TRANSFER__DROSOPHILA,3,1,200,0.020288027822971344,0.1997000277042389,0.19940002262592316
66,DROSOPHILA_TRANSFER__DROSOPHILA,4,-1,200,0.020382996648550034,0.19940002262592316,0.19940002262592316
66,DROSOPHILA_TRANSFER__DROSOPHILA,5,1,200,0.020477956160902977,0.19940002262592316,0.19910001754760742
66,DROSOPHILA_TRANSFER__DROSOPHILA,6,-1,200,0.020572924986481667,0.19910003244876862,0.19910001754760742
66,DROSOPHILA_TRANSFER__DROSOPHILA,7,1,200,0.02066788263618946,0.19910003244876862,0.19880002737045288
66,DROSOPHILA_TRANSFER__DROSOPHILA,8,-1,200,0.020762857049703598,0.19880002737045288,0.19880002737045288
66,DROSOPHILA_TRANSFER__DROSOPHILA,9,1,200,0.02085781656205654,0.19880002737045288,0.19850003719329834
66,DROSOPHILA_TRANSFER__DROSOPHILA,10,-1,200,0.020952783524990082,0.19850003719329834,0.19850003719329834
66,DROSOPHILA_TRANSFER__DROSOPHILA,11,1,200,0.021047744899988174,0.19850003719329834,0.1982000470161438
66,DROSOPHILA_TRANSFER__DROSOPHILA,12,-1,200,0.021142711862921715,0.1982000321149826,0.1982000470161438
66,DROSOPHILA_TRANSFER__DROSOPHILA,13,1,200,0.021237671375274658,0.1982000321149826,0.19790002703666687
66,DROSOPHILA_TRANSFER__DROSOPHILA,14,-1,200,0.021332643926143646,0.19790002703666687,0.19790002703666687
66,DROSOPHILA_TRANSFER__DROSOPHILA,15,1,200,0.02142760343849659,0.19790002703666687,0.19760002195835114
66,DROSOPHILA_TRANSFER__DROSOPHILA,16,-1,200,0.02152257412672043,0.19760003685951233,0.19760002195835114
66,DROSOPHILA_TRANSFER__DROSOPHILA,17,1,200,0.02161753736436367,0.19760003685951233,0.1973000168800354
66,DROSOPHILA_TRANSFER__DROSOPHILA,18,-1,200,0.02171250432729721,0.1973000317811966,0.1973000168800354
66,DROSOPHILA_TRANSFER__DROSOPHILA,19,1,200,0.021807465702295303,0.1973000317811966,0.19700002670288086
66,DROSOPHILA_TRANSFER__DROSOPHILA,20,-1,200,0.021902436390519142,0.19700002670288086,0.19700002670288086
67,DROSOPHILA_TRANSFER__DROSOPHILA,1,1,200,0.020098036155104637,0.20000003278255463,0.1997000277042389
67,DROSOPHILA_TRANSFER__DROSOPHILA,2,-1,200,0.020192014053463936,0.1997000277042389,0.1997000277042389
67,DROSOPHILA_TRANSFER__DROSOPHILA,3,1,200,0.020285850390791893,0.1997000277042389,0.19940002262592316
67,DROSOPHILA_TRANSFER__DROSOPHILA,4,-1,200,0.020379837602376938,0.19940002262592316,0.19940002262592316
67,DROSOPHILA_TRANSFER__DROSOPHILA,5,1,200,0.020473679527640343,0.19940002262592316,0.19910001754760742
67,DROSOPHILA_TRANSFER__DROSOPHILA,6,-1,200,0.020567655563354492,0.19910003244876862,0.19910001754760742
67,DROSOPHILA_TRANSFER__DROSOPHILA,7,1,200,0.020661499351263046,0.19910003244876862,0.19880002737045288
67,DROSOPHILA_TRANSFER__DROSOPHILA,8,-1,200,0.020755479112267494,0.1988000124692917,0.19880002737045288
67,DROSOPHILA_TRANSFER__DROSOPHILA,9,1,200,0.0208493173122406,0.1988000124692917,0.19850003719329834
67,DROSOPHILA_TRANSFER__DROSOPHILA,10,-1,200,0.0209432952105999,0.19850003719329834,0.19850003719329834
67,DROSOPHILA_TRANSFER__DROSOPHILA,11,1,200,0.021037133410573006,0.19850003719329834,0.1982000321149826
67,DROSOPHILA_TRANSFER__DROSOPHILA,12,-1,200,0.021131111308932304,0.1982000321149826,0.1982000321149826
67,DROSOPHILA_TRANSFER__DROSOPHILA,13,1,200,0.02122495323419571,0.1982000321149826,0.19790002703666687
67,DROSOPHILA_TRANSFER__DROSOPHILA,14,-1,200,0.021318932995200157,0.19790002703666687,0.19790002703666687
67,DROSOPHILA_TRANSFER__DROSOPHILA,15,1,200,0.021412771195173264,0.19790002703666687,0.19760003685951233
67,DROSOPHILA_TRANSFER__DROSOPHILA,16,-1,200,0.02150675281882286,0.19760002195835114,0.19760003685951233
67,DROSOPHILA_TRANSFER__DROSOPHILA,17,1,200,0.021600596606731415,0.19760002195835114,0.1973000317811966
67,DROSOPHILA_TRANSFER__DROSOPHILA,18,-1,200,0.021694578230381012,0.1973000168800354,0.1973000317811966
67,DROSOPHILA_TRANSFER__DROSOPHILA,19,1,200,0.02178841270506382,0.1973000168800354,0.19700002670288086
67,DROSOPHILA_TRANSFER__DROSOPHILA,20,-1,200,0.021882394328713417,0.19700002670288086,0.19700002670288086
68,DROSOPHILA_TRANSFER__DROSOPHILA,1,1,200,0.02009817771613598,0.20000003278255463,0.1997000277042389
68,DROSOPHILA_TRANSFER__DROSOPHILA,2,-1,200,0.020192939788103104,0.1997000277042389,0.1997000277042389
68,DROSOPHILA_TRANSFER__DROSOPHILA,3,1,200,0.02028769813477993,0.1997000277042389,0.19940002262592316
68,DROSOPHILA_TRANSFER__DROSOPHILA,4,-1,200,0.020382467657327652,0.19940002262592316,0.19940002262592316
68,DROSOPHILA_TRANSFER__DROSOPHILA,5,1,200,0.02047722600400448,0.19940002262592316,0.19910003244876862
68,DROSOPHILA_TRANSFER__DROSOPHILA,6,-1,200,0.020571989938616753,0.19910003244876862,0.19910003244876862
68,DROSOPHILA_TRANSFER__DROSOPHILA,7,1,200,0.02066675014793873,0.19910003244876862,0.19880002737045288
68,DROSOPHILA_TRANSFER__DROSOPHILA,8,-1,200,0.02076151594519615,0.1988000124692917,0.19880002737045288
68,DROSOPHILA_TRANSFER__DROSOPHILA,9,1,200,0.020856274291872978,0.1988000124692917,0.19850003719329834
68,DROSOPHILA_TRANSFER__DROSOPHILA,10,-1,200,0.02095104195177555,0.19850003719329834,0.19850003719329834
68,DROSOPHILA_TRANSFER__DROSOPHILA,11,1,200,0.021045798435807228,0.19850003719329834,0.1982000172138214
68,DROSOPHILA_TRANSFER__DROSOPHILA,12,-1,200,0.021140562370419502,0.1982000470161438,0.1982000172138214
68,DROSOPHILA_TRANSFER__DROSOPHILA,13,1,200,0.021235326305031776,0.1982000470161438,0.19790002703666687
68,DROSOPHILA_TRANSFER__DROSOPHILA,14,-1,200,0.02133009023964405,0.19790002703666687,0.19790002703666687
68,DROSOPHILA_TRANSFER__DROSOPHILA,15,1,200,0.021424850448966026,0.19790002703666687,0.19760003685951233
68,DROSOPHILA_TRANSFER__DROSOPHILA,16,-1,200,0.02151961252093315,0.19760003685951233,0.19760003685951233
68,DROSOPHILA_TRANSFER__DROSOPHILA,17,1,200,0.021614378318190575,0.19760003685951233,0.1973000317811966
68,DROSOPHILA_TRANSFER__DROSOPHILA,18,-1,200,0.02170913852751255,0.1973000168800354,0.1973000317811966
68,DROSOPHILA_TRANSFER__DROSOPHILA,19,1,200,0.021803898736834526,0.1973000168800354,0.19700002670288086
68,DROSOPHILA_TRANSFER__DROSOPHILA,20,-1,200,0.02189866453409195,0.19700002670288086,0.19700002670288086
69,DROSOPHILA_TRANSFER__DROSOPHILA,1,1,200,0.020098021253943443,0.20000003278255463,0.19970004260540009
69,DROSOPHILA_TRANSFER__DROSOPHILA,2,-1,200,0.020193174481391907,0.1997000277042389,0.19970004260540009
69,DROSOPHILA_TRANSFER__DROSOPHILA,3,1,200,0.02028820849955082,0.1997000277042389,0.19940002262592316
69,DROSOPHILA_TRANSFER__DROSOPHILA,4,-1,200,0.020383359864354134,0.19940002262592316,0.19940002262592316
69,DROSOPHILA_TRANSFER__DROSOPHILA,5,1,200,0.020478390157222748,0.19940002262592316,0.19910003244876862
69,DROSOPHILA_TRANSFER__DROSOPHILA,6,-1,200,0.02057354524731636,0.19910003244876862,0.19910003244876862
69,DROSOPHILA_TRANSFER__DROSOPHILA,7,1,200,0.020668573677539825,0.19910003244876862,0.19880002737045288
69,DROSOPHILA_TRANSFER__DROSOPHILA,8,-1,200,0.020763730630278587,0.19880002737045288,0.19880002737045288
69,DROSOPHILA_TRANSFER__DROSOPHILA,9,1,200,0.02085876278579235,0.19880002737045288,0.19850003719329834
69,DROSOPHILA_TRANSFER__DROSOPHILA,10,-1,200,0.020953914150595665,0.19850003719329834,0.19850003719329834
69,DROSOPHILA_TRANSFER__DROSOPHILA,11,1,200,0.02104894258081913,0.19850003719329834,0.1982000321149826
69,DROSOPHILA_TRANSFER__DROSOPHILA,12,-1,200,0.021144093945622444,0.1982000470161438,0.1982000321149826
69,DROSOPHILA_TRANSFER__DROSOPHILA,13,1,200,0.021239133551716805,0.1982000470161438,0.19790002703666687
69,DROSOPHILA_TRANSFER__DROSOPHILA,14,-1,200,0.02133428491652012,0.19790002703666687,0.19790002703666687
69,DROSOPHILA_TRANSFER__DROSOPHILA,15,1,200,0.021429313346743584,0.19790002703666687,0.19760003685951233
69,DROSOPHILA_TRANSFER__DROSOPHILA,16,-1,200,0.021524470299482346,0.19760003685951233,0.19760003685951233
69,DROSOPHILA_TRANSFER__DROSOPHILA,17,1,200,0.021619504317641258,0.19760003685951233,0.1973000317811966
69,DROSOPHILA_TRANSFER__DROSOPHILA,18,-1,200,0.021714653819799423,0.1973000168800354,0.1973000317811966
69,DROSOPHILA_TRANSFER__DROSOPHILA,19,1,200,0.021809687837958336,0.1973000168800354,0.19700002670288086
69,DROSOPHILA_TRANSFER__DROSOPHILA,20,-1,200,0.0219048373401165,0.19700002670288086,0.19700002670288086
70,DROSOPHILA_TRANSFER__DROSOPHILA,1,1,200,0.020098118111491203,0.20000003278255463,0.1997000277042389
70,DROSOPHILA_TRANSFER__DROSOPHILA,2,-1,200,0.020191293209791183,0.19970004260540009,0.1997000277042389
70,DROSOPHILA_TRANSFER__DROSOPHILA,3,1,200,0.020284414291381836,0.19970004260540009,0.19940002262592316
70,DROSOPHILA_TRANSFER__DROSOPHILA,4,-1,200,0.020377591252326965,0.19940002262592316,0.19940002262592316
70,DROSOPHILA_TRANSFER__DROSOPHILA,5,1,200,0.02047070674598217,0.19940002262592316,0.19910003244876862
70,DROSOPHILA_TRANSFER__DROSOPHILA,6,-1,200,0.0205638837069273,0.19910003244876862,0.19910003244876862
70,DROSOPHILA_TRANSFER__DROSOPHILA,7,1,200,0.0206570066511631,0.19910003244876862,0.19880002737045288
70,DROSOPHILA_TRANSFER__DROSOPHILA,8,-1,200,0.020750178024172783,0.1988000124692917,0.19880002737045288
70,DROSOPHILA_TRANSFER__DROSOPHILA,9,1,200,0.020843300968408585,0.1988000124692917,0.19850003719329834
70,DROSOPHILA_TRANSFER__DROSOPHILA,10,-1,200,0.020936477929353714,0.19850003719329834,0.19850003719329834
70,DROSOPHILA_TRANSFER__DROSOPHILA,11,1,200,0.021029595285654068,0.19850003719329834,0.1982000321149826
70,DROSOPHILA_TRANSFER__DROSOPHILA,12,-1,200,0.0211227685213089,0.1982000321149826,0.1982000321149826
70,DROSOPHILA_TRANSFER__DROSOPHILA,13,1,200,0.0212158914655447,0.1982000321149826,0.19790002703666687
70,DROSOPHILA_TRANSFER__DROSOPHILA,14,-1,200,0.02130906470119953,0.19790002703666687,0.19790002703666687
70,DROSOPHILA_TRANSFER__DROSOPHILA,15,1,200,0.021402185782790184,0.19790002703666687,0.19760003685951233
70,DROSOPHILA_TRANSFER__DROSOPHILA,16,-1,200,0.021495357155799866,0.19760003685951233,0.19760003685951233
70,DROSOPHILA_TRANSFER__DROSOPHILA,17,1,200,0.021588481962680817,0.19760003685951233,0.1973000168800354
70,DROSOPHILA_TRANSFER__DROSOPHILA,18,-1,200,0.021681657060980797,0.1973000317811966,0.1973000168800354
70,DROSOPHILA_TRANSFER__DROSOPHILA,19,1,200,0.0217747762799263,0.1973000317811966,0.19700002670288086
70,DROSOPHILA_TRANSFER__DROSOPHILA,20,-1,200,0.02186794951558113,0.19700002670288086,0.19700002670288086
71,DROSOPHILA_TRANSFER__DROSOPHILA,1,1,200,0.020098160952329636,0.20000003278255463,0.19970004260540009
71,DROSOPHILA_TRANSFER__DROSOPHILA,2,-1,200,0.020192338153719902,0.1997000277042389,0.19970004260540009
71,DROSOPHILA_TRANSFER__DROSOPHILA,3,1,200,0.020286479964852333,0.1997000277042389,0.19940002262592316
71,DROSOPHILA_TRANSFER__DROSOPHILA,4,-1,200,0.0203806534409523,0.19940002262592316,0.19940002262592316
71,DROSOPHILA_TRANSFER__DROSOPHILA,5,1,200,0.02047479897737503,0.19940002262592316,0.19910003244876862
71,DROSOPHILA_TRANSFER__DROSOPHILA,6,-1,200,0.020568974316120148,0.19910003244876862,0.19910003244876862
71,DROSOPHILA_TRANSFER__DROSOPHILA,7,1,200,0.020663117989897728,0.19910003244876862,0.1988000124692917
71,DROSOPHILA_TRANSFER__DROSOPHILA,8,-1,200,0.020757297053933144,0.19880002737045288,0.1988000124692917
71,DROSOPHILA_TRANSFER__DROSOPHILA,9,1,200,0.020851442590355873,0.19880002737045288,0.19850003719329834
71,DROSOPHILA_TRANSFER__DROSOPHILA,10,-1,200,0.02094561792910099,0.19850003719329834,0.19850003719329834
71,DROSOPHILA_TRANSFER__DROSOPHILA,11,1,200,0.02103976346552372,0.19850003719329834,0.1982000470161438
71,DROSOPHILA_TRANSFER__DROSOPHILA,12,-1,200,0.02113393321633339,0.1982000470161438,0.1982000470161438
71,DROSOPHILA_TRANSFER__DROSOPHILA,13,1,200,0.021228084340691566,0.1982000470161438,0.19790004193782806
71,DROSOPHILA_TRANSFER__DROSOPHILA,14,-1,200,0.021322254091501236,0.19790002703666687,0.19790004193782806
71,DROSOPHILA_TRANSFER__DROSOPHILA,15,1,200,0.021416399627923965,0.19790002703666687,0.19760003685951233
71,DROSOPHILA_TRANSFER__DROSOPHILA,16,-1,200,0.021510571241378784,0.19760003685951233,0.19760003685951233
71,DROSOPHILA_TRANSFER__DROSOPHILA,17,1,200,0.021604718640446663,0.19760003685951233,0.1973000168800354
71,DROSOPHILA_TRANSFER__DROSOPHILA,18,-1,200,0.02169889584183693,0.1973000168800354,0.1973000168800354
71,DROSOPHILA_TRANSFER__DROSOPHILA,19,1,200,0.02179303765296936,0.1973000168800354,0.19700002670288086
71,DROSOPHILA_TRANSFER__DROSOPHILA,20,-1,200,0.021887216717004776,0.19700002670288086,0.19700002670288086
72,DROSOPHILA_TRANSFER__DROSOPHILA,1,1,200,0.020098211243748665,0.20000003278255463,0.19970004260540009
72,DROSOPHILA_TRANSFER__DROSOPHILA,2,-1,200,0.02019249089062214,0.1997000277042389,0.19970004260540009
72,DROSOPHILA_TRANSFER__DROSOPHILA,3,1,200,0.020286766812205315,0.1997000277042389,0.19940002262592316
72,DROSOPHILA_TRANSFER__DROSOPHILA,4,-1,200,0.02038104645907879,0.19940002262592316,0.19940002262592316
72,DROSOPHILA_TRANSFER__DROSOPHILA,5,1,200,0.02047533169388771,0.19940002262592316,0.19910003244876862
72,DROSOPHILA_TRANSFER__DROSOPHILA,6,-1,200,0.020569607615470886,0.19910001754760742,0.19910003244876862
72,DROSOPHILA_TRANSFER__DROSOPHILA,7,1,200,0.020663894712924957,0.19910001754760742,0.19880004227161407
72,DROSOPHILA_TRANSFER__DROSOPHILA,8,-1,200,0.020758163183927536,0.19880002737045288,0.19880004227161407
72,DROSOPHILA_TRANSFER__DROSOPHILA,9,1,200,0.020852448418736458,0.19880002737045288,0.19850003719329834
72,DROSOPHILA_TRANSFER__DROSOPHILA,10,-1,200,0.020946724340319633,0.19850003719329834,0.19850003719329834
72,DROSOPHILA_TRANSFER__DROSOPHILA,11,1,200,0.021041007712483406,0.19850003719329834,0.1982000321149826
72,DROSOPHILA_TRANSFER__DROSOPHILA,12,-1,200,0.02113528735935688,0.1982000470161438,0.1982000321149826
72,DROSOPHILA_TRANSFER__DROSOPHILA,13,1,200,0.021229567006230354,0.1982000470161438,0.19790002703666687
72,DROSOPHILA_TRANSFER__DROSOPHILA,14,-1,200,0.021323848515748978,0.19790002703666687,0.19790002703666687
72,DROSOPHILA_TRANSFER__DROSOPHILA,15,1,200,0.02141813188791275,0.19790002703666687,0.19760003685951233
72,DROSOPHILA_TRANSFER__DROSOPHILA,16,-1,200,0.021512402221560478,0.19760003685951233,0.19760003685951233
72,DROSOPHILA_TRANSFER__DROSOPHILA,17,1,200,0.021606694906949997,0.19760003685951233,0.1973000168800354
72,DROSOPHILA_TRANSFER__DROSOPHILA,18,-1,200,0.021700965240597725,0.1973000317811966,0.1973000168800354
72,DROSOPHILA_TRANSFER__DROSOPHILA,19,1,200,0.021795248612761497,0.1973000317811966,0.19700002670288086
72,DROSOPHILA_TRANSFER__DROSOPHILA,20,-1,200,0.021889526396989822,0.19700002670288086,0.19700002670288086
73,DROSOPHILA_TRANSFER__DROSOPHILA,1,1,200,0.020098131150007248,0.20000003278255463,0.19970004260540009
73,DROSOPHILA_TRANSFER__DROSOPHILA,2,-1,200,0.02019232138991356,0.19970004260540009,0.19970004260540009
73,DROSOPHILA_TRANSFER__DROSOPHILA,3,1,200,0.020286506041884422,0.19970004260540009,0.19940002262592316
73,DROSOPHILA_TRANSFER__DROSOPHILA,4,-1,200,0.020380698144435883,0.19940002262592316,0.19940002262592316
73,DROSOPHILA_TRANSFER__DROSOPHILA,5,1,200,0.020474880933761597,0.19940002262592316,0.19910001754760742
73,DROSOPHILA_TRANSFER__DROSOPHILA,6,-1,200,0.02056906931102276,0.19910001754760742,0.19910001754760742
73,DROSOPHILA_TRANSFER__DROSOPHILA,7,1,200,0.020663253962993622,0.19910001754760742,0.19880002737045288
73,DROSOPHILA_TRANSFER__DROSOPHILA,8,-1,200,0.020757446065545082,0.19880004227161407,0.19880002737045288
73,DROSOPHILA_TRANSFER__DROSOPHILA,9,1,200,0.020851630717515945,0.19880004227161407,0.19850003719329834
73,DROSOPHILA_TRANSFER__DROSOPHILA,10,-1,200,0.020945817232131958,0.19850003719329834,0.19850003719329834
73,DROSOPHILA_TRANSFER__DROSOPHILA,11,1,200,0.02104000188410282,0.19850003719329834,0.1982000470161438
73,DROSOPHILA_TRANSFER__DROSOPHILA,12,-1,200,0.02113419398665428,0.1982000470161438,0.1982000470161438
73,DROSOPHILA_TRANSFER__DROSOPHILA,13,1,200,0.021228376775979996,0.1982000470161438,0.19790002703666687
73,DROSOPHILA_TRANSFER__DROSOPHILA,14,-1,200,0.021322570741176605,0.19790002703666687,0.19790002703666687
73,DROSOPHILA_TRANSFER__DROSOPHILA,15,1,200,0.02141675353050232,0.19790002703666687,0.19760002195835114
73,DROSOPHILA_TRANSFER__DROSOPHILA,16,-1,200,0.02151094190776348,0.19760003685951233,0.19760002195835114
73,DROSOPHILA_TRANSFER__DROSOPHILA,17,1,200,0.021605130285024643,0.19760003685951233,0.1973000317811966
73,DROSOPHILA_TRANSFER__DROSOPHILA,18,-1,200,0.021699320524930954,0.1973000168800354,0.1973000317811966
73,DROSOPHILA_TRANSFER__DROSOPHILA,19,1,200,0.021793503314256668,0.1973000168800354,0.19700002670288086
73,DROSOPHILA_TRANSFER__DROSOPHILA,20,-1,200,0.02188769541680813,0.19700002670288086,0.19700002670288086
74,DROSOPHILA_TRANSFER__DROSOPHILA,1,1,200,0.020098185166716576,0.20000003278255463,0.19970004260540009
74,DROSOPHILA_TRANSFER__DROSOPHILA,2,-1,200,0.020193740725517273,0.1997000277042389,0.19970004260540009
74,DROSOPHILA_TRANSFER__DROSOPHILA,3,1,200,0.020289240404963493,0.1997000277042389,0.19940002262592316
74,DROSOPHILA_TRANSFER__DROSOPHILA,4,-1,200,0.02038479782640934,0.19940002262592316,0.19940002262592316
74,DROSOPHILA_TRANSFER__DROSOPHILA,5,1,200,0.02048029750585556,0.19940002262592316,0.19910003244876862
74,DROSOPHILA_TRANSFER__DROSOPHILA,6,-1,200,0.02057584933936596,0.19910003244876862,0.19910003244876862
74,DROSOPHILA_TRANSFER__DROSOPHILA,7,1,200,0.020671352744102478,0.19910003244876862,0.19880002737045288
74,DROSOPHILA_TRANSFER__DROSOPHILA,8,-1,200,0.020766904577612877,0.1988000124692917,0.19880002737045288
74,DROSOPHILA_TRANSFER__DROSOPHILA,9,1,200,0.020862402394413948,0.1988000124692917,0.19850003719329834
74,DROSOPHILA_TRANSFER__DROSOPHILA,10,-1,200,0.020957961678504944,0.19850003719329834,0.19850003719329834
74,DROSOPHILA_TRANSFER__DROSOPHILA,11,1,200,0.021053459495306015,0.19850003719329834,0.1982000470161438
74,DROSOPHILA_TRANSFER__DROSOPHILA,12,-1,200,0.02114901877939701,0.1982000470161438,0.1982000470161438
74,DROSOPHILA_TRANSFER__DROSOPHILA,13,1,200,0.021244511008262634,0.1982000470161438,0.19790002703666687
74,DROSOPHILA_TRANSFER__DROSOPHILA,14,-1,200,0.02134006842970848,0.19790002703666687,0.19790002703666687
74,DROSOPHILA_TRANSFER__DROSOPHILA,15,1,200,0.021435566246509552,0.19790002703666687,0.19760002195835114
74,DROSOPHILA_TRANSFER__DROSOPHILA,16,-1,200,0.021531127393245697,0.19760003685951233,0.19760002195835114
74,DROSOPHILA_TRANSFER__DROSOPHILA,17,1,200,0.021626625210046768,0.19760003685951233,0.1973000168800354
74,DROSOPHILA_TRANSFER__DROSOPHILA,18,-1,200,0.021722177043557167,0.1973000317811966,0.1973000168800354
74,DROSOPHILA_TRANSFER__DROSOPHILA,19,1,200,0.021817680448293686,0.1973000317811966,0.19700002670288086
74,DROSOPHILA_TRANSFER__DROSOPHILA,20,-1,200,0.021913234144449234,0.19700002670288086,0.19700002670288086
75,DROSOPHILA_TRANSFER__DROSOPHILA,1,1,200,0.020098065957427025,0.20000003278255463,0.1997000277042389
75,DROSOPHILA_TRANSFER__DROSOPHILA,2,-1,200,0.020192615687847137,0.19970004260540009,0.1997000277042389
75,DROSOPHILA_TRANSFER__DROSOPHILA,3,1,200,0.02028707228600979,0.19970004260540009,0.19940002262592316
75,DROSOPHILA_TRANSFER__DROSOPHILA,4,-1,200,0.0203816220164299,0.19940002262592316,0.19940002262592316
75,DROSOPHILA_TRANSFER__DROSOPHILA,5,1,200,0.020476074889302254,0.19940002262592316,0.19910003244876862
75,DROSOPHILA_TRANSFER__DROSOPHILA,6,-1,200,0.020570628345012665,0.19910003244876862,0.19910003244876862
75,DROSOPHILA_TRANSFER__DROSOPHILA,7,1,200,0.020665081217885017,0.19910003244876862,0.19880002737045288
75,DROSOPHILA_TRANSFER__DROSOPHILA,8,-1,200,0.02075963094830513,0.19880002737045288,0.19880002737045288
75,DROSOPHILA_TRANSFER__DROSOPHILA,9,1,200,0.020854083821177483,0.19880002737045288,0.19850003719329834
75,DROSOPHILA_TRANSFER__DROSOPHILA,10,-1,200,0.020948637276887894,0.19850003719329834,0.19850003719329834
75,DROSOPHILA_TRANSFER__DROSOPHILA,11,1,200,0.021043090149760246,0.19850003719329834,0.1982000470161438
75,DROSOPHILA_TRANSFER__DROSOPHILA,12,-1,200,0.02113763988018036,0.1982000470161438,0.1982000470161438
75,DROSOPHILA_TRANSFER__DROSOPHILA,13,1,200,0.02123209461569786,0.1982000470161438,0.19790002703666687
75,DROSOPHILA_TRANSFER__DROSOPHILA,14,-1,200,0.021326642483472824,0.19790002703666687,0.19790002703666687
75,DROSOPHILA_TRANSFER__DROSOPHILA,15,1,200,0.021421100944280624,0.19790002703666687,0.19760003685951233
75,DROSOPHILA_TRANSFER__DROSOPHILA,16,-1,200,0.021515652537345886,0.19760003685951233,0.19760003685951233
75,DROSOPHILA_TRANSFER__DROSOPHILA,17,1,200,0.02161010541021824,0.19760003685951233,0.1973000168800354
75,DROSOPHILA_TRANSFER__DROSOPHILA,18,-1,200,0.02170465514063835,0.1973000168800354,0.1973000168800354
75,DROSOPHILA_TRANSFER__DROSOPHILA,19,1,200,0.021799108013510704,0.1973000168800354,0.19700002670288086
75,DROSOPHILA_TRANSFER__DROSOPHILA,20,-1,200,0.021893659606575966,0.19700002670288086,0.19700002670288086
76,DROSOPHILA_TRANSFER__DROSOPHILA,1,1,200,0.020098142325878143,0.20000003278255463,0.1997000277042389
76,DROSOPHILA_TRANSFER__DROSOPHILA,2,-1,200,0.02019258216023445,0.1997000128030777,0.1997000277042389
76,DROSOPHILA_TRANSFER__DROSOPHILA,3,1,200,0.020286979153752327,0.1997000128030777,0.19940002262592316
76,DROSOPHILA_TRANSFER__DROSOPHILA,4,-1,200,0.020381422713398933,0.19940002262592316,0.19940002262592316
76,DROSOPHILA_TRANSFER__DROSOPHILA,5,1,200,0.020475823432207108,0.19940002262592316,0.19910003244876862
76,DROSOPHILA_TRANSFER__DROSOPHILA,6,-1,200,0.020570261403918266,0.19910003244876862,0.19910003244876862
76,DROSOPHILA_TRANSFER__DROSOPHILA,7,1,200,0.02066466398537159,0.19910003244876862,0.19880002737045288
76,DROSOPHILA_TRANSFER__DROSOPHILA,8,-1,200,0.02075910195708275,0.19880002737045288,0.19880002737045288
76,DROSOPHILA_TRANSFER__DROSOPHILA,9,1,200,0.020853502675890923,0.19880002737045288,0.19850003719329834
76,DROSOPHILA_TRANSFER__DROSOPHILA,10,-1,200,0.02094794251024723,0.19850003719329834,0.19850003719329834
76,DROSOPHILA_TRANSFER__DROSOPHILA,11,1,200,0.021042339503765106,0.19850003719329834,0.1982000470161438
76,DROSOPHILA_TRANSFER__DROSOPHILA,12,-1,200,0.021136777475476265,0.1982000321149826,0.1982000470161438
76,DROSOPHILA_TRANSFER__DROSOPHILA,13,1,200,0.021231181919574738,0.1982000321149826,0.19790002703666687
76,DROSOPHILA_TRANSFER__DROSOPHILA,14,-1,200,0.021325619891285896,0.19790004193782806,0.19790002703666687
76,DROSOPHILA_TRANSFER__DROSOPHILA,15,1,200,0.02142001874744892,0.19790004193782806,0.19760003685951233
76,DROSOPHILA_TRANSFER__DROSOPHILA,16,-1,200,0.02151445858180523,0.19760003685951233,0.19760003685951233
76,DROSOPHILA_TRANSFER__DROSOPHILA,17,1,200,0.021608857437968254,0.19760003685951233,0.1973000168800354
76,DROSOPHILA_TRANSFER__DROSOPHILA,18,-1,200,0.02170330099761486,0.1973000168800354,0.1973000168800354
76,DROSOPHILA_TRANSFER__DROSOPHILA,19,1,200,0.021797697991132736,0.1973000168800354,0.19700002670288086
76,DROSOPHILA_TRANSFER__DROSOPHILA,20,-1,200,0.021892137825489044,0.19700002670288086,0.19700002670288086
77,DROSOPHILA_TRANSFER__DROSOPHILA,1,1,200,0.020098118111491203,0.20000003278255463,0.1997000277042389
77,DROSOPHILA_TRANSFER__DROSOPHILA,2,-1,200,0.020191850140690804,0.1997000277042389,0.1997000277042389
77,DROSOPHILA_TRANSFER__DROSOPHILA,3,1,200,0.02028554491698742,0.1997000277042389,0.19940002262592316
77,DROSOPHILA_TRANSFER__DROSOPHILA,4,-1,200,0.020379280671477318,0.19940002262592316,0.19940002262592316
77,DROSOPHILA_TRANSFER__DROSOPHILA,5,1,200,0.020472977310419083,0.19940002262592316,0.19910001754760742
77,DROSOPHILA_TRANSFER__DROSOPHILA,6,-1,200,0.020566711202263832,0.19910003244876862,0.19910001754760742
77,DROSOPHILA_TRANSFER__DROSOPHILA,7,1,200,0.020660407841205597,0.19910003244876862,0.19880002737045288
77,DROSOPHILA_TRANSFER__DROSOPHILA,8,-1,200,0.020754138007760048,0.1988000124692917,0.19880002737045288
77,DROSOPHILA_TRANSFER__DROSOPHILA,9,1,200,0.020847836509346962,0.1988000124692917,0.19850003719329834
77,DROSOPHILA_TRANSFER__DROSOPHILA,10,-1,200,0.02094157040119171,0.19850003719329834,0.19850003719329834
77,DROSOPHILA_TRANSFER__DROSOPHILA,11,1,200,0.021035263314843178,0.19850003719329834,0.1982000470161438
77,DROSOPHILA_TRANSFER__DROSOPHILA,12,-1,200,0.021128997206687927,0.1982000470161438,0.1982000470161438
77,DROSOPHILA_TRANSFER__DROSOPHILA,13,1,200,0.02122269570827484,0.1982000470161438,0.19790002703666687
77,DROSOPHILA_TRANSFER__DROSOPHILA,14,-1,200,0.02131643332540989,0.19790002703666687,0.19790002703666687
77,DROSOPHILA_TRANSFER__DROSOPHILA,15,1,200,0.021410124376416206,0.19790002703666687,0.19760002195835114
77,DROSOPHILA_TRANSFER__DROSOPHILA,16,-1,200,0.021503858268260956,0.19760002195835114,0.19760002195835114
77,DROSOPHILA_TRANSFER__DROSOPHILA,17,1,200,0.02159755676984787,0.19760002195835114,0.1973000168800354
77,DROSOPHILA_TRANSFER__DROSOPHILA,18,-1,200,0.02169129066169262,0.1973000317811966,0.1973000168800354
77,DROSOPHILA_TRANSFER__DROSOPHILA,19,1,200,0.021784979850053787,0.1973000317811966,0.19700002670288086
77,DROSOPHILA_TRANSFER__DROSOPHILA,20,-1,200,0.021878715604543686,0.19700002670288086,0.19700002670288086
78,DROSOPHILA_TRANSFER__DROSOPHILA,1,1,200,0.020098082721233368,0.20000003278255463,0.19970004260540009
78,DROSOPHILA_TRANSFER__DROSOPHILA,2,-1,200,0.020193295553326607,0.1997000277042389,0.19970004260540009
78,DROSOPHILA_TRANSFER__DROSOPHILA,3,1,200,0.02028840035200119,0.1997000277042389,0.19940002262592316
78,DROSOPHILA_TRANSFER__DROSOPHILA,4,-1,200,0.02038361318409443,0.19940002262592316,0.19940002262592316
78,DROSOPHILA_TRANSFER__DROSOPHILA,5,1,200,0.02047872357070446,0.19940002262592316,0.19910003244876862
78,DROSOPHILA_TRANSFER__DROSOPHILA,6,-1,200,0.0205739326775074,0.19910003244876862,0.19910003244876862
78,DROSOPHILA_TRANSFER__DROSOPHILA,7,1,200,0.02066904492676258,0.19910003244876862,0.19880002737045288
78,DROSOPHILA_TRANSFER__DROSOPHILA,8,-1,200,0.02076425775885582,0.19880002737045288,0.19880002737045288
78,DROSOPHILA_TRANSFER__DROSOPHILA,9,1,200,0.020859364420175552,0.19880002737045288,0.19850003719329834
78,DROSOPHILA_TRANSFER__DROSOPHILA,10,-1,200,0.020954575389623642,0.19850003719329834,0.19850003719329834
78,DROSOPHILA_TRANSFER__DROSOPHILA,11,1,200,0.021049687638878822,0.19850003719329834,0.1982000321149826
78,DROSOPHILA_TRANSFER__DROSOPHILA,12,-1,200,0.021144887432456017,0.1982000470161438,0.1982000321149826
78,DROSOPHILA_TRANSFER__DROSOPHILA,13,1,200,0.021240007132291794,0.1982000470161438,0.19790002703666687
78,DROSOPHILA_TRANSFER__DROSOPHILA,14,-1,200,0.021335218101739883,0.19790002703666687,0.19790002703666687
78,DROSOPHILA_TRANSFER__DROSOPHILA,15,1,200,0.021430326625704765,0.19790002703666687,0.19760003685951233
78,DROSOPHILA_TRANSFER__DROSOPHILA,16,-1,200,0.021525537595152855,0.19760003685951233,0.19760003685951233
78,DROSOPHILA_TRANSFER__DROSOPHILA,17,1,200,0.02162064239382744,0.19760003685951233,0.1973000317811966
78,DROSOPHILA_TRANSFER__DROSOPHILA,18,-1,200,0.021715855225920677,0.1973000317811966,0.1973000317811966
78,DROSOPHILA_TRANSFER__DROSOPHILA,19,1,200,0.02181096374988556,0.1973000317811966,0.19700002670288086
78,DROSOPHILA_TRANSFER__DROSOPHILA,20,-1,200,0.021906176581978798,0.19700002670288086,0.19700002670288086
79,DROSOPHILA_TRANSFER__DROSOPHILA,1,1,200,0.020098133012652397,0.20000003278255463,0.1997000277042389
79,DROSOPHILA_TRANSFER__DROSOPHILA,2,-1,200,0.020191747695207596,0.1997000277042389,0.1997000277042389
79,DROSOPHILA_TRANSFER__DROSOPHILA,3,1,200,0.02028529904782772,0.1997000277042389,0.19940002262592316
79,DROSOPHILA_TRANSFER__DROSOPHILA,4,-1,200,0.020378917455673218,0.19940002262592316,0.19940002262592316
79,DROSOPHILA_TRANSFER__DROSOPHILA,5,1,200,0.020472466945648193,0.19940002262592316,0.19910003244876862
79,DROSOPHILA_TRANSFER__DROSOPHILA,6,-1,200,0.02056608349084854,0.19910003244876862,0.19910003244876862
79,DROSOPHILA_TRANSFER__DROSOPHILA,7,1,200,0.020659638568758965,0.19910003244876862,0.19880002737045288
79,DROSOPHILA_TRANSFER__DROSOPHILA,8,-1,200,0.02075325697660446,0.19880002737045288,0.19880002737045288
79,DROSOPHILA_TRANSFER__DROSOPHILA,9,1,200,0.020846806466579437,0.19880002737045288,0.19850003719329834
79,DROSOPHILA_TRANSFER__DROSOPHILA,10,-1,200,0.020940423011779785,0.19850003719329834,0.19850003719329834
79,DROSOPHILA_TRANSFER__DROSOPHILA,11,1,200,0.021033981814980507,0.19850003719329834,0.1982000470161438
79,DROSOPHILA_TRANSFER__DROSOPHILA,12,-1,200,0.021127594634890556,0.1982000470161438,0.1982000470161438
79,DROSOPHILA_TRANSFER__DROSOPHILA,13,1,200,0.02122114785015583,0.1982000470161438,0.19790002703666687
79,DROSOPHILA_TRANSFER__DROSOPHILA,14,-1,200,0.021314766258001328,0.19790002703666687,0.19790002703666687
79,DROSOPHILA_TRANSFER__DROSOPHILA,15,1,200,0.0214083194732666,0.19790002703666687,0.19760003685951233
79,DROSOPHILA_TRANSFER__DROSOPHILA,16,-1,200,0.0215019378811121,0.19760003685951233,0.19760003685951233
79,DROSOPHILA_TRANSFER__DROSOPHILA,17,1,200,0.021595492959022522,0.19760003685951233,0.1973000168800354
79,DROSOPHILA_TRANSFER__DROSOPHILA,18,-1,200,0.02168910577893257,0.1973000168800354,0.1973000168800354
79,DROSOPHILA_TRANSFER__DROSOPHILA,19,1,200,0.021782660856842995,0.1973000168800354,0.19700002670288086
79,DROSOPHILA_TRANSFER__DROSOPHILA,20,-1,200,0.021876277402043343,0.19700002670288086,0.19700002670288086
80,DROSOPHILA_TRANSFER__DROSOPHILA,1,1,200,0.020098039880394936,0.20000003278255463,0.1997000277042389
80,DROSOPHILA_TRANSFER__DROSOPHILA,2,-1,200,0.02019314654171467,0.1997000277042389,0.1997000277042389
80,DROSOPHILA_TRANSFER__DROSOPHILA,3,1,200,0.02028815634548664,0.1997000277042389,0.19940002262592316
80,DROSOPHILA_TRANSFER__DROSOPHILA,4,-1,200,0.020383266732096672,0.19940002262592316,0.19940002262592316
80,DROSOPHILA_TRANSFER__DROSOPHILA,5,1,200,0.020478270947933197,0.19940002262592316,0.19910003244876862
80,DROSOPHILA_TRANSFER__DROSOPHILA,6,-1,200,0.020573383197188377,0.19910003244876862,0.19910003244876862
80,DROSOPHILA_TRANSFER__DROSOPHILA,7,1,200,0.020668385550379753,0.19910003244876862,0.19880002737045288
80,DROSOPHILA_TRANSFER__DROSOPHILA,8,-1,200,0.020763494074344635,0.1988000124692917,0.19880002737045288
80,DROSOPHILA_TRANSFER__DROSOPHILA,9,1,200,0.02085849829018116,0.1988000124692917,0.19850003719329834
80,DROSOPHILA_TRANSFER__DROSOPHILA,10,-1,200,0.02095360867679119,0.19850003719329834,0.19850003719329834
80,DROSOPHILA_TRANSFER__DROSOPHILA,11,1,200,0.021048612892627716,0.19850003719329834,0.1982000321149826
80,DROSOPHILA_TRANSFER__DROSOPHILA,12,-1,200,0.021143725141882896,0.1982000470161438,0.1982000321149826
80,DROSOPHILA_TRANSFER__DROSOPHILA,13,1,200,0.02123873122036457,0.1982000470161438,0.19790002703666687
80,DROSOPHILA_TRANSFER__DROSOPHILA,14,-1,200,0.02133384346961975,0.19790002703666687,0.19790002703666687
80,DROSOPHILA_TRANSFER__DROSOPHILA,15,1,200,0.021428847685456276,0.19790002703666687,0.19760003685951233
80,DROSOPHILA_TRANSFER__DROSOPHILA,16,-1,200,0.021523958072066307,0.19760003685951233,0.19760003685951233
80,DROSOPHILA_TRANSFER__DROSOPHILA,17,1,200,0.021618960425257683,0.19760003685951233,0.1973000168800354
80,DROSOPHILA_TRANSFER__DROSOPHILA,18,-1,200,0.021714067086577415,0.1973000168800354,0.1973000168800354
80,DROSOPHILA_TRANSFER__DROSOPHILA,19,1,200,0.02180907502770424,0.1973000168800354,0.19700002670288086
80,DROSOPHILA_TRANSFER__DROSOPHILA,20,-1,200,0.02190418727695942,0.19700002670288086,0.19700002670288086
81,DROSOPHILA_TRANSFER__DROSOPHILA,1,1,200,0.020098084583878517,0.20000003278255463,0.1997000277042389
81,DROSOPHILA_TRANSFER__DROSOPHILA,2,-1,200,0.020191537216305733,0.19970004260540009,0.1997000277042389
81,DROSOPHILA_TRANSFER__DROSOPHILA,3,1,200,0.020284896716475487,0.19970004260540009,0.19940002262592316
81,DROSOPHILA_TRANSFER__DROSOPHILA,4,-1,200,0.020378353074193,0.19940002262592316,0.19940002262592316
81,DROSOPHILA_TRANSFER__DROSOPHILA,5,1,200,0.020471706986427307,0.19940002262592316,0.19910003244876862
81,DROSOPHILA_TRANSFER__DROSOPHILA,6,-1,200,0.020565159618854523,0.19910003244876862,0.19910003244876862
81,DROSOPHILA_TRANSFER__DROSOPHILA,7,1,200,0.02065851353108883,0.19910003244876862,0.1988000124692917
81,DROSOPHILA_TRANSFER__DROSOPHILA,8,-1,200,0.020751971751451492,0.1988000124692917,0.1988000124692917
81,DROSOPHILA_TRANSFER__DROSOPHILA,9,1,200,0.020845327526330948,0.1988000124692917,0.19850003719329834
81,DROSOPHILA_TRANSFER__DROSOPHILA,10,-1,200,0.020938780158758163,0.19850003719329834,0.19850003719329834
81,DROSOPHILA_TRANSFER__DROSOPHILA,11,1,200,0.02103213593363762,0.19850003719329834,0.1982000321149826
81,DROSOPHILA_TRANSFER__DROSOPHILA,12,-1,200,0.021125590428709984,0.1982000470161438,0.1982000321149826
81,DROSOPHILA_TRANSFER__DROSOPHILA,13,1,200,0.02121894806623459,0.1982000470161438,0.19790002703666687
81,DROSOPHILA_TRANSFER__DROSOPHILA,14,-1,200,0.021312402561306953,0.19790002703666687,0.19790002703666687
81,DROSOPHILA_TRANSFER__DROSOPHILA,15,1,200,0.02140575274825096,0.19790002703666687,0.19760002195835114
81,DROSOPHILA_TRANSFER__DROSOPHILA,16,-1,200,0.021499210968613625,0.19760003685951233,0.19760002195835114
81,DROSOPHILA_TRANSFER__DROSOPHILA,17,1,200,0.02159256301820278,0.19760003685951233,0.1973000168800354
81,DROSOPHILA_TRANSFER__DROSOPHILA,18,-1,200,0.021686017513275146,0.1973000168800354,0.1973000168800354
81,DROSOPHILA_TRANSFER__DROSOPHILA,19,1,200,0.02177937515079975,0.1973000168800354,0.19700002670288086
81,DROSOPHILA_TRANSFER__DROSOPHILA,20,-1,200,0.021872827783226967,0.19700002670288086,0.19700002670288086
82,DROSOPHILA_TRANSFER__DROSOPHILA,1,1,200,0.020097991451621056,0.20000003278255463,0.19970004260540009
82,DROSOPHILA_TRANSFER__DROSOPHILA,2,-1,200,0.020192526280879974,0.1997000277042389,0.19970004260540009
82,DROSOPHILA_TRANSFER__DROSOPHILA,3,1,200,0.020286940038204193,0.1997000277042389,0.19940002262592316
82,DROSOPHILA_TRANSFER__DROSOPHILA,4,-1,200,0.02038147673010826,0.19940002262592316,0.19940002262592316
82,DROSOPHILA_TRANSFER__DROSOPHILA,5,1,200,0.02047589048743248,0.19940002262592316,0.19910003244876862
82,DROSOPHILA_TRANSFER__DROSOPHILA,6,-1,200,0.0205704215914011,0.19910003244876862,0.19910003244876862
82,DROSOPHILA_TRANSFER__DROSOPHILA,7,1,200,0.020664839074015617,0.19910003244876862,0.19880002737045288
82,DROSOPHILA_TRANSFER__DROSOPHILA,8,-1,200,0.020759375765919685,0.1988000124692917,0.19880002737045288
82,DROSOPHILA_TRANSFER__DROSOPHILA,9,1,200,0.020853791385889053,0.1988000124692917,0.19850003719329834
82,DROSOPHILA_TRANSFER__DROSOPHILA,10,-1,200,0.020948322489857674,0.19850003719329834,0.19850003719329834
82,DROSOPHILA_TRANSFER__DROSOPHILA,11,1,200,0.02104273997247219,0.19850003719329834,0.1982000470161438
82,DROSOPHILA_TRANSFER__DROSOPHILA,12,-1,200,0.02113727480173111,0.1982000321149826,0.1982000470161438
82,DROSOPHILA_TRANSFER__DROSOPHILA,13,1,200,0.02123168669641018,0.1982000321149826,0.19790004193782806
82,DROSOPHILA_TRANSFER__DROSOPHILA,14,-1,200,0.021326225250959396,0.19790004193782806,0.19790004193782806
82,DROSOPHILA_TRANSFER__DROSOPHILA,15,1,200,0.021420639008283615,0.19790004193782806,0.19760003685951233
82,DROSOPHILA_TRANSFER__DROSOPHILA,16,-1,200,0.021515175700187683,0.19760003685951233,0.19760003685951233
82,DROSOPHILA_TRANSFER__DROSOPHILA,17,1,200,0.021609589457511902,0.19760003685951233,0.1973000168800354
82,DROSOPHILA_TRANSFER__DROSOPHILA,18,-1,200,0.02170412428677082,0.1973000168800354,0.1973000168800354
82,DROSOPHILA_TRANSFER__DROSOPHILA,19,1,200,0.02179853990674019,0.1973000168800354,0.19700002670288086
82,DROSOPHILA_TRANSFER__DROSOPHILA,20,-1,200,0.021893076598644257,0.19700002670288086,0.19700002670288086
83,DROSOPHILA_TRANSFER__DROSOPHILA,1,1,200,0.02009810507297516,0.20000003278255463,0.1997000277042389
83,DROSOPHILA_TRANSFER__DROSOPHILA,2,-1,200,0.020192570984363556,0.1997000277042389,0.1997000277042389
83,DROSOPHILA_TRANSFER__DROSOPHILA,3,1,200,0.020286932587623596,0.1997000277042389,0.19940003752708435
83,DROSOPHILA_TRANSFER__DROSOPHILA,4,-1,200,0.020381400361657143,0.19940002262592316,0.19940003752708435
83,DROSOPHILA_TRANSFER__DROSOPHILA,5,1,200,0.020475760102272034,0.19940002262592316,0.19910003244876862
83,DROSOPHILA_TRANSFER__DROSOPHILA,6,-1,200,0.02057023160159588,0.19910003244876862,0.19910003244876862
83,DROSOPHILA_TRANSFER__DROSOPHILA,7,1,200,0.02066459320485592,0.19910003244876862,0.19880004227161407
83,DROSOPHILA_TRANSFER__DROSOPHILA,8,-1,200,0.020759060978889465,0.19880002737045288,0.19880004227161407
83,DROSOPHILA_TRANSFER__DROSOPHILA,9,1,200,0.020853422582149506,0.19880002737045288,0.19850003719329834
83,DROSOPHILA_TRANSFER__DROSOPHILA,10,-1,200,0.020947888493537903,0.19850003719329834,0.19850003719329834
83,DROSOPHILA_TRANSFER__DROSOPHILA,11,1,200,0.02104225568473339,0.19850003719329834,0.1982000470161438
83,DROSOPHILA_TRANSFER__DROSOPHILA,12,-1,200,0.021136723458766937,0.1982000470161438,0.1982000470161438
83,DROSOPHILA_TRANSFER__DROSOPHILA,13,1,200,0.02123108319938183,0.1982000470161438,0.19790002703666687
83,DROSOPHILA_TRANSFER__DROSOPHILA,14,-1,200,0.021325547248125076,0.19790002703666687,0.19790002703666687
83,DROSOPHILA_TRANSFER__DROSOPHILA,15,1,200,0.021419914439320564,0.19790002703666687,0.19760002195835114
83,DROSOPHILA_TRANSFER__DROSOPHILA,16,-1,200,0.02151438035070896,0.19760003685951233,0.19760002195835114
83,DROSOPHILA_TRANSFER__DROSOPHILA,17,1,200,0.021608741953969002,0.19760003685951233,0.1973000168800354
83,DROSOPHILA_TRANSFER__DROSOPHILA,18,-1,200,0.021703209728002548,0.1973000168800354,0.1973000168800354
83,DROSOPHILA_TRANSFER__DROSOPHILA,19,1,200,0.021797575056552887,0.1973000168800354,0.19700002670288086
83,DROSOPHILA_TRANSFER__DROSOPHILA,20,-1,200,0.021892033517360687,0.19700002670288086,0.19700002670288086
84,DROSOPHILA_TRANSFER__DROSOPHILA,1,1,200,0.020098017528653145,0.20000003278255463,0.1997000277042389
84,DROSOPHILA_TRANSFER__DROSOPHILA,2,-1,200,0.020191652700304985,0.19970004260540009,0.1997000277042389
84,DROSOPHILA_TRANSFER__DROSOPHILA,3,1,200,0.020285172387957573,0.19970004260540009,0.19940002262592316
84,DROSOPHILA_TRANSFER__DROSOPHILA,4,-1,200,0.020378803834319115,0.19940002262592316,0.19940002262592316
84,DROSOPHILA_TRANSFER__DROSOPHILA,5,1,200,0.020472319796681404,0.19940002262592316,0.19910001754760742
84,DROSOPHILA_TRANSFER__DROSOPHILA,6,-1,200,0.020565958693623543,0.19910003244876862,0.19910001754760742
84,DROSOPHILA_TRANSFER__DROSOPHILA,7,1,200,0.02065947838127613,0.19910003244876862,0.19880002737045288
84,DROSOPHILA_TRANSFER__DROSOPHILA,8,-1,200,0.02075311727821827,0.1988000124692917,0.19880002737045288
84,DROSOPHILA_TRANSFER__DROSOPHILA,9,1,200,0.02084663324058056,0.1988000124692917,0.19850003719329834
84,DROSOPHILA_TRANSFER__DROSOPHILA,10,-1,200,0.020940274000167847,0.19850003719329834,0.19850003719329834
84,DROSOPHILA_TRANSFER__DROSOPHILA,11,1,200,0.021033793687820435,0.19850003719329834,0.1982000470161438
84,DROSOPHILA_TRANSFER__DROSOPHILA,12,-1,200,0.021127426996827126,0.1982000321149826,0.1982000470161438
84,DROSOPHILA_TRANSFER__DROSOPHILA,13,1,200,0.021220944821834564,0.1982000321149826,0.19790002703666687
84,DROSOPHILA_TRANSFER__DROSOPHILA,14,-1,200,0.021314585581421852,0.19790002703666687,0.19790002703666687
84,DROSOPHILA_TRANSFER__DROSOPHILA,15,1,200,0.021408099681138992,0.19790002703666687,0.19760003685951233
84,DROSOPHILA_TRANSFER__DROSOPHILA,16,-1,200,0.02150173857808113,0.19760002195835114,0.19760003685951233
84,DROSOPHILA_TRANSFER__DROSOPHILA,17,1,200,0.02159525454044342,0.19760002195835114,0.1973000168800354
84,DROSOPHILA_TRANSFER__DROSOPHILA,18,-1,200,0.021688885986804962,0.1973000168800354,0.1973000168800354
84,DROSOPHILA_TRANSFER__DROSOPHILA,19,1,200,0.0217824075371027,0.1973000168800354,0.19700002670288086
84,DROSOPHILA_TRANSFER__DROSOPHILA,20,-1,200,0.02187604457139969,0.19700002670288086,0.19700002670288086
85,DROSOPHILA_TRANSFER__DROSOPHILA,1,1,200,0.02009817212820053,0.20000003278255463,0.19970004260540009
85,DROSOPHILA_TRANSFER__DROSOPHILA,2,-1,200,0.020193008705973625,0.19970004260540009,0.19970004260540009
85,DROSOPHILA_TRANSFER__DROSOPHILA,3,1,200,0.02028781920671463,0.19970004260540009,0.19940002262592316
85,DROSOPHILA_TRANSFER__DROSOPHILA,4,-1,200,0.020382653921842575,0.19940002262592316,0.19940002262592316
85,DROSOPHILA_TRANSFER__DROSOPHILA,5,1,200,0.020477470010519028,0.19940002262592316,0.19910003244876862
85,DROSOPHILA_TRANSFER__DROSOPHILA,6,-1,200,0.02057231031358242,0.19910001754760742,0.19910003244876862
85,DROSOPHILA_TRANSFER__DROSOPHILA,7,1,200,0.020667120814323425,0.19910001754760742,0.19880002737045288
85,DROSOPHILA_TRANSFER__DROSOPHILA,8,-1,200,0.02076195366680622,0.1988000124692917,0.19880002737045288
85,DROSOPHILA_TRANSFER__DROSOPHILA,9,1,200,0.020856769755482674,0.1988000124692917,0.19850003719329834
85,DROSOPHILA_TRANSFER__DROSOPHILA,10,-1,200,0.020951606333255768,0.19850003719329834,0.19850003719329834
85,DROSOPHILA_TRANSFER__DROSOPHILA,11,1,200,0.021046418696641922,0.19850003719329834,0.1982000470161438
85,DROSOPHILA_TRANSFER__DROSOPHILA,12,-1,200,0.021141251549124718,0.1982000470161438,0.1982000470161438
85,DROSOPHILA_TRANSFER__DROSOPHILA,13,1,200,0.02123607136309147,0.1982000470161438,0.19790002703666687
85,DROSOPHILA_TRANSFER__DROSOPHILA,14,-1,200,0.021330906078219414,0.19790004193782806,0.19790002703666687
85,DROSOPHILA_TRANSFER__DROSOPHILA,15,1,200,0.021425725892186165,0.19790004193782806,0.19760003685951233
85,DROSOPHILA_TRANSFER__DROSOPHILA,16,-1,200,0.021520551294088364,0.19760003685951233,0.19760003685951233
85,DROSOPHILA_TRANSFER__DROSOPHILA,17,1,200,0.021615369245409966,0.19760003685951233,0.1973000317811966
85,DROSOPHILA_TRANSFER__DROSOPHILA,18,-1,200,0.02171020768582821,0.1973000168800354,0.1973000317811966
85,DROSOPHILA_TRANSFER__DROSOPHILA,19,1,200,0.021805020049214363,0.1973000168800354,0.19700002670288086
85,DROSOPHILA_TRANSFER__DROSOPHILA,20,-1,200,0.021899856626987457,0.19700002670288086,0.19700002670288086
86,DROSOPHILA_TRANSFER__DROSOPHILA,1,1,200,0.02009814791381359,0.20000003278255463,0.1997000277042389
86,DROSOPHILA_TRANSFER__DROSOPHILA,2,-1,200,0.02019275166094303,0.1997000277042389,0.1997000277042389
86,DROSOPHILA_TRANSFER__DROSOPHILA,3,1,200,0.02028733119368553,0.1997000277042389,0.19940002262592316
86,DROSOPHILA_TRANSFER__DROSOPHILA,4,-1,200,0.020381929352879524,0.19940002262592316,0.19940002262592316
86,DROSOPHILA_TRANSFER__DROSOPHILA,5,1,200,0.020476512610912323,0.19940002262592316,0.19910003244876862
86,DROSOPHILA_TRANSFER__DROSOPHILA,6,-1,200,0.020571108907461166,0.19910001754760742,0.19910003244876862
86,DROSOPHILA_TRANSFER__DROSOPHILA,7,1,200,0.020665690302848816,0.19910001754760742,0.19880002737045288
86,DROSOPHILA_TRANSFER__DROSOPHILA,8,-1,200,0.020760290324687958,0.19880004227161407,0.19880002737045288
86,DROSOPHILA_TRANSFER__DROSOPHILA,9,1,200,0.020854873582720757,0.19880004227161407,0.19850003719329834
86,DROSOPHILA_TRANSFER__DROSOPHILA,10,-1,200,0.0209494698792696,0.19850003719329834,0.19850003719329834
86,DROSOPHILA_TRANSFER__DROSOPHILA,11,1,200,0.0210440494120121,0.19850003719329834,0.1982000470161438
86,DROSOPHILA_TRANSFER__DROSOPHILA,12,-1,200,0.021138649433851242,0.1982000321149826,0.1982000470161438
86,DROSOPHILA_TRANSFER__DROSOPHILA,13,1,200,0.02123323082923889,0.1982000321149826,0.19790002703666687
86,DROSOPHILA_TRANSFER__DROSOPHILA,14,-1,200,0.021327827125787735,0.19790004193782806,0.19790002703666687
86,DROSOPHILA_TRANSFER__DROSOPHILA,15,1,200,0.021422412246465683,0.19790004193782806,0.19760003685951233
86,DROSOPHILA_TRANSFER__DROSOPHILA,16,-1,200,0.021517012268304825,0.19760003685951233,0.19760003685951233
86,DROSOPHILA_TRANSFER__DROSOPHILA,17,1,200,0.021611591801047325,0.19760003685951233,0.1973000317811966
86,DROSOPHILA_TRANSFER__DROSOPHILA,18,-1,200,0.021706191822886467,0.1973000317811966,0.1973000317811966
86,DROSOPHILA_TRANSFER__DROSOPHILA,19,1,200,0.02180076390504837,0.1973000317811966,0.19700002670288086
86,DROSOPHILA_TRANSFER__DROSOPHILA,20,-1,200,0.02189537137746811,0.19700002670288086,0.19700002670288086
87,DROSOPHILA_TRANSFER__DROSOPHILA,1,1,200,0.020098039880394936,0.20000003278255463,0.1997000277042389
87,DROSOPHILA_TRANSFER__DROSOPHILA,2,-1,200,0.020191077142953873,0.1997000277042389,0.1997000277042389
87,DROSOPHILA_TRANSFER__DROSOPHILA,3,1,200,0.0202840156853199,0.1997000277042389,0.19940003752708435
87,DROSOPHILA_TRANSFER__DROSOPHILA,4,-1,200,0.02037704549729824,0.19940003752708435,0.19940003752708435
87,DROSOPHILA_TRANSFER__DROSOPHILA,5,1,200,0.02046998031437397,0.19940003752708435,0.19910003244876862
87,DROSOPHILA_TRANSFER__DROSOPHILA,6,-1,200,0.020563017576932907,0.19910001754760742,0.19910003244876862
87,DROSOPHILA_TRANSFER__DROSOPHILA,7,1,200,0.020655952394008636,0.19910001754760742,0.19880004227161407
87,DROSOPHILA_TRANSFER__DROSOPHILA,8,-1,200,0.020748985931277275,0.1988000124692917,0.19880004227161407
87,DROSOPHILA_TRANSFER__DROSOPHILA,9,1,200,0.020841924473643303,0.1988000124692917,0.19850003719329834
87,DROSOPHILA_TRANSFER__DROSOPHILA,10,-1,200,0.020934956148266792,0.19850003719329834,0.19850003719329834
87,DROSOPHILA_TRANSFER__DROSOPHILA,11,1,200,0.021027889102697372,0.19850003719329834,0.1982000470161438
87,DROSOPHILA_TRANSFER__DROSOPHILA,12,-1,200,0.02112092822790146,0.1982000321149826,0.1982000470161438
87,DROSOPHILA_TRANSFER__DROSOPHILA,13,1,200,0.02121385931968689,0.1982000321149826,0.19790002703666687
87,DROSOPHILA_TRANSFER__DROSOPHILA,14,-1,200,0.021306900307536125,0.19790002703666687,0.19790002703666687
87,DROSOPHILA_TRANSFER__DROSOPHILA,15,1,200,0.02139982581138611,0.19790002703666687,0.19760003685951233
87,DROSOPHILA_TRANSFER__DROSOPHILA,16,-1,200,0.021492868661880493,0.19760002195835114,0.19760003685951233
87,DROSOPHILA_TRANSFER__DROSOPHILA,17,1,200,0.021585797891020775,0.19760002195835114,0.1973000168800354
87,DROSOPHILA_TRANSFER__DROSOPHILA,18,-1,200,0.021678831428289413,0.1973000168800354,0.1973000168800354
87,DROSOPHILA_TRANSFER__DROSOPHILA,19,1,200,0.02177177183330059,0.1973000168800354,0.19700002670288086
87,DROSOPHILA_TRANSFER__DROSOPHILA,20,-1,200,0.02186480723321438,0.19700002670288086,0.19700002670288086
88,DROSOPHILA_TRANSFER__DROSOPHILA,1,1,200,0.02009810134768486,0.20000003278255463,0.19970004260540009
88,DROSOPHILA_TRANSFER__DROSOPHILA,2,-1,200,0.020192448049783707,0.1997000128030777,0.19970004260540009
88,DROSOPHILA_TRANSFER__DROSOPHILA,3,1,200,0.020286723971366882,0.1997000128030777,0.19940002262592316
88,DROSOPHILA_TRANSFER__DROSOPHILA,4,-1,200,0.02038106694817543,0.19940002262592316,0.19940002262592316
88,DROSOPHILA_TRANSFER__DROSOPHILA,5,1,200,0.020475350320339203,0.19940002262592316,0.19910003244876862
88,DROSOPHILA_TRANSFER__DROSOPHILA,6,-1,200,0.02056969702243805,0.19910003244876862,0.19910003244876862
88,DROSOPHILA_TRANSFER__DROSOPHILA,7,1,200,0.020663974806666374,0.19910003244876862,0.19880002737045288
88,DROSOPHILA_TRANSFER__DROSOPHILA,8,-1,200,0.02075831964612007,0.19880002737045288,0.19880002737045288
88,DROSOPHILA_TRANSFER__DROSOPHILA,9,1,200,0.020852595567703247,0.19880002737045288,0.19850003719329834
88,DROSOPHILA_TRANSFER__DROSOPHILA,10,-1,200,0.02094695158302784,0.19850003719329834,0.19850003719329834
88,DROSOPHILA_TRANSFER__DROSOPHILA,11,1,200,0.021041223779320717,0.19850003719329834,0.1982000321149826
88,DROSOPHILA_TRANSFER__DROSOPHILA,12,-1,200,0.021135570481419563,0.1982000321149826,0.1982000321149826
88,DROSOPHILA_TRANSFER__DROSOPHILA,13,1,200,0.021229851990938187,0.1982000321149826,0.19790002703666687
88,DROSOPHILA_TRANSFER__DROSOPHILA,14,-1,200,0.021324196830391884,0.19790004193782806,0.19790002703666687
88,DROSOPHILA_TRANSFER__DROSOPHILA,15,1,200,0.02141847088932991,0.19790004193782806,0.19760002195835114
88,DROSOPHILA_TRANSFER__DROSOPHILA,16,-1,200,0.021512817591428757,0.19760003685951233,0.19760002195835114
88,DROSOPHILA_TRANSFER__DROSOPHILA,17,1,200,0.02160709910094738,0.19760003685951233,0.1973000168800354
88,DROSOPHILA_TRANSFER__DROSOPHILA,18,-1,200,0.021701445803046227,0.1973000317811966,0.1973000168800354
88,DROSOPHILA_TRANSFER__DROSOPHILA,19,1,200,0.02179572731256485,0.1973000317811966,0.19700002670288086
88,DROSOPHILA_TRANSFER__DROSOPHILA,20,-1,200,0.021890070289373398,0.19700002670288086,0.19700002670288086
89,DROSOPHILA_TRANSFER__DROSOPHILA,1,1,200,0.020098082721233368,0.20000003278255463,0.19970004260540009
89,DROSOPHILA_TRANSFER__DROSOPHILA,2,-1,200,0.020192792639136314,0.19970004260540009,0.19970004260540009
89,DROSOPHILA_TRANSFER__DROSOPHILA,3,1,200,0.020287388935685158,0.19970004260540009,0.19940002262592316
89,DROSOPHILA_TRANSFER__DROSOPHILA,4,-1,200,0.020382104441523552,0.19940002262592316,0.19940002262592316
89,DROSOPHILA_TRANSFER__DROSOPHILA,5,1,200,0.020476700738072395,0.19940002262592316,0.19910003244876862
89,DROSOPHILA_TRANSFER__DROSOPHILA,6,-1,200,0.020571410655975342,0.19910003244876862,0.19910003244876862
89,DROSOPHILA_TRANSFER__DROSOPHILA,7,1,200,0.020666010677814484,0.19910003244876862,0.1988000124692917
89,DROSOPHILA_TRANSFER__DROSOPHILA,8,-1,200,0.02076071687042713,0.19880002737045288,0.1988000124692917
89,DROSOPHILA_TRANSFER__DROSOPHILA,9,1,200,0.020855320617556572,0.19880002737045288,0.19850003719329834
89,DROSOPHILA_TRANSFER__DROSOPHILA,10,-1,200,0.02095002681016922,0.19850003719329834,0.19850003719329834
89,DROSOPHILA_TRANSFER__DROSOPHILA,11,1,200,0.021044626832008362,0.19850003719329834,0.1982000321149826
89,DROSOPHILA_TRANSFER__DROSOPHILA,12,-1,200,0.021139338612556458,0.1982000470161438,0.1982000321149826
89,DROSOPHILA_TRANSFER__DROSOPHILA,13,1,200,0.0212339349091053,0.1982000470161438,0.19790004193782806
89,DROSOPHILA_TRANSFER__DROSOPHILA,14,-1,200,0.021328650414943695,0.19790002703666687,0.19790004193782806
89,DROSOPHILA_TRANSFER__DROSOPHILA,15,1,200,0.021423250436782837,0.19790002703666687,0.19760003685951233
89,DROSOPHILA_TRANSFER__DROSOPHILA,16,-1,200,0.021517962217330933,0.19760003685951233,0.19760003685951233
89,DROSOPHILA_TRANSFER__DROSOPHILA,17,1,200,0.021612556651234627,0.19760003685951233,0.1973000317811966
89,DROSOPHILA_TRANSFER__DROSOPHILA,18,-1,200,0.021707268431782722,0.1973000317811966,0.1973000317811966
89,DROSOPHILA_TRANSFER__DROSOPHILA,19,1,200,0.02180187590420246,0.1973000317811966,0.19700002670288086
89,DROSOPHILA_TRANSFER__DROSOPHILA,20,-1,200,0.02189658023416996,0.19700002670288086,0.19700002670288086
90,DROSOPHILA_TRANSFER__DROSOPHILA,1,1,200,0.02009798213839531,0.20000003278255463,0.19970004260540009
90,DROSOPHILA_TRANSFER__DROSOPHILA,2,-1,200,0.020192107185721397,0.19970004260540009,0.19970004260540009
90,DROSOPHILA_TRANSFER__DROSOPHILA,3,1,200,0.020285997539758682,0.19970004260540009,0.19940002262592316
90,DROSOPHILA_TRANSFER__DROSOPHILA,4,-1,200,0.02038012072443962,0.19940002262592316,0.19940002262592316
90,DROSOPHILA_TRANSFER__DROSOPHILA,5,1,200,0.020474014803767204,0.19940002262592316,0.19910003244876862
90,DROSOPHILA_TRANSFER__DROSOPHILA,6,-1,200,0.020568134263157845,0.19910001754760742,0.19910003244876862
90,DROSOPHILA_TRANSFER__DROSOPHILA,7,1,200,0.020662028342485428,0.19910001754760742,0.19880002737045288
90,DROSOPHILA_TRANSFER__DROSOPHILA,8,-1,200,0.020756149664521217,0.1988000124692917,0.19880002737045288
90,DROSOPHILA_TRANSFER__DROSOPHILA,9,1,200,0.02085004560649395,0.1988000124692917,0.19850003719329834
90,DROSOPHILA_TRANSFER__DROSOPHILA,10,-1,200,0.02094416506588459,0.19850003719329834,0.19850003719329834
90,DROSOPHILA_TRANSFER__DROSOPHILA,11,1,200,0.021038061007857323,0.19850003719329834,0.1982000321149826
90,DROSOPHILA_TRANSFER__DROSOPHILA,12,-1,200,0.021132182329893112,0.1982000470161438,0.1982000321149826
90,DROSOPHILA_TRANSFER__DROSOPHILA,13,1,200,0.021226074546575546,0.1982000470161438,0.19790002703666687
90,DROSOPHILA_TRANSFER__DROSOPHILA,14,-1,200,0.021320195868611336,0.19790002703666687,0.19790002703666687
90,DROSOPHILA_TRANSFER__DROSOPHILA,15,1,200,0.02141409181058407,0.19790002703666687,0.19760002195835114
90,DROSOPHILA_TRANSFER__DROSOPHILA,16,-1,200,0.02150820568203926,0.19760002195835114,0.19760002195835114
90,DROSOPHILA_TRANSFER__DROSOPHILA,17,1,200,0.021602105349302292,0.19760002195835114,0.1973000168800354
90,DROSOPHILA_TRANSFER__DROSOPHILA,18,-1,200,0.021696224808692932,0.1973000168800354,0.1973000168800354
90,DROSOPHILA_TRANSFER__DROSOPHILA,19,1,200,0.021790122613310814,0.1973000168800354,0.19700002670288086
90,DROSOPHILA_TRANSFER__DROSOPHILA,20,-1,200,0.021884240210056305,0.19700002670288086,0.19700002670288086
91,DROSOPHILA_TRANSFER__DROSOPHILA,1,1,200,0.0200980082154274,0.20000003278255463,0.19970004260540009
91,DROSOPHILA_TRANSFER__DROSOPHILA,2,-1,200,0.02019253745675087,0.1997000277042389,0.19970004260540009
91,DROSOPHILA_TRANSFER__DROSOPHILA,3,1,200,0.020286865532398224,0.1997000277042389,0.19940002262592316
91,DROSOPHILA_TRANSFER__DROSOPHILA,4,-1,200,0.020381389185786247,0.19940002262592316,0.19940002262592316
91,DROSOPHILA_TRANSFER__DROSOPHILA,5,1,200,0.0204757172614336,0.19940002262592316,0.19910003244876862
91,DROSOPHILA_TRANSFER__DROSOPHILA,6,-1,200,0.020570244640111923,0.19910003244876862,0.19910003244876862
91,DROSOPHILA_TRANSFER__DROSOPHILA,7,1,200,0.020664574578404427,0.19910003244876862,0.19880002737045288
91,DROSOPHILA_TRANSFER__DROSOPHILA,8,-1,200,0.02075910195708275,0.1988000124692917,0.19880002737045288
91,DROSOPHILA_TRANSFER__DROSOPHILA,9,1,200,0.020853430032730103,0.1988000124692917,0.19850003719329834
91,DROSOPHILA_TRANSFER__DROSOPHILA,10,-1,200,0.020947957411408424,0.19850003719329834,0.19850003719329834
91,DROSOPHILA_TRANSFER__DROSOPHILA,11,1,200,0.021042287349700928,0.19850003719329834,0.1982000470161438
91,DROSOPHILA_TRANSFER__DROSOPHILA,12,-1,200,0.021136809140443802,0.1982000321149826,0.1982000470161438
91,DROSOPHILA_TRANSFER__DROSOPHILA,13,1,200,0.021231137216091156,0.1982000321149826,0.19790004193782806
91,DROSOPHILA_TRANSFER__DROSOPHILA,14,-1,200,0.021325666457414627,0.19790002703666687,0.19790004193782806
91,DROSOPHILA_TRANSFER__DROSOPHILA,15,1,200,0.021419992670416832,0.19790002703666687,0.19760003685951233
91,DROSOPHILA_TRANSFER__DROSOPHILA,16,-1,200,0.021514521911740303,0.19760003685951233,0.19760003685951233
91,DROSOPHILA_TRANSFER__DROSOPHILA,17,1,200,0.021608849987387657,0.19760003685951233,0.1973000317811966
91,DROSOPHILA_TRANSFER__DROSOPHILA,18,-1,200,0.02170337736606598,0.1973000317811966,0.1973000317811966
91,DROSOPHILA_TRANSFER__DROSOPHILA,19,1,200,0.021797701716423035,0.1973000317811966,0.19700002670288086
91,DROSOPHILA_TRANSFER__DROSOPHILA,20,-1,200,0.021892229095101357,0.19700002670288086,0.19700002670288086
92,DROSOPHILA_TRANSFER__DROSOPHILA,1,1,200,0.020098146051168442,0.20000003278255463,0.19970004260540009
92,DROSOPHILA_TRANSFER__DROSOPHILA,2,-1,200,0.020192168653011322,0.19970004260540009,0.19970004260540009
92,DROSOPHILA_TRANSFER__DROSOPHILA,3,1,200,0.020286165177822113,0.19970004260540009,0.19940002262592316
92,DROSOPHILA_TRANSFER__DROSOPHILA,4,-1,200,0.020380187779664993,0.19940002262592316,0.19940002262592316
92,DROSOPHILA_TRANSFER__DROSOPHILA,5,1,200,0.020474184304475784,0.19940002262592316,0.19910003244876862
92,DROSOPHILA_TRANSFER__DROSOPHILA,6,-1,200,0.020568210631608963,0.19910003244876862,0.19910003244876862
92,DROSOPHILA_TRANSFER__DROSOPHILA,7,1,200,0.020662205293774605,0.19910003244876862,0.19880002737045288
92,DROSOPHILA_TRANSFER__DROSOPHILA,8,-1,200,0.020756229758262634,0.19880002737045288,0.19880002737045288
92,DROSOPHILA_TRANSFER__DROSOPHILA,9,1,200,0.020850222557783127,0.19880002737045288,0.19850003719329834
92,DROSOPHILA_TRANSFER__DROSOPHILA,10,-1,200,0.020944252610206604,0.19850003719329834,0.19850003719329834
92,DROSOPHILA_TRANSFER__DROSOPHILA,11,1,200,0.021038245409727097,0.19850003719329834,0.1982000321149826
92,DROSOPHILA_TRANSFER__DROSOPHILA,12,-1,200,0.021132269874215126,0.1982000321149826,0.1982000321149826
92,DROSOPHILA_TRANSFER__DROSOPHILA,13,1,200,0.021226264536380768,0.1982000321149826,0.19790002703666687
92,DROSOPHILA_TRANSFER__DROSOPHILA,14,-1,200,0.0213202852755785,0.19790002703666687,0.19790002703666687
92,DROSOPHILA_TRANSFER__DROSOPHILA,15,1,200,0.021414289250969887,0.19790002703666687,0.19760003685951233
92,DROSOPHILA_TRANSFER__DROSOPHILA,16,-1,200,0.021508309990167618,0.19760003685951233,0.19760003685951233
92,DROSOPHILA_TRANSFER__DROSOPHILA,17,1,200,0.02160230278968811,0.19760003685951233,0.1973000168800354
92,DROSOPHILA_TRANSFER__DROSOPHILA,18,-1,200,0.021696332842111588,0.1973000168800354,0.1973000168800354
92,DROSOPHILA_TRANSFER__DROSOPHILA,19,1,200,0.02179032377898693,0.1973000168800354,0.19700002670288086
92,DROSOPHILA_TRANSFER__DROSOPHILA,20,-1,200,0.02188435010612011,0.19700002670288086,0.19700002670288086
93,DROSOPHILA_TRANSFER__DROSOPHILA,1,1,200,0.020098017528653145,0.20000003278255463,0.1997000277042389
93,DROSOPHILA_TRANSFER__DROSOPHILA,2,-1,200,0.020192241296172142,0.1997000277042389,0.1997000277042389
93,DROSOPHILA_TRANSFER__DROSOPHILA,3,1,200,0.020286284387111664,0.1997000277042389,0.19940002262592316
93,DROSOPHILA_TRANSFER__DROSOPHILA,4,-1,200,0.020380506291985512,0.19940002262592316,0.19940002262592316
93,DROSOPHILA_TRANSFER__DROSOPHILA,5,1,200,0.020474551245570183,0.19940002262592316,0.19910003244876862
93,DROSOPHILA_TRANSFER__DROSOPHILA,6,-1,200,0.02056877128779888,0.19910001754760742,0.19910003244876862
93,DROSOPHILA_TRANSFER__DROSOPHILA,7,1,200,0.020662818104028702,0.19910001754760742,0.19880002737045288
93,DROSOPHILA_TRANSFER__DROSOPHILA,8,-1,200,0.0207570381462574,0.19880002737045288,0.19880002737045288
93,DROSOPHILA_TRANSFER__DROSOPHILA,9,1,200,0.020851079374551773,0.19880002737045288,0.19850003719329834
93,DROSOPHILA_TRANSFER__DROSOPHILA,10,-1,200,0.020945297554135323,0.19850003719329834,0.19850003719329834
93,DROSOPHILA_TRANSFER__DROSOPHILA,11,1,200,0.021039342507719994,0.19850003719329834,0.1982000470161438
93,DROSOPHILA_TRANSFER__DROSOPHILA,12,-1,200,0.02113356441259384,0.1982000470161438,0.1982000470161438
93,DROSOPHILA_TRANSFER__DROSOPHILA,13,1,200,0.021227607503533363,0.1982000470161438,0.19790002703666687
93,DROSOPHILA_TRANSFER__DROSOPHILA,14,-1,200,0.02132183127105236,0.19790002703666687,0.19790002703666687
93,DROSOPHILA_TRANSFER__DROSOPHILA,15,1,200,0.02141587622463703,0.19790002703666687,0.19760003685951233
93,DROSOPHILA_TRANSFER__DROSOPHILA,16,-1,200,0.02151009440422058,0.19760002195835114,0.19760003685951233
93,DROSOPHILA_TRANSFER__DROSOPHILA,17,1,200,0.021604135632514954,0.19760002195835114,0.1973000168800354
93,DROSOPHILA_TRANSFER__DROSOPHILA,18,-1,200,0.0216983612626791,0.1973000168800354,0.1973000168800354
93,DROSOPHILA_TRANSFER__DROSOPHILA,19,1,200,0.021792404353618622,0.1973000168800354,0.19700002670288086
93,DROSOPHILA_TRANSFER__DROSOPHILA,20,-1,200,0.02188662625849247,0.19700002670288086,0.19700002670288086
94,DROSOPHILA_TRANSFER__DROSOPHILA,1,1,200,0.020097892731428146,0.20000003278255463,0.1997000277042389
94,DROSOPHILA_TRANSFER__DROSOPHILA,2,-1,200,0.020192701369524002,0.1997000277042389,0.1997000277042389
94,DROSOPHILA_TRANSFER__DROSOPHILA,3,1,200,0.02028728649020195,0.1997000277042389,0.19940002262592316
94,DROSOPHILA_TRANSFER__DROSOPHILA,4,-1,200,0.020382095128297806,0.19940003752708435,0.19940002262592316
94,DROSOPHILA_TRANSFER__DROSOPHILA,5,1,200,0.020476680248975754,0.19940003752708435,0.19910003244876862
94,DROSOPHILA_TRANSFER__DROSOPHILA,6,-1,200,0.02057148702442646,0.19910003244876862,0.19910003244876862
94,DROSOPHILA_TRANSFER__DROSOPHILA,7,1,200,0.020666075870394707,0.19910003244876862,0.19880002737045288
94,DROSOPHILA_TRANSFER__DROSOPHILA,8,-1,200,0.020760884508490562,0.19880002737045288,0.19880002737045288
94,DROSOPHILA_TRANSFER__DROSOPHILA,9,1,200,0.02085546962916851,0.19880002737045288,0.19850003719329834
94,DROSOPHILA_TRANSFER__DROSOPHILA,10,-1,200,0.020950280129909515,0.19850003719329834,0.19850003719329834
94,DROSOPHILA_TRANSFER__DROSOPHILA,11,1,200,0.021044863387942314,0.19850003719329834,0.1982000470161438
94,DROSOPHILA_TRANSFER__DROSOPHILA,12,-1,200,0.02113967575132847,0.1982000321149826,0.1982000470161438
94,DROSOPHILA_TRANSFER__DROSOPHILA,13,1,200,0.021234260872006416,0.1982000321149826,0.19790002703666687
94,DROSOPHILA_TRANSFER__DROSOPHILA,14,-1,200,0.02132907137274742,0.19790004193782806,0.19790002703666687
94,DROSOPHILA_TRANSFER__DROSOPHILA,15,1,200,0.02142365463078022,0.19790004193782806,0.19760003685951233
94,DROSOPHILA_TRANSFER__DROSOPHILA,16,-1,200,0.021518465131521225,0.19760003685951233,0.19760003685951233
94,DROSOPHILA_TRANSFER__DROSOPHILA,17,1,200,0.021613048389554024,0.19760003685951233,0.1973000317811966
94,DROSOPHILA_TRANSFER__DROSOPHILA,18,-1,200,0.021707860752940178,0.1973000317811966,0.1973000317811966
94,DROSOPHILA_TRANSFER__DROSOPHILA,19,1,200,0.021802445873618126,0.1973000317811966,0.19700002670288086
94,DROSOPHILA_TRANSFER__DROSOPHILA,20,-1,200,0.021897252649068832,0.19700002670288086,0.19700002670288086
95,DROSOPHILA_TRANSFER__DROSOPHILA,1,1,200,0.02009802870452404,0.20000003278255463,0.1997000277042389
95,DROSOPHILA_TRANSFER__DROSOPHILA,2,-1,200,0.020192891359329224,0.1997000277042389,0.1997000277042389
95,DROSOPHILA_TRANSFER__DROSOPHILA,3,1,200,0.02028760127723217,0.1997000277042389,0.19940002262592316
95,DROSOPHILA_TRANSFER__DROSOPHILA,4,-1,200,0.020382467657327652,0.19940002262592316,0.19940002262592316
95,DROSOPHILA_TRANSFER__DROSOPHILA,5,1,200,0.02047717198729515,0.19940002262592316,0.19910001754760742
95,DROSOPHILA_TRANSFER__DROSOPHILA,6,-1,200,0.02057204395532608,0.19910001754760742,0.19910001754760742
95,DROSOPHILA_TRANSFER__DROSOPHILA,7,1,200,0.02066675014793873,0.19910001754760742,0.19880002737045288
95,DROSOPHILA_TRANSFER__DROSOPHILA,8,-1,200,0.02076161839067936,0.19880002737045288,0.19880002737045288
95,DROSOPHILA_TRANSFER__DROSOPHILA,9,1,200,0.020856322720646858,0.19880002737045288,0.19850003719329834
95,DROSOPHILA_TRANSFER__DROSOPHILA,10,-1,200,0.020951194688677788,0.19850003719329834,0.19850003719329834
95,DROSOPHILA_TRANSFER__DROSOPHILA,11,1,200,0.021045900881290436,0.19850003719329834,0.1982000470161438
95,DROSOPHILA_TRANSFER__DROSOPHILA,12,-1,200,0.021140769124031067,0.1982000470161438,0.1982000470161438
95,DROSOPHILA_TRANSFER__DROSOPHILA,13,1,200,0.021235473453998566,0.1982000470161438,0.19790002703666687
95,DROSOPHILA_TRANSFER__DROSOPHILA,14,-1,200,0.021330343559384346,0.19790002703666687,0.19790002703666687
95,DROSOPHILA_TRANSFER__DROSOPHILA,15,1,200,0.021425046026706696,0.19790002703666687,0.19760003685951233
95,DROSOPHILA_TRANSFER__DROSOPHILA,16,-1,200,0.021519919857382774,0.19760003685951233,0.19760003685951233
95,DROSOPHILA_TRANSFER__DROSOPHILA,17,1,200,0.021614624187350273,0.19760003685951233,0.1973000168800354
95,DROSOPHILA_TRANSFER__DROSOPHILA,18,-1,200,0.021709496155381203,0.1973000317811966,0.1973000168800354
95,DROSOPHILA_TRANSFER__DROSOPHILA,19,1,200,0.02180420234799385,0.1973000317811966,0.19700002670288086
95,DROSOPHILA_TRANSFER__DROSOPHILA,20,-1,200,0.02189907431602478,0.19700002670288086,0.19700002670288086
96,DROSOPHILA_TRANSFER__DROSOPHILA,1,1,200,0.020098086446523666,0.20000003278255463,0.19970004260540009
96,DROSOPHILA_TRANSFER__DROSOPHILA,2,-1,200,0.020192060619592667,0.1997000277042389,0.19970004260540009
96,DROSOPHILA_TRANSFER__DROSOPHILA,3,1,200,0.020285924896597862,0.1997000277042389,0.19940002262592316
96,DROSOPHILA_TRANSFER__DROSOPHILA,4,-1,200,0.020379899069666862,0.19940002262592316,0.19940002262592316
96,DROSOPHILA_TRANSFER__DROSOPHILA,5,1,200,0.020473774522542953,0.19940002262592316,0.19910001754760742
96,DROSOPHILA_TRANSFER__DROSOPHILA,6,-1,200,0.020567739382386208,0.19910001754760742,0.19910001754760742
96,DROSOPHILA_TRANSFER__DROSOPHILA,7,1,200,0.02066160924732685,0.19910001754760742,0.19880002737045288
96,DROSOPHILA_TRANSFER__DROSOPHILA,8,-1,200,0.020755581557750702,0.1988000124692917,0.19880002737045288
96,DROSOPHILA_TRANSFER__DROSOPHILA,9,1,200,0.020849451422691345,0.1988000124692917,0.19850003719329834
96,DROSOPHILA_TRANSFER__DROSOPHILA,10,-1,200,0.020943420007824898,0.19850003719329834,0.19850003719329834
96,DROSOPHILA_TRANSFER__DROSOPHILA,11,1,200,0.02103729173541069,0.19850003719329834,0.1982000470161438
96,DROSOPHILA_TRANSFER__DROSOPHILA,12,-1,200,0.021131262183189392,0.1982000470161438,0.1982000470161438
96,DROSOPHILA_TRANSFER__DROSOPHILA,13,1,200,0.021225130185484886,0.1982000470161438,0.19790002703666687
96,DROSOPHILA_TRANSFER__DROSOPHILA,14,-1,200,0.02131909877061844,0.19790002703666687,0.19790002703666687
96,DROSOPHILA_TRANSFER__DROSOPHILA,15,1,200,0.02141297422349453,0.19790002703666687,0.19760003685951233
96,DROSOPHILA_TRANSFER__DROSOPHILA,16,-1,200,0.021506939083337784,0.19760003685951233,0.19760003685951233
96,DROSOPHILA_TRANSFER__DROSOPHILA,17,1,200,0.021600810810923576,0.19760003685951233,0.1973000317811966
96,DROSOPHILA_TRANSFER__DROSOPHILA,18,-1,200,0.02169477753341198,0.1973000168800354,0.1973000317811966
96,DROSOPHILA_TRANSFER__DROSOPHILA,19,1,200,0.02178865298628807,0.1973000168800354,0.19700002670288086
96,DROSOPHILA_TRANSFER__DROSOPHILA,20,-1,200,0.021882621571421623,0.19700002670288086,0.19700002670288086
97,DROSOPHILA_TRANSFER__DROSOPHILA,1,1,200,0.02009795978665352,0.20000003278255463,0.1997000277042389
97,DROSOPHILA_TRANSFER__DROSOPHILA,2,-1,200,0.020191742107272148,0.1997000277042389,0.1997000277042389
97,DROSOPHILA_TRANSFER__DROSOPHILA,3,1,200,0.020285343751311302,0.1997000277042389,0.19940002262592316
97,DROSOPHILA_TRANSFER__DROSOPHILA,4,-1,200,0.02037913165986538,0.19940003752708435,0.19940002262592316
97,DROSOPHILA_TRANSFER__DROSOPHILA,5,1,200,0.02047273889183998,0.19940003752708435,0.19910001754760742
97,DROSOPHILA_TRANSFER__DROSOPHILA,6,-1,200,0.02056652307510376,0.19910003244876862,0.19910001754760742
97,DROSOPHILA_TRANSFER__DROSOPHILA,7,1,200,0.020660126581788063,0.19910003244876862,0.19880002737045288
97,DROSOPHILA_TRANSFER__DROSOPHILA,8,-1,200,0.020753910765051842,0.19880002737045288,0.19880002737045288
97,DROSOPHILA_TRANSFER__DROSOPHILA,9,1,200,0.020847514271736145,0.19880002737045288,0.19850003719329834
97,DROSOPHILA_TRANSFER__DROSOPHILA,10,-1,200,0.020941298454999924,0.19850003719329834,0.19850003719329834
97,DROSOPHILA_TRANSFER__DROSOPHILA,11,1,200,0.021034907549619675,0.19850003719329834,0.1982000470161438
97,DROSOPHILA_TRANSFER__DROSOPHILA,12,-1,200,0.021128693595528603,0.1982000470161438,0.1982000470161438
97,DROSOPHILA_TRANSFER__DROSOPHILA,13,1,200,0.021222295239567757,0.1982000470161438,0.19790002703666687
97,DROSOPHILA_TRANSFER__DROSOPHILA,14,-1,200,0.021316079422831535,0.19790002703666687,0.19790002703666687
97,DROSOPHILA_TRANSFER__DROSOPHILA,15,1,200,0.021409686654806137,0.19790002703666687,0.19760003685951233
97,DROSOPHILA_TRANSFER__DROSOPHILA,16,-1,200,0.021503468975424767,0.19760002195835114,0.19760003685951233
97,DROSOPHILA_TRANSFER__DROSOPHILA,17,1,200,0.02159707434475422,0.19760002195835114,0.1973000168800354
97,DROSOPHILA_TRANSFER__DROSOPHILA,18,-1,200,0.021690862253308296,0.1973000317811966,0.1973000168800354
97,DROSOPHILA_TRANSFER__DROSOPHILA,19,1,200,0.0217844657599926,0.1973000317811966,0.19700002670288086
97,DROSOPHILA_TRANSFER__DROSOPHILA,20,-1,200,0.021878249943256378,0.19700002670288086,0.19700002670288086
98,DROSOPHILA_TRANSFER__DROSOPHILA,1,1,200,0.020098041743040085,0.20000003278255463,0.1997000277042389
98,DROSOPHILA_TRANSFER__DROSOPHILA,2,-1,200,0.02019164338707924,0.1997000277042389,0.1997000277042389
98,DROSOPHILA_TRANSFER__DROSOPHILA,3,1,200,0.020285123959183693,0.1997000277042389,0.19940002262592316
98,DROSOPHILA_TRANSFER__DROSOPHILA,4,-1,200,0.020378731191158295,0.19940002262592316,0.19940002262592316
98,DROSOPHILA_TRANSFER__DROSOPHILA,5,1,200,0.02047221176326275,0.19940002262592316,0.19910001754760742
98,DROSOPHILA_TRANSFER__DROSOPHILA,6,-1,200,0.0205658171325922,0.19910003244876862,0.19910001754760742
98,DROSOPHILA_TRANSFER__DROSOPHILA,7,1,200,0.020659293979406357,0.19910003244876862,0.19880002737045288
98,DROSOPHILA_TRANSFER__DROSOPHILA,8,-1,200,0.02075290121138096,0.19880002737045288,0.19880002737045288
98,DROSOPHILA_TRANSFER__DROSOPHILA,9,1,200,0.020846381783485413,0.19880002737045288,0.19850003719329834
98,DROSOPHILA_TRANSFER__DROSOPHILA,10,-1,200,0.020939990878105164,0.19850003719329834,0.19850003719329834
98,DROSOPHILA_TRANSFER__DROSOPHILA,11,1,200,0.02103346213698387,0.19850003719329834,0.1982000321149826
98,DROSOPHILA_TRANSFER__DROSOPHILA,12,-1,200,0.021127067506313324,0.1982000470161438,0.1982000321149826
98,DROSOPHILA_TRANSFER__DROSOPHILA,13,1,200,0.021220549941062927,0.1982000470161438,0.19790002703666687
98,DROSOPHILA_TRANSFER__DROSOPHILA,14,-1,200,0.02131415344774723,0.19790002703666687,0.19790002703666687
98,DROSOPHILA_TRANSFER__DROSOPHILA,15,1,200,0.021407634019851685,0.19790002703666687,0.19760003685951233
98,DROSOPHILA_TRANSFER__DROSOPHILA,16,-1,200,0.021501239389181137,0.19760003685951233,0.19760003685951233
98,DROSOPHILA_TRANSFER__DROSOPHILA,17,1,200,0.02159472182393074,0.19760003685951233,0.1973000317811966
98,DROSOPHILA_TRANSFER__DROSOPHILA,18,-1,200,0.021688327193260193,0.1973000317811966,0.1973000317811966
98,DROSOPHILA_TRANSFER__DROSOPHILA,19,1,200,0.02178180404007435,0.1973000317811966,0.19700002670288086
98,DROSOPHILA_TRANSFER__DROSOPHILA,20,-1,200,0.0218754094094038,0.19700002670288086,0.19700002670288086
99,DROSOPHILA_TRANSFER__DROSOPHILA,1,1,200,0.02009803056716919,0.20000003278255463,0.1997000277042389
99,DROSOPHILA_TRANSFER__DROSOPHILA,2,-1,200,0.020192641764879227,0.1997000277042389,0.1997000277042389
99,DROSOPHILA_TRANSFER__DROSOPHILA,3,1,200,0.020287103950977325,0.1997000277042389,0.19940002262592316
99,DROSOPHILA_TRANSFER__DROSOPHILA,4,-1,200,0.020381717011332512,0.19940003752708435,0.19940002262592316
99,DROSOPHILA_TRANSFER__DROSOPHILA,5,1,200,0.02047618106007576,0.19940003752708435,0.19910003244876862
99,DROSOPHILA_TRANSFER__DROSOPHILA,6,-1,200,0.020570794120430946,0.19910003244876862,0.19910003244876862
99,DROSOPHILA_TRANSFER__DROSOPHILA,7,1,200,0.020665254443883896,0.19910003244876862,0.19880002737045288
99,DROSOPHILA_TRANSFER__DROSOPHILA,8,-1,200,0.020759863778948784,0.1988000124692917,0.19880002737045288
99,DROSOPHILA_TRANSFER__DROSOPHILA,9,1,200,0.02085433155298233,0.1988000124692917,0.19850003719329834
99,DROSOPHILA_TRANSFER__DROSOPHILA,10,-1,200,0.02094893716275692,0.19850003719329834,0.19850003719329834
99,DROSOPHILA_TRANSFER__DROSOPHILA,11,1,200,0.021043404936790466,0.19850003719329834,0.1982000470161438
99,DROSOPHILA_TRANSFER__DROSOPHILA,12,-1,200,0.021138017997145653,0.1982000470161438,0.1982000470161438
99,DROSOPHILA_TRANSFER__DROSOPHILA,13,1,200,0.0212324820458889,0.1982000470161438,0.19790002703666687
99,DROSOPHILA_TRANSFER__DROSOPHILA,14,-1,200,0.02132708951830864,0.19790002703666687,0.19790002703666687
99,DROSOPHILA_TRANSFER__DROSOPHILA,15,1,200,0.021421553567051888,0.19790002703666687,0.19760003685951233
99,DROSOPHILA_TRANSFER__DROSOPHILA,16,-1,200,0.021516162902116776,0.19760002195835114,0.19760003685951233
99,DROSOPHILA_TRANSFER__DROSOPHILA,17,1,200,0.02161063253879547,0.19760002195835114,0.1973000168800354
99,DROSOPHILA_TRANSFER__DROSOPHILA,18,-1,200,0.02170524187386036,0.1973000168800354,0.1973000168800354
99,DROSOPHILA_TRANSFER__DROSOPHILA,19,1,200,0.02179970219731331,0.1973000168800354,0.19700002670288086
99,DROSOPHILA_TRANSFER__DROSOPHILA,20,-1,200,0.021894313395023346,0.19700002670288086,0.19700002670288086
