notebook,notebook_name,cell_number,classification,score,audit_penalty,target44_hits,generation_hits,audit_hits,stimulus_hits,random_hits,active_PN_hits,geometry_hits,CS_hits,pattern_hits,code_length,code_preview
/content/drive/MyDrive/Colab Notebooks/Untitled120.ipynb,Untitled120.ipynb,23,HIGH_PRIORITY_44_GENERATION_CANDIDATE,156,56,5,9,7,2,3,2,6,2,6,16280," # ============================================================================ # v13.3E — 44-DISTANCE STIMULUS SOURCE FORENSIC SEARCH # ============================================================================ # # Goal: # Find the original source that generated the older: # # Hamming distance = 44 / 100 # Active-PN overlap = 28 / 50 # Jaccard similarity = 38.9% # # Current validated continuum: # Hamming = 28 # overlap = 36/50 # Jaccard = 56.25% # # This search focuses on SOURCE CODE / NOTEBOOKS / TEXT, # because the 44-distance matrix was not found among the # 643 CSV/XLSX cand"
/content/drive/MyDrive/Colab Notebooks/Untitled120.ipynb,Untitled120.ipynb,24,HIGH_PRIORITY_44_GENERATION_CANDIDATE,124,72,5,8,9,1,3,2,6,4,0,14289," # ============================================================================ # v13.3E — UNTITLED120 CHRONOLOGICAL 44-SOURCE FORENSIC AUDIT # ============================================================================ # # PURPOSE # ------- # Untitled120 produced 32 exact-44 hits, but the displayed context shows that # many/all of these are from the provenance-audit code that WE added later. # # This audit: # # 1. Reads Untitled120 cell-by-cell. # 2. Finds every 44-related occurrence. # 3. Reports CELL NUMBER. # 4. Separates: # A. original/pre-audit content # B. provena"
/content/drive/MyDrive/Colab Notebooks/Untitled120.ipynb,Untitled120.ipynb,22,HIGH_PRIORITY_44_GENERATION_CANDIDATE,106,32,4,5,4,3,0,1,7,6,4,24140, # ============================================================================ # v13.3E — STIMULUS PROVENANCE / 28-vs-44 AUDIT # ============================================================================ # # PURPOSE # ------- # Resolve the discrepancy between: # # Current v13.3E validated continuum: # CS+ = pattern 51 # CS- = pattern 65 # Hamming distance reported = 28 # # Older peak-shift figure: # Hamming distance = 44/100 # Active-PN overlap = 28/50 # Jaccard similarity = 38.9% # # This audit searches the Honey project directory for candidate CSV/X
/content/drive/MyDrive/Colab Notebooks/Untitled93.ipynb,Untitled93.ipynb,17,HIGH_PRIORITY_44_GENERATION_CANDIDATE,58,8,2,4,1,1,0,3,2,4,2,113047," Drive already mounted at /content/drive; to attempt to forcibly remount, call drive.mount(""/content/drive"", force_remount=True). ================================================================================ HONEYBEE MODEL v12.2.8 100-NETWORK MECHANISM ABLATION ================================================================================ MODEL PARAMETERS -------------------------------------------------------------------------------- PNs: 100 KCs: 4000 PN inputs/KC: 5 - 15 Active KCs: 200 KC sparsity: 5.0 % Initial PN-KC weight: 0.2 Initial KC-EN weight: 0.2 Learning rates: PN-KC +: 0."
/content/drive/MyDrive/Colab Notebooks/Untitled94.ipynb,Untitled94.ipynb,3,HIGH_PRIORITY_44_GENERATION_CANDIDATE,35,8,1,3,1,2,0,0,1,2,2,21102," # ============================================================================= # HONEYBEE MODEL v12.2.18 # CORRECTED-GEOMETRY COUNTERFACTUAL PROFILE DECOMPOSITION # ============================================================================= # # NO NEW SIMULATION # # Uses: # Honeybee_Model_v12_2_16_ResponseProfiles.csv # Honeybee_Model_v12_2_16_NetworkSummary.csv # # Correct geometry: # CS+ = 51 # CS- = 65 # Strict geometric candidates = 44 # # Conditions: # NONE # PN_KC_ONLY # KC_EN_ONLY # FULL # # Main question: # Does PN-KC plasticity merely alter KC representation, #"
/content/drive/MyDrive/Colab Notebooks/Untitled98.ipynb,Untitled98.ipynb,54,POSSIBLE_ORIGINAL_GENERATION,131,8,0,15,1,6,3,3,3,6,2,31742, # ================================================================================ # v13.2I — CONTROLLED TEMPORAL CAUSALITY # ================================================================================ # Goal: # Determine whether temporal reinforcement history has an effect beyond # simple transition count. # # DESIGN: # # A) SAME TRANSITIONS # Different cumulative reinforcement history # # B) SAME MAX RUN # Different transition structure # # C) SAME TRANSITIONS + SAME MAX RUN # Different temporal placement # # D) SAME TRANSITIONS + SAME HISTORY # Different ordering # # Each 
/content/drive/MyDrive/Colab Notebooks/Untitled98.ipynb,Untitled98.ipynb,55,POSSIBLE_ORIGINAL_GENERATION,131,8,0,15,1,6,3,3,3,6,2,31742, # ================================================================================ # v13.2I — CONTROLLED TEMPORAL CAUSALITY # ================================================================================ # Goal: # Determine whether temporal reinforcement history has an effect beyond # simple transition count. # # DESIGN: # # A) SAME TRANSITIONS # Different cumulative reinforcement history # # B) SAME MAX RUN # Different transition structure # # C) SAME TRANSITIONS + SAME MAX RUN # Different temporal placement # # D) SAME TRANSITIONS + SAME HISTORY # Different ordering # # Each 
/content/drive/MyDrive/Colab Notebooks/Untitled98.ipynb,Untitled98.ipynb,56,POSSIBLE_ORIGINAL_GENERATION,129,8,0,14,1,5,3,3,4,6,2,27884," # ================================================================================ # v13.2I-FAST — CONTROLLED TEMPORAL CAUSALITY # ================================================================================ # FAST / OPTIMIZED VERSION # # Scientific question: # Does reinforcement-history structure affect the learned phenotype # independently of simple transition count? # # Design: # A = same transitions, different history # B = same max-run, different transitions # C = same transitions + same max-run, different placement # # Important: # - Same 100 host networks are reused across "
/content/drive/MyDrive/Colab Notebooks/Untitled90.ipynb,Untitled90.ipynb,3,POSSIBLE_ORIGINAL_GENERATION,125,0,0,14,0,1,4,4,3,6,2,23190, # ================================================================ # HONEYBEE MODEL v6 # CORRECTED 100-PATTERN CONTINUUM + PEAK-SHIFT TEST # # Based on Peng & Chittka (2017) # # IMPORTANT: # Pattern 51 = CS+ # Pattern 65 = CS- # # The continuum itself is created FIRST. # CS+ and CS- are then taken directly from that SAME continuum. # # This avoids the coordinate mismatch in v4/v5. # ================================================================ import numpy as np import pandas as pd import matplotlib.pyplot as plt from pathlib import Path # ================================================
/content/drive/MyDrive/Colab Notebooks/Untitled98.ipynb,Untitled98.ipynb,64,POSSIBLE_ORIGINAL_GENERATION,125,8,0,14,1,4,3,3,4,6,2,37459, # ================================================================================ # v13.3E — MECHANISTIC INSTRUMENTATION # ================================================================================ # GOAL: # v13.3D ke behavioural architecture × rule interaction ko # synaptic + KC-representation level par investigate karna. # # 2×2: # HONEYBEE__BEE # HONEYBEE__DROSOPHILA # DROSOPHILA_TRANSFER__BEE # DROSOPHILA_TRANSFER__DROSOPHILA # # SAVES: # 1. Behavioural metrics # 2. Behavioural profiles # 3. PN→KC mechanistic summaries # 4. KC→EN mechanistic summaries # 5. KC 
/content/drive/MyDrive/Colab Notebooks/Untitled98.ipynb,Untitled98.ipynb,88,POSSIBLE_ORIGINAL_GENERATION,125,0,0,12,0,4,3,3,6,1,2,11772, # ============================================================ # HONEYBEE–DROSOPHILA PROJECT # STIMULUS GEOMETRY + PEAK-SHIFT ANALYSIS # CLEAN PUBLICATION-STYLE FIGURE # ============================================================ import numpy as np import matplotlib.pyplot as plt from matplotlib.patches import Rectangle from matplotlib.lines import Line2D # ------------------------------------------------------------ # 1. GLOBAL SETTINGS # ------------------------------------------------------------ np.random.seed(42) N_PN = 100 N_STIM = 100 ACTIVE_PN = 50 # ----------------------------
/content/drive/MyDrive/Colab Notebooks/Untitled98.ipynb,Untitled98.ipynb,57,POSSIBLE_ORIGINAL_GENERATION,124,8,0,14,1,4,3,3,3,6,2,31309," # ================================================================================ # v13.2I-FAST-CORRECTED # ================================================================================ # Fix: # late_transitions indexing bug corrected. # # Additional: # schedule generation + simulation in one clean cell # ================================================================================ import os import numpy as np import pandas as pd from scipy.stats import ( pearsonr, spearmanr, ttest_rel, wilcoxon ) from google.colab import drive drive.mount('/content/drive') BASE"
/content/drive/MyDrive/Colab Notebooks/Untitled98.ipynb,Untitled98.ipynb,49,POSSIBLE_ORIGINAL_GENERATION,123,8,0,15,1,4,3,3,3,6,2,23796, # ============================================================ # HONEYBEE MODEL v13.2E # MECHANISTIC DECOMPOSITION OF DROSOPHILA-INSPIRED RULE # # Conditions: # 1. DROSOPHILA_CANONICAL # Reward -> EMINUS depression # Punishment -> EPLUS depression # Alternating temporal order # # 2. REVERSED_VALENCE # Reward -> EPLUS depression # Punishment -> EMINUS depression # Same alternating temporal order # # 3. BLOCKED_VALENCE # Same canonical valence mapping # But 10 reward trials followed by 10 punishment trials # # 4. BALANCED_RANDOM # Exact
/content/drive/MyDrive/Colab Notebooks/Untitled98.ipynb,Untitled98.ipynb,50,POSSIBLE_ORIGINAL_GENERATION,123,8,0,15,1,4,3,3,3,6,2,26670, # ============================================================ # HONEYBEE MODEL v13.2F # TEMPORAL-ORDER / VALENCE-MAPPING DECOMPOSITION # # Goal: # Determine whether the learned phenotype depends on: # A) canonical valence mapping # B) temporal order of reward/punishment # C) interaction between mapping and order # # Conditions # ------------------------------------------------------------ # 1. CANONICAL_ALTERNATING # R-P-R-P-R-P... # Reward -> EMINUS # Punishment -> EPLUS # # 2. CANONICAL_RANDOM # Exactly 10 R + 10 P # Randomly shuffled # Reward 
/content/drive/MyDrive/Colab Notebooks/Untitled98.ipynb,Untitled98.ipynb,51,POSSIBLE_ORIGINAL_GENERATION,123,8,0,15,1,4,3,3,3,6,2,25435, # ============================================================ # HONEYBEE MODEL v13.2G # QUANTITATIVE TEMPORAL-ORDER SWEEP # # PURPOSE # ------- # v13.2F showed: # Alternating >> Random >> Blocked # # But this does NOT tell us whether there is a gradual # temporal-order effect or merely a difference between a few # hand-picked schedules. # # v13.2G creates many balanced schedules with different degrees # of temporal clustering while keeping: # # - exactly 10 Reward trials # - exactly 10 Punishment trials # - canonical valence mapping # - same 20 total trials # - same Bee architect
/content/drive/MyDrive/Colab Notebooks/Untitled91.ipynb,Untitled91.ipynb,1,POSSIBLE_ORIGINAL_GENERATION,122,8,0,16,1,2,4,5,2,6,2,50725, # ===================================================================== # HONEYBEE MODEL v10.1 # ===================================================================== # # CORRECTED CONTINUUM + PEAK-SHIFT LEARNING-RATE SPACE # # Main question: # # Can a honeybee-like sparse learning architecture develop a # generalized peak around a conditioned stimulus after differential # conditioning? # # This version fixes the v9 continuum construction problem. # # ===================================================================== import numpy as np import pandas as pd import matplotlib.pyplot as plt 
/content/drive/MyDrive/Colab Notebooks/Untitled98.ipynb,Untitled98.ipynb,21,POSSIBLE_ORIGINAL_GENERATION,122,0,0,14,0,2,3,3,1,6,2,17205," # ================================================================ # HONEYBEE MODEL v12.3M # CONTROLLED 2 × 2 FACTORIAL EXPERIMENT # Bee vs Drosophila learning rule # ================================================================ import os import numpy as np import pandas as pd from scipy.stats import ttest_rel # ------------------------------------------------ # 1. GOOGLE DRIVE # ------------------------------------------------ from google.colab import drive drive.mount('/content/drive') OUT = ""/content/drive/MyDrive/Honey"" os.makedirs(OUT, exist_ok=True) # ----------------------------"
/content/drive/MyDrive/Colab Notebooks/Untitled98.ipynb,Untitled98.ipynb,22,POSSIBLE_ORIGINAL_GENERATION,122,0,0,14,0,2,3,3,1,6,2,17205," # ================================================================ # HONEYBEE MODEL v12.3M # CONTROLLED 2 × 2 FACTORIAL EXPERIMENT # Bee vs Drosophila learning rule # ================================================================ import os import numpy as np import pandas as pd from scipy.stats import ttest_rel # ------------------------------------------------ # 1. GOOGLE DRIVE # ------------------------------------------------ from google.colab import drive drive.mount('/content/drive') OUT = ""/content/drive/MyDrive/Honey"" os.makedirs(OUT, exist_ok=True) # ----------------------------"
/content/drive/MyDrive/Colab Notebooks/Untitled91.ipynb,Untitled91.ipynb,5,POSSIBLE_ORIGINAL_GENERATION,120,0,0,15,0,1,4,4,1,6,2,27626, # ===================================================================== # HONEYBEE MODEL v10.4 # DIFFERENTIAL CONDITIONING + GENERALIZATION # ===================================================================== # # INPUT: # Validated v10.3 continuum # # CS+: # Pattern 51 # # CS-: # Pattern 65 # # PURPOSE: # Test whether differential conditioning produces a reproducible # response peak/generalization profile across the stimulus continuum. # # IMPORTANT: # NO NEW CONTINUUM IS GENERATED. # The validated v10.3 continuum is used exactly as constructed. # # ==========================
/content/drive/MyDrive/Colab Notebooks/Untitled92.ipynb,Untitled92.ipynb,1,POSSIBLE_ORIGINAL_GENERATION,120,0,0,15,0,1,4,4,1,6,2,27626, # ===================================================================== # HONEYBEE MODEL v10.4 # DIFFERENTIAL CONDITIONING + GENERALIZATION # ===================================================================== # # INPUT: # Validated v10.3 continuum # # CS+: # Pattern 51 # # CS-: # Pattern 65 # # PURPOSE: # Test whether differential conditioning produces a reproducible # response peak/generalization profile across the stimulus continuum. # # IMPORTANT: # NO NEW CONTINUUM IS GENERATED. # The validated v10.3 continuum is used exactly as constructed. # # ==========================
/content/drive/MyDrive/Colab Notebooks/Untitled98.ipynb,Untitled98.ipynb,60,POSSIBLE_ORIGINAL_GENERATION,120,0,0,13,0,3,3,2,2,6,0,22088," # ============================================================================= # v13.2I-E+ — ACTUAL STRICT SUMMARY-HISTORY TEMPORAL CONTROL EXPERIMENT # # 100 matched schedule pairs # × 100 identical host networks # = 10,000 pairwise schedule comparisons # = 20,000 individual schedule runs # # Controls: # SAME: # 10 R + 10 P # transitions # maximum run # cumulative-history summary: sum(abs(history)) # max absolute history # # DIFFERENT: # exact temporal ordering # # CRITICAL: # Corrected PN-KC WRITE-BACK is explicitly implemented here. # ============"
/content/drive/MyDrive/Colab Notebooks/Untitled98.ipynb,Untitled98.ipynb,58,POSSIBLE_ORIGINAL_GENERATION,119,8,0,14,1,3,3,3,2,6,2,22360," # ============================================================================= # v13.2I — CORRECTED CONTROLLED TEMPORAL CAUSALITY EXPERIMENT # PN-KC WRITE-BACK FIX INCLUDED # ============================================================================= import os import numpy as np import pandas as pd from scipy.stats import ttest_rel, wilcoxon, spearmanr, pearsonr from google.colab import drive drive.mount('/content/drive') OUTDIR = ""/content/drive/MyDrive/Honey"" os.makedirs(OUTDIR, exist_ok=True) print(""=""*80) print(""v13.2I CORRECTED — CONTROLLED TEMPORAL CAUSALITY"") print(""=""*80) # --"
/content/drive/MyDrive/Colab Notebooks/Untitled98.ipynb,Untitled98.ipynb,20,POSSIBLE_ORIGINAL_GENERATION,119,0,0,13,0,2,3,4,1,6,2,12894," # ================================================================ # HONEYBEE MODEL v12.3L # PN-KC PLASTICITY DOSE SWEEP # ================================================================ import os import numpy as np import pandas as pd from scipy.stats import spearmanr, pearsonr, ttest_rel # ------------------------------------------------ # 1. GOOGLE DRIVE # ------------------------------------------------ from google.colab import drive drive.mount('/content/drive') OUT = ""/content/drive/MyDrive/Honey"" os.makedirs(OUT, exist_ok=True) # ------------------------------------------------ # "
/content/drive/MyDrive/Colab Notebooks/Untitled98.ipynb,Untitled98.ipynb,46,POSSIBLE_ORIGINAL_GENERATION,119,8,0,13,1,4,3,3,3,6,2,29978, # ============================================================================= # HONEYBEE MODEL — v13.2B-CORRECTED # DROSOPHILA vs STRENGTH-MATCHED RANDOM RULE # # PURPOSE: # Compare the structured Drosophila-inspired plasticity rule against # strength-matched randomized rules using the EXACT validated # 100 stimuli × 100 PN continuum. # # IMPORTANT: # - Uses ONLY PN_1 ... PN_100 as stimulus inputs. # - No metadata columns enter the neural model. # - Same host network is used for Drosophila and random rules. # - Same stimulus schedule / KC activity / update magnitude. # - Ran
/content/drive/MyDrive/Colab Notebooks/Untitled93.ipynb,Untitled93.ipynb,15,POSSIBLE_ORIGINAL_GENERATION,118,8,0,15,1,2,3,3,2,6,0,25117,"# ============================================================================= # HONEYBEE MODEL v12.2.7 # PUBLISHED ARCHITECTURE RECONSTRUCTION AUDIT # # Based on Peng & Chittka (2017) # # Architecture: # PN = 100 # KC = 4000 # PN->KC connections = uniform integer 5-15 # KC sparsity = exactly 5% # KC->EN+ and KC->EN- = all-to-one # Initial PN-KC weight = 0.2 # Initial KC-EN weight = 0.2 # Weight bounds = [0, 0.4] # PN-KC alpha+ = 0.006 # PN-KC alpha- = 0.007 # KC-EN alpha+ = 0.006 # KC-EN alpha- = 0.008 # ================================================================"
/content/drive/MyDrive/Colab Notebooks/Untitled90.ipynb,Untitled90.ipynb,4,POSSIBLE_ORIGINAL_GENERATION,118,0,0,14,0,0,4,4,2,6,2,29859, # ================================================================ # HONEYBEE MODEL v7 # STATISTICALLY VALIDATED PEAK-SHIFT TEST # # Based on Peng & Chittka (2017) # # IMPORTANT: # CS+ = pattern 51 # CS- = pattern 65 # # Improvements over v6: # 1. 100 unique continuum patterns # 2. No saturation / duplicated tails # 3. Same continuum used for training and testing # 4. 100 networks # 5. 10 groups x 10 networks # 6. Paired t-test for peak-shift success # 7. Absolute-training control # # ================================================================ import numpy as np import
/content/drive/MyDrive/Colab Notebooks/Untitled98.ipynb,Untitled98.ipynb,48,POSSIBLE_ORIGINAL_GENERATION,117,8,0,13,1,5,3,3,3,5,2,31829," # ============================================================================= # HONEYBEE MODEL — v13.2D # BALANCED RANDOM-RULE CONTROL # # CORE QUESTION: # Does the specific Drosophila valence mapping matter, beyond merely having # the same amount of output plasticity? # # DROSOPHILA: # Reward -> EMINUS depression # Punishment -> EPLUS depression # # BALANCED RANDOM: # Same KC eligibility # Same eta # Same number of output updates # Same PN-KC remodeling # BUT output target is randomized. # # IMPORTANT: # Randomization is balanced WITHIN EACH TRAINING RUN: # 10"
/content/drive/MyDrive/Colab Notebooks/Untitled92.ipynb,Untitled92.ipynb,14,POSSIBLE_ORIGINAL_GENERATION,116,0,0,14,0,0,3,4,1,6,2,38420, # ============================================================================= # HONEYBEE MODEL v11.4 # FOCUSED PARAMETER VALIDATION + MATCHED GRADED CAUSAL TEST # # Purpose: # Validate the strongest PN-KC parameter region identified in v11.3 # without repeating the full 144-point parameter sweep. # # Selected parameter pair from v11.3: # PN-KC negative = 0.001 # KC-EN negative = 0.003 # # Design: # 100 matched networks # 5 graded perturbation levels # 2 mechanisms # = 1000 observations # # IMPORTANT: # Same base architecture + same initial weights are reused across # per
/content/drive/MyDrive/Colab Notebooks/Untitled92.ipynb,Untitled92.ipynb,3,POSSIBLE_ORIGINAL_GENERATION,115,8,0,15,1,1,3,4,1,6,2,43530," # ============================================================================ # HONEYBEE MODEL v10.6 # DIRECTIONAL PEAK-SHIFT + ROBUSTNESS VALIDATION # ============================================================================ # # v10.6 objectives: # 1. Load the validated v10.3 continuum # 2. Re-run the complete 12 x 12 learning-rate space # 3. Use a STRICT DIRECTIONAL peak-shift criterion # 4. Distinguish: # - leftward / away from CS- # - no meaningful shift # - rightward / toward CS- # 5. Calculate effect size, 95% CI and directional success probability # "
/content/drive/MyDrive/Colab Notebooks/Untitled93.ipynb,Untitled93.ipynb,16,POSSIBLE_ORIGINAL_GENERATION,114,8,0,15,1,2,3,3,2,4,2,40877, # ============================================================================= # HONEYBEE MODEL v12.2.8 # ============================================================================= # 100-NETWORK MECHANISM ABLATION # # Purpose: # Test whether PN -> KC plasticity produces peak shift specifically # when KC -> EN plasticity is also present. # # Conditions: # 1. FULL : PN-KC plastic + KC-EN plastic # 2. PN_KC_FIXED : PN-KC fixed + KC-EN plastic # 3. KC_EN_FIXED : PN-KC plastic + KC-EN fixed # 4. NONE : both fixed # # Architecture: # PN = 100 # KC = 4000 # PN
/content/drive/MyDrive/Colab Notebooks/Untitled92.ipynb,Untitled92.ipynb,12,POSSIBLE_ORIGINAL_GENERATION,114,0,0,14,0,0,3,3,1,6,2,30534," # ============================================================================= # HONEYBEE MODEL v11.2 FAST # PARAMETER-SPACE × GRADED CAUSAL VALIDATION # # SAME SCIENTIFIC DESIGN # FAST SPARSE IMPLEMENTATION # ============================================================================= from google.colab import drive drive.mount(""/content/drive"") import os import numpy as np import pandas as pd import matplotlib.pyplot as plt from scipy import stats from scipy.sparse import csr_matrix # ============================================================================= # 1. OUTPUT # ========="
/content/drive/MyDrive/Colab Notebooks/Untitled98.ipynb,Untitled98.ipynb,23,POSSIBLE_ORIGINAL_GENERATION,114,0,0,12,0,2,3,3,1,6,2,17038," # ================================================================ # HONEYBEE MODEL v12.3N # DROSOPHILA vs BEE — PN-KC DOSE RESPONSE # ================================================================ import os import numpy as np import pandas as pd from scipy.stats import spearmanr, pearsonr # ------------------------------------------------ # 1. DRIVE # ------------------------------------------------ from google.colab import drive drive.mount('/content/drive') OUT = ""/content/drive/MyDrive/Honey"" os.makedirs(OUT, exist_ok=True) # ------------------------------------------------ # 2. SET"
/content/drive/MyDrive/Colab Notebooks/Untitled98.ipynb,Untitled98.ipynb,24,POSSIBLE_ORIGINAL_GENERATION,114,0,0,12,0,2,3,3,1,6,2,17038," # ================================================================ # HONEYBEE MODEL v12.3N # DROSOPHILA vs BEE — PN-KC DOSE RESPONSE # ================================================================ import os import numpy as np import pandas as pd from scipy.stats import spearmanr, pearsonr # ------------------------------------------------ # 1. DRIVE # ------------------------------------------------ from google.colab import drive drive.mount('/content/drive') OUT = ""/content/drive/MyDrive/Honey"" os.makedirs(OUT, exist_ok=True) # ------------------------------------------------ # 2. SET"
/content/drive/MyDrive/Colab Notebooks/Untitled98.ipynb,Untitled98.ipynb,25,POSSIBLE_ORIGINAL_GENERATION,114,0,0,12,0,2,3,3,1,6,2,16925," # ================================================================ # HONEYBEE MODEL v12.3O # TRAINING-TIME LEARNING TRAJECTORY # # BEE vs DROSOPHILA KC-OUTPUT RULE # ================================================================ import os import numpy as np import pandas as pd from scipy.stats import spearmanr # ------------------------------------------------ # 1. GOOGLE DRIVE # ------------------------------------------------ from google.colab import drive drive.mount('/content/drive') OUT = ""/content/drive/MyDrive/Honey"" os.makedirs(OUT, exist_ok=True) # ----------------------------"
/content/drive/MyDrive/Colab Notebooks/Untitled98.ipynb,Untitled98.ipynb,44,POSSIBLE_ORIGINAL_GENERATION,114,8,0,12,1,4,3,3,3,5,2,16712, # ================================================================ # HONEYBEE × DROSOPHILA TRANSFER STUDY # v13.2A — STIMULUS + RANDOM-CONTROL AUDIT # # NO SIMULATION # # Goals: # 1. Verify exact 100 PN stimulus columns # 2. Verify CS+ / CS− active PN counts # 3. Verify stimulus geometry # 4. Verify duplicate stimuli # 5. Verify Hamming similarity # 6. Audit v13.2 random-rule outputs # 7. Check whether random-rule plasticity burden is # actually comparable to Drosophila-rule burden # # ================================================================ from google.colab impor
/content/drive/MyDrive/Colab Notebooks/Untitled90.ipynb,Untitled90.ipynb,2,POSSIBLE_ORIGINAL_GENERATION,113,0,0,14,0,0,4,4,1,4,2,22810, # ================================================================ # HONEYBEE MODEL v5 # FAITHFUL PEAK-SHIFT RECONSTRUCTION # # Based on Peng & Chittka (2017) # # Main corrections from v4: # 1. Published KC-EN depression rule # 2. Published preference index # 3. Published 100-pattern continuum # 4. CS+ = pattern 51 # 5. CS- = pattern 65 # 6. 10 CS+ + 10 CS- differential training # 7. 5 CS+ absolute-training control # # ================================================================ import numpy as np import pandas as pd import matplotlib.pyplot as plt from pathlib import Path # ===========
/content/drive/MyDrive/Colab Notebooks/Untitled92.ipynb,Untitled92.ipynb,7,POSSIBLE_ORIGINAL_GENERATION,113,0,0,13,0,0,3,4,1,6,2,45009," # ============================================================================ # HONEYBEE MODEL v10.8 # MATCHED-NETWORK CAUSAL INTERVENTION # + DIRECTIONAL PEAK-SHIFT VALIDATION # # Purpose: # Determine whether PN-KC negative plasticity and KC-EN negative plasticity # causally alter the direction/magnitude of peak displacement. # # Critical design: # For each seed + parameter combination, ONE base network is generated. # The SAME initial network is cloned into all four conditions: # # 1. FULL # 2. ABLATE_PN_KC_NEGATIVE # 3. ABLATE_KC_EN_NEGATIVE # 4. ABLATE_BOT"
/content/drive/MyDrive/Colab Notebooks/Untitled90.ipynb,Untitled90.ipynb,6,POSSIBLE_ORIGINAL_GENERATION,112,8,0,14,1,0,4,4,2,6,2,28136, # ================================================================ # HONEYBEE MODEL v9 # CORRECTED CONTINUUM + FULL 12x12 LEARNING-RATE SPACE # # Peng & Chittka (2017) # # IMPORTANT: # CS+ = pattern 51 # CS- = pattern 65 # # Corrections from v8: # # 1. Minimum pairwise PN similarity = 2% # 2. Every pattern has exactly 50 active PNs # 3. 100 UNIQUE patterns # 4. No zero-similarity pairs # 5. Full 12 x 12 learning-rate space # 6. No manual selection of 0.010 or 0.012 # 7. 10 groups x 10 networks per rate combination # 8. Proper novel-peak criterion # # ======================
/content/drive/MyDrive/Colab Notebooks/Untitled98.ipynb,Untitled98.ipynb,26,POSSIBLE_ORIGINAL_GENERATION,112,0,0,12,0,2,3,3,1,6,2,15873," # ============================================================ # HONEYBEE MODEL v12.3P # CRITICAL PN-KC THRESHOLD — DROSOPHILA RULE # ============================================================ from google.colab import drive drive.mount('/content/drive') import os import numpy as np import pandas as pd from scipy.stats import spearmanr, pearsonr, ttest_1samp # ============================================================ # PATHS # ============================================================ BASE = ""/content/drive/MyDrive/Honey"" os.makedirs(BASE, exist_ok=True) CONTINUUM_FILE = os.path.jo"
/content/drive/MyDrive/Colab Notebooks/Untitled98.ipynb,Untitled98.ipynb,43,POSSIBLE_ORIGINAL_GENERATION,112,0,0,12,0,2,3,3,1,5,2,29540, # ================================================================ # HONEYBEE × DROSOPHILA TRANSFER STUDY # v13.2 — STRENGTH-MATCHED RANDOM LEARNING-RULE CONTROL # # PURPOSE # ------- # Test whether the phenotype produced by the Drosophila-inspired # learning rule is distinguishable from genuinely random learning # rules of comparable strength. # # Conditions: # 1. BEE_RULE # 2. DROSOPHILA_RULE # 3. RANDOM_RULE × N_RANDOM_RULES # # Same: # - Honeybee architecture # - PN patterns # - KC connectivity # - training schedule # - KC activity # - learning magnitude # - weight bou
/content/drive/MyDrive/Colab Notebooks/Untitled90.ipynb,Untitled90.ipynb,5,POSSIBLE_ORIGINAL_GENERATION,111,8,0,14,1,1,4,4,1,6,2,33845, # ================================================================ # HONEYBEE MODEL v8 # PEAK-SHIFT MECHANISM + LEARNING-RATE AUDIT # # Peng & Chittka (2017) # # Core published parameters: # PN = 100 # KC = 4000 # PN->KC = 5-15 # KC sparsity = 5% # initial weight = 0.2 # bounds = 0 to 0.4 # # Default: # PN-KC alpha+ = 0.006 # PN-KC alpha- = 0.007 # KC-EN alpha+ = 0.006 # KC-EN alpha- = 0.008 # # v8 additions: # 1. Exact CS+ = pattern 51 # 2. Exact CS- = pattern 65 # 3. 100-pattern continuum # 4. KC representation tracking # 5. Trial-by-trial PN-KC change # 6. T
/content/drive/MyDrive/Colab Notebooks/Untitled93.ipynb,Untitled93.ipynb,26,POSSIBLE_ORIGINAL_GENERATION,111,8,0,14,1,3,3,4,2,2,2,24625, # ============================================================================= # HONEYBEE MODEL v12.2.16 # FULL RESPONSE-PROFILE MECHANISTIC DECOMPOSITION # ============================================================================= # # PURPOSE # ------- # Compare: # 1. NONE # 2. PN-KC ONLY # 3. KC-EN ONLY # 4. FULL # # using: # - exact validated 100-stimulus continuum # - published 100 PN / 4000 KC architecture # - 5–15 PN inputs per KC # - 5% KC activation # - published learning rates # # IMPORTANT # --------- # This version saves the COMPLETE PI profile for all 100 sti
/content/drive/MyDrive/Colab Notebooks/Untitled94.ipynb,Untitled94.ipynb,1,POSSIBLE_ORIGINAL_GENERATION,111,8,0,14,1,3,3,4,2,2,2,24625, # ============================================================================= # HONEYBEE MODEL v12.2.16 # FULL RESPONSE-PROFILE MECHANISTIC DECOMPOSITION # ============================================================================= # # PURPOSE # ------- # Compare: # 1. NONE # 2. PN-KC ONLY # 3. KC-EN ONLY # 4. FULL # # using: # - exact validated 100-stimulus continuum # - published 100 PN / 4000 KC architecture # - 5–15 PN inputs per KC # - 5% KC activation # - published learning rates # # IMPORTANT # --------- # This version saves the COMPLETE PI profile for all 100 sti
/content/drive/MyDrive/Colab Notebooks/Untitled94.ipynb,Untitled94.ipynb,2,POSSIBLE_ORIGINAL_GENERATION,111,8,0,14,1,3,3,4,2,2,2,24625, # ============================================================================= # HONEYBEE MODEL v12.2.16 # FULL RESPONSE-PROFILE MECHANISTIC DECOMPOSITION # ============================================================================= # # PURPOSE # ------- # Compare: # 1. NONE # 2. PN-KC ONLY # 3. KC-EN ONLY # 4. FULL # # using: # - exact validated 100-stimulus continuum # - published 100 PN / 4000 KC architecture # - 5–15 PN inputs per KC # - 5% KC activation # - published learning rates # # IMPORTANT # --------- # This version saves the COMPLETE PI profile for all 100 sti
/content/drive/MyDrive/Colab Notebooks/Untitled92.ipynb,Untitled92.ipynb,9,POSSIBLE_ORIGINAL_GENERATION,110,0,0,12,0,1,3,3,1,6,2,32026," # ============================================================================ # HONEYBEE MODEL v11.0 # GRADED CAUSAL PLASTICITY PERTURBATION # ============================================================================ # # Purpose: # Determine whether the PN->KC negative mechanism and KC->EN negative # mechanism have graded causal effects on the learned response landscape. # # Design: # - validated v10.3 continuum # - 100 patterns # - 500 expanded PNs # - 20,000 KCs # - 100 matched networks # - same initial network for all perturbation levels # - perturbation applied to ne"
/content/drive/MyDrive/Colab Notebooks/Untitled92.ipynb,Untitled92.ipynb,8,POSSIBLE_ORIGINAL_GENERATION,108,8,0,13,1,0,3,4,2,6,2,35477, # ============================================================================ # HONEYBEE MODEL v10.9 # MECHANISTIC SENSITIVITY + CAUSAL PERTURBATION TEST # # Purpose: # Diagnose why v10.8 produced an invariant CS+ peak. # # Design: # 1. Load and strictly validate v10.3 continuum. # 2. Build matched base networks. # 3. Train FULL model. # 4. Measure learned weights. # 5. Create post-training perturbations: # # FULL # PN-KC NEGATIVE REMOVED # KC-EN NEGATIVE REMOVED # BOTH REMOVED # # 6. Test all 100 patterns without further learning. # # Critical diffe
/content/drive/MyDrive/Colab Notebooks/Untitled92.ipynb,Untitled92.ipynb,10,POSSIBLE_ORIGINAL_GENERATION,108,0,0,12,0,0,3,3,1,6,2,29358, # ============================================================================ # HONEYBEE MODEL v11.1 # PATTERN-RESOLVED KC->EN CAUSAL PERTURBATION # ============================================================================ # # Purpose: # Resolve whether KC->EN negative plasticity can causally alter the # response landscape when its perturbation is applied at the KC level # rather than as a uniform scalar change. # # v11.0 finding: # PN->KC graded perturbation produced a clear dose-dependent peak shift. # KC->EN graded perturbation produced essentially no peak-position change. # 
/content/drive/MyDrive/Colab Notebooks/Untitled92.ipynb,Untitled92.ipynb,11,POSSIBLE_ORIGINAL_GENERATION,108,0,0,12,0,0,3,3,1,6,2,39310," # ============================================================================= # HONEYBEE MODEL v11.2 # PARAMETER-SPACE × GRADED CAUSAL VALIDATION # ============================================================================= # # Question: # # Does the graded causal effect identified in v11.0/v11.1 remain present # across the complete 12 x 12 learning-rate parameter space? # # Design: # 144 parameter combinations # 10 matched networks / parameter combination # 5 graded perturbation levels # 2 negative-plasticity mechanisms # # Total: # 144 × 10 × 5 × 2 = 14,400 network-condition o"
/content/drive/MyDrive/Colab Notebooks/Untitled98.ipynb,Untitled98.ipynb,18,POSSIBLE_ORIGINAL_GENERATION,108,8,0,12,1,3,3,1,3,6,2,21875, # ================================================================ # v12.3J # EXACT CONTINUUM + SIGN-CALIBRATED # HONEYBEE vs DROSOPHILA BEHAVIORAL COMPARISON # # IMPORTANT: # This version explicitly defines: # # APPROACH = positive # AVOIDANCE = negative # # and does NOT interpret the old PI sign blindly. # # Drive: # /content/drive/MyDrive/Honey # ================================================================ from google.colab import drive drive.mount('/content/drive') import os import numpy as np import pandas as pd from scipy.stats import ttest_rel # ============================
/content/drive/MyDrive/Colab Notebooks/Untitled98.ipynb,Untitled98.ipynb,61,POSSIBLE_ORIGINAL_GENERATION,107,8,0,11,1,3,3,2,3,5,2,22002," # ============================================================ # HONEYBEE MODEL — v13.3C # FULL 2×2 FACTORIAL + PAIRED 100-NETWORK EXPERIMENT # # Factors: # Architecture: # HONEYBEE # DROSOPHILA_TRANSFER # # Learning rule: # BEE # DROSOPHILA # # Primary question: # Is phenotype driven by: # architecture, # learning rule, # or architecture × rule interaction? # # IMPORTANT: # Same network seed is used for the two architectures. # Thus architecture contrasts are paired. # ============================================================ from googl"
/content/drive/MyDrive/Colab Notebooks/Untitled98.ipynb,Untitled98.ipynb,0,POSSIBLE_ORIGINAL_GENERATION,106,8,0,13,1,2,3,3,4,1,0,39903,"""""""================================================================================ HONEYBEE_FRUITFLY_COMPLETE.py ================================================================================ Master, single-file, reproducible pipeline comparing sparse neural coding (information persistence, distinguishability, robustness, capacity) between a Honeybee-like model and a Fruit-Fly-like model of insect olfactory coding (PN -> Kenyon Cell sparse expansion coding, as in the mushroom body). WHAT THIS SCRIPT DOES, END TO END ---------------------------------- parameters -> stimulus generation (PN"
/content/drive/MyDrive/Colab Notebooks/Untitled98.ipynb,Untitled98.ipynb,1,POSSIBLE_ORIGINAL_GENERATION,106,8,0,13,1,2,3,3,4,1,0,40126," """""" ================================================================================ HONEYBEE_FRUITFLY_COMPLETE.py ================================================================================ Master, single-file, reproducible pipeline comparing sparse neural coding (information persistence, distinguishability, robustness, capacity) between a Honeybee-like model and a Fruit-Fly-like model of insect olfactory coding (PN -> Kenyon Cell sparse expansion coding, as in the mushroom body). WHAT THIS SCRIPT DOES, END TO END ---------------------------------- parameters -> stimulus generation ("
/content/drive/MyDrive/Colab Notebooks/Untitled93.ipynb,Untitled93.ipynb,3,POSSIBLE_ORIGINAL_GENERATION,106,0,0,12,0,0,3,3,1,6,2,31140," # ============================================================================= # HONEYBEE MODEL v12.0 # CANONICAL IMPLEMENTATION RECONCILIATION # # PURPOSE: # Resolve the v11.2 vs v11.4 causal-sign discrepancy at implementation level. # # IMPORTANT: # NO 12x12 parameter sweep # NO 14,400 observations # NO new large parameter landscape # # We use the SAME: # continuum # network seed # base weights # active KC population # training schedule # parameter pair # # and compare: # A = v11.2-style implementation # B = v11.4-style implementa"
/content/drive/MyDrive/Colab Notebooks/Untitled92.ipynb,Untitled92.ipynb,6,POSSIBLE_ORIGINAL_GENERATION,105,0,0,11,0,1,3,1,1,6,2,51116, # ============================================================================ # HONEYBEE MODEL v10.7 # CAUSAL PLASTICITY ABLATION + DIRECTIONAL PEAK-SHIFT VALIDATION # ============================================================================ # # PURPOSE # ------- # v10.6.2 established that: # - the v10.3 continuum is structurally valid # - 100 unique patterns exist # - every pattern contains exactly 50 active continuum PNs # - CS+ / CS- similarity = 72% # - directional peak shifts occur only in a subset of parameter space # # v10.7 asks: # # Are directional peak shifts causall
/content/drive/MyDrive/Colab Notebooks/Untitled92.ipynb,Untitled92.ipynb,5,POSSIBLE_ORIGINAL_GENERATION,100,8,0,12,1,1,3,1,1,6,2,43071," # ============================================================================ # HONEYBEE MODEL v10.6.2 # CORRECT CONTINUUM READER # DIRECTIONAL PEAK-SHIFT VALIDATION # ============================================================================ # ============================================================================ # 0. GOOGLE DRIVE # ============================================================================ from google.colab import drive drive.mount(""/content/drive"") import os import numpy as np import pandas as pd import matplotlib.pyplot as plt from scipy import stats # =="
/content/drive/MyDrive/Colab Notebooks/Untitled91.ipynb,Untitled91.ipynb,4,POSSIBLE_ORIGINAL_GENERATION,96,0,0,9,0,1,2,3,1,4,2,12791, # ===================================================================== # HONEYBEE MODEL v10.2 # DETERMINISTIC UNIQUE CONTINUUM # ===================================================================== # # GUARANTEES: # # 100 patterns # 100 unique patterns # exactly 50 active PNs per pattern # CS+ = pattern 51 # CS- = pattern 65 # CS+ / CS- similarity = 72% # minimum pairwise similarity = 2% # # NO RANDOM PATTERN COLLISION # # ===================================================================== import numpy as np import pandas as pd import matplotlib.pyplot as plt # ========================
/content/drive/MyDrive/Colab Notebooks/Untitled93.ipynb,Untitled93.ipynb,5,POSSIBLE_ORIGINAL_GENERATION,93,8,0,13,1,0,3,3,1,1,2,24136," # ============================================================================= # PENG–CHITTKA HONEYBEE MODEL # v12.2 — CONTINUUM RECOVERY + VALIDATION + CAUSAL REPLICATION # ============================================================================= # ----------------------------------------------------------------------------- # 0. MOUNT GOOGLE DRIVE # ----------------------------------------------------------------------------- from google.colab import drive drive.mount(""/content/drive"") # ----------------------------------------------------------------------------- # 1. IMPORTS # ---"
/content/drive/MyDrive/Colab Notebooks/Untitled93.ipynb,Untitled93.ipynb,6,POSSIBLE_ORIGINAL_GENERATION,91,8,0,13,1,0,3,1,1,1,2,23200," # ============================================================================= # PENG–CHITTKA HONEYBEE MODEL # v12.2.1 — EXACT v10.3 CONTINUUM RECOVERY + CAUSAL REPLICATION # ============================================================================= # ----------------------------------------------------------------------------- # 0. GOOGLE DRIVE MOUNT # ----------------------------------------------------------------------------- from google.colab import drive drive.mount( ""/content/drive"" ) # ----------------------------------------------------------------------------- # 1. IMPOR"
/content/drive/MyDrive/Colab Notebooks/Untitled91.ipynb,Untitled91.ipynb,2,POSSIBLE_ORIGINAL_GENERATION,90,0,0,10,0,0,3,1,1,2,2,15227, # ===================================================================== # CORRECTED HONEYBEE MODEL v10.1 CONTINUUM # ===================================================================== # # This function replaces the previous create_continuum(). # # GUARANTEES: # # 100 patterns # 100 unique patterns # exactly 50 active PNs / pattern # minimum pairwise similarity >= 2% # CS+ = pattern 51 # CS- = pattern 65 # CS+ / CS- similarity = exactly 72% # # Similarity to CS+ follows: # # Pattern 1 = 2% # Pattern 2 = 4% # ... # Pattern 50 = 98% # Pattern 51 = 100% # Pattern 52 = 98% # ... # Patter
/content/drive/MyDrive/Colab Notebooks/Untitled91.ipynb,Untitled91.ipynb,3,POSSIBLE_ORIGINAL_GENERATION,90,0,0,10,0,0,3,1,1,2,2,12841, # ===================================================================== # HONEYBEE MODEL v10.1 # FINAL DETERMINISTIC CONTINUUM GENERATOR # ===================================================================== # # GUARANTEES: # # 100 patterns # 100 unique patterns # exactly 50 active PNs per pattern # minimum pairwise similarity = 2% # CS+ = pattern 51 # CS- = pattern 65 # CS+ / CS- similarity = 72% # # Similarity to CS+: # # Pattern 1 -> 2% # Pattern 2 -> 4% # ... # Pattern 50 -> 98% # Pattern 51 -> 100% # Pattern 52 -> 98% # ... # Pattern 65 -> 72% # ... # Pattern 100 -> 2% # # =====
/content/drive/MyDrive/Colab Notebooks/Untitled93.ipynb,Untitled93.ipynb,13,POSSIBLE_ORIGINAL_GENERATION,89,8,0,11,1,1,3,1,3,1,0,28244," # ============================================================================= # HONEYBEE MODEL v12.2.5B # FORENSIC RESPONSE / PEAK METRIC AUDIT # ============================================================================= import os import numpy as np import pandas as pd from scipy import stats from google.colab import drive drive.mount('/content/drive') # ============================================================================= # PATHS # ============================================================================= BASE = ""/content/drive/MyDrive/Honey"" OUT = os.path.join( BASE"
/content/drive/MyDrive/Colab Notebooks/Untitled93.ipynb,Untitled93.ipynb,14,POSSIBLE_ORIGINAL_GENERATION,89,8,0,11,1,1,3,1,3,1,0,27614,"import os import numpy as np import pandas as pd from scipy import stats from google.colab import drive drive.mount('/content/drive') # ============================================================================= # PATHS # ============================================================================= BASE = ""/content/drive/MyDrive/Honey"" OUT = os.path.join( BASE, ""v12_2_6_Exact_5Percent_KC_Audit"" ) os.makedirs(OUT, exist_ok=True) CONTINUUM_FILE = os.path.join( BASE, ""Honeybee_Model_v10_3_Validated_Continuum.csv"" ) # ======================================================="
/content/drive/MyDrive/Colab Notebooks/Untitled92.ipynb,Untitled92.ipynb,15,POSSIBLE_ORIGINAL_GENERATION,89,0,0,7,0,1,1,1,1,6,2,19995," # ============================================================================= # HONEYBEE MODEL v11.5 # LOCAL PARAMETER ROBUSTNESS + INDEPENDENT REPLICATION # ============================================================================= from google.colab import drive drive.mount('/content/drive') import os import numpy as np import pandas as pd from scipy import stats import matplotlib.pyplot as plt # ============================================================================= # CONFIGURATION # ============================================================================= OUT = ""/content"
/content/drive/MyDrive/Colab Notebooks/Untitled93.ipynb,Untitled93.ipynb,12,POSSIBLE_ORIGINAL_GENERATION,88,8,0,12,1,1,3,1,1,1,2,24986,"import os import numpy as np import pandas as pd from scipy import stats from google.colab import drive drive.mount('/content/drive') # ============================================================================= # PATHS # ============================================================================= BASE = ""/content/drive/MyDrive/Honey"" OUT = os.path.join(BASE, ""v12_2_5_Strict_Null_Mechanism_Control"") os.makedirs(OUT, exist_ok=True) CONTINUUM_FILE = os.path.join( BASE, ""Honeybee_Model_v10_3_Validated_Continuum.csv"" ) # ============================================================="
/content/drive/MyDrive/Colab Notebooks/Untitled93.ipynb,Untitled93.ipynb,10,POSSIBLE_ORIGINAL_GENERATION,86,8,0,12,1,0,3,1,1,1,2,21762," # ============================================================================= # PENG–CHITTKA HONEYBEE MODEL # v12.2.4 — FAST CAUSAL REPLICATION # EXACT v10.3 VALIDATED CONTINUUM # ============================================================================= # ----------------------------------------------------------------------------- # 0. GOOGLE DRIVE # ----------------------------------------------------------------------------- from google.colab import drive drive.mount(""/content/drive"") # ----------------------------------------------------------------------------- # 1. IMPORTS # -"
/content/drive/MyDrive/Colab Notebooks/Untitled93.ipynb,Untitled93.ipynb,11,POSSIBLE_ORIGINAL_GENERATION,86,8,0,12,1,0,3,1,1,1,2,21772," # ============================================================================= # PENG–CHITTKA HONEYBEE MODEL # v12.2.4 — FAST CAUSAL REPLICATION # EXACT v10.3 VALIDATED CONTINUUM # ============================================================================= # ----------------------------------------------------------------------------- # 0. GOOGLE DRIVE # ----------------------------------------------------------------------------- from google.colab import drive drive.mount(""/content/drive"") # ----------------------------------------------------------------------------- # 1. IMPORTS # -"
/content/drive/MyDrive/Colab Notebooks/Untitled93.ipynb,Untitled93.ipynb,19,POSSIBLE_ORIGINAL_GENERATION,86,8,0,10,1,2,3,1,1,2,0,9742,# ============================================================================= # HONEYBEE MODEL v12.2.9 # PUBLISHED LEARNING-RATE-SPACE / FIGURE-3 TYPE EXPERIMENT # ============================================================================= from google.colab import drive drive.mount('/content/drive') import os import numpy as np import pandas as pd from scipy.stats import ttest_rel from itertools import combinations # ============================================================================= # 0. PATHS # ============================================================================= BA
/content/drive/MyDrive/Colab Notebooks/Untitled93.ipynb,Untitled93.ipynb,25,POSSIBLE_ORIGINAL_GENERATION,74,8,0,5,1,2,1,1,2,4,0,22991," # ============================================================================= # HONEYBEE MODEL v12.2.14 # WITHIN-NETWORK GEOMETRY-CONTROLLED PERMUTATION NULL # # PURPOSE # ------- # Test whether the observed peak is unusually close to CS+ # compared with a random peak selected from the SAME geometric # candidate set. # # NO NEW SIMULATION # ============================================================================= from google.colab import drive drive.mount('/content/drive') import os import numpy as np import pandas as pd from scipy.stats import ( percentileofscore, binomtest,"
/content/drive/MyDrive/Colab Notebooks/Untitled98.ipynb,Untitled98.ipynb,8,POSSIBLE_ORIGINAL_GENERATION,63,0,0,10,0,3,4,0,3,4,2,24437," # ================================================================================ # HONEYBEE MODEL v12.2.40 # MULTI-SEED STRICT EXACT-RETENTION ALIGNMENT ROBUSTNESS TEST # # NO NEW NEURAL-NETWORK SIMULATION # # Purpose: # Repeat the strict exact-retention intervention over many independent # random assignments and determine whether the alignment -> peak-localization # relationship is robust to the particular random shuffle. # # Alignment: # 0, 10, 25, 50, 75, 90, 100 % # # At each level: # exactly k stimulus positions retain their original PN-KC value. # remaining positions recei"
/content/drive/MyDrive/Colab Notebooks/Untitled98.ipynb,Untitled98.ipynb,45,POSSIBLE_ORIGINAL_GENERATION,56,8,0,7,1,3,0,3,3,5,2,13044," # ================================================================ # HONEYBEE × DROSOPHILA TRANSFER STUDY # v13.2A-CORRECTED — EXACT PN STIMULUS AUDIT # # IMPORTANT: # Actual continuum columns are: # pattern # PN_1 ... PN_100 # active_PN_count # similarity_to_CSplus # # We explicitly use ONLY PN_1 ... PN_100. # # NO SIMULATION # ================================================================ from google.colab import drive drive.mount('/content/drive') import os import glob import numpy as np import pandas as pd from scipy.spatial.distance import pdist, squareform from scipy import stats #"
/content/drive/MyDrive/Colab Notebooks/Untitled94.ipynb,Untitled94.ipynb,12,POSSIBLE_ORIGINAL_GENERATION,55,8,0,7,1,2,0,3,4,6,2,29260," # ============================================================================= # HONEYBEE MODEL v12.2.30 # GEOMETRY DISCREPANCY FORENSIC AUDIT # + SIGNED COMPONENT INDEPENDENT VALIDATION # ============================================================================= import os import numpy as np import pandas as pd from google.colab import drive drive.mount('/content/drive') BASE_DIR = ""/content/drive/MyDrive/Honey"" print(""="" * 80) print(""HONEYBEE MODEL v12.2.30"") print(""GEOMETRY FORENSIC AUDIT + SIGNED COMPONENT VALIDATION"") print(""="" * 80) # ==========================================="
/content/drive/MyDrive/Colab Notebooks/Untitled94.ipynb,Untitled94.ipynb,8,POSSIBLE_ORIGINAL_GENERATION,54,0,0,6,0,3,1,0,3,6,2,21102," # ============================================================================= # HONEYBEE MODEL v12.2.26 # PEAK-LOCATION CAUSALITY + GEOMETRY-CONTROLLED ANALYSIS # ============================================================================= from google.colab import drive drive.mount(""/content/drive"") import os import numpy as np import pandas as pd from scipy import stats # ============================================================================= # PATHS # ============================================================================= BASE = ""/content/drive/MyDrive/Honey"" CONTINUUM_F"
/content/drive/MyDrive/Colab Notebooks/Untitled94.ipynb,Untitled94.ipynb,9,POSSIBLE_ORIGINAL_GENERATION,54,0,0,5,0,3,0,1,3,6,2,25478," # ============================================================================= # HONEYBEE MODEL v12.2.27 # TRUE PN-KC RESPONSE-PROFILE DECOMPOSITION # ============================================================================= # # QUESTION: # # Does PN-KC plasticity: # (1) create the response peak, # (2) relocate the response peak, # (3) amplify an existing KC-EN peak, # (4) or merely reshape response amplitude? # # DECOMPOSITION: # # FULL(s) = learned PN-KC + learned KC-EN # KC_EN_ONLY(s) = baseline PN-KC + learned KC-EN # # Therefore: # # PN-KC contribution(s) # = FUL"
/content/drive/MyDrive/Colab Notebooks/Untitled94.ipynb,Untitled94.ipynb,10,POSSIBLE_ORIGINAL_GENERATION,54,0,0,5,0,3,0,1,3,6,2,22459," # ============================================================================= # HONEYBEE MODEL v12.2.28 # PN-KC GAIN / SUPPRESSION / VALENCE / GEOMETRY DECOMPOSITION # ============================================================================= from google.colab import drive drive.mount(""/content/drive"") import os import numpy as np import pandas as pd from scipy import stats # ============================================================================= # PATHS # ============================================================================= BASE = ""/content/drive/MyDrive/Honey"" CONTIN"
/content/drive/MyDrive/Colab Notebooks/Untitled94.ipynb,Untitled94.ipynb,11,POSSIBLE_ORIGINAL_GENERATION,54,0,0,5,0,3,0,1,3,6,2,22704," # ============================================================================= # HONEYBEE MODEL v12.2.29 # SIGNED KC-EN + PN-KC COMPONENT DECOMPOSITION # ============================================================================= # # QUESTION: # # At the FULL learned peak, what actually creates the response? # # FULL(s) = KC_EN(s) + PN_KC(s) # # We decompose both components relative to CS+: # # ΔK(s) = KC_EN(s) - KC_EN(CS+) # ΔP(s) = PN_KC(s) - PN_KC(CS+) # # Therefore: # # FULL(s) - FULL(CS+) # = # ΔK(s) + ΔP(s) # # This directly identifies: # # 1. KC-EN amplification # "
/content/drive/MyDrive/Colab Notebooks/Untitled120.ipynb,Untitled120.ipynb,21,POSSIBLE_ORIGINAL_GENERATION,53,8,0,7,1,4,2,0,2,6,4,18662, # ============================================================================ # v13.3E — KCEN REPRESENTATION-PERMUTATION CAUSAL NULL # ============================================================================ # # Purpose: # Test whether stimulus-specific discrimination depends on the mapping # between KC identity/representation and the learned KCEN state. # # Null hypothesis: # The final KCEN states can be randomly reassigned among KCs without # substantially changing CS+/CS- discrimination. # # Causal intervention: # Keep: # - final PN->KC weights W_final # - CS+ / CS- stim
/content/drive/MyDrive/Colab Notebooks/Untitled98.ipynb,Untitled98.ipynb,4,POSSIBLE_ORIGINAL_GENERATION,52,0,0,5,0,2,0,1,3,6,2,32995,# ============================================================================= # HONEYBEE MODEL v12.2.33 # SIGNED COMPONENT INTERACTION / CANCELLATION ANALYSIS # ============================================================================= # # NO NEW SIMULATION # # Goal: # Determine whether the final FULL peak emerges from the interaction between: # # KC-EN component # PN-KC-dependent component # # Exact identity: # # FULL(s) = KC_EN(s) + PN_KC(s) # # We test: # 1. Individual component maxima # 2. FULL maximum # 3. Component cancellation at FULL peak # 4. Component opposition ac
/content/drive/MyDrive/Colab Notebooks/Untitled98.ipynb,Untitled98.ipynb,6,POSSIBLE_ORIGINAL_GENERATION,50,0,0,7,0,3,2,0,3,2,2,20840,"import os import numpy as np import pandas as pd from scipy import stats print(""=""*80) print(""HONEYBEE MODEL v12.2.34"") print(""COUNTERFACTUAL PN-KC ALIGNMENT TEST"") print(""NO NEW SIMULATION"") print(""=""*80) # ------------------------------------------------------------------------------ # PATHS # ------------------------------------------------------------------------------ BASE = ""/content/drive/MyDrive/Honey"" PROFILE_FILE = os.path.join( BASE, ""Honeybee_Model_v12_2_29_SignedComponent_ProfileAnalysis.csv"" ) NETWORK_FILE = os.path.join( BASE, ""Honeybee_Model_v12_2_29_Signed"
/content/drive/MyDrive/Colab Notebooks/Untitled98.ipynb,Untitled98.ipynb,79,POSSIBLE_ORIGINAL_GENERATION,50,8,0,7,1,3,0,3,1,5,4,25438, # ================================================================ # v13.3H — TRUE MATRIX-RECOMBINATION COUNTERFACTUAL # ================================================================ # # NO TRAINING # NO LEARNING # NO NEW RANDOM NETWORK # # Uses: # Saved W_final = PN -> KC representation # Saved KCEN_final = KC -> EN output/readout # # Four matrix combinations: # # OBSERVED_BEE # W_BEE + KCEN_BEE # # OUTPUT_SWAP # W_BEE + KCEN_DOPA # -> only KC->EN output rule/weights changed # # REPRESENTATION_SWAP # W_DOPA + KCEN_BEE # -> only PN->KC rep
/content/drive/MyDrive/Colab Notebooks/Untitled98.ipynb,Untitled98.ipynb,80,POSSIBLE_ORIGINAL_GENERATION,50,8,0,7,1,4,0,3,1,5,4,27094, # ================================================================ # v13.3I — KC-LEVEL SPATIAL ATTRIBUTION OF PN→KC REMODELING # ================================================================ # # NO TRAINING # NO SIMULATION # # Question: # # Which KC populations carry the PN→KC remodeling that # contributes to the behavioural transformation? # # Regions: # CS+ region # CS− region # Peak region # Outside these regions # # We use the SAVED final W matrices. # # For each architecture/network: # # W_BEE # W_DOPA # # ΔW = W_DOPA - W_BEE # # Then determine: # # 1. KC-level remod
/content/drive/MyDrive/Colab Notebooks/Untitled98.ipynb,Untitled98.ipynb,81,POSSIBLE_ORIGINAL_GENERATION,50,8,0,7,1,3,0,3,1,5,4,25512," # ================================================================ # v13.3J — KC-GROUP ATTRIBUTION / NECESSITY ANALYSIS # ================================================================ # # NO TRAINING # NO SIMULATION # # Question: # # Is the PN→KC representation contribution carried by a # small subset of strongly remodeled KCs, or distributed # broadly across the mushroom-body KC population? # # Strategy: # # W_BEE = baseline representation # W_DOPA = remodeled representation # # ΔW = W_DOPA - W_BEE # # For each network: # # Rank KCs by mean absolute PN→KC remodeling. # # "
/content/drive/MyDrive/Colab Notebooks/Untitled94.ipynb,Untitled94.ipynb,13,POSSIBLE_ORIGINAL_GENERATION,50,0,0,5,0,2,0,1,3,6,2,34904," # ============================================================================= # HONEYBEE MODEL v12.2.31 # SIGNED COMPONENT → PEAK LOCATION CAUSALITY TEST # ============================================================================= # # NO NEW SIMULATION # # Main question: # # Does the signed PN-KC-dependent component explain WHERE the FULL peak occurs? # # We compare: # # ΔPNKC(s) = PNKC(s) - PNKC(CS+) # # against: # # distance(s, CS+) # distance(s, CS-) # distance advantage # # and specifically test whether the PN-KC component is preferentially elevated # at the FULL peak compare"
/content/drive/MyDrive/Colab Notebooks/Untitled98.ipynb,Untitled98.ipynb,87,POSSIBLE_ORIGINAL_GENERATION,48,8,0,4,1,3,0,1,6,6,2,12513, # ============================================================ # FIGURE 2 # BASELINE HONEYBEE MODEL AND PEAK-SHIFT SETUP # # Output: # /content/Figure_2.png # /content/Figure_2.tiff # # 300 DPI # NO FIGURE TITLE # NOT SAVED TO GOOGLE DRIVE # ============================================================ # ------------------------------------------------------------ # 1. Mount Google Drive # ------------------------------------------------------------ from google.colab import drive drive.mount('/content/drive') # ------------------------------------------------------------ # 2. Imports # -
/content/drive/MyDrive/Colab Notebooks/Untitled93.ipynb,Untitled93.ipynb,23,POSSIBLE_ORIGINAL_GENERATION,47,8,0,7,1,3,0,4,2,4,2,26340, # ============================================================================= # HONEYBEE MODEL v12.2.11B # ROBUST GEOMETRIC PEAK-SHIFT VALIDATION # # FIX: # Automatically detects correct continuum orientation. # # NO NEW SIMULATION # Uses only: # 1. v12.2.9 checkpoint # 2. validated v10.3 continuum # ============================================================================= from google.colab import drive drive.mount('/content/drive') import os import numpy as np import pandas as pd import matplotlib.pyplot as plt # ================================================================
/content/drive/MyDrive/Colab Notebooks/Untitled97.ipynb,Untitled97.ipynb,10,POSSIBLE_ORIGINAL_GENERATION,41,0,0,9,0,0,4,0,2,0,0,23240," # ============================================================ # STEP55 — ONE-TO-ONE EXPRESSION/DETECTION MATCHED NULL # # FINAL STRICT TEST FOR POINT 3 # # MFOS (16 genes) vs 153 non-retained DEG-derived candidates # # Each MFOS gene is matched to a non-retained candidate using # expression + detection characteristics. # # Then random one-to-one matched panels are generated by # perturbing the matching assignments while preserving: # - panel size = 16 # - candidate universe = 153 non-retained genes # - approximately matched expression # - approximately matched detection # # No ""non-p"
/content/drive/MyDrive/Colab Notebooks/Untitled97.ipynb,Untitled97.ipynb,11,POSSIBLE_ORIGINAL_GENERATION,41,0,0,9,0,0,4,0,2,0,0,26785," # ============================================================ # STEP56 — STRICT CONSTRAINED MATCHED NULL # # Purpose: # Fix STEP55 null-generation weakness. # # STEP55: # actual one-to-one matching distance = 0.0879 # randomized null distance = 0.4256 # # STEP56: # Every MFOS gene gets a pre-specified maximum allowable # expression+detection distance derived from its actual # nearest non-retained match. # # No adaptive relaxation. # No ""best panels"" cherry-picking. # # If 5000 valid panels cannot be generated under the # pre-specified constraints, the analysis reports tha"
/content/drive/MyDrive/Colab Notebooks/Untitled98.ipynb,Untitled98.ipynb,47,POSSIBLE_ORIGINAL_GENERATION,36,8,0,6,1,2,3,0,1,5,2,21534, # ============================================================================= # HONEYBEE MODEL — v13.2C # NETWORK-CLUSTERED ROBUSTNESS AUDIT # # Purpose: # Re-analyse the completed v13.2B experiment while treating the 100 host # networks as the independent replicates. # # Conditions: # DROSOPHILA_RULE = 100 networks # RANDOM_RULE = 20 random rules × 100 networks # # Primary question: # Does the structured Drosophila-inspired rule produce a spatially organized # learned response that is robust across independent host networks? # # NO NEW SIMULATION. # Uses existing v13.2B C
/content/drive/MyDrive/Colab Notebooks/Untitled57.ipynb,Untitled57.ipynb,3,POSSIBLE_ORIGINAL_GENERATION,34,0,0,8,0,0,3,0,1,0,0,16604," # ================================================================================ # GSE164737 — ROBUST HES/HEY MODULE VALIDATION # Standardized trajectories + leave-one-anchor-out + permutation null # ================================================================================ import os import numpy as np import pandas as pd from scipy.stats import spearmanr BASE = ""/content/drive/MyDrive/thesis/DSD_Project/02_Limb_RNA_GSE164737"" TRAJ_FILE = os.path.join( BASE, ""GENOME_WIDE_TRAJECTORY_ANALYSIS"", ""CHICKEN"", ""HES_HEY_GENOME_WIDE_CONTEXT"", ""GSE164737_Chicken_HES_HEY_N"
/content/drive/MyDrive/Colab Notebooks/Untitled98.ipynb,Untitled98.ipynb,42,POSSIBLE_ORIGINAL_GENERATION,34,0,0,3,0,2,2,0,1,5,2,19265," # ================================================================ # HONEYBEE × DROSOPHILA TRANSFER STUDY # v13.1 — RANDOM-RULE CONTROL # # QUESTION: # Is the structured phenotype produced specifically by the # Drosophila-inspired learning rule, or can random rules of # comparable strength produce the same effect? # # Conditions: # 1. DROSOPHILA_RULE # 2. RANDOM_RULE_SHUFFLED_VALENCE # 3. RANDOM_RULE_SIGN # # Uses the SAME Bee architecture and SAME stimulus continuum. # ================================================================ from google.colab import drive drive.mount('/content"
/content/drive/MyDrive/Colab Notebooks/Untitled4.ipynb,Untitled4.ipynb,66,POSSIBLE_ORIGINAL_GENERATION,32,0,0,7,0,0,3,0,2,0,0,20620, # ============================================================================== # STEP 48 — DONOR-INDEPENDENT COMPOSITE CDR3β CONVERGENCE VALIDATION # ============================================================================== # # Purpose: # 1. Validate whether the QGYE-associated composite CDR3β architecture # recurs across independent donors. # 2. Separate exact CDR3 recurrence from motif-level recurrence. # 3. Quantify donor-level support for the dominant architecture. # 4. Test whether the observed cross-donor recurrence is greater than # expected under a donor-prese
/content/drive/MyDrive/Colab Notebooks/Untitled97.ipynb,Untitled97.ipynb,9,POSSIBLE_ORIGINAL_GENERATION,32,0,0,7,0,0,3,0,2,0,0,22859," # ============================================================ # STEP54 — STRICT EXPRESSION/DETECTION-MATCHED NULL # # Point 3: MFOS vs DEG-derived candidate universe # # Test: # Is MFOS organization stronger than 16-gene panels drawn # from the 153 non-retained DEG-derived candidates while # matching their expression and detection characteristics? # # IMPORTANT: # - No ""non-persistent"" labels # - No ""non-DE"" labels # - Same pancreas dataset # - Same 169-gene candidate universe # - 16-gene panel size preserved # ============================================================ from google.colab i"
/content/drive/MyDrive/Colab Notebooks/Untitled113.ipynb,Untitled113.ipynb,16,POSSIBLE_ORIGINAL_GENERATION,32,0,0,6,0,0,3,0,2,0,1,28168," # ================================================================ # PART 31.51B — FINAL STRICT LENGTH + GC MATCHED ACCESSIBILITY TEST # CLEAN CANONICAL VERSION # ================================================================ from google.colab import drive drive.mount('/content/drive') import os import json import numpy as np import pandas as pd from scipy.stats import ( ttest_rel, wilcoxon ) # ================================================================ # 0. PATHS # ================================================================ ROOT = ""/content/drive/MyDrive/GENE"" BASE "
/content/drive/MyDrive/Colab Notebooks/Untitled96.ipynb,Untitled96.ipynb,58,POSSIBLE_ORIGINAL_GENERATION,31,8,0,10,1,0,4,0,1,0,0,26368, # ============================================================ # STEP 43 — NORMALIZED CANONICAL MFOS vs MATCHED RANDOM PANELS # ============================================================ # # PURPOSE # ------- # Test whether the canonical MFOS calculated after the # historical normalize_total + log1p transformation shows # stronger cell-type organization than expression/detection- # matched random 16-gene panels. # # IMPORTANT # --------- # Historical cell labels from STEP38E are used unchanged. # # No: # - clustering # - DE # - feature selection # # The comparison is performed on the 
/content/drive/MyDrive/Colab Notebooks/Untitled7.ipynb,Untitled7.ipynb,77,POSSIBLE_ORIGINAL_GENERATION,31,0,0,7,0,0,3,0,1,0,0,25876, # ================================================================ # GC ENVIRONMENTAL MEMORY # MECHANISTIC EPIGENOMIC ENRICHMENT ANALYSIS # ================================================================ # # MAIN QUESTION: # # Are threshold-robust GC-specific persistent–recall genes # disproportionately associated with: # # 1. DNA modification # 2. Histone modification # 3. Epigenetic regulation # 4. RNA modification # # compared with the complete tested GC-specific transcriptomic # universe? # # ALSO: # - Fisher enrichment # - permutation enrichment # - odds ratios # - emp
/content/drive/MyDrive/Colab Notebooks/Untitled96.ipynb,Untitled96.ipynb,43,POSSIBLE_ORIGINAL_GENERATION,30,0,0,8,0,0,3,0,1,0,0,25066, # ============================================================================== # STEP 37B — COMPLETE REMAINING MFOS SENSITIVITY ANALYSIS # ============================================================================== # # Purpose: # 1. Continue STEP 37 after MFOS and individual-gene eta² calculation. # 2. Calculate candidate-derived non-MFOS aggregate. # 3. Calculate expression/detection-matched random-panel null distribution. # 4. Calculate empirical p-value. # 5. Calculate MFOS vs individual-gene Spearman correlations. # 6. Perform an additional leave-one-gene-out MFOS sensitivity analysi
/content/drive/MyDrive/Colab Notebooks/Untitled97.ipynb,Untitled97.ipynb,12,POSSIBLE_ORIGINAL_GENERATION,30,0,0,7,0,0,3,0,2,0,0,22531," # ============================================================ # STEP57 — UNIQUE HIGH-QUALITY PANEL-LEVEL MATCHED NULL # # Purpose: # Final diagnostic for Point 3. # # STEP56 showed that extremely strict gene-wise matching # produces only ONE possible panel. # # Therefore STEP57: # 1. Uses the full 153 non-retained candidate universe. # 2. Builds MANY UNIQUE 16-gene panels. # 3. Scores each panel by its panel-level expression + # detection distance from MFOS. # 4. Does NOT assign a p-value to an arbitrarily selected # ""best"" panel. # 5. Tests whether MFOS remains unusual"
/content/drive/MyDrive/Colab Notebooks/Untitled113.ipynb,Untitled113.ipynb,15,POSSIBLE_ORIGINAL_GENERATION,30,0,0,6,0,0,3,0,2,0,1,25025," # ================================================================ # PART 31.51B — FINAL STRICT LENGTH + GC MATCHED ACCESSIBILITY # CORRECTED CANONICAL LABEL PATH # ================================================================ from google.colab import drive drive.mount('/content/drive') import os import json import numpy as np import pandas as pd from scipy.stats import ( ttest_rel, wilcoxon ) # ================================================================ # PATHS # ================================================================ ROOT = ""/content/drive/MyDrive/GENE"" BASE ="
/content/drive/MyDrive/Colab Notebooks/Untitled97.ipynb,Untitled97.ipynb,8,POSSIBLE_ORIGINAL_GENERATION,28,8,0,9,1,0,4,0,1,0,0,18840,"from google.colab import drive drive.mount('/content/drive') import os import numpy as np import pandas as pd import scipy.sparse as sp from scipy.stats import kruskal from sklearn.preprocessing import minmax_scale # Install anndata if not already installed !pip install anndata # ------------------------------------------------------------ # PATHS # ------------------------------------------------------------ BASE = ""/content/drive/MyDrive/MFOS_REVISION"" H5AD = ""/content/drive/MyDrive/CELLDEC/pancreas.h5ad.h5"" CANDIDATE_FILE = ( BASE + ""/STEP34_DEG_Independence/"" ""STEP34A_Can"
/content/drive/MyDrive/Colab Notebooks/Untitled94.ipynb,Untitled94.ipynb,7,POSSIBLE_ORIGINAL_GENERATION,28,0,0,3,0,2,0,0,1,2,2,18958," # ============================================================================= # HONEYBEE MODEL v12.2.22 # LOCAL PEAK TOPOLOGY & RESPONSE-GEOMETRY ANALYSIS # ============================================================================= # # NO NEW SIMULATION # # Input: # Honeybee_Model_v12_2_16_ResponseProfiles.csv # # Main question: # # If global CS+ / CS- representation similarity does NOT explain # peak displacement, is the displacement instead associated with # local response geometry around the FULL-model peak? # # ================================================================="
/content/drive/MyDrive/Colab Notebooks/Untitled110.ipynb,Untitled110.ipynb,6,POSSIBLE_ORIGINAL_GENERATION,27,0,0,6,0,0,3,0,1,0,1,19676, # ================================================================ # PART 25C.52 — ALIGNMENT ROBUSTNESS + LENGTH-MATCHED NULL CONTROL # # Goal: # Test whether evolutionary sequence similarity is stronger than # similarity expected between unrelated Dmel ORFs of comparable # length. # # REAL: # Dmel ORF <-> corresponding non-Dmel ORF # # NULL: # Dmel ORF <-> unrelated Dmel ORF matched for length # # Same alignment algorithm for both. # ================================================================ from google.colab import drive drive.mount('/content/drive') import os import numpy as np
/content/drive/MyDrive/Colab Notebooks/Untitled112.ipynb,Untitled112.ipynb,79,POSSIBLE_ORIGINAL_GENERATION,27,0,0,6,0,0,3,0,1,0,1,23807, # ============================================================================= # PART 31.66 — LOCAL GC ROBUSTNESS + WINDOW-SCALE TEST # ============================================================================= # # QUESTION # ------- # Is the strong local-GC signal from Part 31.65: # # 1. specific to the 30-bp window? # 2. reproducible across other window sizes? # 3. still present after accounting for sequence length + global GC? # 4. preserved under pair-preserving permutation? # # PRIMARY DATA # ------------ # 185 tightly length+GC matched retained/rejected pairs # # IMPORTANT #
/content/drive/MyDrive/Colab Notebooks/Untitled7.ipynb,Untitled7.ipynb,85,POSSIBLE_ORIGINAL_GENERATION,27,0,0,6,0,0,3,0,1,0,1,23037, # ===================================================================== # GC ENVIRONMENTAL MEMORY # NEXT STEP — REGULATORY / GC ARCHITECTURE VALIDATION # ===================================================================== # # PURPOSE: # We have already established: # # GC-specific persistence genes = 261 # GC-specific recall genes = 225 # Persistence ∩ Recall = 17 # Robust core = 5 # # GO-based epigenetic annotation did NOT provide FDR-significant # evidence in the 17-gene or 5-gene core. # # Therefore we DO NOT claim an epigenetic mechanism. # # This an
/content/drive/MyDrive/Colab Notebooks/Untitled112.ipynb,Untitled112.ipynb,80,POSSIBLE_ORIGINAL_GENERATION,26,0,0,6,0,0,3,0,1,0,0,28954, # ============================================================================= # PART 31.67 — LOCAL-GC ARCHITECTURE ↔ ONE-NT PROTO-ORF ACCESSIBILITY # ============================================================================= # # SCIENTIFIC QUESTION # ------------------- # Is the strong local-GC architecture signal discovered in Parts 31.63–31.66 # related to the original one-nucleotide proto-ORF accessibility signal? # # Main analyses: # 1. Map local-GC features to the 809 accessibility genes # 2. Correlate local-GC features with normalized accessibility # 3. Partial/residual assoc
/content/drive/MyDrive/Colab Notebooks/Untitled4.ipynb,Untitled4.ipynb,20,POSSIBLE_ORIGINAL_GENERATION,25,0,0,4,0,0,2,0,3,0,0,27959, # ============================================================================= # STEP 17 — TCR SEQUENCE-LEVEL CONVERGENCE / MOTIF ARCHITECTURE # # Objective: # Move from exact clonotype sharing to sequence-level convergence. # # Questions: # 1. Do different clonotypes recognizing the same antigen have similar CDR3β? # 2. Are similar CDR3β sequences found across independent donors? # 3. Do convergent TCRs share V/J usage? # 4. Can related TCRs be grouped into sequence-similar families? # 5. Is the observed convergence greater than expected by chance? # # No machine-learning predic
/content/drive/MyDrive/Colab Notebooks/Untitled96.ipynb,Untitled96.ipynb,34,POSSIBLE_ORIGINAL_GENERATION,24,8,0,8,1,0,3,0,1,0,0,19126,"import os import random import warnings import numpy as np import pandas as pd import scanpy as sc import matplotlib.pyplot as plt from sklearn.preprocessing import MinMaxScaler warnings.filterwarnings(""ignore"") # ---------------------------------------------------------------------------- # 0. REPRODUCIBILITY # ---------------------------------------------------------------------------- SEEDS = [42, 123, 2026] # Number of null panels per seed N_NULL = 500 DATA_PATH = ""/content/drive/MyDrive/CELLDEC/pancreas.h5ad.h5"" OUTDIR = ""/content/drive/MyDrive/MFOS_REVISION/STEP33_Robustness"" os.m"
/content/drive/MyDrive/Colab Notebooks/Untitled93.ipynb,Untitled93.ipynb,22,POSSIBLE_ORIGINAL_GENERATION,24,8,0,4,1,2,0,1,2,2,2,20462, # ============================================================================= # HONEYBEE MODEL v12.2.11 # GEOMETRIC PEAK-SHIFT VALIDATION # EXISTING v12.2.9 CHECKPOINT ONLY # NO NEW SIMULATION # ============================================================================= from google.colab import drive drive.mount('/content/drive') import os import numpy as np import pandas as pd import matplotlib.pyplot as plt # ============================================================================= # 0. PATHS # ============================================================================= BASE = 
/content/drive/MyDrive/Colab Notebooks/Untitled98.ipynb,Untitled98.ipynb,73,POSSIBLE_ORIGINAL_GENERATION,24,8,0,3,1,1,1,0,2,4,0,15485," # ============================================================ # v13.3E — NETWORK-LEVEL MECHANISTIC AUDIT # PSEUDOREPLICATION FIX # NO SIMULATION # ============================================================ from google.colab import drive drive.mount(""/content/drive"") import os import numpy as np import pandas as pd from scipy.stats import ( pearsonr, spearmanr, ttest_rel, wilcoxon ) DRIVE = ""/content/drive/MyDrive/Honey"" OUT = os.path.join(DRIVE, ""v13_3_Bee_Rule_Audit"") os.makedirs(OUT, exist_ok=True) METRICS = os.path.join( DRIVE, ""Honeybee_Model_v13_3E_Mechanis"
/content/drive/MyDrive/Colab Notebooks/Untitled98.ipynb,Untitled98.ipynb,74,POSSIBLE_ORIGINAL_GENERATION,24,8,0,3,1,1,1,0,2,4,0,15485," # ============================================================ # v13.3E — NETWORK-LEVEL MECHANISTIC AUDIT # PSEUDOREPLICATION FIX # NO SIMULATION # ============================================================ from google.colab import drive drive.mount(""/content/drive"") import os import numpy as np import pandas as pd from scipy.stats import ( pearsonr, spearmanr, ttest_rel, wilcoxon ) DRIVE = ""/content/drive/MyDrive/Honey"" OUT = os.path.join(DRIVE, ""v13_3_Bee_Rule_Audit"") os.makedirs(OUT, exist_ok=True) METRICS = os.path.join( DRIVE, ""Honeybee_Model_v13_3E_Mechanis"
/content/drive/MyDrive/Colab Notebooks/Untitled115.ipynb,Untitled115.ipynb,70,POSSIBLE_ORIGINAL_GENERATION,22,8,0,7,1,0,4,0,1,0,0,11077," # ============================================================ # PART 31.94I — MATCHING ROBUSTNESS # 100 RANDOMIZED LENGTH + GC MATCHING RUNS # ============================================================ from google.colab import drive drive.mount('/content/drive') import os import json import numpy as np import pandas as pd print(""=""*100) print(""PART 31.94I — MATCHING ROBUSTNESS"") print(""=""*100) # ------------------------------------------------------------ # 1. PATHS # ------------------------------------------------------------ BASE = ""/content/drive/MyDrive/GENE"" INPUT_FILE = ( "
/content/drive/MyDrive/Colab Notebooks/Untitled115.ipynb,Untitled115.ipynb,71,POSSIBLE_ORIGINAL_GENERATION,22,8,0,7,1,0,4,0,1,0,0,11409," # ============================================================ # PART 31.94J — LABEL-PERMUTATION NULL # MUTATION-SPECTRUM-WEIGHTED ACCESSIBILITY # ============================================================ from google.colab import drive drive.mount('/content/drive') import os import json import numpy as np import pandas as pd print(""=""*100) print(""PART 31.94J — LABEL-PERMUTATION NULL"") print(""=""*100) # ------------------------------------------------------------ # 1. PATHS # ------------------------------------------------------------ BASE = ""/content/drive/MyDrive/GENE"" INPUT_FILE = "
/content/drive/MyDrive/Colab Notebooks/Untitled49.ipynb,Untitled49.ipynb,2,POSSIBLE_ORIGINAL_GENERATION,22,8,0,7,1,0,3,0,1,0,1,22124, # ====================================================================== # GSE161905 — DLL1–NOTCH1 CELL-COMPOSITION / HETEROGENEITY SENSITIVITY # ====================================================================== # # QUESTION: # Is the developmental strengthening of the DLL1–NOTCH1 relationship # robust to differences in cell-level expression distributions? # # This analysis: # 1. Loads the six original count matrices # 2. Extracts DLL1 and NOTCH1 # 3. Normalizes each cell using library size # 4. Calculates cell-level DLL1–NOTCH1 association # 5. Calculates detection / zero-infl
/content/drive/MyDrive/Colab Notebooks/Untitled96.ipynb,Untitled96.ipynb,36,POSSIBLE_ORIGINAL_GENERATION,21,8,0,7,1,0,3,0,1,0,0,16155," # ============================================================================ # STEP 33B — CORRECTED MFOS ROBUSTNESS + MATCHED NULL STRESS TEST # ============================================================================ import os import numpy as np import pandas as pd import scanpy as sc import matplotlib.pyplot as plt # ---------------------------------------------------------------------------- # 1. PATHS # ---------------------------------------------------------------------------- DATA_PATH = ""/content/drive/MyDrive/CELLDEC/pancreas.h5ad.h5"" OUTDIR = ""/content/drive/MyDrive/MFOS_R"
/content/drive/MyDrive/Colab Notebooks/Untitled4.ipynb,Untitled4.ipynb,58,POSSIBLE_ORIGINAL_GENERATION,20,8,0,6,1,0,3,0,1,0,0,25261," # ================================================================================ # STEP 42 — STATISTICAL CDR3β CONVERGENCE VALIDATION # ================================================================================ # # GOAL: # Test whether QGYE-associated CDR3β sequences show unusually strong # cross-donor sequence convergence compared with donor-preserving null models. # # Statistical unit: # donor × CDR3β # # Null model: # Preserve donor identity and the number of QGYE-positive units contributed # by each donor, but randomly redistribute QGYE labels within donors. # # Metric"
/content/drive/MyDrive/Colab Notebooks/Untitled50.ipynb,Untitled50.ipynb,5,POSSIBLE_ORIGINAL_GENERATION,19,8,0,6,1,0,3,0,1,0,1,33590," # ====================================================================== # GSE161905 # ADAM17–MSGN1 FULL MECHANISTIC VALIDATION # ROBUST START-TO-FINISH VERSION # ====================================================================== import os import glob import re import numpy as np import pandas as pd from scipy.stats import spearmanr from sklearn.utils import resample # ---------------------------------------------------------------------- # PATHS # ---------------------------------------------------------------------- BASE = ( ""/content/drive/MyDrive/thesis/"" ""DSD_Project/02_D"
/content/drive/MyDrive/Colab Notebooks/Untitled0.ipynb,Untitled0.ipynb,58,POSSIBLE_ORIGINAL_GENERATION,19,0,0,4,0,0,0,0,1,0,2,36898, # ============================================================================================================== # PHASE 46G — SEX-ADJUSTMENT MECHANISM RECONSTRUCTION # # OBJECTIVE # ---------- # Reconstruct the mathematical operation that transformed: # # Rat_Kidney_Day5_Limma_All_Probes.csv # ↓ # SEX-ADJUSTED MODEL # ↓ # Rat_Kidney_Day5_SexAdjusted_Limma_All.csv # # The exact reference vector is already known from Phase 46E/46F. # # IMPORTANT SAFETY RULES # ---------------------- # 1. NEVER overwrite Drive files. # 2. NEVER modify existing 
/content/drive/MyDrive/Colab Notebooks/Untitled98.ipynb,Untitled98.ipynb,72,POSSIBLE_ORIGINAL_GENERATION,19,8,0,3,1,0,1,0,1,5,0,13194," # ============================================================ # v13.3E — MECHANISTIC LINKAGE / EFFECT-STRENGTH AUDIT # NO SIMULATION # ============================================================ from google.colab import drive drive.mount(""/content/drive"") import os import numpy as np import pandas as pd from scipy.stats import pearsonr, spearmanr, ttest_rel, wilcoxon DRIVE = ""/content/drive/MyDrive/Honey"" OUT = os.path.join(DRIVE, ""v13_3_Bee_Rule_Audit"") os.makedirs(OUT, exist_ok=True) METRICS = os.path.join( DRIVE, ""Honeybee_Model_v13_3E_Mechanistic_Network_Metrics.csv"" ) REP "
/content/drive/MyDrive/Colab Notebooks/Untitled112.ipynb,Untitled112.ipynb,81,POSSIBLE_ORIGINAL_GENERATION,18,8,0,6,1,0,3,0,1,0,0,28964," # ============================================================================= # PART 31.67 — LOCAL-GC ↔ ONE-NT PROTO-ORF ACCESSIBILITY # CORRECTED COMPLETE VERSION # ============================================================================= import os import json import warnings import numpy as np import pandas as pd from scipy.stats import ( spearmanr, mannwhitneyu, wilcoxon ) from sklearn.linear_model import LinearRegression warnings.filterwarnings(""ignore"") print(""="" * 80) print(""PART 31.67 — LOCAL-GC ↔ ONE-NT PROTO-ORF ACCESSIBILITY"") print(""CORRECTED COMPLETE VERSION"
/content/drive/MyDrive/Colab Notebooks/Untitled113.ipynb,Untitled113.ipynb,4,POSSIBLE_ORIGINAL_GENERATION,18,8,0,6,1,0,3,0,1,0,0,20103," # ============================================================================ # PART 31.45J — MATCHED PROTO-ORF EXTENSION NULL # ============================================================================ # CORE QUESTION: # After tight length+GC matching, does computational proto-ORF accessibility # preferentially extend into longer ORF states in retained de novo candidates? # # IMPORTANT: # - Uses EXISTING D=0.20 matched pairs. # - Does NOT create a new matching scheme. # - Does NOT claim historical mutation. # - Uses within-pair permutation, analogous to PART 31.40. # ===================="
/content/drive/MyDrive/Colab Notebooks/Untitled115.ipynb,Untitled115.ipynb,69,POSSIBLE_ORIGINAL_GENERATION,18,8,0,6,1,0,3,0,1,0,0,13799," # ============================================================ # PART 31.94H — LENGTH + GC MATCHED # MUTATION-SPECTRUM-WEIGHTED ACCESSIBILITY # ============================================================ from google.colab import drive drive.mount('/content/drive') import os import json import numpy as np import pandas as pd print(""=""*100) print(""PART 31.94H — LENGTH + GC MATCHED WEIGHTED ACCESSIBILITY"") print(""=""*100) # ------------------------------------------------------------ # 1. PATHS # ------------------------------------------------------------ BASE = ""/content/drive/MyDrive/GEN"
/content/drive/MyDrive/Colab Notebooks/Untitled4.ipynb,Untitled4.ipynb,71,POSSIBLE_ORIGINAL_GENERATION,18,8,0,6,1,0,3,0,1,0,0,24476, # ============================================================================== # STEP 53 — DONOR-PRESERVING SEQUENCE-CONVERGENCE NULL VALIDATION # ============================================================================== # # Purpose: # # Validate whether the observed cross-donor sequence convergence of the # NYNYLYRLF-associated composite CDR3β architecture is stronger than expected # under donor-preserving null models. # # Focal architecture: # QGYE + GYEQY + YEQYF # # Observed: # - 7 target composite units # - 5 unique composite CDR3β # - 3 donors # - 2 exact cros
/content/drive/MyDrive/Colab Notebooks/Untitled4.ipynb,Untitled4.ipynb,72,POSSIBLE_ORIGINAL_GENERATION,18,8,0,6,1,0,3,0,1,0,0,30998," # ============================================================================== # STEP 54 — LENGTH- & AMINO-ACID-COMPOSITION-MATCHED NULL VALIDATION # ============================================================================== # # Purpose # ------- # Test whether the NYNYLYRLF-associated # # QGYE + GYEQY + YEQYF # # composite CDR3β architecture remains unusual after controlling for: # # 1. donor # 2. CDR3 length # 3. broad amino-acid composition # # Null model: # Within each donor × CDR3-length × composition stratum, # randomly redistribute the observed number of composite"
/content/drive/MyDrive/Colab Notebooks/Untitled7.ipynb,Untitled7.ipynb,88,POSSIBLE_ORIGINAL_GENERATION,18,8,0,6,1,0,3,0,1,0,0,37842, # ============================================================================= # GC ENVIRONMENTAL MEMORY — FUNCTIONAL / PATHWAY ARCHITECTURE VALIDATION # ============================================================================= # # PURPOSE # ------- # Test whether the GC-specific persistence/recall architecture is organized # into reproducible biological functional modules rather than being a random # collection of genes. # # TIERS # ----- # 1. GC Persistence = 261 genes # 2. GC Recall = 225 genes # 3. Original Core = 17 genes # 4. Robust Core = 5 genes # # STATISTICAL PRINCIPLE
/content/drive/MyDrive/Colab Notebooks/Untitled7.ipynb,Untitled7.ipynb,87,POSSIBLE_ORIGINAL_GENERATION,18,0,0,4,0,0,1,0,1,0,0,23165," # ============================================================================= # GC ENVIRONMENTAL MEMORY # STRICT BIN-MATCHED NULL MODEL FOR PERSISTENCE → RECALL REPROGRAMMING # ============================================================================= import os import numpy as np import pandas as pd from scipy.stats import mannwhitneyu # ============================================================================= # SETTINGS # ============================================================================= BASE = ""/content/drive/MyDrive/Dissertation"" UNIVERSE_FILE = os.path.join( BA"
/content/drive/MyDrive/Colab Notebooks/Untitled97.ipynb,Untitled97.ipynb,15,POSSIBLE_ORIGINAL_GENERATION,18,0,0,4,0,0,1,0,1,0,0,22815, # ============================================================ # POINT 3 — STEP59 # DISTANCE-ADJUSTED SPECIFICITY ANALYSIS # # Purpose: # Determine whether the high MFOS organization remains unusual # after accounting for the observed relationship between # expression/detection matching distance and eta². # # IMPORTANT: # This is a sensitivity analysis within the same # DEG-derived candidate universe. # It is NOT independent biological validation. # # NO PACKAGE INSTALLATION # ============================================================ from google.colab import drive drive.mount('/content/dr
/content/drive/MyDrive/Colab Notebooks/Untitled17.ipynb,Untitled17.ipynb,14,POSSIBLE_ORIGINAL_GENERATION,16,8,0,5,1,0,1,0,2,0,0,40834, # ====================================================================================================================== # STEP 32D-FIX31-FIX1-FIX5-FIX4-FIX3-FIX4-FIX5-FIX7-FIX4-FIX1 # ROBUST DANRER11 SEQUENCE RECOVERY + PROVENANCE/HASH VALIDATION # + TGIF2LY LOCAL GENOMIC-BACKGROUND MATCHED NULL # ====================================================================================================================== import os import re import json import gzip import shutil import urllib.request import hashlib import random from collections import Counter import numpy as np import pandas as p
/content/drive/MyDrive/Colab Notebooks/Untitled17.ipynb,Untitled17.ipynb,15,POSSIBLE_ORIGINAL_GENERATION,16,8,0,5,1,0,1,0,2,0,0,42772, # ====================================================================================================================== # STEP 32D-FIX31-FIX1-FIX5-FIX4-FIX3-FIX4-FIX5-FIX7-FIX4-FIX2 # CORRECT UCSC danRer11 WHOLE-ASSEMBLY RECOVERY # + SHA256 PROVENANCE VALIDATION # + TGIF2LY LOCAL GENOMIC-BACKGROUND MATCHED NULL # ====================================================================================================================== import os import re import json import gzip import shutil import urllib.request import hashlib import random from collections import Counter import numpy as np im
/content/drive/MyDrive/Colab Notebooks/Untitled112.ipynb,Untitled112.ipynb,78,POSSIBLE_ORIGINAL_GENERATION,16,0,0,3,0,0,1,0,1,0,1,22032, # ============================================================================= # PART 31.65 — FEATURE DRIVER + FAMILY ABLATION ANALYSIS # ============================================================================= # # PURPOSE # ------- # Determine what drives the strong Part 31.64 predictive signal. # # Tests: # 1. Feature selection frequency across 5 nested-CV folds # 2. Feature-family selection frequency # 3. Single-feature pair-aware AUC # 4. Feature-family-only pair-aware AUC # 5. Leave-one-family-out ablation # 6. Pair-preserving label-swap permutation control # # IMPORTAN
/content/drive/MyDrive/Colab Notebooks/Untitled96.ipynb,Untitled96.ipynb,53,POSSIBLE_ORIGINAL_GENERATION,15,8,0,5,1,0,1,0,1,0,0,21711, # ============================================================ # STEP 39 — MFOS COMPONENT ABLATION + MATCHED RANDOM PANEL # ============================================================ # # PURPOSE: # Determine whether the canonical MFOS signal is robust to # removal of individual genes and whether the 16-gene panel # performs beyond expression/detection-matched random panels. # # INPUT: # - Original kidney1 raw matrix # - STEP38E historically reproduced CellType labels # # OUTPUT: # - Leave-one-gene-out eta² # - TMSB4X/TMSB10 ablation # - Matched random 16-gene panel eta² dist
/content/drive/MyDrive/Colab Notebooks/Untitled98.ipynb,Untitled98.ipynb,92,POSSIBLE_ORIGINAL_GENERATION,15,8,0,3,1,1,1,0,1,1,2,15436," # ============================================================ # FIGURE 2 — BEHAVIOURAL TRANSFORMATION # CLEAN 2+1 LAYOUT # # A + B : top row # C : bottom row, centered # # PNG + TIFF # 300 DPI # NO OVERALL TITLE # NO DRIVE OUTPUT # NO SIMULATION # ============================================================ from google.colab import drive drive.mount('/content/drive') import os import numpy as np import pandas as pd import matplotlib.pyplot as plt # ============================================================ # 1. EXACT SAVED DATA FILE # ==============================================="
/content/drive/MyDrive/Colab Notebooks/Untitled4.ipynb,Untitled4.ipynb,47,POSSIBLE_ORIGINAL_GENERATION,14,8,0,5,1,0,2,0,1,0,0,25232, # ============================================================================= # STEP 36 # EXACT DONOR-STRATIFIED V/J VALIDATION # ============================================================================= # # Purpose: # Resolve whether the Step-35 V/J signals are genuinely supported across # donors or are driven by donor composition. # # Key correction: # Step-35 permutation used +/-20 clipping for infinite ORs. # That is NOT statistically valid because observed -inf/+inf becomes # artificially more extreme than the null. # # Here we use Haldane-Anscombe corrected log2(OR): # #
/content/drive/MyDrive/Colab Notebooks/Untitled7.ipynb,Untitled7.ipynb,89,POSSIBLE_ORIGINAL_GENERATION,14,0,0,3,0,0,1,0,1,0,1,17068," # ============================================================================== # STEP 27 — GC ENVIRONMENTAL MEMORY # PPI / NETWORK ARCHITECTURE VALIDATION # ============================================================================== import os import io import time import random import requests import numpy as np import pandas as pd import networkx as nx from scipy.stats import percentileofscore # ------------------------------------------------------------------------------ # CONFIGURATION # ------------------------------------------------------------------------------ BASE = ""/conte"
/content/drive/MyDrive/Colab Notebooks/Untitled84.ipynb,Untitled84.ipynb,10,POSSIBLE_ORIGINAL_GENERATION,14,0,0,3,0,0,0,0,1,0,0,20623, # ============================================================================================================== # STAGE 4C-3R-S4.4 — PAX3 MULTI-SPECIES CONSERVATION + COMPACT COMPARATIVE BASELINE # Dissertation-focused evolutionary conservation analysis # # INPUT: # STAGE4C3R_S4_3_2_PAX3_Regulatory_Sequences.csv # STAGE4C3R_S4_3_2_PAX3_Regulatory_Sequences.fasta # # PURPOSE: # 1. Verify the QC-locked PAX3 sequence dataset # 2. Perform compact multi-species conservation screening # 3. Detect local conserved blocks # 4. Generate standardized PAX3 conservation metrics # 5. Preserv
/content/drive/MyDrive/Colab Notebooks/Untitled12.ipynb,Untitled12.ipynb,41,POSSIBLE_ORIGINAL_GENERATION,12,8,0,4,1,0,1,0,1,0,0,39494, # ============================================================================================================== # STEP 32D-FIX27 — TF MOTIF ENRICHMENT AGAINST GC/LENGTH/CHROMOSOME-MATCHED GENOMIC BACKGROUND # ============================================================================================================== # # PURPOSE # ------- # Test whether TF motifs observed in the 8 Top-5 candidate DMRs are enriched relative to # matched genomic background regions. # # IMPORTANT SCIENTIFIC SAFEGUARDS # -------------------------------- # 1. JASPAR motif presence = sequence-based motif evidence
/content/drive/MyDrive/Colab Notebooks/Untitled13.ipynb,Untitled13.ipynb,1,POSSIBLE_ORIGINAL_GENERATION,12,8,0,4,1,0,1,0,1,0,0,39714, # ============================================================================================================== # STEP 32D-FIX27 — TF MOTIF ENRICHMENT AGAINST GC/LENGTH/CHROMOSOME-MATCHED GENOMIC BACKGROUND # ============================================================================================================== # # PURPOSE # ------- # Test whether TF motifs observed in the 8 Top-5 candidate DMRs are enriched relative to # matched genomic background regions. # # IMPORTANT SCIENTIFIC SAFEGUARDS # -------------------------------- # 1. JASPAR motif presence = sequence-based motif evidence
/content/drive/MyDrive/Colab Notebooks/Untitled13.ipynb,Untitled13.ipynb,2,POSSIBLE_ORIGINAL_GENERATION,12,8,0,4,1,0,1,0,1,0,0,38827," # ============================================================================================================== # STEP 32D-FIX27-FIX1 — UCSC CHROMOSOME-SIZE RESPONSE FORENSIC REPAIR # ============================================================================================================== # # PURPOSE # ------- # Repair ONLY the failed chromosome-size retrieval in FIX27. # # No scientific result is recalculated or changed before chromosome-size # coverage is independently verified. # # After successful recovery, the script continues directly into the # FIX27 matched-background TF motif e"
/content/drive/MyDrive/Colab Notebooks/Untitled97.ipynb,Untitled97.ipynb,14,POSSIBLE_ORIGINAL_GENERATION,12,0,0,3,0,0,0,0,1,0,0,29782,"!pip install -q anndata import os import numpy as np import pandas as pd import scipy.sparse as sp from scipy.stats import pearsonr, spearmanr from scipy import stats import anndata as ad # ============================================================ # STEP58-FAST — ACCELERATED DISTANCE-ADJUSTED ANALYSIS # # Same scientific analysis as STEP58 # but optimized using matrix operations. # # IMPORTANT: # This does NOT change the statistical definition. # It only removes the slow Python loop over 20,000 panels. # ============================================================ from google.colab import"
/content/drive/MyDrive/Colab Notebooks/Untitled35.ipynb,Untitled35.ipynb,11,POSSIBLE_ORIGINAL_GENERATION,11,8,0,4,1,0,1,0,1,0,1,30057, # ====================================================================================================================== # FIX22T-R11-R70 # TGIF2LY MOTIF-FAMILY → D. RERIO CANDIDATE REGULATORY COMPATIBILITY # ====================================================================================================================== # # Scientific purpose: # R66 = TGIF2LY ChEC-seq-derived motif-family architecture in S. cerevisiae # R69 = species-matched D. rerio candidate regulatory sequences # # R70 DOES NOT transfer yeast coordinates. # R70 tests only whether the same AUTHORITATIVE R66 motif-
/content/drive/MyDrive/Colab Notebooks/Untitled4.ipynb,Untitled4.ipynb,45,POSSIBLE_ORIGINAL_GENERATION,11,8,0,4,1,0,2,0,1,0,0,38808, # ============================================================================= # STEP 35 — V/J SPECIFICITY + DONOR-PRESERVING V/J VALIDATION # ============================================================================= # # Purpose: # 1. Validate whether priority CDR3 motifs are associated with particular # TCR beta V genes or J genes. # 2. Avoid the positional/motif collinearity problem from Step 34. # 3. Use CDR3-level statistical units for V/J analyses so that the same # CDR3 appearing with multiple antigens is not artificially replicated. # 4. Perform donor-preserving 
/content/drive/MyDrive/Colab Notebooks/Untitled4.ipynb,Untitled4.ipynb,46,POSSIBLE_ORIGINAL_GENERATION,11,8,0,4,1,0,2,0,1,0,0,29028, # ============================================================================= # STEP 35 FIXED — V/J SPECIFICITY USING VERIFIED STEP-30 MOTIF MEMBERSHIP # ============================================================================= # # IMPORTANT: # Step 34 established that Step-30 motif membership is exactly identical # to Step-21 motif membership: # # Step 21 CDR3 × motif pairs = 480 # Step 30 CDR3 × motif pairs = 480 # Exact overlap = 480 # Pair agreement = 100% # # Therefore NO motif merge is performed here. # # Statistical unit: # donor × CDR3β # # V/J specificity: # motif-p
/content/drive/MyDrive/Colab Notebooks/Untitled5.ipynb,Untitled5.ipynb,7,POSSIBLE_ORIGINAL_GENERATION,10,8,0,4,1,0,1,0,1,0,0,29398, # ================================================================================ # STEP 63 — ONE-TO-ONE DONOR-MATCHED QGYE CONDITIONAL VALIDATION # # PURPOSE # ------- # Determine whether QGYE itself carries additional antigen specificity after # strict one-to-one matching against non-QGYE CDR3β sequences. # # Matching hierarchy: # 1. same donor # 2. same CDR3 length # 3. similar amino-acid composition # 4. sequence similarity used for ranking # 5. each control CDR3 can be used only ONCE within a matching solution # # IMPORTANT: # - QGYE remains the primary feature. # - Compos
/content/drive/MyDrive/Colab Notebooks/Untitled103.ipynb,Untitled103.ipynb,28,POSSIBLE_ORIGINAL_GENERATION,10,8,0,3,1,0,0,0,1,0,0,25787," # ============================================================================= # STEP 30 — BRAIN CELL-TYPE CONVERGENCE # ============================================================================= from google.colab import drive drive.mount('/content/drive') import os import re import json import gzip import hashlib import itertools import urllib.request import pandas as pd import numpy as np print(""="" * 80) print(""STEP 30 — BRAIN CELL-TYPE CONVERGENCE"") print(""="" * 80) # ============================================================================= # PATHS # ============================"
/content/drive/MyDrive/Colab Notebooks/Untitled103.ipynb,Untitled103.ipynb,29,POSSIBLE_ORIGINAL_GENERATION,10,8,0,3,1,0,0,0,1,0,0,28066," # ============================================================================= # STEP 30 — BRAIN CELL-TYPE CONVERGENCE # CORRECTED DATA ACQUISITION VIA OFFICIAL BRAIN-SCOPE GERSTEIN HOST # ============================================================================= from google.colab import drive drive.mount('/content/drive') import os import re import json import hashlib import itertools import urllib.request import pandas as pd import numpy as np print(""="" * 80) print(""STEP 30 — BRAIN CELL-TYPE CONVERGENCE"") print(""="" * 80) # ============================================================"
/content/drive/MyDrive/Colab Notebooks/Untitled103.ipynb,Untitled103.ipynb,31,POSSIBLE_ORIGINAL_GENERATION,10,8,0,3,1,0,0,0,1,0,0,18757," # ============================================================================= # STEP 30C — BUILD CELL-TYPE MATRIX FROM EXISTING BRAIN-SCOPE FILES # + FINAL CONVERGENCE ANALYSIS # ============================================================================= from google.colab import drive drive.mount('/content/drive') import os import re import json import itertools import numpy as np import pandas as pd print(""="" * 80) print(""STEP 30C — BRAIN CELL-TYPE CONVERGENCE"") print(""="" * 80) # ============================================================================= # PATHS # ====="
/content/drive/MyDrive/Colab Notebooks/Untitled35.ipynb,Untitled35.ipynb,12,POSSIBLE_ORIGINAL_GENERATION,9,8,0,4,1,0,1,0,1,0,1,25205," # ====================================================================================================================== # FIX22T-R11-R70-FIX1 # SAFE RESUME — CANDIDATE-LEVEL AGGREGATION REPAIR # ====================================================================================================================== import os import json import hashlib import numpy as np import pandas as pd print(""="" * 120) print(""FIX22T-R11-R70-FIX1 SAFE RESUME"") print(""="" * 120) # ---------------------------------------------------------------------------------------------------------------------- # [1] PAT"
/content/drive/MyDrive/Colab Notebooks/Untitled112.ipynb,Untitled112.ipynb,43,POSSIBLE_ORIGINAL_GENERATION,8,8,0,3,1,0,0,0,1,0,0,10782,"# ================================================================ # PART 31.24 — COMPONENT-LEVEL TIGHT-MATCHED DNA ANALYSIS # ================================================================ from google.colab import drive drive.mount('/content/drive') import os import numpy as np import pandas as pd from scipy.stats import wilcoxon, mannwhitneyu from statsmodels.stats.multitest import multipletests print(""=""*75) print(""PART 31.24 — COMPONENT-LEVEL TIGHT-MATCHED DNA ANALYSIS"") print(""=""*75) # ================================================================ # 1. PATHS # ===================="
/content/drive/MyDrive/Colab Notebooks/Untitled35.ipynb,Untitled35.ipynb,7,POSSIBLE_ORIGINAL_GENERATION,8,8,0,3,1,0,1,0,1,0,1,29693,"import os import re import json import hashlib import subprocess import sys from pathlib import Path import pandas as pd import numpy as np try: from Bio import SeqIO from Bio.Seq import Seq except ImportError: print(""Installing Biopython..."") !pip install biopython from Bio import SeqIO from Bio.Seq import Seq # ====================================================================================================================== # FIX22T-R11-R67 # SPECIES-MATCHED ZEBRAFISH CANDIDATE REGULATORY BRIDGE # R66 MOTIF SIGNATURE → D. rerio CANDIDATE LOCI → REGULATORY COMPA"
/content/drive/MyDrive/Colab Notebooks/Untitled64.ipynb,Untitled64.ipynb,3,POSSIBLE_ORIGINAL_GENERATION,7,8,0,3,1,0,0,0,1,0,1,30452," # ================================================================================ # GSE164737 — H.10.1 CORRECTED CONTINUOUS DEVELOPMENTAL ALIGNMENT # ================================================================================ import os import json import warnings import numpy as np import pandas as pd import matplotlib.pyplot as plt warnings.filterwarnings(""ignore"") # ================================================================================ # 0. PATHS # ================================================================================ BASE = ""/content/drive/MyDrive/thesis/DSD_P"
/content/drive/MyDrive/Colab Notebooks/Untitled7.ipynb,Untitled7.ipynb,86,POSSIBLE_ORIGINAL_GENERATION,7,8,0,3,1,0,1,0,1,0,0,19625," # ====================================================================== # GC ENVIRONMENTAL MEMORY # MATCHED-NULL VALIDATION OF PERSISTENCE → RECALL REPROGRAMMING # ====================================================================== import os import numpy as np import pandas as pd from scipy.stats import ( pearsonr, spearmanr, mannwhitneyu ) # ---------------------------------------------------------------------- # SETTINGS # ---------------------------------------------------------------------- BASE = ""/content/drive/MyDrive/Dissertation"" UNIVERSE_FILE = os.path.join( "
/content/drive/MyDrive/Colab Notebooks/Untitled96.ipynb,Untitled96.ipynb,66,POSSIBLE_ORIGINAL_GENERATION,7,8,0,3,1,0,1,0,1,0,0,26821, # ================================================================ # STEP 49B — CORRECTED MATCHED NULL ENRICHMENT + PPI AUDIT # ================================================================ # ----------------------------- # 0. MOUNT GOOGLE DRIVE # ----------------------------- from google.colab import drive drive.mount('/content/drive') # ----------------------------- # 1. INSTALL / IMPORT # ----------------------------- !pip -q install gseapy requests scipy pandas numpy anndata import os import re import time import json import random import requests import numpy as np import pandas as
/content/drive/MyDrive/Colab Notebooks/Untitled112.ipynb,Untitled112.ipynb,40,POSSIBLE_ORIGINAL_GENERATION,6,8,0,3,1,0,0,0,1,0,0,11469," # ================================================================ # PART 31.23R — TIGHT LENGTH+GC MATCHING SENSITIVITY # Robust file discovery version # ================================================================ from google.colab import drive drive.mount('/content/drive') import os import glob import numpy as np import pandas as pd from scipy.stats import wilcoxon from statsmodels.stats.multitest import multipletests BASE = ""/content/drive/MyDrive/GENE/11_RESULTS/PART_31_NON_GENIC_TO_YOUNG_GENE_RECONSTRUCTION"" MASTER_DIR = os.path.join( BASE, ""PART_31_1RR_PROTO_GENE_ARCHITE"
/content/drive/MyDrive/Colab Notebooks/Untitled64.ipynb,Untitled64.ipynb,2,POSSIBLE_ORIGINAL_GENERATION,6,8,0,3,1,0,0,0,1,0,0,30419," # ================================================================================ # GSE164737 — H.10 CONTINUOUS DEVELOPMENTAL ALIGNMENT # TIMING-INDEPENDENT CROSS-SPECIES TRAJECTORY ANALYSIS # ================================================================================ import os import json import warnings import numpy as np import pandas as pd import matplotlib.pyplot as plt warnings.filterwarnings(""ignore"") # ================================================================================ # 0. PATHS # ================================================================================ "
/content/drive/MyDrive/Colab Notebooks/Untitled96.ipynb,Untitled96.ipynb,51,POSSIBLE_ORIGINAL_GENERATION,4,8,0,3,1,0,0,0,1,0,0,16203," # ============================================================ # STEP 38E — HISTORICAL KIDNEY1 CLUSTERING REPRODUCTION AUDIT # ============================================================ # # PURPOSE: # Reproduce the original Untitled49.ipynb kidney workflow as # faithfully as possible and compare the resulting CellType # counts against the historical notebook output. # # IMPORTANT: # - No artificial random_state is added to Leiden. # - var_names_make_unique() is intentionally performed AFTER # the clustering steps, matching the original notebook. # - This step does NOT perfor"
/content/drive/MyDrive/Colab Notebooks/Untitled67.ipynb,Untitled67.ipynb,6,POSSIBLE_ORIGINAL_GENERATION,3,16,0,4,2,0,0,0,1,0,0,53852," # ================================================================================ # GSE164736 / GSE164737 — H17 # CANDIDATE-VS-CANDIDATE MECHANISTIC COMPARISON # ================================================================================ # # Purpose: # Compare the 12 validated candidates against one another using the already # established H16 evidence layers. # # H17 DOES: # 1. Validate H16.1 / H16.2 / H16.3 / H16.4.4 inputs # 2. Build a harmonized 12-gene evidence matrix # 3. Compare candidates across RNA, robustness and ATAC context # 4. Calculate pairwise mechanistic simi"
/content/drive/MyDrive/Colab Notebooks/Untitled92.ipynb,Untitled92.ipynb,4,POSSIBLE_STIMULUS_CONSTRUCTION,72,8,0,15,1,1,3,4,0,6,2,40325, # ============================================================================ # HONEYBEE MODEL v10.6.1 # ROBUST CSV LOADER + DIRECTIONAL PEAK-SHIFT VALIDATION # ============================================================================ # ============================================================================ # 0. GOOGLE DRIVE # ============================================================================ from google.colab import drive drive.mount('/content/drive') import os import numpy as np import pandas as pd import matplotlib.pyplot as plt from scipy import stats # =========
/content/drive/MyDrive/Colab Notebooks/Untitled92.ipynb,Untitled92.ipynb,2,POSSIBLE_STIMULUS_CONSTRUCTION,72,0,0,14,0,0,4,4,0,6,2,27454, # ===================================================================== # HONEYBEE MODEL v10.5 # LEARNING-RATE ROBUSTNESS / 12 x 12 PARAMETER SPACE # ===================================================================== # # Uses: # v10.3 validated continuum # # CS+ = 51 # CS- = 65 # # Tests: # 12 PN-KC negative learning rates # 12 KC-EN negative learning rates # 144 parameter combinations # 10 independent networks / combination # # Outputs: # - complete parameter-space results # - heatmaps # - robustness statistics # - best/worst parameter regions # # =======================
/content/drive/MyDrive/Colab Notebooks/Untitled98.ipynb,Untitled98.ipynb,12,POSSIBLE_STIMULUS_CONSTRUCTION,67,0,0,12,0,2,3,2,0,6,2,16606," # ================================================================ # v12_3E — DROSOPHILA RULE ABLATION # 4 matched conditions: # # 1. NONE # 2. BEE ORIGINAL # 3. DROSOPHILA OUTPUT ONLY # 4. DROSOPHILA FULL # # Same 100 seeds + same Honeybee continuum # No parameter sweep / no tuning # ================================================================ from google.colab import drive drive.mount('/content/drive') import os import numpy as np import pandas as pd from scipy.stats import ttest_rel BASE = ""/content/drive/MyDrive/Honey"" # ============================================================"
/content/drive/MyDrive/Colab Notebooks/Untitled90.ipynb,Untitled90.ipynb,1,POSSIBLE_STIMULUS_CONSTRUCTION,66,0,0,14,0,2,4,4,0,0,0,23855," # ================================================================ # HONEYBEE MODEL v4 # PEAK-SHIFT / GENERALIZATION EXPERIMENT # # A+ / B- differential conditioning # # Main question: # Does the maximum response shift away from the punished stimulus B? # # ================================================================ import os import numpy as np import pandas as pd import matplotlib.pyplot as plt from pathlib import Path # ================================================================ # 1. DRIVE # ================================================================ DRIVE_DIR = Path(""/con"
/content/drive/MyDrive/Colab Notebooks/Untitled98.ipynb,Untitled98.ipynb,82,POSSIBLE_STIMULUS_CONSTRUCTION,65,8,0,12,1,3,3,4,0,5,4,29870, # ================================================================ # v13.3J-R # TOP-K vs RANDOM-K MATCHED KC CONTROL # ================================================================ # # NO TRAINING # NO SIMULATION # # Main question: # # Is the PN→KC representation effect specifically concentrated # in the most strongly remodeled KCs? # # TOP-K: # revert the KCs with the largest |DOPA-BEE| remodeling # # RANDOM-K: # revert the SAME NUMBER of randomly selected KCs # # KC→EN: # ALWAYS kept at DOPA final matrix # # Therefore: # # Output rule = fixed # Number of reverted KCs = matched 
/content/drive/MyDrive/Colab Notebooks/Untitled98.ipynb,Untitled98.ipynb,11,POSSIBLE_STIMULUS_CONSTRUCTION,64,0,0,11,0,2,3,2,0,6,2,14465, # ================================================================ # v12_3C — FULL DROSOPHILA-INFLUENCED LEARNING RULE # Same Honeybee architecture + Drosophila-style learning # Drive mount + reproducible 100-network comparison # ================================================================ # ================================================================ # 1. GOOGLE DRIVE # ================================================================ from google.colab import drive drive.mount('/content/drive') import os import numpy as np import pandas as pd from scipy.stats import ttest_rel BASE 
/content/drive/MyDrive/Colab Notebooks/Untitled89.ipynb,Untitled89.ipynb,1,POSSIBLE_STIMULUS_CONSTRUCTION,59,0,0,14,0,0,3,4,0,0,0,11279, # ============================================================ # HONEYBEE MUSHROOM BODY MODEL v1.0 # PART 1 — BASELINE + SINGLE ODOR CONDITIONING # ============================================================ import numpy as np import pandas as pd import matplotlib.pyplot as plt # ------------------------------------------------------------ # 1. REPRODUCIBILITY # ------------------------------------------------------------ SEED = 42 rng = np.random.default_rng(SEED) # ------------------------------------------------------------ # 2. MODEL SIZE # -------------------------------------------
/content/drive/MyDrive/Colab Notebooks/Untitled98.ipynb,Untitled98.ipynb,17,POSSIBLE_STIMULUS_CONSTRUCTION,57,0,0,10,0,3,3,0,0,6,0,20043, # ================================================================ # v12.3I # CLEAN BEHAVIORAL-VALENCE ANALYSIS # # Behavioral Valence = APPROACH - AVOIDANCE # # Goal: # Separate biological behavioral interpretation from the # original Honeybee PI sign convention. # # Same: # - exact continuum # - 100 matched networks # - same seeds # - same PN -> KC architecture # - same training stimuli # # Conditions: # NONE # BEE # DOPA_REWARD_ONLY # DOPA_PUNISHMENT_ONLY # DOPA_BOTH # ================================================================ from google.colab import drive d
/content/drive/MyDrive/Colab Notebooks/Untitled89.ipynb,Untitled89.ipynb,4,POSSIBLE_STIMULUS_CONSTRUCTION,56,0,0,13,0,0,3,4,0,0,0,23350, # ================================================================ # HONEYBEE MODEL v3 # VALIDATION + NORMALIZATION + DIFFERENTIAL CONDITIONING # # PURPOSE: # 1. Reconstruct reduced honeybee MB architecture # 2. Track synaptic-weight saturation # 3. Separate PN->KC and KC->EN contributions # 4. Normalize behavioral output # 5. Run A+ / B- differential conditioning # 6. Run 100 independent network seeds # 7. Quantify discrimination and peak position # # NO DROSOPHILA COMPONENT YET # ================================================================ import os import numpy as np import pandas as 
/content/drive/MyDrive/Colab Notebooks/Untitled98.ipynb,Untitled98.ipynb,19,POSSIBLE_STIMULUS_CONSTRUCTION,56,8,0,11,1,3,3,1,0,6,2,23317, # ================================================================ # v12.3K — HONEYBEE RULE AUDIT # # PURPOSE # ------- # Before any further Drosophila transplant: # # 1. Audit the Honeybee learning implementation # 2. Separate: # NONE # PN-KC ONLY # KC-EN ONLY # FULL BEE # 3. Measure CS+ and CS- directly # 4. Test both possible behavioral sign conventions # 5. Identify which output orientation reproduces the expected # qualitative learned preference. # # IMPORTANT: # No Drosophila rule is used here. # ================================================================
/content/drive/MyDrive/Colab Notebooks/Untitled98.ipynb,Untitled98.ipynb,14,POSSIBLE_STIMULUS_CONSTRUCTION,55,0,0,10,0,2,3,0,0,6,0,14293, # ================================================================ # v12_3G — CLEAN DROSOPHILA KC→OUTPUT TRANSPLANT # # Goal: # Test the formally defined dopamine-gated KC→output rule # in the validated Honeybee architecture. # # Conditions: # 1. NONE # 2. BEE # 3. DOPA_KC_EN # # PN→KC plasticity is FIXED in DOPA_KC_EN. # Therefore any difference is attributable to the # transplanted KC→output learning rule. # ================================================================ from google.colab import drive drive.mount('/content/drive') import os import numpy as np import pandas as pd fr
/content/drive/MyDrive/Colab Notebooks/Untitled98.ipynb,Untitled98.ipynb,15,POSSIBLE_STIMULUS_CONSTRUCTION,55,0,0,10,0,2,3,0,0,6,0,14293, # ================================================================ # v12_3G — CLEAN DROSOPHILA KC→OUTPUT TRANSPLANT # # Goal: # Test the formally defined dopamine-gated KC→output rule # in the validated Honeybee architecture. # # Conditions: # 1. NONE # 2. BEE # 3. DOPA_KC_EN # # PN→KC plasticity is FIXED in DOPA_KC_EN. # Therefore any difference is attributable to the # transplanted KC→output learning rule. # ================================================================ from google.colab import drive drive.mount('/content/drive') import os import numpy as np import pandas as pd fr
/content/drive/MyDrive/Colab Notebooks/Untitled98.ipynb,Untitled98.ipynb,16,POSSIBLE_STIMULUS_CONSTRUCTION,55,0,0,10,0,2,3,0,0,6,0,15277," # ================================================================ # v12_3H — VALENCE-SPECIFIC DOPAMINE CONTROL # # Same Honeybee architecture # PN-KC FIXED # # Conditions: # NONE # BEE # DOPA_REWARD_ONLY # DOPA_PUNISHMENT_ONLY # DOPA_BOTH # # Purpose: # Determine whether the Drosophila-inspired effect is driven by # reward signal, punishment signal, or their combination. # ================================================================ from google.colab import drive drive.mount('/content/drive') import os import numpy as np import pandas as pd from scipy.stats import ttest_rel "
/content/drive/MyDrive/Colab Notebooks/Untitled93.ipynb,Untitled93.ipynb,4,POSSIBLE_STIMULUS_CONSTRUCTION,54,0,0,11,0,1,3,2,0,2,2,22178," # ============================================================================= # PENG–CHITTKA HONEYBEE MODEL # v12.1 — STATISTICAL CAUSAL VALIDATION # ============================================================================= import os import numpy as np import pandas as pd import matplotlib.pyplot as plt from scipy import stats from sklearn.utils import resample # ----------------------------------------------------------------------------- # 0. PATHS # ----------------------------------------------------------------------------- BASE_DIR = ""/content/drive/MyDrive/Honey"" OUT_DIR = os"
/content/drive/MyDrive/Colab Notebooks/Untitled98.ipynb,Untitled98.ipynb,10,POSSIBLE_STIMULUS_CONSTRUCTION,54,0,0,9,0,2,3,0,0,6,2,10232," # ================================================================ # v12_3B — BEE vs DROSOPHILA RULE DIRECT COMPARISON # Same networks | Same continuum | Same CS+/CS- # ================================================================ import os import numpy as np import pandas as pd from scipy.stats import ttest_rel BASE = ""/content/drive/MyDrive/Honey"" # ------------------------------------------------ # 1. LOAD EXACT CONTINUUM # ------------------------------------------------ CONT_FILE = os.path.join( BASE, ""Honeybee_Model_v10_3_Validated_Continuum.csv"" ) cont_df = pd.read_csv(C"
/content/drive/MyDrive/Colab Notebooks/Untitled98.ipynb,Untitled98.ipynb,9,POSSIBLE_STIMULUS_CONSTRUCTION,53,0,0,10,0,4,3,0,0,2,2,9530," # ================================================================ # HONEYBEE → DROSOPHILA LEARNING-RULE TRANSPLANT # PHASE 2A # ================================================================ import os import numpy as np import pandas as pd from scipy.stats import ttest_rel # ------------------------------------------------ # 1. DRIVE # ------------------------------------------------ from google.colab import drive drive.mount('/content/drive') BASE = ""/content/drive/MyDrive/Honey"" os.makedirs(BASE, exist_ok=True) # ------------------------------------------------ # 2. EXACT HONEYBEE CO"
/content/drive/MyDrive/Colab Notebooks/Untitled89.ipynb,Untitled89.ipynb,3,POSSIBLE_STIMULUS_CONSTRUCTION,52,0,0,12,0,0,4,3,0,0,0,9166, # ============================================================ # HONEYBEE MODEL v2 — ODOR DISCRIMINATION TEST # ============================================================ # Goal: # Odor A -> Appetitive # Odor B -> Aversive # # Then test whether the trained network discriminates A from B. # # Outputs saved to: # /content/drive/MyDrive/Honey/ # ============================================================ from google.colab import drive drive.mount('/content/drive') import os import numpy as np import pandas as pd # ============================================================ # 1. HONE
/content/drive/MyDrive/Colab Notebooks/Untitled98.ipynb,Untitled98.ipynb,77,POSSIBLE_STIMULUS_CONSTRUCTION,40,8,0,6,1,2,0,3,0,6,4,17039," # ================================================================ # v13.3F — STAGE A # EXACT BEHAVIOURAL READOUT RECONSTRUCTION # NO TRAINING / NO SIMULATION # # Goal: # Saved W_final + KCEN_final matrices se CS+ and CS− behaviour # reconstruct karna. # # If one candidate formula reproduces the stored behavioural # metrics, we will use THAT exact formula for the next # matrix-level counterfactual experiment. # ================================================================ import os import glob import numpy as np import pandas as pd from google.colab import drive # -------------------"
/content/drive/MyDrive/Colab Notebooks/Untitled98.ipynb,Untitled98.ipynb,85,POSSIBLE_STIMULUS_CONSTRUCTION,39,0,0,6,0,1,1,1,0,5,2,10507," # ============================================================ # FIGURE 1 — HONEYBEE → DROSOPHILA-INSPIRED LEARNING-RULE TRANSFER # Publication quality: PNG + TIFF, 300 dpi # No figure title # Saved ONLY in Google Colab working directory # ============================================================ # ----------------------------- # 1. Mount Google Drive # ----------------------------- from google.colab import drive drive.mount('/content/drive') # ----------------------------- # 2. Imports # ----------------------------- import numpy as np import matplotlib.pyplot as plt from matplotlib.pat"
/content/drive/MyDrive/Colab Notebooks/Untitled98.ipynb,Untitled98.ipynb,78,POSSIBLE_STIMULUS_CONSTRUCTION,36,8,0,6,1,2,0,3,0,5,2,14206, # ================================================================ # v13.3G — CORRECT 400-NETWORK READOUT VALIDATION # NO TRAINING / NO SIMULATION # # Purpose: # Validate that: # # saved W_final + saved KCEN_final # ↓ # KC sparse coding (top 200) # ↓ # EN+ / EN− output # ↓ # RAW = EN+ - EN− # # reproduces the actual v13.3E behavioural metrics. # # IMPORTANT: # This explicitly uses the v13.3E MECHANISTIC network file. # It does NOT automatically choose the first matching CSV. # ================================================================ import o
/content/drive/MyDrive/Colab Notebooks/Untitled98.ipynb,Untitled98.ipynb,37,POSSIBLE_STIMULUS_CONSTRUCTION,35,8,0,6,1,2,3,0,0,6,2,16640, # ============================================================================= # HONEYBEE MODEL v12.4 # NETWORK-LEVEL STATISTICAL ROBUSTNESS OF THE P PHENOTYPE # # Tests: # 1. Peak suppression # 2. CS- recovery # 3. Discrimination reduction # 4. Peak-region consistency # 5. CS- region consistency # 6. Network-wise direction consistency # 7. Paired effect sizes # 8. Bootstrap 95% CI # 9. Multiple-comparison correction # # NO SIMULATION # ============================================================================= from google.colab import drive drive.mount('/content/drive')
/content/drive/MyDrive/Colab Notebooks/Untitled120.ipynb,Untitled120.ipynb,20,POSSIBLE_STIMULUS_CONSTRUCTION,34,8,0,4,1,4,0,0,0,6,4,14479," # ============================================================ # v13.3E — COUNTERFACTUAL MECHANISM DECOMPOSITION # Existing matrices/results only # NO MODEL RERUN # ============================================================ from google.colab import drive drive.mount('/content/drive') import os import glob import numpy as np import pandas as pd from scipy.stats import pearsonr, spearmanr # ============================================================ # PATHS # ============================================================ HONEY = ""/content/drive/MyDrive/Honey"" REPO = os.path.join( HONE"
/content/drive/MyDrive/Colab Notebooks/Untitled98.ipynb,Untitled98.ipynb,86,POSSIBLE_STIMULUS_CONSTRUCTION,30,0,0,5,0,1,1,1,0,2,2,10532," # ============================================================ # FIGURE 1 — CLEAN PUBLICATION VERSION # PNG + TIFF | 300 DPI # NO FIGURE TITLE # SAVED ONLY IN /content # ============================================================ from google.colab import drive drive.mount('/content/drive') import numpy as np import matplotlib.pyplot as plt from matplotlib.patches import FancyBboxPatch, FancyArrowPatch, Rectangle # ------------------------------------------------------------ # Publication settings # ------------------------------------------------------------ plt.rcParams.update({ ""fon"
/content/drive/MyDrive/Colab Notebooks/Untitled112.ipynb,Untitled112.ipynb,74,POSSIBLE_STIMULUS_CONSTRUCTION,29,0,0,8,0,0,3,0,0,0,0,30069, # ================================================================ # PART 31.63 — PAIRED SEQUENCE FEATURE ANALYSIS # ================================================================ # # INPUT: # PART 31.62 primary D0.20 matched dataset # # GROUPS: # 185 retained vs rejected matched pairs # # FEATURES: # 1. Mononucleotide composition # 2. Dinucleotide composition (16) # 3. Trinucleotide composition (64) # 4. Purine/Pyrimidine composition # 5. GC / AT balance # 6. Sequence entropy # 7. Homopolymer structure # 8. Stop-like triplets # 9. CpG-like / GC-rich local features # #
/content/drive/MyDrive/Colab Notebooks/Untitled98.ipynb,Untitled98.ipynb,38,POSSIBLE_STIMULUS_CONSTRUCTION,27,8,0,5,1,2,2,0,0,5,2,14734, # ============================================================================= # v12.5 — WITHIN-NETWORK SPATIAL PERMUTATION NULL TEST # ============================================================================= # Goal: # Test whether the observed regional transformation pattern # (CS+ / peak suppression + CS− region recovery) # is stronger than expected from random stimulus-position assignment. # # NO NEURAL SIMULATION # Uses v12.3W saved stimulus-level transformation data. # ============================================================================= from google.colab import drive driv
/content/drive/MyDrive/Colab Notebooks/Untitled112.ipynb,Untitled112.ipynb,85,POSSIBLE_STIMULUS_CONSTRUCTION,26,0,0,7,0,0,3,0,0,0,0,17822," # ================================================================ # PART 31.71 — MATCHED-PAIR LOCAL-GC → ACCESSIBILITY # ROBUSTNESS / INDEPENDENCE TEST # ================================================================ import os import json import numpy as np import pandas as pd from scipy.stats import spearmanr, pearsonr from sklearn.utils import resample BASE = ""/content/drive/MyDrive/GENE/11_RESULTS/PART_31_NON_GENIC_TO_YOUNG_GENE_RECONSTRUCTION"" PAIR_DIR = os.path.join( BASE, ""PART_31_62_LENGTH_GC_MATCHED_SEQUENCE_DATASET"" ) FEATURE_DIR = os.path.join( "
/content/drive/MyDrive/Colab Notebooks/Untitled112.ipynb,Untitled112.ipynb,86,POSSIBLE_STIMULUS_CONSTRUCTION,26,0,0,7,0,0,3,0,0,0,0,23131," # ================================================================ # PART 31.71A — MATCHED-PAIR LOCAL-GC → ACCESSIBILITY # ROBUSTNESS TEST — CORRECTED ID HANDLING # ================================================================ import os import json import numpy as np import pandas as pd from scipy.stats import spearmanr, pearsonr BASE = ""/content/drive/MyDrive/GENE/11_RESULTS/PART_31_NON_GENIC_TO_YOUNG_GENE_RECONSTRUCTION"" PAIR_DIR = os.path.join( BASE, ""PART_31_62_LENGTH_GC_MATCHED_SEQUENCE_DATASET"" ) FEATURE_DIR = os.path.join( BASE, ""PART_31_63_PAIRED"
/content/drive/MyDrive/Colab Notebooks/Untitled112.ipynb,Untitled112.ipynb,87,POSSIBLE_STIMULUS_CONSTRUCTION,26,0,0,7,0,0,3,0,0,0,0,18073," # ================================================================ # PART 31.71B # MATCHED-PAIR LOCAL-GC → ONE-NT ACCESSIBILITY # EXACT PAIR-TABLE STRUCTURE VERSION # ================================================================ import os import json import numpy as np import pandas as pd from scipy.stats import spearmanr, pearsonr BASE = ""/content/drive/MyDrive/GENE/11_RESULTS/PART_31_NON_GENIC_TO_YOUNG_GENE_RECONSTRUCTION"" PAIR_DIR = os.path.join( BASE, ""PART_31_62_LENGTH_GC_MATCHED_SEQUENCE_DATASET"" ) FEATURE_DIR = os.path.join( BASE, ""PART_31_63_PAIRED_SEQUENCE_FEAT"
/content/drive/MyDrive/Colab Notebooks/Untitled112.ipynb,Untitled112.ipynb,89,POSSIBLE_STIMULUS_CONSTRUCTION,26,0,0,7,0,0,3,0,0,0,0,19941, # ================================================================ # PART 31.73 # ACCESSIBILITY INDEPENDENCE AFTER SEQUENCE-ARCHITECTURE CONTROL # # Question: # Is the retained-vs-rejected accessibility difference still # detectable after controlling for the strongest sequence # architecture variables? # # Design: # 185 length+GC matched pairs # 4 accessibility thresholds # paired retained - rejected accessibility delta # residualize against sequence-architecture deltas # compare: # RAW accessibility delta # LOCAL-GC adjusted delta # FULL SEQUENCE adjusted delta # 
/content/drive/MyDrive/Colab Notebooks/Untitled4.ipynb,Untitled4.ipynb,63,POSSIBLE_STIMULUS_CONSTRUCTION,26,0,0,7,0,0,3,0,0,0,0,16296," # ============================================================================== # STEP 46 — WITHIN-ANTIGEN QGYE SPECIFICITY & MOTIF COMPETITION VALIDATION # ============================================================================== # # Goal: # Determine whether QGYE provides an independent/specific signal for # NYNYLYRLF, rather than simply being one of several correlated motifs. # # Statistical unit: # donor × CDR3β # # Primary question: # Within NYNYLYRLF-associated units, is QGYE specifically enriched # relative to the other verified motifs? # # H5AD is NOT modified. # Origi"
/content/drive/MyDrive/Colab Notebooks/Untitled97.ipynb,Untitled97.ipynb,67,POSSIBLE_STIMULUS_CONSTRUCTION,26,0,0,7,0,0,3,0,0,0,0,9934," # ============================================================ # MFOS PUBLIC REPOSITORY # PANCREAS — 20,000 RANDOM 16-GENE PANELS # ============================================================ from google.colab import drive drive.mount('/content/drive') from pathlib import Path import sys import json import numpy as np import pandas as pd import anndata as ad # ============================================================ # 1. PATHS # ============================================================ DRIVE = Path(""/content/drive/MyDrive"") REPO = DRIVE / ""MFOS_PUBLIC_REPOSITORY"" DATA_PATH = ( "
/content/drive/MyDrive/Colab Notebooks/Untitled97.ipynb,Untitled97.ipynb,68,POSSIBLE_STIMULUS_CONSTRUCTION,26,0,0,7,0,0,3,0,0,0,0,10343," # ============================================================ # MFOS PUBLIC REPOSITORY # PANCREAS — CORRECTED 20,000 RANDOM 16-GENE NULL MODEL # ============================================================ from google.colab import drive drive.mount('/content/drive') from pathlib import Path import sys import json import numpy as np import pandas as pd import anndata as ad # ============================================================ # 1. PATHS # ============================================================ DRIVE = Path(""/content/drive/MyDrive"") REPO = DRIVE / ""MFOS_PUBLIC_REPOSITORY"" D"
/content/drive/MyDrive/Colab Notebooks/Untitled107.ipynb,Untitled107.ipynb,36,POSSIBLE_STIMULUS_CONSTRUCTION,25,0,0,7,0,0,3,0,0,0,1,32284," # ============================================================================== # PART 7 — MATCHED RANDOM 16-GENE RF FEATURE-IMPORTANCE NULL # ============================================================================== # # Purpose: # Compare the canonical 16-gene RF feature-importance profile against # matched random 16-gene panels sampled from the 153 non-retained candidates. # # FIXED / FROZEN: # - Same endocrine cells: 10,176 # - Same 169 candidate pool # - Canonical panel: 16 # - Non-retained pool: 153 # - Same PART 5 fixed 70:30 stratified split # - RF: 1000 trees, ra"
/content/drive/MyDrive/Colab Notebooks/Untitled93.ipynb,Untitled93.ipynb,8,POSSIBLE_STIMULUS_CONSTRUCTION,25,0,0,6,0,0,3,0,0,0,0,18312," # ============================================================================= # PENG–CHITTKA HONEYBEE MODEL # v12.3 — MECHANISM-LEVEL CAUSAL COMPARISON # ============================================================================= # ----------------------------------------------------------------------------- # 0. GOOGLE DRIVE MOUNT # ----------------------------------------------------------------------------- from google.colab import drive drive.mount(""/content/drive"") # ----------------------------------------------------------------------------- # 1. IMPORTS # ---------------------"
/content/drive/MyDrive/Colab Notebooks/Untitled97.ipynb,Untitled97.ipynb,26,POSSIBLE_STIMULUS_CONSTRUCTION,24,0,0,7,0,0,1,0,0,0,0,34288," # ==================================================================================================== # STEP74 — CANONICAL MFOS INDEPENDENT REPRODUCIBILITY / IMPLEMENTATION VALIDATION # ==================================================================================================== # # PURPOSE # ------- # Independently validate the canonical MFOS implementation created in STEP73. # # Tests: # 1. Canonical 16-gene panel # 2. Human → mouse mapping # 3. Equal weights # 4. Min-max normalization # 5. MFOS range [0,1] # 6. Constant-gene handling # 7. Manual formula vs implementat"
/content/drive/MyDrive/Colab Notebooks/Untitled97.ipynb,Untitled97.ipynb,64,POSSIBLE_STIMULUS_CONSTRUCTION,24,0,0,7,0,0,3,0,0,0,0,10985," # ============================================================ # MFOS PUBLIC REPOSITORY # PANCREAS MATCHED RANDOM-PANEL NULL MODEL # ============================================================ from google.colab import drive drive.mount('/content/drive') from pathlib import Path import sys import json import numpy as np import pandas as pd import anndata as ad # ============================================================ # 1. PATHS # ============================================================ REPO = Path( ""/content/drive/MyDrive/MFOS_PUBLIC_REPOSITORY"" ) CODE_DIR = REPO / ""code"" RE"
/content/drive/MyDrive/Colab Notebooks/Untitled4.ipynb,Untitled4.ipynb,23,POSSIBLE_STIMULUS_CONSTRUCTION,23,0,0,6,0,0,3,0,0,0,0,21451, # ============================================================================= # STEP 20 — DONOR-AWARE MOTIF SIGNIFICANCE + NULL VALIDATION # # Purpose: # Validate whether recurrent CDR3β motifs in donor-replicated # convergence families are stronger than expected under a # donor-aware null model. # # H5AD is NOT modified. # ============================================================================= import os import json import numpy as np import pandas as pd from collections import Counter from statsmodels.stats.multitest import multipletests # ==================================
/content/drive/MyDrive/Colab Notebooks/Untitled4.ipynb,Untitled4.ipynb,24,POSSIBLE_STIMULUS_CONSTRUCTION,23,0,0,6,0,0,3,0,0,0,0,20315, # ============================================================================= # STEP 20 FIXED # DONOR-AWARE MOTIF SIGNIFICANCE + NULL VALIDATION # # FIX: # Automatically identifies the original full TCR table containing # CDR3β + donor information instead of assuming step10_*. # # H5AD is NOT modified. # ============================================================================= import os import json import numpy as np import pandas as pd from collections import Counter from statsmodels.stats.multitest import multipletests # =========================================================
/content/drive/MyDrive/Colab Notebooks/Untitled96.ipynb,Untitled96.ipynb,33,POSSIBLE_STIMULUS_CONSTRUCTION,23,0,0,6,0,0,3,0,0,0,0,5805,# ============================================================ # STEP 32 — MFOS NULL MODEL + EMPIRICAL FALSIFICATION # ============================================================ !pip install scanpy from google.colab import drive drive.mount('/content/drive') import os import numpy as np import pandas as pd import scanpy as sc import matplotlib.pyplot as plt from scipy import sparse from scipy.stats import f_oneway # ============================================================ # SETTINGS # ============================================================ RANDOM_SEED = 42 N_NULL = 1000 np.ra
/content/drive/MyDrive/Colab Notebooks/Untitled4.ipynb,Untitled4.ipynb,69,POSSIBLE_STIMULUS_CONSTRUCTION,22,8,0,8,1,0,3,0,0,0,1,17043, # ============================================================================== # STEP 51 — INDEPENDENT COMPOSITE ARCHITECTURE NULL VALIDATION # ============================================================================== # # Purpose: # Independently validate the NYNYLYRF enrichment of the focal composite # architecture: # # QGYE + GYEQY + YEQYF # # using a DIFFERENT null model from Step 50. # # Step 50: # Antigen labels were shuffled within donor. # # Step 51: # Composite-architecture labels are shuffled within donor while preserving # the observed number of composite un
/content/drive/MyDrive/Colab Notebooks/Untitled96.ipynb,Untitled96.ipynb,45,POSSIBLE_STIMULUS_CONSTRUCTION,22,0,0,6,0,0,2,0,0,0,0,30199, # ============================================================================== # STEP 38B — CORRECTED MFOS FULL-PANEL VALIDATION # ============================================================================== # # IMPORTANT: # This version follows the ORIGINAL kidney workflow more closely. # # We DO NOT: # - perform a new HVG approximation # - search for external metadata # - invent cell-type labels # # We DO: # - use the actual GSE131685 kidney1 raw matrix # - use the exact CellType mapping recovered from Untitled49.ipynb # - use all MFOS genes actually present in kidney1 # -
/content/drive/MyDrive/Colab Notebooks/Untitled4.ipynb,Untitled4.ipynb,74,POSSIBLE_STIMULUS_CONSTRUCTION,21,8,0,8,1,0,3,0,0,0,0,13630,"import numpy as np import pandas as pd import json from pathlib import Path print(""\n"" + ""="" * 80) print(""STEP 54 — MATCHED NULL PERMUTATION"") print(""="" * 80) # ------------------------------------------------------------------------------ # PARAMETERS # ------------------------------------------------------------------------------ N_PERM = 5000 SEED = 54054 rng = np.random.default_rng(SEED) TARGET_ANTIGEN = ""NYNYLYRLF"" # Make sure target variable is boolean df[""_target_bool""] = ( df[""max_dextramer""] .astype(str) .eq(TARGET_ANTIGEN) ) # Make sure focal composite variable is "
/content/drive/MyDrive/Colab Notebooks/Untitled5.ipynb,Untitled5.ipynb,2,POSSIBLE_STIMULUS_CONSTRUCTION,21,8,0,8,1,0,3,0,0,0,0,16336," # ============================================================================== # STEP 56 — J-GENE–STRATIFIED ANTIGEN SPECIFICITY OF COMPOSITE ARCHITECTURE # ============================================================================== import pandas as pd import numpy as np import json from pathlib import Path from scipy.stats import fisher_exact print(""\n"" + ""="" * 80) print(""STEP 56 — J-GENE–STRATIFIED ANTIGEN SPECIFICITY OF COMPOSITE ARCHITECTURE"") print(""="" * 80) # ------------------------------------------------------------------------------ # LOAD STEP 40 # -------------------------"
/content/drive/MyDrive/Colab Notebooks/Untitled7.ipynb,Untitled7.ipynb,99,POSSIBLE_STIMULUS_CONSTRUCTION,21,0,0,6,0,0,3,0,0,0,0,5422,"# ============================================================================== # GC ENVIRONMENTAL MEMORY — STEP 27H # CORRECTED MATCHED-NULL PPI NETWORK VALIDATION (API DEGREE FETCH) # ============================================================================== import os import io import time import random import requests import numpy as np import pandas as pd import networkx as nx # ============================================================================== # [1] CONFIGURATION # ============================================================================== BASE = ""/content/drive/MyD"
/content/drive/MyDrive/Colab Notebooks/Untitled98.ipynb,Untitled98.ipynb,36,POSSIBLE_STIMULUS_CONSTRUCTION,21,8,0,2,1,2,0,0,1,6,2,17095," # ============================================================================= # HONEYBEE MODEL v12.3Z # RESPONSE-LANDSCAPE GEOMETRY # # Question: # Is the P phenotype best described as: # 1. peak compression, # 2. selective response redistribution, # 3. global transformation, # 4. or something else? # # NO SIMULATION # ============================================================================= from google.colab import drive drive.mount('/content/drive') import os import numpy as np import pandas as pd from scipy.stats import pearsonr, spearmanr BASE = ""/content/drive/MyDrive/Ho"
/content/drive/MyDrive/Colab Notebooks/Untitled96.ipynb,Untitled96.ipynb,52,POSSIBLE_STIMULUS_CONSTRUCTION,20,8,0,8,1,0,2,0,0,0,0,29955, # ============================================================ # STEP 38F — CANONICAL MFOS KIDNEY VALIDATION # ============================================================ # # PURPOSE: # Validate the formally defined MFOS estimator on kidney1 # using the EXACT historical CellType labels reproduced in # STEP 38E. # # CANONICAL MFOS: # # f_g(x) = [x_g - min(x_g)] / [max(x_g) - min(x_g)] # # MFOS(x) = (1/N) * sum_g f_g(x) # # N = 16 genes # # Therefore: # 0 <= MFOS <= 1 # # IMPORTANT: # - No HVG filtering of MFOS genes. # - No DEG selection. # - No feature selection. # 
/content/drive/MyDrive/Colab Notebooks/Untitled96.ipynb,Untitled96.ipynb,26,POSSIBLE_STIMULUS_CONSTRUCTION,20,0,0,5,0,0,2,0,0,0,1,9324," # ============================================================ # STEP 25 — NULL MODEL / FALSIFICATION TEST # Original MFOS RF result # ============================================================ from google.colab import drive drive.mount('/content/drive') import os import glob import numpy as np import pandas as pd print(""=""*80) print(""STEP 25 — MFOS RANDOM-LABEL NULL MODEL"") print(""=""*80) # ============================================================ # 1. FIND ORIGINAL PREDICTION FILE # ============================================================ search_paths = [ ""/content/drive/My"
/content/drive/MyDrive/Colab Notebooks/Untitled49.ipynb,Untitled49.ipynb,3,POSSIBLE_STIMULUS_CONSTRUCTION,19,8,0,7,1,0,3,0,0,0,1,18493," # ====================================================================== # GSE161905 — DLL1–NOTCH1 CELL-COMPOSITION SENSITIVITY # CORRECTED VERSION — INDEX ALIGNMENT SAFE # ====================================================================== import os import gzip import numpy as np import pandas as pd from scipy import stats # ---------------------------------------------------------------------- # 0. CONFIGURATION # ---------------------------------------------------------------------- BASE = ( ""/content/drive/MyDrive/thesis/DSD_Project/"" ""02_Developmental_Datasets/GSE161905"" )"
/content/drive/MyDrive/Colab Notebooks/Untitled113.ipynb,Untitled113.ipynb,14,POSSIBLE_STIMULUS_CONSTRUCTION,19,0,0,4,0,0,2,0,0,0,1,24219, # ================================================================ # PART 31.51A # EXACT CANDIDATE-LABEL RECOVERY + FINAL ROBUSTNESS TEST # ================================================================ from google.colab import drive drive.mount('/content/drive') import os import glob import json import numpy as np import pandas as pd from scipy import stats from sklearn.model_selection import GroupKFold from sklearn.metrics import roc_auc_score from sklearn.preprocessing import StandardScaler from sklearn.pipeline import Pipeline from sklearn.linear_model import LogisticRegression ROOT
/content/drive/MyDrive/Colab Notebooks/Untitled98.ipynb,Untitled98.ipynb,71,POSSIBLE_STIMULUS_CONSTRUCTION,19,8,0,2,1,2,0,0,1,4,0,15126," # ============================================================ # v13.3E — MECHANISTIC RULE × ARCHITECTURE DECOMPOSITION # NO SIMULATION # GOOGLE DRIVE # ============================================================ from google.colab import drive drive.mount(""/content/drive"") import os import numpy as np import pandas as pd from scipy.stats import ttest_rel, wilcoxon DRIVE = ""/content/drive/MyDrive/Honey"" OUT = os.path.join(DRIVE, ""v13_3_Bee_Rule_Audit"") os.makedirs(OUT, exist_ok=True) METRICS = os.path.join( DRIVE, ""Honeybee_Model_v13_3E_Mechanistic_Network_Metrics.csv"" ) TRAJ = o"
/content/drive/MyDrive/Colab Notebooks/Untitled4.ipynb,Untitled4.ipynb,26,POSSIBLE_STIMULUS_CONSTRUCTION,18,8,0,7,1,0,3,0,0,0,0,39656," # ============================================================================ # STEP 22 — MOTIF–ANTIGEN SPECIFICITY STATISTICAL VALIDATION # ============================================================================ # # PURPOSE # ------- # Step 21 identified 11 non-redundant motif families and 3 HIGH_PRIORITY # families: # # WPYEQ # GWPYE # QGYE # # Step 22 now asks: # # ""Are motif-associated antigen patterns stronger than expected from # the background DEX+ CDR3 repertoire?"" # # This step performs: # # 1. Sequence-level motif × antigen enrichment # 2. Fisher exact tests # "
/content/drive/MyDrive/Colab Notebooks/Untitled4.ipynb,Untitled4.ipynb,62,POSSIBLE_STIMULUS_CONSTRUCTION,18,8,0,7,1,0,3,0,0,0,0,23805, # ============================================================================== # STEP 45 — CONFOUNDER & NEGATIVE-CONTROL VALIDATION # ============================================================================== # # Goal: # Validate whether the QGYE × NYNYLYRLF association remains after accounting # for donor structure and whether comparable signals appear for control motifs. # # Statistical unit: # donor × CDR3β # # Primary signal: # QGYE × NYNYLYRLF # # Important: # - H5AD is NOT modified. # - Original data are NOT modified. # - Donor labels are preserved during permutation
/content/drive/MyDrive/Colab Notebooks/Untitled5.ipynb,Untitled5.ipynb,6,POSSIBLE_STIMULUS_CONSTRUCTION,18,8,0,7,1,0,3,0,0,0,0,17746," # ================================================================================ # STEP 61 — QGYE LENGTH & AMINO-ACID-COMPOSITION MATCHED NULL VALIDATION # ================================================================================ import os import json import numpy as np import pandas as pd from scipy.stats import fisher_exact print(""="" * 80) print(""STEP 61 — QGYE LENGTH & AMINO-ACID-COMPOSITION MATCHED NULL VALIDATION"") print(""="" * 80) # ------------------------------------------------------------------------------ # PATHS # --------------------------------------------------------"
/content/drive/MyDrive/Colab Notebooks/Untitled6.ipynb,Untitled6.ipynb,1,POSSIBLE_STIMULUS_CONSTRUCTION,18,8,0,7,1,0,3,0,0,0,0,18575," # ================================================================================ # STEP 66 — DONOR-AWARE QGYE × ANTIGEN ASSOCIATION VALIDATION # ================================================================================ # # Research question: # Do different donors independently show enrichment of the QGYE architecture # for the focal antigen NYNYLYRLF, after preserving donor-specific repertoire # structure? # # This step is intentionally NOT another motif search. # # It tests: # 1. donor-preserving antigen-label permutation # 2. QGYE target enrichment # 3. donor-level replicatio"
/content/drive/MyDrive/Colab Notebooks/Untitled97.ipynb,Untitled97.ipynb,69,POSSIBLE_STIMULUS_CONSTRUCTION,18,8,0,7,1,0,3,0,0,0,0,10436," # ============================================================ # MFOS PUBLIC REPOSITORY # PANCREAS — HISTORICAL GROUPING NULL-MODEL AUDIT # ============================================================ from google.colab import drive drive.mount('/content/drive') from pathlib import Path import sys import json import numpy as np import pandas as pd import anndata as ad # ============================================================ # 1. PATHS # ============================================================ DRIVE = Path( ""/content/drive/MyDrive"" ) REPO = ( DRIVE / ""MFOS_PUBLIC_REPO"
/content/drive/MyDrive/Colab Notebooks/Untitled51.ipynb,Untitled51.ipynb,13,POSSIBLE_STIMULUS_CONSTRUCTION,18,0,0,4,0,0,0,0,0,0,0,28391, # ============================================================================= # GSE164737 — CROSS-SPECIES DEVELOPMENTAL TRAJECTORY CONCORDANCE ANALYSIS # ============================================================================= # # PURPOSE # ------- # Compare developmental PATTERNS between Chicken and Mouse orthologous targets # WITHOUT comparing raw signal magnitudes across species. # # IMPORTANT LOCKS # --------------- # Primary raw metric : Raw_BaseLevel_Mean # Raw normalization : NONE # Replicate collapsing : NO # Species pooling : NO # Cross-species magnit
/content/drive/MyDrive/Colab Notebooks/Untitled4.ipynb,Untitled4.ipynb,36,POSSIBLE_STIMULUS_CONSTRUCTION,17,8,0,7,1,0,2,0,0,0,0,21359," # ============================================================================== # STEP 32 — HIGH-RESOLUTION DONOR-PRESERVING PERMUTATION VALIDATION # WITH MAX-STATISTIC MULTIPLE-TEST CORRECTION # ============================================================================== # # PURPOSE # ------- # Strengthen Step 31 by using: # # 1. 10,000 donor-preserving permutations # 2. all 54 priority-motif × antigen tests # 3. empirical permutation p-values # 4. max-statistic family-wise error correction # 5. BH-FDR correction # 6. independent audit of the three priority pairs # "
/content/drive/MyDrive/Colab Notebooks/Untitled112.ipynb,Untitled112.ipynb,83,POSSIBLE_STIMULUS_CONSTRUCTION,17,0,0,4,0,0,1,0,0,0,0,19968, # ============================================================================= # PART 31.69 — PAIR-PRESERVING LABEL-SWAP NULL # ============================================================================= # # PURPOSE # ------- # Test whether the strong held-out AUC from PART 31.68A disappears when # retained/rejected labels are randomly swapped within each matched pair. # # IMPORTANT: # - Pair membership is preserved. # - Sequence features are unchanged. # - Only the 1/0 labels are swapped within each pair. # - Feature selection remains TRAINING-ONLY. # - Imputation remains TRAINING-ONLY. #
/content/drive/MyDrive/Colab Notebooks/Untitled113.ipynb,Untitled113.ipynb,13,POSSIBLE_STIMULUS_CONSTRUCTION,17,0,0,4,0,0,2,0,0,0,1,27604, # ================================================================ # PART 31.51 — FINAL INDEPENDENT ROBUSTNESS TEST # ================================================================ # # PURPOSE # ------- # Final stress-test of the one-nucleotide accessibility signal. # # Questions: # 1. Does accessibility distinguish retained vs rejected candidates? # 2. Does the effect survive strict length/GC matching? # 3. Does the effect remain in held-out gene groups? # 4. Is the observed effect larger than matched permutation nulls? # 5. Is the direction stable across repeated group splits? # # IMPORTA
/content/drive/MyDrive/Colab Notebooks/Untitled120.ipynb,Untitled120.ipynb,19,POSSIBLE_STIMULUS_CONSTRUCTION,17,8,0,2,1,1,0,0,1,4,0,22738," # ============================================================ # v13.3E — MECHANISTIC FORENSIC AUDIT # Existing 400-network outputs only # NO MODEL RERUN # ============================================================ from google.colab import drive drive.mount('/content/drive') import os import json import glob import numpy as np import pandas as pd from scipy.stats import pearsonr, spearmanr, ttest_rel # ============================================================ # PATHS # ============================================================ HONEY = ""/content/drive/MyDrive/Honey"" REPO = os.path."
/content/drive/MyDrive/Colab Notebooks/Untitled57.ipynb,Untitled57.ipynb,5,POSSIBLE_STIMULUS_CONSTRUCTION,17,0,0,2,0,0,0,0,3,0,0,18254,"import os import pandas as pd import numpy as np from itertools import combinations print(""="" * 80) print(""GSE164737 — DEVELOPMENTAL ENRICHMENT GENE-LEVEL DECOMPOSITION"") print(""="" * 80) # ================================================================================ # 1. PATHS # ================================================================================ BASE = ""/content/drive/MyDrive/thesis/DSD_Project/02_Limb_RNA_GSE164737"" ENRICH_DIR = os.path.join( BASE, ""GENOME_WIDE_TRAJECTORY_ANALYSIS"", ""CHICKEN"", ""HES_HEY_FUNCTIONAL_ENRICHMENT"" ) OUTDIR = os.path.join( B"
/content/drive/MyDrive/Colab Notebooks/Untitled7.ipynb,Untitled7.ipynb,76,POSSIBLE_STIMULUS_CONSTRUCTION,17,0,0,2,0,0,0,0,3,0,0,16577, # ============================================================ # GC-SPECIFIC PERSISTENCE–RECALL ROBUSTNESS ANALYSIS # ============================================================ # # PURPOSE: # Test whether the GC-specific persistent–recall overlap is # robust to different statistical/effect-size thresholds. # # Existing objects required: # sp = GC-specific persistence DESeq2 result # sr = GC-specific recall interaction DESeq2 result # # ============================================================ import pandas as pd import numpy as np import matplotlib.pyplot as plt from scipy.stats im
/content/drive/MyDrive/Colab Notebooks/Untitled96.ipynb,Untitled96.ipynb,42,POSSIBLE_STIMULUS_CONSTRUCTION,16,8,0,7,1,0,3,0,0,0,0,11126,"import os # ============================================================================== # STEP 37 — MFOS vs INDIVIDUAL-GENE / DEG-DERIVED SIGNAL AUDIT # ============================================================================== # Install missing dependencies !pip install scanpy -q from google.colab import drive drive.mount('/content/drive') import numpy as np import pandas as pd import scanpy as sc from sklearn.preprocessing import MinMaxScaler from scipy.stats import spearmanr, kruskal print(""=""*80) print(""STEP 37 — MFOS vs INDIVIDUAL-GENE / DEG-DERIVED SIGNAL AUDIT"") print(""=""*8"
/content/drive/MyDrive/Colab Notebooks/Untitled50.ipynb,Untitled50.ipynb,4,POSSIBLE_STIMULUS_CONSTRUCTION,16,8,0,6,1,0,3,0,0,0,1,20521, # ====================================================================== # GSE161905 — CELL-STATE-ROBUST EDGE VALIDATION & UNBIASED RERANKING # ====================================================================== # # PURPOSE # ------- # DLL1-NOTCH1 was classified as CELL_STATE_SENSITIVE. # # We therefore move away from that edge and objectively validate the # 19 edges that survived ALL / EITHER_DETECTED / BOTH_DETECTED filtering. # # Validation layers: # # 1. Cell-state robustness # 2. Replicate concordance # 3. Stage-wise monotonicity # 4. Bootstrap confidence interval # 5. Backg
/content/drive/MyDrive/Colab Notebooks/Untitled50.ipynb,Untitled50.ipynb,6,POSSIBLE_STIMULUS_CONSTRUCTION,16,8,0,6,1,0,3,0,0,0,1,31050," # ====================================================================== # GSE161905 — ADAM17–MSGN1 FULL MECHANISTIC VALIDATION # SCHEMA-ROBUST FINAL VERSION # ====================================================================== import os import glob import re import numpy as np import pandas as pd # ---------------------------------------------------------------------- # BASE PATH # ---------------------------------------------------------------------- BASE = ( ""/content/drive/MyDrive/thesis/"" ""DSD_Project/02_Developmental_Datasets/GSE161905"" ) G1 = ""ADAM17"" G2 = ""MSGN1"" print"
/content/drive/MyDrive/Colab Notebooks/Untitled9.ipynb,Untitled9.ipynb,10,POSSIBLE_STIMULUS_CONSTRUCTION,16,8,0,6,1,0,2,0,0,0,0,16227," # ============================================================================= # STAGE 6J-W — YEAST INTERACTION FALSIFICATION / CROSS-VALIDATION TEST # ZERO NEW SIMULATIONS # NO STAGE-5 LAW REFITTING # NO VARIABLE SWITCHING # NO SYNTHETIC-CELL OPTIMIZATION # ============================================================================= import os import json import warnings import numpy as np import pandas as pd from scipy.stats import spearmanr, pearsonr from sklearn.linear_model import LinearRegression from sklearn.metrics import r2_score, mean_absolute_error, mean_squared_error warnings."
/content/drive/MyDrive/Colab Notebooks/Untitled0.ipynb,Untitled0.ipynb,50,POSSIBLE_STIMULUS_CONSTRUCTION,16,0,0,4,0,0,0,0,0,0,0,18137, # ================================================================================================== # PHASE 46 — EXACT RAT KIDNEY DAY5 SEX-ADJUSTED LIMMA MODEL RECONSTRUCTION # ================================================================================================== # # OBJECTIVE # ---------- # Independently reconstruct the Rat Kidney Day5 Cadmium effect using: # # Model A: ~ Cadmium # Model B: ~ Sex + Cadmium # # and compare both against: # # 1. Rat_Kidney_Day5_Annotated_Limma.csv # 2. Rat_Kidney_Day5_SexAdjusted_Limma_All.csv # # CRITICAL: # - Do NOT modify Google Drive 
/content/drive/MyDrive/Colab Notebooks/Untitled1.ipynb,Untitled1.ipynb,1,POSSIBLE_STIMULUS_CONSTRUCTION,16,0,0,4,0,0,0,0,0,0,0,25310, # ============================================================ # STEP 16 — INDEPENDENT MULTIPLEXING & SWITCHING ANALYSIS # # Question: # # Can ONE engineered cell independently control: # # Signal A -> Ab-A # Signal B -> Ab-B # Signal C -> Ab-C # # while minimizing unintended output from the other channels? # # This step quantifies: # # 1. ON/OFF ratio # 2. Residual antibody after switching OFF # 3. Switching delay # 4. Cross-talk # 5. Independent control score # 6. Multiplexing score # 7. Resource efficiency # # Abstract mathematical model only. # ==========================
/content/drive/MyDrive/Colab Notebooks/Untitled1.ipynb,Untitled1.ipynb,2,POSSIBLE_STIMULUS_CONSTRUCTION,16,0,0,4,0,0,0,0,0,0,0,26318, # ============================================================ # STEP 17 — CORRECTED INDEPENDENT CONTROL ANALYSIS # # STEP 16 showed that some metrics were confounded by: # # 1. simultaneous legitimate activation # 2. zero OFF-production denominator # 3. instantaneous production switching # 4. extracellular carry-over # # STEP 17 corrects these issues. # # ============================================================ # ============================================================ # 0. IMPORTS + GOOGLE DRIVE # ============================================================ from google.colab impo
/content/drive/MyDrive/Colab Notebooks/Untitled4.ipynb,Untitled4.ipynb,15,POSSIBLE_STIMULUS_CONSTRUCTION,16,0,0,4,0,0,2,0,0,0,0,26346, # ============================================================ # STEP 12 — DEX+ CLONOTYPE STATISTICAL VALIDATION # # Goal: # Validate whether the observed DEX+ clonotype architecture # is statistically supported. # # NO MACHINE LEARNING # NO PREDICTION # NO H5AD MODIFICATION # # Analyses: # 1. DEX+ vs DEX- clone expansion # 2. Expanded-clone enrichment # 3. Antigen-specific clonotype enrichment # 4. CDR3 sharing within antigens # 5. Single- vs multi-antigen structure # 6. Clone-size distributions # 7. Permutation testing # 8. FDR correction # 9. Effect sizes # 10. Stron
/content/drive/MyDrive/Colab Notebooks/Untitled7.ipynb,Untitled7.ipynb,75,POSSIBLE_STIMULUS_CONSTRUCTION,16,0,0,4,0,0,2,0,0,0,0,13194," # ============================================================ # GENOME-WIDE PERSISTENCE → RECALL REPROGRAMMING ANALYSIS # GC-SPECIFIC ENVIRONMENTAL MEMORY PROJECT # ============================================================ import pandas as pd import numpy as np import matplotlib.pyplot as plt from scipy.stats import ( pearsonr, spearmanr, linregress, permutation_test, fisher_exact ) print(""="" * 75) print(""GENOME-WIDE PERSISTENCE → RECALL REPROGRAMMING ANALYSIS"") print(""="" * 75) # ============================================================ # 0. CHECK INPUT OBJECTS"
/content/drive/MyDrive/Colab Notebooks/Untitled106.ipynb,Untitled106.ipynb,30,POSSIBLE_STIMULUS_CONSTRUCTION,15,8,0,6,1,0,3,0,0,0,0,19548, # ============================================================================== # PART 28I — LINEAGE-STRATIFIED EMPIRICAL-NULL EFFECT SIZE AUDIT # ============================================================================== # Goal: # Quantify the magnitude and direction of observed-vs-null separation # within each lineage class using the LOCKED empirical null. # # This complements Parts 28D–28H. # # We will calculate: # 1. Mean/median observed null-percentile by lineage # 2. P(observed > null) by lineage # 3. Rank-biserial / common-language effect size # 4. Bootstrap confidence
/content/drive/MyDrive/Colab Notebooks/Untitled13.ipynb,Untitled13.ipynb,21,POSSIBLE_STIMULUS_CONSTRUCTION,15,8,0,6,1,0,3,0,0,0,0,25332, # ===================================================================================================================== # STEP 32D-FIX31-FIX1-FIX5-FIX3 # JOINT MULTI-STAGE H3K9me3 ENRICHMENT + ROBUSTNESS / SENSITIVITY AUDIT # # POINT-7 OBJECTIVE: # Determine whether the observed persistent H3K9me3 signal at the verified DMRs # remains enriched when: # # 1. all developmental stages are considered jointly # 2. DMR-level evidence is aggregated conservatively # 3. empirical background sampling is repeated with independent seeds # 4. enrichment is evaluated using multiple effect-size summa
/content/drive/MyDrive/Colab Notebooks/Untitled7.ipynb,Untitled7.ipynb,98,POSSIBLE_STIMULUS_CONSTRUCTION,15,8,0,6,1,0,3,0,0,0,0,25065," # ============================================================================== # GC ENVIRONMENTAL MEMORY — STEP 27H # MATCHED-NULL PPI NETWORK VALIDATION # ============================================================================== # # PURPOSE # ------- # Test whether the observed Core PPI architecture is more connected than # expected under a matched random null model. # # IMPORTANT # --------- # This is an ARCHITECTURAL validation. # It does NOT establish epigenetic mechanism, inheritance, methylation, # chromatin accessibility, or causality. # # Observed network: # 12 protein-resolv"
/content/drive/MyDrive/Colab Notebooks/Untitled8.ipynb,Untitled8.ipynb,17,POSSIBLE_STIMULUS_CONSTRUCTION,15,8,0,6,1,0,3,0,0,0,0,15272," # ============================================================================= # STAGE 4X — STATISTICAL EVIDENCE / EFFECT-SIZE VALIDATION # ZERO NEW SIMULATIONS # ============================================================================= import os import numpy as np import pandas as pd PROJECT_DIR = ""/content/drive/MyDrive/AI/Synthetic_Cell"" S4S_RAW = os.path.join( PROJECT_DIR, ""stage4S_conservation_raw.csv"" ) S4U_RAW = os.path.join( PROJECT_DIR, ""stage4U_lite_raw.csv"" ) S4U_REG = os.path.join( PROJECT_DIR, ""stage4U_lite_regime_generalization.csv"" ) OUT_EFFECT ="
/content/drive/MyDrive/Colab Notebooks/Untitled100.ipynb,Untitled100.ipynb,2,POSSIBLE_STIMULUS_CONSTRUCTION,15,0,0,4,0,0,1,0,0,0,0,14016," # ============================================================ # MFOS CANONICAL IMPLEMENTATION VALIDATION # ============================================================ from google.colab import drive drive.mount('/content/drive') from pathlib import Path import json import ast import re import importlib.util import numpy as np import pandas as pd # ------------------------------------------------------------ # PATHS # ------------------------------------------------------------ ROOT = Path(""/content/drive/MyDrive/MFOS_PUBLIC_REPOSITORY"") CODE = ROOT / ""reproducible_current"" / ""code"" CONFI"
/content/drive/MyDrive/Colab Notebooks/Untitled100.ipynb,Untitled100.ipynb,12,POSSIBLE_STIMULUS_CONSTRUCTION,15,0,0,4,0,0,1,0,0,0,0,13920, # ============================================================ # MFOS — STEP 76 # FUNCTIONAL EQUIVALENCE TEST # # Purpose: # Compare PUBLIC mfos_core.py against the recovered STEP73 # canonical implementation using identical synthetic data. # # Tests: # 1. Human MFOS numerical equivalence # 2. Mouse MFOS numerical equivalence # 3. Gene-wise normalized component equivalence # 4. Constant-gene behavior # 5. Missing-gene behavior # 6. Output range # 7. Repeated execution determinism # # READ-ONLY — NO FILES MODIFIED # ============================================================
/content/drive/MyDrive/Colab Notebooks/Untitled100.ipynb,Untitled100.ipynb,13,POSSIBLE_STIMULUS_CONSTRUCTION,15,0,0,4,0,0,1,0,0,0,0,22849, # ============================================================ # MFOS STEP 77 — CREATE SINGLE CANONICAL REPRODUCIBLE VERSION # ============================================================ # PURPOSE: # 1. Inspect current repository structure # 2. Create reproducible_current/code/ # 3. Create a clean canonical MFOS implementation # 4. Create canonical MFOS configuration # 5. Create an independent validation script # 6. Validate the new implementation against STEP73 # # IMPORTANT: # - Existing public code is NOT overwritten # - Historical archives are NOT modified # - Existing 
/content/drive/MyDrive/Colab Notebooks/Untitled4.ipynb,Untitled4.ipynb,31,POSSIBLE_STIMULUS_CONSTRUCTION,15,0,0,4,0,0,1,0,0,0,0,26188, # ================================================================================ # STEP 28 — UNIQUE-CDR3 MULTIVARIABLE MOTIF–ANTIGEN VALIDATION # WITH REGULARIZED LOGISTIC REGRESSION # ================================================================================ # # PURPOSE # ------- # Re-test motif–antigen associations at the UNIQUE CDR3β level. # # Statistical unit: # one unique CDR3β # # Outcome: # antigen-specific membership (one-vs-rest) # # Predictors: # target motif family # donor # V gene # J gene # CDR3 length # clone abundance # # Regularization:
/content/drive/MyDrive/Colab Notebooks/Untitled98.ipynb,Untitled98.ipynb,91,POSSIBLE_STIMULUS_CONSTRUCTION,15,8,0,4,1,1,1,0,0,1,2,19534, # ============================================================ # FIGURE 2 — BEHAVIOURAL TRANSFORMATION # ============================================================ # Uses ONLY the saved v13.3E behavioural profiles. # NO simulation # NO new model fitting # NO Drive output # # Outputs: # /content/Figure_2.png # /content/Figure_2.tiff # # 300 DPI # No overall figure title # ============================================================ # ============================================================ # 1. MOUNT GOOGLE DRIVE # ============================================================ from 
/content/drive/MyDrive/Colab Notebooks/Untitled1.ipynb,Untitled1.ipynb,3,POSSIBLE_STIMULUS_CONSTRUCTION,15,0,0,3,0,0,0,0,0,0,0,24489, # ============================================================ # STEP 18 — CROSS-TALK STRESS TEST # # Goal: # # Test robustness of the one-cell / three-antibody architecture # when regulatory cross-talk is deliberately introduced. # # Cross-talk levels: # # 0% # 1% # 5% # 10% # 20% # 30% # # We measure: # # 1. Intended output # 2. Unintended output # 3. Channel specificity # 4. Triple-ON preservation # 5. Multiplexing score # 6. Resource allocation # 7. Robustness loss # # Abstract mathematical model. # ============================================================ # =========================
/content/drive/MyDrive/Colab Notebooks/Untitled51.ipynb,Untitled51.ipynb,15,POSSIBLE_STIMULUS_CONSTRUCTION,15,0,0,3,0,0,0,0,0,0,0,32524," # ============================================================================= # GSE164737 — WITHIN-SPECIES DEVELOPMENTAL TARGET COORDINATION ANALYSIS # ============================================================================= # # PURPOSE # ------- # Determine whether the four developmental targets show coordinated # developmental behavior within Chicken and Mouse. # # Targets: # Chicken: ADAM17, HES1, LFNG, MSGN1 # Mouse: Adam17, Hes1, Lfng, Msgn1 # # ANALYSES # -------- # 1. Replicate-level target-target Pearson correlation # 2. Replicate-level target-target Spearman correlation "
/content/drive/MyDrive/Colab Notebooks/Untitled70.ipynb,Untitled70.ipynb,3,POSSIBLE_STIMULUS_CONSTRUCTION,15,0,0,3,0,0,0,0,0,0,0,24464, # ====================================================================== # FIGURE 5 — FINAL HUMAN–MOUSE CROSS-SPECIES EVIDENCE # ====================================================================== # # FINAL H26.17 12-GENE EVIDENCE SYNTHESIS # # Figure purpose: # Human–mouse developmental concordance / evidence ranking # # Four FINAL independent evidence layers: # 1. Bootstrap robustness # 2. Non-interpolated 3-stage comparison # 3. Transition-signature concordance # 4. Binning sensitivity # # Final expected interpretation: # PAX3 4/4 ROBUST # LFNG 3/4 SUPP
/content/drive/MyDrive/Colab Notebooks/Untitled103.ipynb,Untitled103.ipynb,21,POSSIBLE_STIMULUS_CONSTRUCTION,15,8,0,2,1,0,0,0,4,0,1,32260," # ================================================================ # STEP 25 — CORRECTED CROSS-LAYER INTEGRATION # FINAL ARCHITECTURE–NETWORK–FUNCTION RECONCILIATION # ================================================================ from google.colab import drive drive.mount('/content/drive') import os import json import hashlib import numpy as np import pandas as pd # ================================================================ # BASE PATHS # ================================================================ BASE = ""/content/drive/MyDrive/ADHD/12_PERMUTATION_TESTS/MATCHED_NULL"" ARCH_"
/content/drive/MyDrive/Colab Notebooks/Untitled96.ipynb,Untitled96.ipynb,54,POSSIBLE_STIMULUS_CONSTRUCTION,14,8,0,6,1,0,2,0,0,0,0,17393, # ============================================================ # STEP 40 — DOMINANT-COMPONENT ADJUSTMENT OF MFOS # ============================================================ # # QUESTION: # Does canonical MFOS retain cell-type-associated structure # after statistically removing the contribution of its # dominant components (TMSB4X and TMSB10)? # # ANALYSES: # 1. MFOS adjusted for TMSB4X # 2. MFOS adjusted for TMSB4X + TMSB10 # 3. Residual eta-squared # 4. Label-permutation null # 5. Incremental comparison # # IMPORTANT: # This is an association/sensitivity analysis. # It
/content/drive/MyDrive/Colab Notebooks/Untitled96.ipynb,Untitled96.ipynb,44,POSSIBLE_STIMULUS_CONSTRUCTION,14,8,0,5,1,0,2,0,0,0,1,50873," # ============================================================================== # STEP 38 — MFOS FULL-PANEL CLASSIFICATION VALIDATION # ============================================================================== # # Reviewer Comment 8: # ""Only single accuracy 29.6%; no precision/recall/F1/sensitivity/specificity # per class, no CV/train-test procedure, no chance baseline, no benchmark."" # # PURPOSE # ------- # 1. Reconstruct the ORIGINAL kidney1 dataset from GSE131685_RAW.tar # 2. Use the FULL formal MFOS panel # 3. Apply the original preprocessing pathway as closely as possible # 4. Perf"
/content/drive/MyDrive/Colab Notebooks/Untitled96.ipynb,Untitled96.ipynb,15,POSSIBLE_STIMULUS_CONSTRUCTION,14,0,0,4,0,0,2,0,0,0,0,5281, # ============================================================ # STEP 20 — KIDNEY RF: BASELINE + PERMUTATION NULL MODEL # ============================================================ from google.colab import drive drive.mount('/content/drive') import numpy as np import pandas as pd from sklearn.model_selection import train_test_split from sklearn.preprocessing import LabelEncoder from sklearn.ensemble import RandomForestClassifier from sklearn.metrics import accuracy_score # ------------------------------------------------------------ # EXACT MFOS GENES USED IN ORIGINAL 29.6% ANALYSIS # -
/content/drive/MyDrive/Colab Notebooks/Untitled3.ipynb,Untitled3.ipynb,20,POSSIBLE_STIMULUS_CONSTRUCTION,14,0,0,3,0,0,1,0,0,0,0,25313," # ============================================================================ # STAGE 4H-2 # ASYMMETRIC SHARED-RESOURCE COMPETITION # ============================================================================ # # PURPOSE # ------- # Stage 4H-Fixed successfully activated contention, but: # # contention > 0 # starvation ~ 0 # arbitration ~= uncontrolled # # Therefore the next question is: # # Does allocation of a genuinely finite shared resource change the # completion dynamics when the two processes have different bottlenecks? # # This is MECHANISTIC VALIDATION. # # NO controller "
/content/drive/MyDrive/Colab Notebooks/Untitled12.ipynb,Untitled12.ipynb,25,POSSIBLE_STIMULUS_CONSTRUCTION,14,0,0,2,0,0,0,0,2,0,0,19434," # ============================================================================================================== # STEP 32D-FIX21-FIX3-FIX2 # 23 NOMINAL F1 CANDIDATES × VERIFIED F0 DMR COORDINATE LINKAGE # CORRECTED F1 Geneid HANDLING # ============================================================================================================== import os import pandas as pd import numpy as np BASE = ""/content/drive/MyDrive/Dissertation"" FIX20 = os.path.join( BASE, ""GC_STEP32D_FIX20_23_CANDIDATE_MECHANISTIC_PRIORITIZATION"" ) F1_MATRIX = os.path.join( BASE, ""GC_STEP32D_FIX1"
/content/drive/MyDrive/Colab Notebooks/Untitled112.ipynb,Untitled112.ipynb,58,POSSIBLE_STIMULUS_CONSTRUCTION,13,8,0,6,1,0,3,0,0,0,0,9410, # ================================================================ # PART 31.40 — MATCHED PERMUTATION NULL OF PROTO-ORF ACCESSIBILITY # ================================================================ # Question: # Is the retained > rejected normalized proto-ORF accessibility # difference larger than expected if retained/rejected labels # were randomly exchanged within the tight D=0.20 matched pairs? # # Uses saved Part 31.35 normalized accessibility. # No sequence rescanning. # No 2.6M-event processing. # ================================================================ from google.colab imp
/content/drive/MyDrive/Colab Notebooks/Untitled13.ipynb,Untitled13.ipynb,22,POSSIBLE_STIMULUS_CONSTRUCTION,13,8,0,6,1,0,3,0,0,0,0,37009, # ===================================================================================================================== # STEP 32D-FIX31-FIX1-FIX5-FIX3-FIX1 # NUMERICAL + STATISTICAL REPAIR OF JOINT H3K9me3 ENRICHMENT # ===================================================================================================================== # # PURPOSE # ------- # FIX5-FIX3 में दिखाई दिए: # mean DMR log2 enrichment = -inf # # को mathematically repair करना। # # This step: # 1. audits zero/near-zero candidate/background signals # 2. creates a finite stabilized log2 enrichment # 3. recalcul
/content/drive/MyDrive/Colab Notebooks/Untitled1.ipynb,Untitled1.ipynb,17,POSSIBLE_STIMULUS_CONSTRUCTION,13,0,0,4,0,0,1,0,0,0,0,21682, # ============================================================ # STEP 31 — MONTE CARLO ROBUSTNESS & CONFIDENCE ENVELOPE # # PURPOSE # # STEP 29: # Identified the joint regulatory × capacity operating window. # # STEP 30: # Tested one-parameter-at-a-time sensitivity. # # STEP 31: # Tests simultaneous uncertainty in: # # Leak # Hill coefficient # Regulatory insulation # Cellular burden # Available capacity # # The objective is NOT to claim biological validation. # # The objective is to determine whether the predicted operating # window remains stable when sev
/content/drive/MyDrive/Colab Notebooks/Untitled0.ipynb,Untitled0.ipynb,53,POSSIBLE_STIMULUS_CONSTRUCTION,13,0,0,3,0,0,0,0,0,0,0,17510," # ============================================================================================== # PHASE 46 — EXACT SEX-ADJUSTED LIMMA MODEL RECONSTRUCTION # ============================================================================================== import os import re import numpy as np import pandas as pd from scipy import stats print(""="" * 110) print(""PHASE 46 — EXACT SEX-ADJUSTED LIMMA MODEL RECONSTRUCTION"") print(""="" * 110) # ============================================================================================== # STEP 1 — PATHS # ============================================"
/content/drive/MyDrive/Colab Notebooks/Untitled1.ipynb,Untitled1.ipynb,4,POSSIBLE_STIMULUS_CONSTRUCTION,13,0,0,3,0,0,0,0,0,0,0,19965," # ============================================================ # STEP 18B — CORRECTED CROSS-TALK STRESS TEST # # IMPORTANT CORRECTION: # # In STEP 18, inactive channels were forced to receive zero # resource allocation, which mathematically prevented # cross-talk from becoming unintended antibody production. # # STEP 18B explicitly models leaked regulatory demand as # unintended production demand. # # This allows us to measure: # # Signal A -> unintended B/C # Signal B -> unintended A/C # Signal C -> unintended A/B # # across a much wider cross-talk range. # # =========================="
/content/drive/MyDrive/Colab Notebooks/Untitled106.ipynb,Untitled106.ipynb,23,POSSIBLE_STIMULUS_CONSTRUCTION,13,0,0,2,0,0,0,0,1,0,0,16842," from google.colab import drive drive.mount('/content/drive') import os import numpy as np import pandas as pd from scipy.stats import spearmanr from sklearn.model_selection import KFold print(""=""*78) print(""PART 26 — REPEATED K-FOLD CROSS-VALIDATION OF GEP SCORING STABILITY"") print(""=""*78) # ============================================================================ # PATHS # ============================================================================ BASE = ""/content/drive/MyDrive/GENE/11_RESULTS/PART_25B_EMPIRICAL_NULL_TESTING"" OBS_SCORE = ( ""/content/drive/MyDrive/GENE/11_RESULTS"
/content/drive/MyDrive/Colab Notebooks/Untitled46.ipynb,Untitled46.ipynb,21,POSSIBLE_STIMULUS_CONSTRUCTION,13,0,0,2,0,0,0,0,1,0,2,9902," # ============================================================ # GSE161905 — PCA + UMAP + CELL-STATE CLUSTERING # ============================================================ import os import numpy as np import pandas as pd import matplotlib.pyplot as plt from sklearn.decomposition import PCA from sklearn.preprocessing import StandardScaler from sklearn.neighbors import NearestNeighbors from sklearn.cluster import KMeans BASE_DIR = ( ""/content/drive/MyDrive/thesis/"" ""DSD_Project/02_Developmental_Datasets/GSE161905"" ) INPUT_FILE = os.path.join( BASE_DIR, ""GSE161905_st51_Nor"
/content/drive/MyDrive/Colab Notebooks/Untitled70.ipynb,Untitled70.ipynb,4,POSSIBLE_STIMULUS_CONSTRUCTION,13,0,0,2,0,0,0,0,0,0,1,15510, # ================================================================ # FIGURE 6 — FINAL INTEGRATED EVIDENCE MODEL # H26.17 FINAL BIOLOGICAL EVIDENCE SYNTHESIS # # 4 independent evidence layers: # 1. Bootstrap # 2. Non-interpolated # 3. Transition # 4. Binning sensitivity # # Final classes: # Robust # Supported # Partial # Limited # No robust concordance # # OUTPUT: # PNG — 300 DPI # TIFF — 300 DPI # PDF — vector # # No title inside the figure. # ================================================================ import os import glob import warnings import numpy as np im
/content/drive/MyDrive/Colab Notebooks/Untitled86.ipynb,Untitled86.ipynb,3,POSSIBLE_STIMULUS_CONSTRUCTION,13,0,0,2,0,0,0,0,1,0,0,14119, # ============================================================================================================== # STAGE 4C-3R-S4.17F — PAX3 PAIRWISE dN/dS EVOLUTIONARY CONSTRAINT ANALYSIS # ============================================================================================================== !pip -q install biopython import os import json import itertools import math import pandas as pd from Bio import AlignIO # -------------------------------------------------------------------------------------------------------------- # PATHS # -------------------------------------------------
/content/drive/MyDrive/Colab Notebooks/Untitled92.ipynb,Untitled92.ipynb,17,POSSIBLE_STIMULUS_CONSTRUCTION,13,8,0,2,1,0,0,0,0,5,1,18979," # ============================================================================= # HONEYBEE MODEL v11.7 # IMPLEMENTATION FORENSIC AUDIT # NO NEW NETWORK SIMULATION # ============================================================================= from google.colab import drive drive.mount('/content/drive') import os import numpy as np import pandas as pd from scipy.stats import spearmanr # ============================================================================= # CONFIG # ============================================================================= OUTDIR = ""/content/drive/MyDrive/Honey"""
/content/drive/MyDrive/Colab Notebooks/Untitled93.ipynb,Untitled93.ipynb,1,POSSIBLE_STIMULUS_CONSTRUCTION,13,8,0,2,1,0,0,0,0,5,1,18979," # ============================================================================= # HONEYBEE MODEL v11.7 # IMPLEMENTATION FORENSIC AUDIT # NO NEW NETWORK SIMULATION # ============================================================================= from google.colab import drive drive.mount('/content/drive') import os import numpy as np import pandas as pd from scipy.stats import spearmanr # ============================================================================= # CONFIG # ============================================================================= OUTDIR = ""/content/drive/MyDrive/Honey"""
/content/drive/MyDrive/Colab Notebooks/Untitled93.ipynb,Untitled93.ipynb,20,POSSIBLE_STIMULUS_CONSTRUCTION,13,8,0,2,1,1,0,1,1,2,2,10255," Drive already mounted at /content/drive; to attempt to forcibly remount, call drive.mount(""/content/drive"", force_remount=True). ================================================================================ HONEYBEE MODEL v12.2.9 PUBLISHED LEARNING-RATE-SPACE EXPERIMENT ================================================================================ CONTINUUM AUDIT -------------------------------------------------------------------------------- Shape: (100, 100) Unique patterns: 100 Active PNs/stimulus: [50] CS+ pattern: 51 CS- pattern: 65 CS+ / CS- overlap: 36 CS+ / CS- similarity: 72.0 "
/content/drive/MyDrive/Colab Notebooks/Untitled3.ipynb,Untitled3.ipynb,21,POSSIBLE_STIMULUS_CONSTRUCTION,12,0,0,3,0,0,1,0,0,0,0,34104," # ============================================================================ # STAGE 4I — MECHANISTIC R↔M COUPLING / SYNERGY TEST # ============================================================================ # # QUESTION: # Does reciprocal R↔M coupling create an emergent throughput advantage # that cannot be obtained by simple resource reallocation? # # NO controller optimization. # NO parameter fitting. # NO random search for a ""winning"" controller. # # We compare: # # 1. CONVENTIONAL # Sequential replication -> membrane # # 2. PARALLEL-INDEPENDENT # R and M operate independ"
/content/drive/MyDrive/Colab Notebooks/Untitled3.ipynb,Untitled3.ipynb,23,POSSIBLE_STIMULUS_CONSTRUCTION,12,0,0,3,0,0,1,0,0,0,0,30412, # ============================================================================ # STAGE 4K — UNSEEN-REGIME MECHANISTIC GENERALIZATION # ============================================================================ # # PURPOSE # ------- # Stage 4I discovered synergistic dual-advantage regimes. # Stage 4J tested robustness of those discovered regimes. # # Stage 4K asks a harder question: # # Does the mechanism work in parameter regimes that were NOT used # to identify the Stage 4I winners? # # IMPORTANT: # - NO optimization # - NO parameter tuning # - NO selection based on performance #
/content/drive/MyDrive/Colab Notebooks/Untitled8.ipynb,Untitled8.ipynb,1,POSSIBLE_STIMULUS_CONSTRUCTION,12,0,0,3,0,0,1,0,0,0,0,30412, # ============================================================================ # STAGE 4K — UNSEEN-REGIME MECHANISTIC GENERALIZATION # ============================================================================ # # PURPOSE # ------- # Stage 4I discovered synergistic dual-advantage regimes. # Stage 4J tested robustness of those discovered regimes. # # Stage 4K asks a harder question: # # Does the mechanism work in parameter regimes that were NOT used # to identify the Stage 4I winners? # # IMPORTANT: # - NO optimization # - NO parameter tuning # - NO selection based on performance #
/content/drive/MyDrive/Colab Notebooks/Untitled96.ipynb,Untitled96.ipynb,37,POSSIBLE_STIMULUS_CONSTRUCTION,12,0,0,3,0,0,1,0,0,0,0,4702,"# ============================================================================ # STEP 33C — CLEAN LABEL-PERMUTATION TEST # ============================================================================ # Ensure dependencies are installed !pip install scanpy -q import numpy as np import pandas as pd import scanpy as sc import os from google.colab import drive # Mount drive if not already mounted if not os.path.exists('/content/drive'): drive.mount('/content/drive') DATA_PATH = ""/content/drive/MyDrive/CELLDEC/pancreas.h5ad.h5"" if not os.path.exists(DATA_PATH): print(f""Error: {DATA_PAT"
/content/drive/MyDrive/Colab Notebooks/Untitled0.ipynb,Untitled0.ipynb,48,POSSIBLE_STIMULUS_CONSTRUCTION,12,0,0,2,0,0,0,0,0,0,0,18290, # ================================================================================================== # PHASE 43 — RAT KIDNEY DAY5 PROBE-LEVEL CONTROL vs CADMIUM RECONSTRUCTION # ================================================================================================== # # GOAL: # Reconstruct the genuine Rat Kidney Day5 response directly from: # # Day5_expression_log2.csv # GSE16233_metadata.csv # Rat_Kidney_Day5_Annotated_Limma.csv # # Target genes are linked through the exact probe IDs already established # in the reference Rat Kidney Day5 file. # # IMPORTAN
/content/drive/MyDrive/Colab Notebooks/Untitled0.ipynb,Untitled0.ipynb,64,POSSIBLE_STIMULUS_CONSTRUCTION,12,0,0,2,0,0,0,0,0,0,0,10874, # ============================================================ # FIGURE 3 — SIX-CONTEXT INDEPENDENT REPRODUCTION # Rat Kidney | Mouse Kidney | Human Kidney | # Rat Liver | Mouse Liver | Human Liver # # Output: # Figure3_6Context_Independent_Validation.png # Figure3_6Context_Independent_Validation.pdf # Figure3_6Context_Independent_Validation.tiff # # 300 DPI # NO TITLE / NO HEADING # ============================================================ import os import numpy as np import pandas as pd import matplotlib.pyplot as plt import seaborn as sns # ------------------------------------
/content/drive/MyDrive/Colab Notebooks/Untitled0.ipynb,Untitled0.ipynb,65,POSSIBLE_STIMULUS_CONSTRUCTION,12,0,0,2,0,0,0,0,0,0,0,13342,"import os import glob import numpy as np import pandas as pd import matplotlib.pyplot as plt import seaborn as sns # ------------------------------------------------------------ # 1. DRIVE ROOTS # ------------------------------------------------------------ ROOTS = [ ""/content/drive/MyDrive/Toxicology"", ""/content/drive/MyDrive/Toxicology (1)"" ] # ------------------------------------------------------------ # 2. TARGET 15 GENES # ------------------------------------------------------------ GENES = [ ""BEX4"", ""CDH13"", ""COL16A1"", ""CTBP2"", ""GSG1"", ""HMOX1"", ""H"
/content/drive/MyDrive/Colab Notebooks/Untitled104.ipynb,Untitled104.ipynb,3,POSSIBLE_STIMULUS_CONSTRUCTION,12,8,0,2,1,0,0,0,4,0,0,11320," from google.colab import drive drive.mount('/content/drive') import os import json import pandas as pd import numpy as np print(""="" * 78) print(""STEP 32F — MOLECULAR × DEVELOPMENTAL PAIR STRATIFICATION AUDIT"") print(""="" * 78) # ============================================================ # PATHS # ============================================================ BASE = ""/content/drive/MyDrive/ADHD/12_PERMUTATION_TESTS/MATCHED_NULL"" PART32 = os.path.join( BASE, ""ANNOTATION_AUDIT"", ""PART_32_MOLECULAR_ROUTE_DEVELOPMENTAL_STATE"" ) MOLECULAR_FILE = os.path.join( PART32, ""step3"
/content/drive/MyDrive/Colab Notebooks/Untitled104.ipynb,Untitled104.ipynb,5,POSSIBLE_STIMULUS_CONSTRUCTION,12,8,0,2,1,0,0,0,4,0,0,11920," from google.colab import drive drive.mount('/content/drive') import os import json import numpy as np import pandas as pd print(""="" * 78) print(""STEP 32G — MOLECULAR × DEVELOPMENTAL COUPLING AUDIT"") print(""="" * 78) # ============================================================ # PATHS # ============================================================ BASE = ""/content/drive/MyDrive/ADHD/12_PERMUTATION_TESTS/MATCHED_NULL"" PART32 = os.path.join( BASE, ""ANNOTATION_AUDIT"", ""PART_32_MOLECULAR_ROUTE_DEVELOPMENTAL_STATE"" ) PAIR_FILE = os.path.join( PART32, ""step32F-R_corrected_m"
/content/drive/MyDrive/Colab Notebooks/Untitled104.ipynb,Untitled104.ipynb,6,POSSIBLE_STIMULUS_CONSTRUCTION,12,8,0,2,1,0,0,0,4,0,0,16711,"from google.colab import drive drive.mount('/content/drive') import os import json import pandas as pd import numpy as np print(""="" * 78) print(""STEP 32H — MOLECULAR ROUTE × DEVELOPMENTAL STATE EVIDENCE LOCK"") print(""="" * 78) # ============================================================ # BASE PATHS # ============================================================ BASE = ""/content/drive/MyDrive/ADHD/12_PERMUTATION_TESTS/MATCHED_NULL"" PART32 = os.path.join( BASE, ""ANNOTATION_AUDIT"", ""PART_32_MOLECULAR_ROUTE_DEVELOPMENTAL_STATE"" ) print(""\nOUTPUT DIRECTORY"") print(PART32) # ===="
/content/drive/MyDrive/Colab Notebooks/Untitled19.ipynb,Untitled19.ipynb,3,POSSIBLE_STIMULUS_CONSTRUCTION,12,8,0,2,1,0,0,0,3,0,1,25207, # ============================================================================================================== # STEP 32D...FIX22T # TGIF2LY DIRECT-BINDING VALIDATION BLUEPRINT # WT vs MOTIF-DISRUPTED SEQUENCE DESIGN + CONTROL AUDIT # ============================================================================== from google.colab import drive drive.mount('/content/drive') import os import re import json import hashlib import numpy as np import pandas as pd from itertools import product # -----------------------------------------------------------------------------------------------------
/content/drive/MyDrive/Colab Notebooks/Untitled3.ipynb,Untitled3.ipynb,16,POSSIBLE_STIMULUS_CONSTRUCTION,12,0,0,2,0,0,1,0,0,0,1,28951, # ================================================================ # STAGE 4G — STOCHASTIC ROBUSTNESS + ADVERSARIAL VALIDATION # ================================================================ # # Goal: # Stress-test the verified Stage 4F Fair RAP architecture. # # IMPORTANT: # - No artificial kinetic multiplier # - No controller optimization # - No arbitrary performance bonus # - Uses verified Stage 4C parameters # - Uses the Fair RAP formulation from Stage 4F # # Output: # /content/drive/MyDrive/AI/Synthetic_Cell/ # # ==========================================================
/content/drive/MyDrive/Colab Notebooks/Untitled3.ipynb,Untitled3.ipynb,17,POSSIBLE_STIMULUS_CONSTRUCTION,12,0,0,2,0,0,1,0,0,0,1,29597," # ================================================================ # STAGE 4G-FIXED # STOCHASTIC ROBUSTNESS + ADVERSARIAL VALIDATION # ================================================================ import os import numpy as np import pandas as pd import matplotlib.pyplot as plt print(""="" * 78) print(""STAGE 4G-FIXED — STOCHASTIC ROBUSTNESS + ADVERSARIAL VALIDATION"") print(""="" * 78) # ================================================================ # 1. GOOGLE DRIVE # ================================================================ PROJECT_DIR = ""/content/drive/MyDrive/AI/Synthetic_Cell"""
/content/drive/MyDrive/Colab Notebooks/Untitled7.ipynb,Untitled7.ipynb,82,POSSIBLE_STIMULUS_CONSTRUCTION,12,0,0,2,0,0,0,0,1,0,1,25006," # ===================================================================== # GC ENVIRONMENTAL MEMORY # FINAL EPIGENOMIC MECHANISM TEST — FIXED ZFIN MAPPING PARSER # ===================================================================== import os import gzip import warnings import numpy as np import pandas as pd from collections import defaultdict from functools import lru_cache from scipy.stats import fisher_exact, hypergeom from statsmodels.stats.multitest import multipletests warnings.filterwarnings(""ignore"") from google.colab import drive drive.mount(""/content/drive"") # =================="
/content/drive/MyDrive/Colab Notebooks/Untitled70.ipynb,Untitled70.ipynb,5,POSSIBLE_STIMULUS_CONSTRUCTION,12,0,0,2,0,0,0,0,0,0,0,15645," # ================================================================ # FIGURE 6 — FINAL INTEGRATED EVIDENCE MODEL # CORRECTED PUBLICATION-READY VERSION # ================================================================ import os import glob import warnings import numpy as np import pandas as pd import matplotlib.pyplot as plt from matplotlib.patches import Rectangle from matplotlib.lines import Line2D warnings.filterwarnings(""ignore"") # ================================================================ # 1. GOOGLE DRIVE # ================================================================ from g"
/content/drive/MyDrive/Colab Notebooks/Untitled70.ipynb,Untitled70.ipynb,6,POSSIBLE_STIMULUS_CONSTRUCTION,12,0,0,2,0,0,0,0,0,0,0,11368," # ================================================================ # FIGURE 6 — FINAL INTEGRATED EVIDENCE MODEL # FINAL LAYOUT-CORRECTED VERSION # ================================================================ import os import glob import numpy as np import pandas as pd import matplotlib.pyplot as plt from matplotlib.patches import Rectangle from matplotlib.lines import Line2D # ------------------------------------------------ # DRIVE # ------------------------------------------------ from google.colab import drive if not os.path.exists(""/content/drive/MyDrive""): drive.mount(""/conten"
/content/drive/MyDrive/Colab Notebooks/Untitled81.ipynb,Untitled81.ipynb,3,POSSIBLE_STIMULUS_CONSTRUCTION,12,0,0,2,0,0,0,0,0,0,0,32881," # ==================================================================================================== # PAX3 EVOLUTIONARY CONSTRAINT PROJECT # STAGE 4B — MOUSE-ONLY GENOME-WIDE TRAJECTORY SCREEN # # CORE QUESTION: # # ""Mouse ke genome-wide analysable genes mein PAX3 ki developmental trajectory # objectively kitni strong / reproducible hai?"" # # IMPORTANT: # ---------------------------------------------------------------------------------------------------- # 1. NO CHICKEN DATA # 2. NO ORTHOLOGY # 3. NO 12-GENE PANEL # 4. NO PAX3 SPECIAL WEIGHT # 5. NO PAX3-BASED FILTER # 6. SAME RULE APPLIED"
/content/drive/MyDrive/Colab Notebooks/Untitled98.ipynb,Untitled98.ipynb,33,POSSIBLE_STIMULUS_CONSTRUCTION,12,8,0,2,1,1,0,0,0,2,2,9980," # ============================================================================= # HONEYBEE MODEL v12.3V # v12.3N DUPLICATE-RULE FORENSIC AUDIT # DOSE = 0.8 # NO SIMULATION # ============================================================================= from google.colab import drive drive.mount('/content/drive') import os import numpy as np import pandas as pd BASE = ""/content/drive/MyDrive/Honey"" N_FILE = os.path.join( BASE, ""Honeybee_Model_v12_3N_Dopa_Bee_Dose_Profiles.csv"" ) P_FILE = os.path.join( BASE, ""Honeybee_Model_v12_3P_Critical_PNKC_Threshold_Profiles.csv"" ) OUT"
/content/drive/MyDrive/Colab Notebooks/Untitled18.ipynb,Untitled18.ipynb,2,POSSIBLE_STIMULUS_CONSTRUCTION,11,8,0,5,1,0,1,0,0,0,1,43862, # ============================================================================================================== # STEP 32D...FIX22P-R1 # TGIF2LY CANDIDATE SEQUENCE-vs-MATCHED-CONTROL MOTIF ARCHITECTURE TEST # # CORRECTION: # FIX23_FIX2_DMR_sequences.csv does NOT contain an explicit DMR key or gene column. # Therefore: # 1. Build coordinate key from chromosome + dmr_start + dmr_end # 2. Resolve gene from authoritative Point-7 8-DMR artifact # 3. Normalize chr6 -> 6 # # PURPOSE: # Test whether the locked candidate TGIF2LY motif burden is unusual relative # to dinucleotide-preserving sequ
/content/drive/MyDrive/Colab Notebooks/Untitled4.ipynb,Untitled4.ipynb,68,POSSIBLE_STIMULUS_CONSTRUCTION,11,8,0,5,1,0,2,0,0,0,0,14780," # ============================================================================== # STEP 50 — DONOR-PRESERVING COMPOSITE ARCHITECTURE ANTIGEN-PERMUTATION VALIDATION # ============================================================================== # # Purpose: # Independently test whether the focal composite architecture # # QGYE + GYEQY + YEQYF # # is disproportionately concentrated in NYNYLYRLF beyond what is expected # after preserving donor structure. # # Statistical unit: # donor × CDR3β # # Null model: # Within each donor, randomly redistribute antigen labels while preservi"
/content/drive/MyDrive/Colab Notebooks/Untitled0.ipynb,Untitled0.ipynb,55,POSSIBLE_STIMULUS_CONSTRUCTION,11,0,0,3,0,0,0,0,0,0,0,20416," # ============================================================================================== # PHASE 46D — INDEPENDENT SEX-ADJUSTED MODEL RECONSTRUCTION # ============================================================================================== import os import re import numpy as np import pandas as pd import statsmodels.api as sm from scipy import stats print(""="" * 110) print(""PHASE 46D — INDEPENDENT SEX-ADJUSTED MODEL RECONSTRUCTION"") print(""="" * 110) # ============================================================================================== # STEP 1 — PATHS # ============="
/content/drive/MyDrive/Colab Notebooks/Untitled1.ipynb,Untitled1.ipynb,15,POSSIBLE_STIMULUS_CONSTRUCTION,11,0,0,3,0,0,0,0,0,0,0,28331, # ============================================================ # STEP 29 — REGULATORY × CAPACITY INTERACTION # # GOAL # # Determine the true operating window of the engineered # multiplex antibody-producing cell when: # # cellular capacity # # AND # # regulatory cross-talk # # are varied simultaneously. # # This connects STEP 20–25 (capacity limitation) # with STEP 26–28 (regulatory insulation). # # ============================================================ # ============================================================ # 0. IMPORTS + DRIVE # ===================================
/content/drive/MyDrive/Colab Notebooks/Untitled3.ipynb,Untitled3.ipynb,18,POSSIBLE_STIMULUS_CONSTRUCTION,11,0,0,3,0,0,1,0,0,0,1,35762, # ============================================================================ # STAGE 4H — MECHANISTIC RESOURCE-COMPETITION VALIDATION # ============================================================================ # # PURPOSE # ------- # 1. Preserve the locked Stage 4C parameterization. # 2. Explicitly create simultaneous replication + membrane resource demand. # 3. Measure whether the shared resource pool actually becomes limiting. # 4. Quantify contention and starvation. # 5. Compare: # A) Conventional/sequential resource use # B) Parallel non-arbitrated use # C) Resource
/content/drive/MyDrive/Colab Notebooks/Untitled51.ipynb,Untitled51.ipynb,14,POSSIBLE_STIMULUS_CONSTRUCTION,11,0,0,3,0,0,0,0,0,0,0,25907, # ============================================================================= # GSE164737 — CORRECTED CROSS-SPECIES DEVELOPMENTAL CONSERVATION ANALYSIS # ============================================================================= # # PURPOSE # ------- # Correctly evaluate whether orthologous developmental trajectories show # conserved or divergent CHANGE PATTERNS between Chicken and Mouse. # # IMPORTANT: # Raw signal magnitudes are NEVER compared across species. # # Cross-species comparison is based on: # 1. Within-species baseline-relative log2FC # 2. Adjacent developmental transit
/content/drive/MyDrive/Colab Notebooks/Untitled98.ipynb,Untitled98.ipynb,52,POSSIBLE_STIMULUS_CONSTRUCTION,11,8,0,3,1,0,0,0,0,4,0,19662, # ================================================================================ # v13.2H — TEMPORAL MECHANISM / HISTORY ANALYSIS # ================================================================================ # Goal: # Determine which temporal property of reinforcement schedules best explains # learned discrimination: # # 1. transition count # 2. max run length # 3. number of runs # 4. lag-1 autocorrelation # 5. reward->punishment transitions # 6. punishment->reward transitions # 7. early/late temporal mixing # 8. temporal entropy # # IMPORTANT: # No new neural-network s
/content/drive/MyDrive/Colab Notebooks/Untitled102.ipynb,Untitled102.ipynb,69,POSSIBLE_STIMULUS_CONSTRUCTION,11,8,0,2,1,0,0,0,3,0,0,15737," # ================================================================ # PART 12C.4C.1M.4 # E5 INTERSECTION + UNIPROT MULTIPLICITY RESOLUTION AUDIT # ================================================================ from google.colab import drive drive.mount('/content/drive') import os import json import pandas as pd print(""="" * 75) print(""PART 12C.4C.1M.4"") print(""E5 INTERSECTION + UNIPROT MULTIPLICITY RESOLUTION AUDIT"") print(""="" * 75) # ================================================================ # 1. PATHS # ================================================================ BASE = ( "
/content/drive/MyDrive/Colab Notebooks/Untitled106.ipynb,Untitled106.ipynb,24,POSSIBLE_STIMULUS_CONSTRUCTION,11,0,0,2,0,0,0,0,1,0,0,15397,"from google.colab import drive drive.mount('/content/drive') import os import numpy as np import pandas as pd from scipy.stats import spearmanr from sklearn.model_selection import KFold print(""=""*78) print(""PART 26R — REPEATED K-FOLD GEP PARAMETER STABILITY"") print(""=""*78) # ============================================================================ # PATHS # ============================================================================ RESULTS = ""/content/drive/MyDrive/GENE/11_RESULTS"" OBS_SCORE = os.path.join( RESULTS, ""PART_24B_GEP_MODEL_FITTING"", ""PART_24B_GEP_DISTRIBUTIONA"
/content/drive/MyDrive/Colab Notebooks/Untitled12.ipynb,Untitled12.ipynb,5,POSSIBLE_STIMULUS_CONSTRUCTION,11,0,0,2,0,0,0,0,0,0,1,4141,"import os import re import glob import numpy as np import pandas as pd from scipy.stats import ttest_ind print(""=""*110) print(""STEP 32D-FIX8 — MECHANISTIC CANDIDATE LOCUS ANALYSIS"") print(""=""*110) # [1] PATHS BASE = ""/content/drive/MyDrive/Dissertation"" RECOVERY_DIR = os.path.join(BASE, ""GC_STEP31_GSE160662_ROBUST5_METHYLATION"", ""STEP32D_FIX6_VERIFIED_SUPPLEMENTARY"") TABLE_S4 = os.path.join(RECOVERY_DIR, ""12915_2022_1389_MOESM4_ESM.xlsx"") F1_DIR = os.path.join(BASE, ""GC_STEP32A_F1_RNASEQ_ROBUST5"", ""F1_RNA_files"") OUTDIR = os.path.join(BASE, ""GC_STEP32D_FIX7_MECHANISTIC_CANDIDATE_ANALYSIS"") o"
/content/drive/MyDrive/Colab Notebooks/Untitled12.ipynb,Untitled12.ipynb,12,POSSIBLE_STIMULUS_CONSTRUCTION,11,0,0,2,0,0,0,0,0,0,1,17133, # ============================================================================================================== # GC ENVIRONMENTAL MEMORY — STEP 32D-FIX15 # SOURCE-VERIFIED F1 SIX-SAMPLE MATRIX RECONSTRUCTION # # PURPOSE # ------- # Reconstruct the historical F1 expression matrix directly from the six # NCBI-recovered FeatureCounts source files. # # IMPORTANT: # - Uses ORIGINAL recovered raw counts only. # - No imputation. # - No gene filtering beyond structural verification. # - No DMR matching. # - No persistence testing. # - No mechanistic interpretation. # - Reproduces the 
/content/drive/MyDrive/Colab Notebooks/Untitled3.ipynb,Untitled3.ipynb,22,POSSIBLE_STIMULUS_CONSTRUCTION,11,0,0,2,0,0,1,0,0,0,0,31268," # ============================================================================ # STAGE 4J — INDEPENDENT REPLICATION + ROBUSTNESS OF SYNERGISTIC REGIMES # ============================================================================ # # PURPOSE # ------- # Stage 4I found 9 synergistic dual-advantage regimes. # # Stage 4J asks: # # ""Do those advantages survive independent stochastic and parameter # perturbation, or are they artifacts of one deterministic simulation?"" # # IMPORTANT: # - NO controller optimization # - NO search for new winning regimes # - NO modification of the winning "
/content/drive/MyDrive/Colab Notebooks/Untitled4.ipynb,Untitled4.ipynb,43,POSSIBLE_STIMULUS_CONSTRUCTION,11,0,0,2,0,0,0,0,1,0,0,30338," # ============================================================================= # STEP 34 — V/J + POSITIONAL MOTIF VALIDATION # ROBUST CDR3 → MOTIF MAPPING VERSION # ============================================================================= import os import json import warnings import numpy as np import pandas as pd from scipy.stats import fisher_exact from sklearn.metrics import roc_auc_score from sklearn.linear_model import LogisticRegression from sklearn.preprocessing import OneHotEncoder, StandardScaler from sklearn.compose import ColumnTransformer from sklearn.pipeline import Pipeli"
/content/drive/MyDrive/Colab Notebooks/Untitled69.ipynb,Untitled69.ipynb,9,POSSIBLE_STIMULUS_CONSTRUCTION,11,0,0,2,0,0,0,0,0,0,1,18042, # ================================================================ # FIGURE 2 — CORE 4-GENE DEVELOPMENTAL TRAJECTORIES # Chicken–Mouse developmental patterns # # OUTPUT: # PNG — 300 dpi # TIFF — 300 dpi # PDF — vector PDF # # IMPORTANT: # No overall title is placed inside the figure. # No values are invented. # ADAM17/HES1 mouse data are shown as unavailable if absent. # ================================================================ import os import re import numpy as np import pandas as pd import matplotlib.pyplot as plt from pathlib import Path # -------------------------
/content/drive/MyDrive/Colab Notebooks/Untitled69.ipynb,Untitled69.ipynb,10,POSSIBLE_STIMULUS_CONSTRUCTION,11,0,0,2,0,0,0,0,0,0,1,22337," # ================================================================ # FIGURE 2 # CORE 4-GENE DEVELOPMENTAL TRAJECTORIES # ADAM17, HES1, LFNG, MSGN1 # # Chicken–mouse developmental patterns # # OUTPUT: # PNG -> 300 dpi # TIFF -> 300 dpi # PDF -> publication quality # # NO FIGURE TITLE INSIDE THE FIGURE # NO INVENTED VALUES # NO INTERPOLATION # NO DRIVE OUTPUT # ================================================================ import os import re import numpy as np import pandas as pd import matplotlib.pyplot as plt from pathlib import Path # ==========================================="
/content/drive/MyDrive/Colab Notebooks/Untitled7.ipynb,Untitled7.ipynb,117,POSSIBLE_STIMULUS_CONSTRUCTION,11,0,0,2,0,0,0,0,0,0,1,20190," # ==================================================================================================== # GC ENVIRONMENTAL MEMORY — STEP 32C-FIX # PUBLISHED DMR-ASSOCIATED GENES × GENOME-WIDE F1 RNA-SEQ # # PURPOSE: # STEP 32C showed that: # Published DMRs = 420 # Direct STEP31E CpGs = 89 (Robust-5 only) # F1 RNA = 5 Robust-5 genes only # # Therefore this FIX expands the F1 expression layer to ALL genes present # in the six F1 featureCounts tables. # # This is an ASSOCIATION screen, NOT a causal test. # ================================================================="
/content/drive/MyDrive/Colab Notebooks/Untitled8.ipynb,Untitled8.ipynb,6,POSSIBLE_STIMULUS_CONSTRUCTION,11,0,0,2,0,0,1,0,0,0,0,29947, # ============================================================================== # STAGE 4N — MECHANISTIC RESOURCE-PRODUCTIVITY DECOMPOSITION # ============================================================================== # Purpose: # Determine WHICH causal R↔M coupling component produces the observed # throughput gain and total-resource reduction. # # IMPORTANT: # - No controller optimization # - No parameter optimization # - No winner selection # - Uses the verified Stage 4I winner regimes # - Uses corrected Stage 4M-style resource accounting # ===============================
/content/drive/MyDrive/Colab Notebooks/Untitled67.ipynb,Untitled67.ipynb,8,POSSIBLE_STIMULUS_CONSTRUCTION,10,16,0,6,2,0,1,0,0,0,1,45037, # ================================================================================ # GSE164736 / GSE164737 # H18 — ROBUSTNESS / SENSITIVITY ANALYSIS # # PURPOSE # ------- # Stress-test the H17 candidate-vs-candidate mechanistic ranking under: # # 1. Alternative evidence weights # 2. Leave-one-layer-out analysis # 3. Controlled score perturbation # 4. Rank stability # 5. Top-3 stability # 6. MSGN1 guardrail stability # # IMPORTANT: # H18 does NOT establish: # - direct regulation # - causality # - developmental-stage equivalence # - wet-lab validation # # It evaluates whether comparative conclu
/content/drive/MyDrive/Colab Notebooks/Untitled17.ipynb,Untitled17.ipynb,12,POSSIBLE_STIMULUS_CONSTRUCTION,10,8,0,5,1,0,1,0,0,0,0,41890," # ====================================================================================================================== # STEP 32D-FIX31-FIX1-FIX5-FIX4-FIX3-FIX4-FIX5-FIX7-FIX2 # ROBUST GENOMIC SEQUENCE RECOVERY + TGIF2LY COMPOSITION-MATCHED # BACKGROUND-DEPLETION / ENRICHMENT AUDIT # # PURPOSE # ------- # Recover the exact verified 8-DMR genomic sequences from the authoritative # genomic reference when no usable sequence CSV exists in Drive, then perform # a composition-matched TGIF2LY sequence-context audit. # # SCIENTIFIC SAFEGUARD # -------------------- # No DMR coordinate, H3K9me3 measu"
/content/drive/MyDrive/Colab Notebooks/Untitled58.ipynb,Untitled58.ipynb,11,POSSIBLE_STIMULUS_CONSTRUCTION,10,8,0,5,1,0,1,0,0,0,0,44982," # ============================================================================= # GSE164737 — G. GENOME-WIDE BIGWIG ANALYSIS FEASIBILITY + APPROPRIATENESS AUDIT # ============================================================================= # # PURPOSE # ------- # Determine whether genome-wide BigWig analysis is: # 1. technically possible, # 2. technically compatible with the validated assemblies, # 3. sufficiently covered by the available BigWig resources, # 4. compatible with available annotation, # 5. scientifically appropriate for the present developmental design, # 6. justifi"
/content/drive/MyDrive/Colab Notebooks/Untitled76.ipynb,Untitled76.ipynb,10,POSSIBLE_STIMULUS_CONSTRUCTION,10,8,0,4,1,0,0,0,0,0,0,44732," # ==================================================================================================== # PAX3 EVOLUTIONARY CONSTRAINT PROJECT # STAGE 4 — GENOME-WIDE PAX3 COMPETITION TEST # # CORE QUESTION: # ""Chicken + mouse limb ke genome-wide analysable 1:1 orthologs ko # objectively compare karne par PAX3 top candidate banta hai ya nahi?"" # # IMPORTANT: # - PAX3 ko koi special weight nahi diya jayega # - 12-gene candidate universe use nahi hoga # - H5/H10/H11/H13 ranking files ko ranking universe nahi banaya jayega # - trajectory similarity ≠ orthology # - orthology sirf ID-lev"
/content/drive/MyDrive/Colab Notebooks/Untitled76.ipynb,Untitled76.ipynb,12,POSSIBLE_STIMULUS_CONSTRUCTION,10,8,0,4,1,0,0,0,0,0,0,44791," # ==================================================================================================== # PAX3 EVOLUTIONARY CONSTRAINT PROJECT # STAGE 4 — GENOME-WIDE PAX3 COMPETITION TEST # # CORE QUESTION: # ""Chicken + mouse limb ke genome-wide analysable 1:1 orthologs ko # objectively compare karne par PAX3 top candidate banta hai ya nahi?"" # # IMPORTANT: # - PAX3 ko koi special weight nahi diya jayega # - 12-gene candidate universe use nahi hoga # - H5/H10/H11/H13 ranking files ko ranking universe nahi banaya jayega # - trajectory similarity ≠ orthology # - orthology sirf ID-lev"
/content/drive/MyDrive/Colab Notebooks/Untitled1.ipynb,Untitled1.ipynb,18,POSSIBLE_STIMULUS_CONSTRUCTION,10,0,0,3,0,0,1,0,0,0,0,14186," # ============================================================ # STEP 32 — OPTIMIZED ARCHITECTURE UNCERTAINTY # ============================================================ from google.colab import drive import os import numpy as np import pandas as pd import matplotlib.pyplot as plt drive.mount(""/content/drive"") # ------------------------------------------------------------ # DIRECTORIES # ------------------------------------------------------------ PROJECT_DIR = ""/content/drive/MyDrive/Antibody_Engineering"" STEP32_DIR = os.path.join( PROJECT_DIR, ""Step_32_Optimized_Architecture"
/content/drive/MyDrive/Colab Notebooks/Untitled100.ipynb,Untitled100.ipynb,7,POSSIBLE_STIMULUS_CONSTRUCTION,10,0,0,3,0,0,1,0,0,0,0,7524," # ============================================================ # FINAL CANONICAL MFOS IMPLEMENTATION VALIDATION # ============================================================ from google.colab import drive drive.mount('/content/drive') from pathlib import Path import json import ast import importlib.util import numpy as np import pandas as pd # ------------------------------------------------------------ # PATHS # ------------------------------------------------------------ ROOT = Path( ""/content/drive/MyDrive/MFOS_PUBLIC_REPOSITORY"" ) CODE_FILE = ROOT / ""code"" / ""mfos_core.py"" PROV"
/content/drive/MyDrive/Colab Notebooks/Untitled3.ipynb,Untitled3.ipynb,19,POSSIBLE_STIMULUS_CONSTRUCTION,10,0,0,3,0,0,1,0,0,0,0,32324, # ============================================================================ # STAGE 4H-FIXED # FINITE SHARED-RESOURCE CONTENTION + BURST-DEMAND VALIDATION # ============================================================================ # # PURPOSE # ------- # Previous Stage 4H produced zero contention because the instantaneous # resource demand was tiny relative to the accumulated resource pool. # # This corrected version tests whether the architecture behaves differently # when: # # 1. total resource availability is genuinely limited # 2. replication and membrane demand the SAME shared 
/content/drive/MyDrive/Colab Notebooks/Untitled0.ipynb,Untitled0.ipynb,38,POSSIBLE_STIMULUS_CONSTRUCTION,10,0,0,2,0,0,0,0,0,0,0,19727," # ==================================================================================================== # PHASE 36 — HUMAN DOSE/TIME AGGREGATION + 6-CONTEXT FIGURE-READY MATRIX # ==================================================================================================== import os import pandas as pd import numpy as np BASE = ""/content/drive/MyDrive/Toxicology (1)"" OUT = ""/content"" # ---------------------------------------------------------------------------------------------------- # INPUT FILES # -------------------------------------------------------------------------------------"
/content/drive/MyDrive/Colab Notebooks/Untitled0.ipynb,Untitled0.ipynb,39,POSSIBLE_STIMULUS_CONSTRUCTION,10,0,0,2,0,0,0,0,0,0,0,15585," # ==================================================================================================== # PHASE 37 — CLEAN FINAL FIGURE-1 MATRIX # Human dose/time structure preserved # No figure generation # No Google Drive output # ==================================================================================================== import os import pandas as pd import numpy as np BASE = ""/content/drive/MyDrive/Toxicology (1)"" # ---------------------------------------------------------------------------------------------------- # TARGET GENES # -----------------------------------------------"
/content/drive/MyDrive/Colab Notebooks/Untitled0.ipynb,Untitled0.ipynb,40,POSSIBLE_STIMULUS_CONSTRUCTION,10,0,0,2,0,0,0,0,0,0,0,12942, # ==================================================================================================== # PHASE 38 — FINAL FIGURE 1 # 15-GENE × 10-CONTEXT CADMIUM RESPONSE HEATMAP # # Output: # PNG — 300 DPI # PDF # TIFF — 300 DPI # # IMPORTANT: # • Files saved ONLY in /content/ # • Nothing saved to Google Drive # • No title # • No internal headings # • Human dose/time contexts preserved separately # • Missing values remain blank # ==================================================================================================== import os import pandas as pd import numpy 
/content/drive/MyDrive/Colab Notebooks/Untitled1.ipynb,Untitled1.ipynb,0,POSSIBLE_STIMULUS_CONSTRUCTION,10,0,0,2,0,0,0,0,0,0,0,20019, # ============================================================ # STEP 15 — DYNAMIC MULTI-ANTIBODY PRODUCTION MODEL # # ONE engineered cell # ↓ # Dynamic signals A/B/C # ↓ # Regulatory activation # ↓ # Resource allocation # ↓ # Antibody production # ↓ # Intracellular processing # ↓ # Secretion # ↓ # Extracellular antibody # ↓ # Clearance # # This is an abstract mathematical systems-biology model. # It is NOT an experimental protocol. # ============================================================ # =======================================
/content/drive/MyDrive/Colab Notebooks/Untitled1.ipynb,Untitled1.ipynb,5,POSSIBLE_STIMULUS_CONSTRUCTION,10,0,0,2,0,0,0,0,0,0,0,24089, # ============================================================ # STEP 19 # DECOUPLED REGULATORY CROSS-TALK # VS RESOURCE COMPETITION # # Core question: # # Is the limitation of a one-cell / three-antibody system # primarily caused by: # # A) regulatory cross-talk # or # B) shared cellular resource competition? # # We explicitly separate the two layers. # # ============================================================ # ============================================================ # 0. IMPORTS + GOOGLE DRIVE # ============================================================ from google.colab 
/content/drive/MyDrive/Colab Notebooks/Untitled1.ipynb,Untitled1.ipynb,10,POSSIBLE_STIMULUS_CONSTRUCTION,10,0,0,2,0,0,0,0,0,0,0,29193, # ============================================================ # STEP 24 — INTEGRATED THREE-ANTIBODY ENGINEERING LANDSCAPE # # Integrated architecture: # # Signal # ↓ # Regulatory cross-talk # ↓ # Effective antibody demand # ↓ # Multi-layer cellular burden # ↓ # Shared cellular capacity # ↓ # Final production # # ============================================================ # ============================================================ # 0. IMPORTS + GOOGLE DRIVE # ============================================================ from google.colab import drive import os import numpy as
/content/drive/MyDrive/Colab Notebooks/Untitled105.ipynb,Untitled105.ipynb,54,POSSIBLE_STIMULUS_CONSTRUCTION,10,0,0,2,0,0,0,0,0,0,0,15323," # ============================================================================ # PART 23J.4 — CACTUS METHOD-LEVEL PROVENANCE RECONCILIATION # ============================================================================ from google.colab import drive drive.mount('/content/drive') import os import re import hashlib import pandas as pd from collections import Counter BASE = ""/content/drive/MyDrive/GENE"" RAW_CACTUS = os.path.join( BASE, ""00_RAW"", ""Supplementary_Data_1_genome_metadata.txt"" ) MOESM5 = os.path.join( BASE, ""00_RAW"", ""PART_20E_PUBLIC_FILES"", ""41467_202"
/content/drive/MyDrive/Colab Notebooks/Untitled106.ipynb,Untitled106.ipynb,45,POSSIBLE_STIMULUS_CONSTRUCTION,10,0,0,2,0,0,0,0,0,0,0,9855," from google.colab import drive drive.mount('/content/drive') import os import pandas as pd import numpy as np ROOT = ""/content/drive/MyDrive/GENE"" INPUT = os.path.join( ROOT, ""11_RESULTS"", ""PART_29_MECHANISTIC_GENE_BIRTH"", ""PART_29G_VALIDATED_CANDIDATE_SPECIES_HOMOLOGS.csv"" ) OUT = os.path.join( ROOT, ""11_RESULTS"", ""PART_29_MECHANISTIC_GENE_BIRTH"", ""PART_29O_GENE_BIRTH_TRAJECTORY"" ) os.makedirs(OUT, exist_ok=True) print(""=""*80) print(""PART 29O — CANDIDATE-BY-SPECIES GENE-BIRTH TRAJECTORY"") print(""=""*80) df = pd.read_csv(INPUT) print(""\nInput:"") print(df"
/content/drive/MyDrive/Colab Notebooks/Untitled107.ipynb,Untitled107.ipynb,32,POSSIBLE_STIMULUS_CONSTRUCTION,10,0,0,2,0,0,0,0,1,0,1,17218," # ============================================================================== # PART 6 — CANONICAL 16-GENE RF + HOLDOUT PERMUTATION IMPORTANCE # FIXED VERSION: USES PART5 cell_position DIRECTLY # ============================================================================== from google.colab import drive drive.mount('/content/drive') import os import json import numpy as np import pandas as pd import anndata as ad from sklearn.ensemble import RandomForestClassifier from sklearn.inspection import permutation_importance from sklearn.metrics import ( accuracy_score, balanced_accura"
/content/drive/MyDrive/Colab Notebooks/Untitled107.ipynb,Untitled107.ipynb,34,POSSIBLE_STIMULUS_CONSTRUCTION,10,0,0,2,0,0,0,0,1,0,1,17392, # ============================================================================== # PART 6 — CANONICAL 16-GENE RF + HOLDOUT PERMUTATION IMPORTANCE # FINAL CORRECTED VERSION # Gene symbols recovered directly from adata.var.index # ============================================================================== from google.colab import drive drive.mount('/content/drive') import os import json import numpy as np import pandas as pd import anndata as ad from sklearn.ensemble import RandomForestClassifier from sklearn.inspection import permutation_importance from sklearn.metrics import ( accur
/content/drive/MyDrive/Colab Notebooks/Untitled107.ipynb,Untitled107.ipynb,35,POSSIBLE_STIMULUS_CONSTRUCTION,10,0,0,2,0,0,0,0,1,0,1,22260, # ============================================================================== # PART 6 — CANONICAL 16-GENE RF + HOLDOUT PERMUTATION IMPORTANCE # FINAL CORRECTED VERSION # # IMPORTANT: # - PART 5 frozen split is reused exactly # - PART4 candidate file format = rank<TAB>mouse_gene # - AnnData gene names = mouse symbols in adata.var.index # - Canonical MFOS panel = human symbols # - Therefore canonical panel is mapped HUMAN -> MOUSE for data extraction # - No normalization # - No log transformation # - No new split # - RF does NOT replace MFOS equal weights # ===============
/content/drive/MyDrive/Colab Notebooks/Untitled108.ipynb,Untitled108.ipynb,20,POSSIBLE_STIMULUS_CONSTRUCTION,10,0,0,2,0,0,0,0,0,0,0,4076,"# ============================================================================= # PART 25B.14T — FINAL SUBSTITUTION, MATRIX LOCK, AND 15/15 CROSS-VALIDATION # ============================================================================= import os import pandas as pd import numpy as np BASE = ""/content/drive/MyDrive/GENE"" OUT = os.path.join(BASE, ""11_RESULTS"", ""PART_25B_EMPIRICAL_NULL_TESTING"") FIGURE_SOURCE = os.path.join(OUT, ""PART_25B14S_15_GC_FIGURE2_VS_FLYBASE_CROSSVALIDATION.csv"") GC_LOCKED_PATH = os.path.join(OUT, ""PART_25B13_LOCKED_15_GC_PRIMARY_SOURCE_ADJUDICATION.csv"") NULL_PATH = "
/content/drive/MyDrive/Colab Notebooks/Untitled108.ipynb,Untitled108.ipynb,22,POSSIBLE_STIMULUS_CONSTRUCTION,10,0,0,2,0,0,0,0,0,0,0,10910," # ============================================================================= # PART 25B.16 — FINAL 92 MISSING FEATURE RECOVERY # ============================================================================= from google.colab import drive drive.mount('/content/drive') import os import gzip import pandas as pd import numpy as np BASE = ""/content/drive/MyDrive/GENE"" OUT = os.path.join( BASE, ""11_RESULTS"", ""PART_25B_EMPIRICAL_NULL_TESTING"" ) os.makedirs(OUT, exist_ok=True) MATRIX_PATH = os.path.join( OUT, ""PART_25B14_LOCKED_EMPIRICAL_NULL_FEATURE_MATRIX.csv"" ) print(""="
/content/drive/MyDrive/Colab Notebooks/Untitled110.ipynb,Untitled110.ipynb,7,POSSIBLE_STIMULUS_CONSTRUCTION,10,0,0,2,0,0,0,0,1,0,1,18855, # ================================================================ # PART 25C.53 — EVOLUTIONARY STATE TRANSITION RECONSTRUCTION # # Goal: # Reconstruct the observable sequence-state trajectory of each # candidate gene across evolutionary distance. # # IMPORTANT: # This is an extant-species state reconstruction. # It does NOT directly claim an ancestral genome sequence. # # State ladder: # # 0 = NO_SEQUENCE_SUPPORT # 1 = ORF_LENGTH_RETENTION # 2 = SEED_SUPPORTED # 3 = ALIGNMENT_SUPPORTED # 4 = STRONG_ALIGNMENT_SUPPORTED # # Main question: # Does the evidence accumulate progressively 
/content/drive/MyDrive/Colab Notebooks/Untitled112.ipynb,Untitled112.ipynb,88,POSSIBLE_STIMULUS_CONSTRUCTION,10,0,0,2,0,0,0,0,0,0,0,22072, # ================================================================ # PART 31.72 — ACCESSIBILITY-AWARE NESTED PAIR-HOLDOUT # CORRECTED VERSION — VERIFIED PROJECT FILE NAMES # ================================================================ import os import json import numpy as np import pandas as pd from scipy.stats import wilcoxon from sklearn.model_selection import GroupKFold from sklearn.impute import SimpleImputer from sklearn.preprocessing import StandardScaler from sklearn.pipeline import Pipeline from sklearn.linear_model import LogisticRegression from sklearn.metrics import roc_auc_s
/content/drive/MyDrive/Colab Notebooks/Untitled25.ipynb,Untitled25.ipynb,13,POSSIBLE_STIMULUS_CONSTRUCTION,10,0,0,2,0,0,0,0,0,0,0,22933, # ============================================================================================================== # STEP 32D...FIX22T-R11-R19B # TGIF2LY GPL14664 GEOparse-LOCKED + LOCAL TARGET IDENTITY FORENSIC # CORRECTED RECOVERY — NO BROKEN FTP ASSUMPTION / NO NCBI RATE-LIMIT DEPENDENCY # ============================================================================================================== import os import re import json import gzip import hashlib import subprocess import sys import pandas as pd import numpy as np # -----------------------------------------------------------------
/content/drive/MyDrive/Colab Notebooks/Untitled4.ipynb,Untitled4.ipynb,5,POSSIBLE_STIMULUS_CONSTRUCTION,10,0,0,2,0,0,0,0,0,0,0,13833," # ============================================================ # GSE261966 — STEP 3 # DONOR × EPITOPE × DEXTRAMER × HLA PROVENANCE INSPECTION # # READ-ONLY # Original H5AD will NOT be modified # ============================================================ import numpy as np import pandas as pd # ------------------------------------------------------------ # 1. Inspect ALL UNS objects more deeply # ------------------------------------------------------------ print(""=""*90) print(""1. DEEP INSPECTION OF adata.uns"") print(""=""*90) for key in adata.uns.keys(): value = adata.uns[key] pr"
/content/drive/MyDrive/Colab Notebooks/Untitled40.ipynb,Untitled40.ipynb,2,POSSIBLE_STIMULUS_CONSTRUCTION,10,0,0,2,0,0,0,0,1,0,1,31463, # ===================================================================================================================== # FIX22T-R11-R81-FIX8 # SOCS3B RNA-MECHANISM ↔ ORIGINAL TGIF2LY / DMR / H3K9me3 # CROSS-STAGE LOCUS + GENE-IDENTITY RECONCILIATION # # IMPORTANT: # - NO new literature search # - NO new biological evidence # - Uses only already-generated project files # - Does NOT assume that SOCS3B RNA methylation is caused by TGIF2LY # - Does NOT convert proximity into causality # - Does NOT convert RNA methylation into DNA methylation # ========================================
/content/drive/MyDrive/Colab Notebooks/Untitled46.ipynb,Untitled46.ipynb,23,POSSIBLE_STIMULUS_CONSTRUCTION,10,0,0,2,0,0,0,0,0,0,2,12458," # ============================================================ # GSE161905 st51 # UMAP + CLUSTER MARKERS + SEGMENTATION-CLOCK STATE ANALYSIS # ============================================================ import os import sys import subprocess import numpy as np import pandas as pd import matplotlib.pyplot as plt # ============================================================ # 1. INSTALL / LOAD UMAP # ============================================================ try: import umap except ImportError: subprocess.check_call([ sys.executable, ""-m"", ""pip"", """
/content/drive/MyDrive/Colab Notebooks/Untitled54.ipynb,Untitled54.ipynb,11,POSSIBLE_STIMULUS_CONSTRUCTION,10,0,0,2,0,0,0,0,0,0,0,19355," # ============================================================================= # GSE164737 — CHICKEN GENOME-WIDE DEVELOPMENTAL TRAJECTORY QUANTIFICATION # ============================================================================= import os import numpy as np import pandas as pd # ============================================================================= # 0. PATHS # ============================================================================= BASE = ""/content/drive/MyDrive/thesis/DSD_Project/02_Limb_RNA_GSE164737"" QC_DIR = ( BASE + ""/GENOME_WIDE_TRAJECTORY_ANALYSIS/CHICKEN/"
/content/drive/MyDrive/Colab Notebooks/Untitled57.ipynb,Untitled57.ipynb,26,POSSIBLE_STIMULUS_CONSTRUCTION,10,0,0,2,0,0,0,0,0,0,0,19321," # ================================================================ # GSE164737 — C.5 DEVELOPMENTAL-STAGE SIGNAL ARCHITECTURE QC # ================================================================ import os import numpy as np import pandas as pd from scipy.stats import spearmanr from sklearn.preprocessing import StandardScaler from sklearn.decomposition import PCA print(""="" * 78) print(""GSE164737 — C.5 DEVELOPMENTAL-STAGE SIGNAL ARCHITECTURE QC"") print(""="" * 78) # ---------------------------------------------------------------- # 0. PATHS # ---------------------------------------------------"
/content/drive/MyDrive/Colab Notebooks/Untitled57.ipynb,Untitled57.ipynb,27,POSSIBLE_STIMULUS_CONSTRUCTION,10,0,0,2,0,0,0,0,0,0,0,19321," # ================================================================ # GSE164737 — C.5 DEVELOPMENTAL-STAGE SIGNAL ARCHITECTURE QC # ================================================================ import os import numpy as np import pandas as pd from scipy.stats import spearmanr from sklearn.preprocessing import StandardScaler from sklearn.decomposition import PCA print(""="" * 78) print(""GSE164737 — C.5 DEVELOPMENTAL-STAGE SIGNAL ARCHITECTURE QC"") print(""="" * 78) # ---------------------------------------------------------------- # 0. PATHS # ---------------------------------------------------"
/content/drive/MyDrive/Colab Notebooks/Untitled67.ipynb,Untitled67.ipynb,16,POSSIBLE_STIMULUS_CONSTRUCTION,10,0,0,2,0,0,0,0,0,0,0,23984," # ============================================================================= # GSE164736 / GSE164737 — H26.6 # HUMAN EMBRYONIC LIMB GENE EXPRESSION EXTRACTION + SAMPLE-LEVEL QC # ============================================================================= import os import re import json import warnings import subprocess import sys from pathlib import Path import numpy as np import pandas as pd warnings.filterwarnings(""ignore"") # ============================================================================= # 1. GOOGLE DRIVE # ============================================================"
/content/drive/MyDrive/Colab Notebooks/Untitled22.ipynb,Untitled22.ipynb,2,POSSIBLE_STIMULUS_CONSTRUCTION,9,8,0,4,1,0,0,0,0,0,1,19275, # ============================================================================================================== # STEP 32D...FIX22T-R11-R5 # TGIF2LY GENOME-WIDE F1 HISTORY-EFFECT MULTIPLE-TESTING / FDR AUDIT # ============================================================================================================== import os import json import hashlib import numpy as np import pandas as pd from scipy.stats import ttest_ind from statsmodels.stats.multitest import multipletests # ============================================================================================================
/content/drive/MyDrive/Colab Notebooks/Untitled93.ipynb,Untitled93.ipynb,21,POSSIBLE_STIMULUS_CONSTRUCTION,9,8,0,3,1,0,0,0,0,3,0,17588," # ============================================================================= # HONEYBEE MODEL v12.2.10B # REBUILD LANDSCAPE DIRECTLY FROM v12.2.9 CHECKPOINT # NO NEW SIMULATION # ============================================================================= from google.colab import drive drive.mount('/content/drive') import os import numpy as np import pandas as pd import matplotlib.pyplot as plt # ============================================================================= # 0. PATHS # ============================================================================= BASE = ""/content/drive"
/content/drive/MyDrive/Colab Notebooks/Untitled95.ipynb,Untitled95.ipynb,6,POSSIBLE_STIMULUS_CONSTRUCTION,9,0,0,3,0,0,0,0,0,0,0,4996,"!pip install scanpy import scanpy as sc import numpy as np import pandas as pd print(""=""*80) print(""STEP 5 — MATRIX TRANSFORMATION / PREPROCESSING FORENSIC TEST"") print(""=""*80) # --------------------------------------------------------- # 1. BASIC MATRIX TEST # --------------------------------------------------------- X = adata.X print(""\n[1] MATRIX TYPE"") print(type(X)) # Convert a small subset only n_cells_test = min(1000, adata.n_obs) n_genes_test = min(5000, adata.n_vars) Xsub = X[:n_cells_test, :n_genes_test].toarray() if hasattr( X[:n_cells_test, :n_genes_test], ""toarray"" ) els"
/content/drive/MyDrive/Colab Notebooks/Untitled97.ipynb,Untitled97.ipynb,63,POSSIBLE_STIMULUS_CONSTRUCTION,9,0,0,3,0,0,0,0,0,0,0,9296," # ============================================================ # MFOS PUBLIC REPOSITORY # PANCREAS ANALYSIS — DOCUMENTED VERSION # ============================================================ from google.colab import drive drive.mount('/content/drive') from pathlib import Path import sys import json import numpy as np import pandas as pd import anndata as ad # ============================================================ # 1. PATHS # ============================================================ REPO = Path( ""/content/drive/MyDrive/MFOS_PUBLIC_REPOSITORY"" ) CODE_DIR = REPO / ""code"" RESU"
/content/drive/MyDrive/Colab Notebooks/Untitled0.ipynb,Untitled0.ipynb,60,POSSIBLE_STIMULUS_CONSTRUCTION,9,0,0,2,0,0,0,0,1,0,0,28945," # ============================================================================================================== # PHASE 46I — INTERMEDIATE STATISTICAL TABLE LINEAGE RECONSTRUCTION # # PURPOSE # ------- # Phase 46H found: # # R/LIMMA code -> NOT FOUND # Jupyter notebooks -> NOT FOUND # Reference filenames -> FOUND inside existing files # Reference numeric tokens -> FOUND # 15-gene signatures -> FOUND # # Therefore the next question is: # # ""Is Rat_Kidney_Day5_SexAdjusted_Limma_All.csv itself derived from # another "
/content/drive/MyDrive/Colab Notebooks/Untitled106.ipynb,Untitled106.ipynb,0,POSSIBLE_STIMULUS_CONSTRUCTION,9,0,0,2,0,0,0,0,1,0,0,14231," # ============================================================================== # PART 25B.7R — FIXED FIGURE-2 VS PART-24 VS CACTUS FORENSICS # ============================================================================== from google.colab import drive drive.mount('/content/drive') import os import re import pandas as pd import numpy as np print(""=""*78) print(""PART 25B.7R — FIGURE-2 FEATURE-LINEAGE RECONCILIATION"") print(""=""*78) # ------------------------------------------------------------------------------ # PATHS # ---------------------------------------------------------------------"
/content/drive/MyDrive/Colab Notebooks/Untitled109.ipynb,Untitled109.ipynb,8,POSSIBLE_STIMULUS_CONSTRUCTION,9,0,0,2,0,0,0,0,1,0,0,4297,"from google.colab import drive drive.mount('/content/drive', force_remount=True) import pandas as pd import os BASE = ""/content/drive/MyDrive/GENE"" FIG = ( f""{BASE}/11_RESULTS/"" f""PART_19G_VALUE_FORENSIC_MAPPING/CLEAN_SOURCE/"" f""Figure_2_a_c_d_e_f_g_h.csv"" ) OBS = ( f""{BASE}/11_RESULTS/"" f""PART_25A1_AUTHORITATIVE_UNIVERSE_RECONCILIATION/"" f""PART_25A1_LOCKED_555_OBSERVED_SET.csv"" ) UNI = ( f""{BASE}/11_RESULTS/"" f""PART_25A1_AUTHORITATIVE_UNIVERSE_RECONCILIATION/"" f""PART_25A1_LOCKED_13968_FILTERING_HISTORY.csv"" ) OUT = ( f""{BASE}/11_RESULTS/"" f""PA"
/content/drive/MyDrive/Colab Notebooks/Untitled116.ipynb,Untitled116.ipynb,4,POSSIBLE_STIMULUS_CONSTRUCTION,9,0,0,2,0,0,0,0,1,0,0,7900," # ================================================================ # PART 31.95K — MSA VALIDATION + REPRESENTATIVE PHYLOGENETIC TREE # ================================================================ from google.colab import drive drive.mount('/content/drive') import os import subprocess import pandas as pd import numpy as np import json import shutil ROOT = ""/content/drive/MyDrive/GENE"" MSA_DIR = os.path.join( ROOT, ""11_RESULTS/PART_31_HISTORICAL_RECONSTRUCTION/"", ""PART_31_95J_MAFFT_MULTIPLE_SEQUENCE_ALIGNMENT/"", ""MSA"" ) OUT = os.path.join( ROOT, ""11_RESULTS/PART"
/content/drive/MyDrive/Colab Notebooks/Untitled12.ipynb,Untitled12.ipynb,19,POSSIBLE_STIMULUS_CONSTRUCTION,9,0,0,2,0,0,0,0,0,0,1,4243," # ============================================================================================================== # STEP 32D-FIX20 # 23 NOMINAL DMR-ASSOCIATED F1 CANDIDATES — SYSTEMATIC MECHANISTIC PRIORITIZATION # # GOAL: # Identify which of the 23 nominal F1 expression candidates have the strongest # convergent evidence connecting: # # published F0 sperm DMR # ↓ # genomic relationship to candidate gene # ↓ # F1 expression change # # IMPORTANT: # This is PRIORITIZATION, NOT CAUSALITY. # ========================================================="
/content/drive/MyDrive/Colab Notebooks/Untitled19.ipynb,Untitled19.ipynb,11,POSSIBLE_STIMULUS_CONSTRUCTION,9,0,0,2,0,0,0,0,0,0,1,11915," # ============================================================================================================== # STEP 32D...FIX22T-R7-R4 # TGIF2LY EMSA ACTUAL GEL DATA-ENTRY MATRIX + LANE/REPLICATE LOCK # ============================================================================================================== import os import json import hashlib import pandas as pd import numpy as np from datetime import datetime, timezone from google.colab import drive # ============================================================================================================== # [1] DRIVE # ====="
/content/drive/MyDrive/Colab Notebooks/Untitled19.ipynb,Untitled19.ipynb,12,POSSIBLE_STIMULUS_CONSTRUCTION,9,0,0,2,0,0,0,0,0,0,1,12891," # ============================================================================================================== # STEP 32D...FIX22T-R7-R5-R2 # TGIF2LY EMSA ACTUAL GEL MEASUREMENT CAPTURE MATRIX + STRICT ENTRY QC # ============================================================================================================== import os import json import pandas as pd import numpy as np from datetime import datetime print(""="" * 110) print(""STEP 32D...FIX22T-R7-R5-R2 TGIF2LY EMSA ACTUAL GEL MEASUREMENT CAPTURE MATRIX"") print(""="" * 110) # ========================================================"
/content/drive/MyDrive/Colab Notebooks/Untitled3.ipynb,Untitled3.ipynb,4,POSSIBLE_STIMULUS_CONSTRUCTION,9,0,0,2,0,0,1,0,0,0,0,22940, import numpy as np import pandas as pd import matplotlib.pyplot as plt # ============================================================ # STAGE 3 # ADVERSARIAL / ROBUSTNESS TEST # # Conventional: # replication + membrane growth simultaneously # # R <-> M: # replication -> membrane growth -> replication # # Both are tested under: # - kinetic noise # - resource fluctuations # - completion failures # - switching overhead # - stochastic replicates # ============================================================ # ============================================================ # GENERAL
/content/drive/MyDrive/Colab Notebooks/Untitled46.ipynb,Untitled46.ipynb,26,POSSIBLE_STIMULUS_CONSTRUCTION,9,0,0,2,0,0,0,0,0,0,1,14305," # ============================================================ # GSE161905 — SEGMENTATION CLOCK DEVELOPMENTAL TRAJECTORY # GENE-BY-GENE ANALYSIS # ============================================================ import os import gzip import numpy as np import pandas as pd from scipy.stats import spearmanr, kruskal # ============================================================ # PATHS # ============================================================ BASE_DIR = ""/content/drive/MyDrive/thesis/DSD_Project/02_Developmental_Datasets/GSE161905"" samples = { ""st51"": {""stage"": ""HH5""}, ""st52"": {""st"
/content/drive/MyDrive/Colab Notebooks/Untitled64.ipynb,Untitled64.ipynb,9,POSSIBLE_STIMULUS_CONSTRUCTION,9,0,0,2,0,0,0,0,0,0,1,15519, # ================================================================================ # GSE164737 — H.12.3.1 CHICKEN GRCg6a ENSEMBL-ID RESOLUTION # # Purpose: # Resolve ENSGALG IDs in GSE174565 to chicken gene symbols using # the matching GRCg6a Ensembl annotation. # # Then extract the 12 H11 candidate genes from: # HH21 # HH24 # HH27 # # Mouse data from H12.3 is NOT recalculated here. # ================================================================================ import os import re import gzip import urllib.request import pandas as pd import numpy as np # =======
/content/drive/MyDrive/Colab Notebooks/Untitled7.ipynb,Untitled7.ipynb,90,POSSIBLE_STIMULUS_CONSTRUCTION,9,0,0,2,0,0,1,0,0,0,2,6575,"# ============================================================================== # STEP 27A — GC ENVIRONMENTAL MEMORY # CORRECTED PPI NETWORK VALIDATION # Ensembl -> STRING ID RESOLUTION # ============================================================================== import os import io import time import random import requests import numpy as np import pandas as pd import networkx as nx # ============================================================================== # CONFIGURATION # ============================================================================== BASE = ""/content/drive/MyDri"
/content/drive/MyDrive/Colab Notebooks/Untitled7.ipynb,Untitled7.ipynb,103,POSSIBLE_STIMULUS_CONSTRUCTION,9,0,0,2,0,0,0,0,0,0,1,24849, # ============================================================================== # GC ENVIRONMENTAL MEMORY # STEP 30A — ROBUST GEO SAMPLE-METADATA RECOVERY # ============================================================================== # # PURPOSE # ------- # Repair STEP 30. # # The previous version failed because: # 1. NCBI E-utilities returned HTTP 429 # 2. GEO series-matrix files were unavailable / URL assumptions failed # 3. Empty metadata table caused KeyError # # This version: # - DOES NOT depend on E-utilities # - Downloads GEO family SOFT files directly # - Parses sample-
/content/drive/MyDrive/Colab Notebooks/Untitled7.ipynb,Untitled7.ipynb,112,POSSIBLE_STIMULUS_CONSTRUCTION,9,0,0,2,0,0,0,0,0,0,1,25074, # ========================================================================================== # GC ENVIRONMENTAL MEMORY — STEP 31E # Bismark READ-LEVEL CpG CALL PARSER # DIRECT ROBUST-5 LOCUS METHYLATION TEST # ========================================================================================== # # INPUT FORMAT VERIFIED FROM STEP 31D: # # read_id strand chromosome position methylation_call # # Example: # ... + 7 44080228 Z # ... + 7 44080217 Z # ... - 2 57553884 z # # Bismark calls: # Z = methylated CpG # z = unmethylated CpG # # Biol
/content/drive/MyDrive/Colab Notebooks/Untitled7.ipynb,Untitled7.ipynb,113,POSSIBLE_STIMULUS_CONSTRUCTION,9,0,0,2,0,0,0,0,0,0,1,29938, # ==================================================================================================== # GC ENVIRONMENTAL MEMORY — STEP 32A # F1 OFFSPRING RNA-SEQ ROBUST-5 EXPRESSION TEST # ==================================================================================================== # # OBJECTIVE # ---------- # Test whether the Robust-5 genes identified from the environmental-memory analysis # show altered expression in F1 offspring of paternal-hypoxia-exposed males. # # BIOLOGICAL DESIGN # ----------------- # F1 CONTROL: # GSM4876599 # GSM4876600 # GSM4876601 # # F1 PATERNAL-HYP
/content/drive/MyDrive/Colab Notebooks/Untitled7.ipynb,Untitled7.ipynb,114,POSSIBLE_STIMULUS_CONSTRUCTION,9,0,0,2,0,0,0,0,0,0,1,20383," # ==================================================================================================== # GC ENVIRONMENTAL MEMORY — STEP 32A-FIX # F1 OFFSPRING RNA-SEQ ROBUST-5 EXPRESSION TEST # RAW FEATURECOUNTS CORRECTION # ==================================================================================================== import os import gzip import pandas as pd import numpy as np from scipy.stats import ttest_ind, mannwhitneyu from statsmodels.stats.multitest import multipletests # ---------------------------------------------------------------------------------------------------- # PA"
/content/drive/MyDrive/Colab Notebooks/Untitled7.ipynb,Untitled7.ipynb,115,POSSIBLE_STIMULUS_CONSTRUCTION,9,0,0,2,0,0,0,0,0,0,1,24608," # ==================================================================================================== # GC ENVIRONMENTAL MEMORY — STEP 32B # F0 SPERM METHYLATION × F1 EXPRESSION INTEGRATION # ROBUST-5 CROSS-GENERATIONAL EVIDENCE MATRIX # ==================================================================================================== import os import glob import numpy as np import pandas as pd from scipy.stats import spearmanr, pearsonr # ---------------------------------------------------------------------------------------------------- # PATHS # --------------------------------------"
/content/drive/MyDrive/Colab Notebooks/Untitled8.ipynb,Untitled8.ipynb,4,POSSIBLE_STIMULUS_CONSTRUCTION,9,0,0,2,0,0,1,0,0,0,0,16192," # ============================================================================== # STAGE 4L — CAUSAL R↔M COUPLING ABLATION # ============================================================================== import os import numpy as np import pandas as pd PROJECT_DIR = ""/content/drive/MyDrive/AI/Synthetic_Cell"" WINNER_FILE = os.path.join( PROJECT_DIR, ""stage4I_verified_winning_regimes.csv"" ) PARAM_FILE = os.path.join( PROJECT_DIR, ""stage4C_verified_model_parameters.csv"" ) print(""="" * 78) print(""STAGE 4L — CAUSAL R↔M COUPLING ABLATION"") print(""="" * 78) # --------------------"
/content/drive/MyDrive/Colab Notebooks/Untitled8.ipynb,Untitled8.ipynb,5,POSSIBLE_STIMULUS_CONSTRUCTION,9,0,0,2,0,0,1,0,0,0,0,17105," # ============================================================================== # STAGE 4M — CORRECTED CAUSAL RESOURCE ACCOUNTING # ============================================================================== import os import numpy as np import pandas as pd PROJECT_DIR = ""/content/drive/MyDrive/AI/Synthetic_Cell"" WINNER_FILE = os.path.join( PROJECT_DIR, ""stage4I_verified_winning_regimes.csv"" ) PARAM_FILE = os.path.join( PROJECT_DIR, ""stage4C_verified_model_parameters.csv"" ) print(""="" * 78) print(""STAGE 4M — CORRECTED CAUSAL RESOURCE ACCOUNTING"") print(""="" * 78) if not"
/content/drive/MyDrive/Colab Notebooks/Untitled93.ipynb,Untitled93.ipynb,24,POSSIBLE_STIMULUS_CONSTRUCTION,9,8,0,2,1,2,0,0,1,0,0,20822," # ============================================================================= # HONEYBEE MODEL v12.2.12C # GEOMETRY-vs-LEARNING NULL / ENRICHMENT TEST # # FIXED: # v12.2.11B ALREADY CONTAINS PEAK GEOMETRY COLUMNS. # NO DUPLICATE MERGE. # # NO NEW SIMULATION # ============================================================================= from google.colab import drive drive.mount('/content/drive') import os import numpy as np import pandas as pd from scipy.stats import ( binomtest, ttest_1samp, wilcoxon ) from statsmodels.stats.multitest import ( multipletests ) # ==="
/content/drive/MyDrive/Colab Notebooks/Untitled97.ipynb,Untitled97.ipynb,13,POSSIBLE_STIMULUS_CONSTRUCTION,9,0,0,2,0,0,0,0,1,0,0,24105," # ============================================================ # STEP58 — MATCHING-DISTANCE STRATIFIED ANALYSIS # # FINAL DIAGNOSTIC FOR POINT 3 # # Question: # Is MFOS's high eta² simply a consequence of its # expression/detection profile? # # We use ALL 20,000 unique non-retained panels from STEP57. # # We: # 1. Recalculate/verify panel eta². # 2. Stratify panels by matching distance. # 3. Examine eta² within progressively closer panels. # 4. Quantify distance -> eta² relationship. # 5. Fit a regression of eta² on matching distance. # 6. Compare MFOS against the distance-adj"
/content/drive/MyDrive/Colab Notebooks/Untitled106.ipynb,Untitled106.ipynb,28,POSSIBLE_STIMULUS_CONSTRUCTION,8,8,0,4,1,0,2,0,0,0,0,17443, # ============================================================================== # PART 28E — PERMUTATION VALIDATION OF LINEAGE × NULL-RELATIVE GEP ASSOCIATION # ============================================================================== # Goal: # Test whether the observed lineage-order association with null-relative GEP # is stronger than expected under random reassignment of lineage labels while # preserving the exact observed Br1-Br9 group sizes. # # IMPORTANT: # - Uses LOCKED GEP and LOCKED empirical-null-derived percentiles. # - Does NOT modify GEP. # - Does NOT compare ag
/content/drive/MyDrive/Colab Notebooks/Untitled106.ipynb,Untitled106.ipynb,29,POSSIBLE_STIMULUS_CONSTRUCTION,8,8,0,4,1,0,2,0,0,0,0,18648," # ============================================================================== # PART 28G — LINEAGE ASSOCIATION AFTER LENGTH + GC ADJUSTMENT # ============================================================================== # Goal: # Determine whether lineage-order association remains after statistically # adjusting for the two locked GEP components: # # 1. log1p(seqlen) # 2. gc_content # # IMPORTANT: # GEP is mathematically constructed from these two components. # Therefore this is a diagnostic residual analysis, NOT evidence that GEP # contains an independent biologica"
/content/drive/MyDrive/Colab Notebooks/Untitled9.ipynb,Untitled9.ipynb,2,POSSIBLE_STIMULUS_CONSTRUCTION,8,8,0,4,1,0,2,0,0,0,0,21270," # ============================================================================= # STAGE 6G — INDEPENDENT BIOLOGICAL INTERACTION SIGNIFICANCE / NULL VALIDATION # ZERO NEW SIMULATIONS | NO STAGE-5 LAW REFITTING | NO PARAMETER RETUNING # ============================================================================= import os import json import warnings warnings.filterwarnings(""ignore"") import numpy as np import pandas as pd from scipy.stats import ( spearmanr, pearsonr, ttest_rel, permutation_test ) from sklearn.linear_model import LinearRegression from sklearn.metrics import "
/content/drive/MyDrive/Colab Notebooks/Untitled96.ipynb,Untitled96.ipynb,61,POSSIBLE_STIMULUS_CONSTRUCTION,8,8,0,4,1,0,0,0,0,0,0,27101," # ==================================================================================================== # STEP 45 — NORMALIZED MFOS COMPONENT & DOMINANCE AUDIT # CORRECTED VERSION FOR GSM4145204_kidney1 FILENAMES # ==================================================================================================== import os import tarfile import gzip import numpy as np import pandas as pd import scipy.sparse as sp from scipy.io import mmread from scipy.stats import kruskal print(""="" * 100) print(""STEP 45 — NORMALIZED MFOS COMPONENT & DOMINANCE AUDIT"") print(""="" * 100) # ===================="
/content/drive/MyDrive/Colab Notebooks/Untitled0.ipynb,Untitled0.ipynb,32,POSSIBLE_STIMULUS_CONSTRUCTION,8,0,0,2,0,0,0,0,0,0,0,25437, # ==================================================================================================== # TOXICOLOGY — PHASE 28 # 15-GENE 4-CONTEXT SPECIES × TISSUE CONCORDANCE + EFFECT-SIZE CLASSIFICATION # ==================================================================================================== # # Purpose: # Use ONLY the already validated Phase27 4-context matrix. # NO upstream raw-data reconstruction. # NO re-discovery of mouse liver values. # # Contexts: # Rat_Liver # Mouse_Liver # Rat_Kidney # Mouse_Kidney # # Outputs: # 1. Species concordance # 2. Tissue con
/content/drive/MyDrive/Colab Notebooks/Untitled0.ipynb,Untitled0.ipynb,37,POSSIBLE_STIMULUS_CONSTRUCTION,8,0,0,2,0,0,0,0,0,0,0,10270, # ==================================================================================================== # PHASE 35 — EXACT 6-CONTEXT VALUE LINEAGE RECONSTRUCTION # ==================================================================================================== # # Goal: # Build the actual Gene × Species × Tissue matrix from EXISTING extraction files. # # Contexts: # Rat_Liver # Mouse_Liver # Human_Liver # Rat_Kidney # Mouse_Kidney # Human_Kidney # # IMPORTANT: # - No new biological inference # - No imputation # - No replacement of missing human values # - Existing fil
/content/drive/MyDrive/Colab Notebooks/Untitled0.ipynb,Untitled0.ipynb,47,POSSIBLE_STIMULUS_CONSTRUCTION,8,0,0,2,0,0,0,0,0,0,0,22805, # ================================================================================================== # PHASE 42 — RAT KIDNEY DAY5 EXACT UPSTREAM RECONSTRUCTION # ================================================================================================== # # GOAL: # Reconstruct the Rat Kidney Day5 log2FC directly from the underlying sample-level data. # # Reference: # Rat_Kidney_Day5_Annotated_Limma.csv # # Candidate upstream files: # GSE16233_metadata.csv # Day5_expression_log2.csv # Day5_Kidney_DEGs.csv # Common_Day1_Day5_Probes.csv # Rat_Kidn
/content/drive/MyDrive/Colab Notebooks/Untitled1.ipynb,Untitled1.ipynb,6,POSSIBLE_STIMULUS_CONSTRUCTION,8,0,0,2,0,0,0,0,0,0,0,20225, # ============================================================ # STEP 20 — CELLULAR CAPACITY SWEEP # # Objective: # # Determine how shared cellular production capacity limits # simultaneous production of three therapeutic antibodies. # # Regulatory cross-talk is FIXED at 0%. # # Therefore: # # STEP 20 = RESOURCE CAPACITY ONLY # # ============================================================ # ============================================================ # 0. IMPORTS + GOOGLE DRIVE # ============================================================ from google.colab import drive import os impor
/content/drive/MyDrive/Colab Notebooks/Untitled1.ipynb,Untitled1.ipynb,7,POSSIBLE_STIMULUS_CONSTRUCTION,8,0,0,2,0,0,0,0,0,0,0,18189," # ============================================================ # STEP 21 # EXACT CAPACITY THRESHOLD REFINEMENT # + RESOURCE ALLOCATION ANALYSIS # # STEP 20 showed: # # Total ideal resource ≈ 4.498913 # # But because the capacity sweep jumped from 4.0 to 5.0, # the reported 90/95/99% thresholds were all 5.0. # # STEP 21 resolves the exact thresholds. # # It also compares three resource-allocation strategies: # # 1. Proportional-resource allocation # 2. Equal-output allocation # 3. Demand-priority allocation # # ============================================================ # =================="
/content/drive/MyDrive/Colab Notebooks/Untitled1.ipynb,Untitled1.ipynb,8,POSSIBLE_STIMULUS_CONSTRUCTION,8,0,0,2,0,0,0,0,0,0,0,17658, # ============================================================ # STEP 22 — PRODUCTION BURDEN SENSITIVITY ANALYSIS # # Goal: # # Determine how changes in antibody-specific production burden # alter the cellular capacity required for one cell to produce # three therapeutic antibodies. # # We vary the relative production cost of each antibody while # keeping regulatory demand fixed. # # ============================================================ # ============================================================ # 0. IMPORTS + GOOGLE DRIVE # ========================================================
/content/drive/MyDrive/Colab Notebooks/Untitled1.ipynb,Untitled1.ipynb,11,POSSIBLE_STIMULUS_CONSTRUCTION,8,0,0,2,0,0,0,0,0,0,0,26278, # ============================================================ # STEP 25 — BOTTLENECK TRANSITION & ENGINEERING WINDOW # # Goal: # # Identify whether failure is caused primarily by: # # 1. Cellular resource limitation # 2. Regulatory cross-talk # 3. Both simultaneously # # Then test whether burden engineering expands the usable # operating window. # # ============================================================ # ============================================================ # 0. IMPORTS + GOOGLE DRIVE # ============================================================ from google.colab impo
/content/drive/MyDrive/Colab Notebooks/Untitled1.ipynb,Untitled1.ipynb,12,POSSIBLE_STIMULUS_CONSTRUCTION,8,0,0,2,0,0,0,0,0,0,0,24230, # ============================================================ # STEP 26 — REGULATORY INSULATION OPTIMIZATION # # Goal: # # STEP 25 showed: # # Resource optimization -> lowers required capacity # # but # # Regulatory cross-talk -> remains the limiting factor # # Therefore STEP 26 focuses specifically on regulatory # architecture. # # We test: # # 1. Basal leak # 2. Hill cooperativity # 3. Cross-talk coupling # 4. Regulatory insulation # # ============================================================ # ============================================================ # 0. IMPORTS + GOO
/content/drive/MyDrive/Colab Notebooks/Untitled1.ipynb,Untitled1.ipynb,13,POSSIBLE_STIMULUS_CONSTRUCTION,8,0,0,2,0,0,0,0,0,0,0,27271, # ============================================================ # STEP 27 — INTEGRATED REGULATORY × BURDEN OPTIMIZATION # # Goal: # # STEP 25: # Burden optimization reduces required capacity. # # STEP 26: # Regulatory engineering increases cross-talk tolerance. # # STEP 27: # Combine BOTH. # # Central question: # # Can one engineered cell simultaneously achieve: # # 1. High output preservation # 2. Low unintended antibody production # 3. Lower cellular resource burden # 4. Higher cross-talk tolerance # # ============================================================ # ===========
/content/drive/MyDrive/Colab Notebooks/Untitled1.ipynb,Untitled1.ipynb,14,POSSIBLE_STIMULUS_CONSTRUCTION,8,0,0,2,0,0,0,0,0,0,0,26647," # ============================================================ # STEP 28 — EXTENDED REGULATORY BOUNDARY & ROBUSTNESS # # Purpose: # # STEP 27 found: # # Baseline: # safe cross-talk = 29% # # Best integrated design: # safe cross-talk = 50% # # BUT: # # 50% was the maximum value tested. # # Therefore STEP 28 asks: # # ""What is the TRUE maximum safe cross-talk?"" # # We extend the stress test to 100%. # # ============================================================ # ============================================================ # 0. IMPORTS + DRIVE # ==========================="
/content/drive/MyDrive/Colab Notebooks/Untitled105.ipynb,Untitled105.ipynb,6,POSSIBLE_STIMULUS_CONSTRUCTION,8,0,0,2,0,0,0,0,0,0,0,19252,# ================================================================ # PART 19L — FBID-ALIGNED EXACT PROVENANCE RECONCILIATION # ================================================================ # # CRITICAL CORRECTION: # Previous PART 19K compared rows positionally. # This is NOT valid because Source Data sheets contain: # - all annotated genes # - subsets # - clustered genes # - different ordering # # PART 19L therefore uses FBID-based alignment. # # NO: # - ML # - imputation # - row removal # - feature selection # - modification of raw data # =================================
/content/drive/MyDrive/Colab Notebooks/Untitled106.ipynb,Untitled106.ipynb,13,POSSIBLE_STIMULUS_CONSTRUCTION,8,0,0,2,0,0,0,0,0,0,0,7807,"from google.colab import drive drive.mount('/content/drive') import os import pandas as pd import numpy as np print(""=""*78) print(""PART 25B.14R.8 — FLYBASE ISOFORM → GENE-LEVEL FEATURE RECONCILIATION"") print(""=""*78) BASE = ""/content/drive/MyDrive/GENE/11_RESULTS/PART_25B_EMPIRICAL_NULL_TESTING"" FB = os.path.join( BASE, ""PART_25B4S_NULL_R636_ALL_CDS_FEATURES.csv"" ) CACTUS = os.path.join( BASE, ""PART_25B5W_NULL_CACTUS_FEATURE_RECORDS.csv"" ) NULL_MATRIX = os.path.join( BASE, ""PART_25B14R2_LOCKED_EMPIRICAL_NULL_FEATURE_MATRIX.csv"" ) OUT = os.path.join( BASE, "
/content/drive/MyDrive/Colab Notebooks/Untitled108.ipynb,Untitled108.ipynb,18,POSSIBLE_STIMULUS_CONSTRUCTION,8,0,0,2,0,0,0,0,0,0,0,5967," # ============================================================================= # PART 25B.14R — FIGURE-2 SCHEMA FORENSICS # ============================================================================= from google.colab import drive drive.mount('/content/drive') import os import pandas as pd BASE = ""/content/drive/MyDrive/GENE"" OUT = os.path.join( BASE, ""11_RESULTS"", ""PART_25B_EMPIRICAL_NULL_TESTING"" ) os.makedirs(OUT, exist_ok=True) FIGURE_SOURCE = ( ""/content/drive/MyDrive/GENE/11_RESULTS/"" ""PART_19F_SOURCE_MAPPING/CLEAN_SOURCE_SHEETS/"" ""Figure_2_a_c_d_e_f_g_h.c"
/content/drive/MyDrive/Colab Notebooks/Untitled108.ipynb,Untitled108.ipynb,27,POSSIBLE_STIMULUS_CONSTRUCTION,8,0,0,2,0,0,0,0,0,0,0,15720," # ============================================================================== # PART 25B.20R — SOURCE-LINEAGE CALIBRATION — BUG-FIXED # ============================================================================== from google.colab import drive drive.mount('/content/drive') import os import re import numpy as np import pandas as pd BASE = ""/content/drive/MyDrive/GENE"" OUT = f""{BASE}/11_RESULTS/PART_25B_EMPIRICAL_NULL_TESTING"" os.makedirs(OUT, exist_ok=True) print(""=""*78) print(""PART 25B.20R — SOURCE-LINEAGE CALIBRATION — BUG-FIXED"") print(""=""*78) # -----------------------------------"
/content/drive/MyDrive/Colab Notebooks/Untitled109.ipynb,Untitled109.ipynb,43,POSSIBLE_STIMULUS_CONSTRUCTION,8,0,0,2,0,0,0,0,0,0,0,9024," # ================================================================ # PART 25C.26 — ACTUAL MULTI-SPECIES SEQUENCE RECOVERY # ================================================================ from google.colab import drive drive.mount('/content/drive') import os import re import pandas as pd BASE = ""/content/drive/MyDrive/GENE"" CACTUS = ( f""{BASE}/00_RAW/"" f""Supplementary_Data_1_genome_metadata.txt"" ) CANDIDATES = ( f""{BASE}/00_RAW/"" f""Supplementary_Data_2_555_candidates.csv"" ) OUT = ( f""{BASE}/11_RESULTS/"" f""PART_25C_EVOLUTIONARY_SEQUENCE_STATE"" ) # --------------"
/content/drive/MyDrive/Colab Notebooks/Untitled110.ipynb,Untitled110.ipynb,4,POSSIBLE_STIMULUS_CONSTRUCTION,8,0,0,2,0,0,0,0,0,0,0,13912," # ================================================================ # PART 25C.50S — EVOLUTIONARY ORF CONTINUITY / SPECIES-DECAY # SELF-CONTAINED VERSION # # Does NOT depend on any PART 25C.49 CSV. # Reconstructs required seed metrics directly from PART 25C.48. # ================================================================ from google.colab import drive drive.mount('/content/drive') import os import numpy as np import pandas as pd BASE = ""/content/drive/MyDrive/GENE"" print(""=""*78) print(""PART 25C.50S — EVOLUTIONARY ORF CONTINUITY / SPECIES-DECAY"") print(""=""*78) # ---------------------"
/content/drive/MyDrive/Colab Notebooks/Untitled111.ipynb,Untitled111.ipynb,31,POSSIBLE_STIMULUS_CONSTRUCTION,8,0,0,2,0,0,0,0,0,0,0,9390," # ================================================================ # PART 26.2 — 555 × 20 SPECIES EVOLUTIONARY PRESENCE MATRIX # ================================================================ from google.colab import drive drive.mount('/content/drive') import os import pandas as pd import numpy as np BASE = ""/content/drive/MyDrive/GENE"" # --------------------------------------------------------------- # INPUTS # --------------------------------------------------------------- STATE_FILE = os.path.join( BASE, ""11_RESULTS"", ""PART_26_GENE_EMERGENCE_RECONSTRUCTION"", ""PART_26"
/content/drive/MyDrive/Colab Notebooks/Untitled111.ipynb,Untitled111.ipynb,62,POSSIBLE_STIMULUS_CONSTRUCTION,8,0,0,2,0,0,0,0,0,0,0,7704," # ================================================================ # PART 27.4 — ARCHITECTURE × OBSERVED EVOLUTIONARY SUPPORT # ================================================================ from google.colab import drive drive.mount('/content/drive') import os import numpy as np import pandas as pd from scipy.stats import spearmanr, mannwhitneyu from statsmodels.stats.multitest import multipletests print(""=""*70) print(""PART 27.4 — ARCHITECTURE × OBSERVED EVOLUTIONARY SUPPORT"") print(""=""*70) BASE = ""/content/drive/MyDrive/GENE/11_RESULTS/GENE_EMERGENCE_RECONSTRUCTION"" MASTER = ( ""/"
/content/drive/MyDrive/Colab Notebooks/Untitled111.ipynb,Untitled111.ipynb,64,POSSIBLE_STIMULUS_CONSTRUCTION,8,0,0,2,0,0,0,0,0,0,0,10174," # ================================================================ # PART 27.5R — INDEPENDENT ORF EFFECT AFTER LENGTH + GC CONTROL # ================================================================ from google.colab import drive drive.mount('/content/drive') import os import numpy as np import pandas as pd import statsmodels.api as sm from scipy.stats import spearmanr from statsmodels.stats.multitest import multipletests print(""=""*70) print(""PART 27.5R — INDEPENDENT ORF EFFECT AFTER LENGTH + GC CONTROL"") print(""=""*70) # ------------------------------------------------ # PATHS # ----------"
/content/drive/MyDrive/Colab Notebooks/Untitled115.ipynb,Untitled115.ipynb,76,POSSIBLE_STIMULUS_CONSTRUCTION,8,0,0,2,0,0,0,0,0,0,0,9974," # ================================================================ # PART 31.95E — Dmel + NON-Dmel ALIGNMENT RECONSTRUCTION # ================================================================ from google.colab import drive drive.mount('/content/drive') import os import pandas as pd import numpy as np import json ROOT = ""/content/drive/MyDrive/GENE"" INFILE = os.path.join( ROOT, ""11_RESULTS/PART_25C_EVOLUTIONARY_SEQUENCE_STATE/"", ""PART_25C45_ALIGNMENT_AWARE_ORF/"", ""PART_25C45_ALIGNMENT_AWARE_RECORDS.csv"" ) OUT = os.path.join( ROOT, ""11_RESULTS/PART_31_HISTORICAL_RECO"
/content/drive/MyDrive/Colab Notebooks/Untitled116.ipynb,Untitled116.ipynb,3,POSSIBLE_STIMULUS_CONSTRUCTION,8,0,0,2,0,0,0,0,0,0,0,12662," # ================================================================ # PART 31.95J — MAFFT MULTIPLE SEQUENCE ALIGNMENT # ================================================================ from google.colab import drive drive.mount('/content/drive') import os import subprocess import pandas as pd import numpy as np import json import shutil import time ROOT = ""/content/drive/MyDrive/GENE"" INPUT_DIR = os.path.join( ROOT, ""11_RESULTS/PART_31_HISTORICAL_RECONSTRUCTION/"", ""PART_31_95G_PHYLOGENETIC_FASTA_BLOCKS/"", ""FASTA"" ) OUT = os.path.join( ROOT, ""11_RESULTS/PART_31_HIST"
/content/drive/MyDrive/Colab Notebooks/Untitled13.ipynb,Untitled13.ipynb,26,POSSIBLE_STIMULUS_CONSTRUCTION,8,8,0,2,1,0,0,0,1,0,1,18141, # ===================================================================================================================== # STEP 32D-FIX31-FIX1-FIX5-FIX4-FIX3 # PRIMARY 2-DMR TF MOTIF CONVERGENCE AUDIT # # PURPOSE # ------- # Evaluate whether the two strongest Point-7 DMRs share recurrent # JASPAR TF-associated features. # # PRIMARY DMRs # ------------ # 1) ENSDARG00000103490 | chr12:41618446-41618940 # 2) ENSDARG00000059775 | chr6:60146677-60147657 # # IMPORTANT SCIENTIFIC LIMITATION # -------------------------------- # JASPAR interval overlap = computational TF-associated sequence context. # 
/content/drive/MyDrive/Colab Notebooks/Untitled2.ipynb,Untitled2.ipynb,6,POSSIBLE_STIMULUS_CONSTRUCTION,8,0,0,2,0,0,0,0,0,0,0,10069," # ============================================================ # FIGURE 3 — FINAL 6-CONTEXT EFFECT-SIZE MATRIX # SOURCE-VALIDATED HARMONIZATION # ============================================================ import os import pandas as pd import numpy as np BASE = ""/content/drive/MyDrive/Toxicology (1)"" TARGET_GENES = [ ""BEX4"", ""CDH13"", ""COL16A1"", ""CTBP2"", ""GSG1"", ""HMOX1"", ""HSPA1A"", ""HSPB1"", ""HSPH1"", ""KLRE1"", ""NES"", ""NEU2"", ""POPDC2"", ""STMN4"", ""VGF"" ] TARGET_GENES = [x.upper() for x in TARGET_GENES] # ------------------------------------------------------------ # Helpers # ----"
/content/drive/MyDrive/Colab Notebooks/Untitled2.ipynb,Untitled2.ipynb,10,POSSIBLE_STIMULUS_CONSTRUCTION,8,0,0,2,0,0,0,0,0,0,0,4326," # ============================================================ # FIGURE 3 — FINAL FIX # RESTORE GENE LABELS # NO GOOGLE DRIVE OUTPUT # ============================================================ import pandas as pd import numpy as np import matplotlib.pyplot as plt import seaborn as sns # ------------------------------------------------------------ # INPUT # ------------------------------------------------------------ input_file = ""/content/drive/MyDrive/Toxicology (1)/Cd_Figure3_Final_6Context_GSE83326_Validated_Log2FC.csv"" df = pd.read_csv(input_file) # -------------------------------"
/content/drive/MyDrive/Colab Notebooks/Untitled2.ipynb,Untitled2.ipynb,11,POSSIBLE_STIMULUS_CONSTRUCTION,8,0,0,2,0,0,0,0,0,0,0,4358," # ============================================================ # FIGURE 3 — FINAL FIX # RESTORE GENE LABELS # NO GOOGLE DRIVE OUTPUT # ============================================================ import pandas as pd import numpy as np import matplotlib.pyplot as plt import seaborn as sns # ------------------------------------------------------------ # INPUT # ------------------------------------------------------------ input_file = ""/content/drive/MyDrive/Toxicology (1)/Cd_Figure3_Final_6Context_GSE83326_Validated_Log2FC.csv"" df = pd.read_csv(input_file) # -------------------------------"
/content/drive/MyDrive/Colab Notebooks/Untitled25.ipynb,Untitled25.ipynb,9,POSSIBLE_STIMULUS_CONSTRUCTION,8,0,0,2,0,0,0,0,0,0,0,30392," # ============================================================================================================== # STEP 32D...FIX22T-R11-R16 # TGIF2LY GSE113241 SOURCE-LEVEL TRAINED-RESPONSE / CHALLENGE # EXPRESSION RECOVERY + EXACT GROUP RECONSTRUCTION # # IMPORTANT: # Previous R11-R15 keyword screen produced false negatives because: # PBS-MEM / LPS-MEM / PolyI:C-MEM / Glucans-MEM # PBS-SVCV / LPS-SVCV / PolyI:C-SVCV / Glucans-SVCV # do not literally contain generic words such as ""control"", ""re-exposure"", etc. # # Therefore this step uses: # 1. GEO series-level overall_design # 2. Ex"
/content/drive/MyDrive/Colab Notebooks/Untitled25.ipynb,Untitled25.ipynb,14,POSSIBLE_STIMULUS_CONSTRUCTION,8,0,0,2,0,0,0,0,0,0,0,18490, # ============================================================================================================== # STEP 32D...FIX22T-R11-R20 # TGIF2LY DIRECT NCBI-GENE-ID → GPL14664 PROBE → NORMALIZED-MATRIX RECONCILIATION # RATE-LIMIT-SAFE / LOCAL + GEOparse SOURCE LOCKED # ============================================================================================================== import os import re import json import gzip import hashlib import pandas as pd import numpy as np # --------------------------------------------------------------------------------------------------------------
/content/drive/MyDrive/Colab Notebooks/Untitled4.ipynb,Untitled4.ipynb,0,POSSIBLE_STIMULUS_CONSTRUCTION,8,0,0,2,0,0,0,0,0,0,0,11763,"# ============================================================ # GSE261966 — H5AD COMPLETE SCHEMA INSPECTION # Read-only inspection: file will NOT be modified # ============================================================ # ----------------------------- # 1. Mount Google Drive # ----------------------------- from google.colab import drive drive.mount('/content/drive') # ----------------------------- # 2. Install required packages # Fix: Pin pandas to 2.2.2 to avoid dependency conflicts # ----------------------------- !pip -q install ""pandas==2.2.2"" scanpy scirpy anndata # ------------------"
/content/drive/MyDrive/Colab Notebooks/Untitled4.ipynb,Untitled4.ipynb,4,POSSIBLE_STIMULUS_CONSTRUCTION,8,0,0,2,0,0,0,0,0,0,0,9891," # ============================================================ # GSE261966 — CRITICAL BIOLOGICAL METADATA INSPECTION # HLA + ANTIGEN + TCR + FUNCTIONAL SCORE INVESTIGATION # Read-only # ============================================================ import numpy as np import pandas as pd # ------------------------------------------------------------ # 1. Dataset dimensions # ------------------------------------------------------------ print(""=""*80) print(""DATASET"") print(""=""*80) print(""Cells:"", adata.n_obs) print(""Genes:"", adata.n_vars) # ---------------------------------------------------"
/content/drive/MyDrive/Colab Notebooks/Untitled4.ipynb,Untitled4.ipynb,8,POSSIBLE_STIMULUS_CONSTRUCTION,8,0,0,2,0,0,0,0,0,0,0,14644,"import os import re import numpy as np import pandas as pd print(""=""*100) print(""STEP 6 — HLA PROVENANCE + MULTIMODALITY RECONSTRUCTION"") print(""=""*100) # ============================================================ # 1. EXACT HLA-COVERED CELL SET # ============================================================ print(""\n"" + ""=""*100) print(""1. EXACT HLA-COVERED CELLS"") print(""=""*100) hla_cols = [ ""Hu.HLA.ABC"", ""Hu.HLA.DR"", ""Hu.HLA.E"" ] hla_present = adata.obs[hla_cols].notna().any(axis=1) print(""Total cells:"", len(adata)) print(""Cells with HLA data:"", hla_present.sum()) print( "
/content/drive/MyDrive/Colab Notebooks/Untitled4.ipynb,Untitled4.ipynb,30,POSSIBLE_STIMULUS_CONSTRUCTION,8,0,0,2,0,0,0,0,0,0,0,25754, # ================================================================================ # STEP 27 — MULTIVARIABLE MOTIF–ANTIGEN ASSOCIATION + CONFOUNDER-ADJUSTED VALIDATION # ================================================================================ # # Goal: # Determine whether motif–antigen associations remain detectable after # simultaneously accounting for: # 1. donor # 2. V gene # 3. J gene # 4. CDR3β length # 5. clone abundance # # Statistical unit: # unique donor × CDR3β × antigen # # Motif definitions: # Step21 non-redundant motif families # # IM
/content/drive/MyDrive/Colab Notebooks/Untitled4.ipynb,Untitled4.ipynb,32,POSSIBLE_STIMULUS_CONSTRUCTION,8,0,0,2,0,0,0,0,0,0,0,24930, # ============================================================================== # STEP 29 — JOINT MOTIF COMPETITION / CONDITIONAL INDEPENDENCE VALIDATION # ============================================================================== # # Goal: # Test all non-redundant motif families simultaneously to determine whether # any motif contributes antigen-specific information independently of: # - other motif families # - donor # - V gene # - J gene # - CDR3 length # - clone abundance # # Statistical unit: # unique CDR3β # # Outcome: # antigen membershi
/content/drive/MyDrive/Colab Notebooks/Untitled4.ipynb,Untitled4.ipynb,33,POSSIBLE_STIMULUS_CONSTRUCTION,8,0,0,2,0,0,0,0,0,0,0,24053, # ============================================================================== # STEP 30 — ANTIGEN-SHARED CDR3 + DONOR-AWARE CONDITIONAL MOTIF VALIDATION # ============================================================================== # # Purpose: # Correct the unique-CDR3 modal-antigen limitation observed in Step 29. # # Statistical unit: # donor × CDR3β × antigen # # Critical difference: # A CDR3 can remain associated with MULTIPLE antigens. # We do NOT assign one modal antigen to each CDR3. # # Covariates: # donor # V gene # J gene # CDR3 length # clone abundance # al
/content/drive/MyDrive/Colab Notebooks/Untitled46.ipynb,Untitled46.ipynb,20,POSSIBLE_STIMULUS_CONSTRUCTION,8,0,0,2,0,0,0,0,0,0,2,8683," # ============================================================ # GSE161905 — SINGLE-CELL WHOLE-TRANSCRIPTOME QC + PCA # ============================================================ import os import gzip import numpy as np import pandas as pd BASE_DIR = ( ""/content/drive/MyDrive/thesis/"" ""DSD_Project/02_Developmental_Datasets/GSE161905"" ) COUNT_FILE = os.path.join( BASE_DIR, ""st51.counts.tsv.gz"" ) OUT_DIR = BASE_DIR print(""="" * 70) print(""GSE161905 — WHOLE-TRANSCRIPTOME CELL-STATE PREPROCESSING"") print(""="" * 70) # =========================================================="
/content/drive/MyDrive/Colab Notebooks/Untitled54.ipynb,Untitled54.ipynb,12,POSSIBLE_STIMULUS_CONSTRUCTION,8,0,0,2,0,0,0,0,0,0,0,25468,"import os import warnings import numpy as np import pandas as pd from scipy.stats import ( f_oneway, spearmanr, kruskal ) from statsmodels.stats.multitest import multipletests warnings.filterwarnings(""ignore"") # ============================================================================= # 0. PATHS # ============================================================================= BASE = ""/content/drive/MyDrive/thesis/DSD_Project/02_Limb_RNA_GSE164737"" QC_DIR = ( BASE + ""/GENOME_WIDE_TRAJECTORY_ANALYSIS/CHICKEN/QC_FILTERING"" ) TRAJ_DIR = ( BASE + ""/GENOME_WIDE_T"
/content/drive/MyDrive/Colab Notebooks/Untitled78.ipynb,Untitled78.ipynb,0,POSSIBLE_STIMULUS_CONSTRUCTION,8,0,0,2,0,0,0,0,0,0,0,39051," # ==================================================================================================== # PAX3 EVOLUTIONARY CONSTRAINT PROJECT # STAGE 4A — CHICKEN-ONLY GENOME-WIDE CONCORDANCE SCREEN # # CORE QUESTION: # # ""GSE164737 ke 22,642 chicken genes mein se kaunse genes # developmental trajectory ke according sabse strong / reproducible # candidates hain?"" # # IMPORTANT: # ---------------------------------------------------------------------------------------------------- # 1. NO MOUSE DATA # 2. NO ORTHOLOGY # 3. NO 12-GENE PANEL # 4. NO PAX3 SPECIAL WEIGHT # 5. NO PAX3-BASED FILTER # "
/content/drive/MyDrive/Colab Notebooks/Untitled78.ipynb,Untitled78.ipynb,2,POSSIBLE_STIMULUS_CONSTRUCTION,8,0,0,2,0,0,0,0,0,0,0,39225," # ==================================================================================================== # PAX3 EVOLUTIONARY CONSTRAINT PROJECT # STAGE 4A — CHICKEN-ONLY GENOME-WIDE CONCORDANCE SCREEN # # CORE QUESTION: # # ""GSE164737 ke 22,642 chicken genes mein se kaunse genes # developmental trajectory ke according sabse strong / reproducible # candidates hain?"" # # IMPORTANT: # ---------------------------------------------------------------------------------------------------- # 1. NO MOUSE DATA # 2. NO ORTHOLOGY # 3. NO 12-GENE PANEL # 4. NO PAX3 SPECIAL WEIGHT # 5. NO PAX3-BASED FILTER # "
/content/drive/MyDrive/Colab Notebooks/Untitled79.ipynb,Untitled79.ipynb,0,POSSIBLE_STIMULUS_CONSTRUCTION,8,0,0,2,0,0,0,0,0,0,0,39225," # ==================================================================================================== # PAX3 EVOLUTIONARY CONSTRAINT PROJECT # STAGE 4A — CHICKEN-ONLY GENOME-WIDE CONCORDANCE SCREEN # # CORE QUESTION: # # ""GSE164737 ke 22,642 chicken genes mein se kaunse genes # developmental trajectory ke according sabse strong / reproducible # candidates hain?"" # # IMPORTANT: # ---------------------------------------------------------------------------------------------------- # 1. NO MOUSE DATA # 2. NO ORTHOLOGY # 3. NO 12-GENE PANEL # 4. NO PAX3 SPECIAL WEIGHT # 5. NO PAX3-BASED FILTER # "
/content/drive/MyDrive/Colab Notebooks/Untitled80.ipynb,Untitled80.ipynb,1,POSSIBLE_STIMULUS_CONSTRUCTION,8,0,0,2,0,0,0,0,0,0,0,39225," # ==================================================================================================== # PAX3 EVOLUTIONARY CONSTRAINT PROJECT # STAGE 4A — CHICKEN-ONLY GENOME-WIDE CONCORDANCE SCREEN # # CORE QUESTION: # # ""GSE164737 ke 22,642 chicken genes mein se kaunse genes # developmental trajectory ke according sabse strong / reproducible # candidates hain?"" # # IMPORTANT: # ---------------------------------------------------------------------------------------------------- # 1. NO MOUSE DATA # 2. NO ORTHOLOGY # 3. NO 12-GENE PANEL # 4. NO PAX3 SPECIAL WEIGHT # 5. NO PAX3-BASED FILTER # "
/content/drive/MyDrive/Colab Notebooks/Untitled92.ipynb,Untitled92.ipynb,13,POSSIBLE_STIMULUS_CONSTRUCTION,8,8,0,2,1,0,0,0,0,4,0,12545," # ============================================================================= # HONEYBEE MODEL v11.3 # PARAMETER LANDSCAPE + CAUSAL THRESHOLD AUDIT # # Uses existing v11.2 FAST results. # NO NEW NETWORK SIMULATION. # ============================================================================= from google.colab import drive drive.mount(""/content/drive"") import os import numpy as np import pandas as pd import matplotlib.pyplot as plt from scipy import stats # ============================================================================= # 1. PATHS # ======================================="
/content/drive/MyDrive/Colab Notebooks/Untitled92.ipynb,Untitled92.ipynb,16,POSSIBLE_STIMULUS_CONSTRUCTION,8,8,0,2,1,0,0,0,0,3,0,15328," # ============================================================================= # HONEYBEE MODEL v11.5.1 # FAST LOCAL PARAMETER ROBUSTNESS AUDIT # NO NEW NETWORK SIMULATION # ============================================================================= from google.colab import drive drive.mount('/content/drive') import os import numpy as np import pandas as pd from scipy import stats import matplotlib.pyplot as plt # ============================================================================= # CONFIG # ============================================================================= OUT = """
/content/drive/MyDrive/Colab Notebooks/Untitled97.ipynb,Untitled97.ipynb,59,POSSIBLE_STIMULUS_CONSTRUCTION,8,0,0,2,0,0,0,0,0,0,0,9739," # ============================================================ # MFOS PUBLIC REPOSITORY — INITIAL BUILD # ============================================================ from google.colab import drive drive.mount('/content/drive') from pathlib import Path import json # ------------------------------------------------------------ # 1. Repository location # ------------------------------------------------------------ REPO = Path(""/content/drive/MyDrive/MFOS_PUBLIC_REPOSITORY"") folders = [ ""code"", ""config"", ""data"", ""results/pancreas"", ""results/kidney"", ""results/null_mod"
/content/drive/MyDrive/Colab Notebooks/Untitled98.ipynb,Untitled98.ipynb,53,POSSIBLE_STIMULUS_CONSTRUCTION,8,8,0,2,1,0,0,0,0,4,0,23040, # ================================================================================ # v13.2H-CORRECTED # TEMPORAL MECHANISM DISENTANGLEMENT # ================================================================================ # Uses ONLY existing v13.2G outputs. # NO NEW NEURAL SIMULATION. # # Main question: # Is learned discrimination explained by: # A) transition count / alternation # B) run structure # C) reinforcement history / cumulative imbalance # D) early-vs-late switching # E) directional transitions # # IMPORTANT: # Full multivariable beta coefficients can become unstable beca
/content/drive/MyDrive/Colab Notebooks/Untitled17.ipynb,Untitled17.ipynb,9,POSSIBLE_STIMULUS_CONSTRUCTION,7,8,0,4,1,0,1,0,0,0,0,52283, # ==================================================================================================================== # STEP 32D-FIX31-FIX1-FIX5-FIX4-FIX3-FIX4-FIX5-FIX7 # TGIF2LY MOTIF BACKGROUND-DEPLETION / COMPOSITION-MATCHED ENRICHMENT AUDIT # # PURPOSE # ------- # Test whether the observed TGIF2LY motif signal in the two primary Point-7 DMRs # is stronger than expected from composition-matched random sequences. # # IMPORTANT SCIENTIFIC SAFEGUARDS # ------------------------------- # 1. Existing verified DMR sequences are reused. # 2. Existing DMR coordinates are not modified. # 3. Existi
/content/drive/MyDrive/Colab Notebooks/Untitled17.ipynb,Untitled17.ipynb,10,POSSIBLE_STIMULUS_CONSTRUCTION,7,8,0,4,1,0,1,0,0,0,0,42064, # ==================================================================================================================== # STEP 32D-FIX31-FIX1-FIX5-FIX4-FIX3-FIX4-FIX5-FIX7-FIX1 # ROBUST TGIF2LY INPUT DISCOVERY + BACKGROUND-DEPLETION AUDIT REPAIR # # REPAIR: # Previous TGIF2LY_scored_hits_used.csv may not exist. # Therefore this step DOES NOT require that file. # # Authoritative inputs: # 1. Point-7 verified 8-DMR table # 2. Final primary 2-DMR motif validation table # 3. Previously retrieved verified DMR genomic sequences # # TGIF2LY PWM: # Retrieved independently from JASPAR MA157
/content/drive/MyDrive/Colab Notebooks/Untitled17.ipynb,Untitled17.ipynb,13,POSSIBLE_STIMULUS_CONSTRUCTION,7,8,0,4,1,0,1,0,0,0,0,38122, # ====================================================================================================================== # STEP 32D-FIX31-FIX1-FIX5-FIX4-FIX3-FIX4-FIX5-FIX7-FIX3 # TGIF2LY DINUCLEOTIDE-PRESERVING NULL + PRIMARY-SPECIFICITY ROBUSTNESS AUDIT # # PURPOSE # ------- # Strengthen FIX7-FIX2 by testing the observed TGIF2LY primary-vs-non-primary # sequence pattern against a dinucleotide-preserving null. # # NULL PRESERVES # -------------- # 1. Exact DMR sequence length # 2. Exact nucleotide composition # 3. Exact dinucleotide counts # # TESTS # ----- # A. Per-DMR TGIF2LY hit b
/content/drive/MyDrive/Colab Notebooks/Untitled47.ipynb,Untitled47.ipynb,4,POSSIBLE_STIMULUS_CONSTRUCTION,7,8,0,4,1,0,0,0,0,0,1,20848, # ====================================================================== # GSE161905 — CONFOUNDER-CONTROLLED CLOCK NETWORK VALIDATION # ====================================================================== # # PURPOSE # ------- # Test whether developmental clock-gene relationships remain after # controlling for: # # 1. Total RNA counts / library size # 2. Number of detected genes # # Analysis is performed separately within each biological replicate. # # Primary candidate pairs: # MEOX1 — NOTCH1 # DLL1 — MEOX1 # DLL1 — MSGN1 # DLL1 — NOTCH1 # # No causal claim is made from corr
/content/drive/MyDrive/Colab Notebooks/Untitled67.ipynb,Untitled67.ipynb,10,POSSIBLE_STIMULUS_CONSTRUCTION,7,8,0,4,1,0,1,0,0,0,0,53956, # ============================================================================== # GSE164736 / GSE164737 # H22 — FINAL STATISTICS # ============================================================================== # # PURPOSE # ------- # Final statistical synthesis of the computational evidence accumulated through # H17 → H21. # # H22 DOES NOT: # - create biological replicates # - claim wet-lab validation # - establish causality # - establish direct regulation # - treat the 12 genes as biological replicates # # H22 DOES: # 1. summarize final score distributions # 2. quantify rank c
/content/drive/MyDrive/Colab Notebooks/Untitled96.ipynb,Untitled96.ipynb,46,POSSIBLE_STIMULUS_CONSTRUCTION,7,8,0,4,1,0,1,0,0,0,0,28779, # ============================================================================== # STEP 38D — EXACT ORIGINAL KIDNEY1 LABELS + FULL 16-GENE MFOS VALIDATION # ============================================================================== # # PURPOSE # ------- # Reviewer Comment 8: # - Full MFOS panel # - Accuracy # - Macro precision / recall / F1 # - Weighted F1 # - Balanced accuracy # - Per-class metrics # - Majority-class baseline # - 5-fold stratified CV # - Label-permutation null baseline # - Confusion matrix # # IMPORTANT # --------- # We DO NOT apply HVG filtering to t
/content/drive/MyDrive/Colab Notebooks/Untitled96.ipynb,Untitled96.ipynb,47,POSSIBLE_STIMULUS_CONSTRUCTION,7,8,0,4,1,0,1,0,0,0,0,28779, # ============================================================================== # STEP 38D — EXACT ORIGINAL KIDNEY1 LABELS + FULL 16-GENE MFOS VALIDATION # ============================================================================== # # PURPOSE # ------- # Reviewer Comment 8: # - Full MFOS panel # - Accuracy # - Macro precision / recall / F1 # - Weighted F1 # - Balanced accuracy # - Per-class metrics # - Majority-class baseline # - 5-fold stratified CV # - Label-permutation null baseline # - Confusion matrix # # IMPORTANT # --------- # We DO NOT apply HVG filtering to t
/content/drive/MyDrive/Colab Notebooks/Untitled96.ipynb,Untitled96.ipynb,50,POSSIBLE_STIMULUS_CONSTRUCTION,7,8,0,4,1,0,1,0,0,0,0,28888, # ============================================================================== # STEP 38D — EXACT ORIGINAL KIDNEY1 LABELS + FULL 16-GENE MFOS VALIDATION # ============================================================================== # # PURPOSE # ------- # Reviewer Comment 8: # - Full MFOS panel # - Accuracy # - Macro precision / recall / F1 # - Weighted F1 # - Balanced accuracy # - Per-class metrics # - Majority-class baseline # - 5-fold stratified CV # - Label-permutation null baseline # - Confusion matrix # # IMPORTANT # --------- # We DO NOT apply HVG filtering to t
/content/drive/MyDrive/Colab Notebooks/Untitled12.ipynb,Untitled12.ipynb,13,POSSIBLE_STIMULUS_CONSTRUCTION,7,0,0,2,0,0,0,0,0,0,1,19622,"import os import numpy as np import pandas as pd from scipy.stats import ( ttest_ind, mannwhitneyu, t ) from statsmodels.stats.multitest import multipletests print(""=""*110) print(""STEP 32D-FIX16 — ROBUST-5 F1 EXPRESSION × PUBLISHED F0 DMR LINKAGE"") print(""=""*110) # -------------------------------------------------------------------------------------------------------------- # [1] PATHS # -------------------------------------------------------------------------------------------------------------- BASE = ""/content/drive/MyDrive/Dissertation"" F1_DIR = os.path.join( BASE, "
/content/drive/MyDrive/Colab Notebooks/Untitled13.ipynb,Untitled13.ipynb,5,POSSIBLE_STIMULUS_CONSTRUCTION,7,8,0,2,1,0,0,0,1,0,0,33983, # ============================================================================================================== # STEP 32D-FIX29 — DANIO-CODE / UCSC INDEPENDENT EPIGENOMIC CHROMATIN-STATE AUDIT # ============================================================================================================== # # PURPOSE # ------- # Test the 8 Top-5 DMRs against independent zebrafish danRer11 epigenomic/regulatory # track-hub evidence. # # Evidence classes targeted: # 1. ATAC / open chromatin # 2. DNase / accessible chromatin # 3. H3K27ac / active enhancer-promoter # 4. H3K4me3 / active 
/content/drive/MyDrive/Colab Notebooks/Untitled59.ipynb,Untitled59.ipynb,4,POSSIBLE_STIMULUS_CONSTRUCTION,7,8,0,2,1,0,0,0,1,0,0,49676," # ================================================================================ # GSE164737 — H.1 CORRECTED ANNOTATION SELECTION + GENOME-WIDE GENE-LEVEL EXTRACTION # ================================================================================ # # Purpose: # 1. Load the validated G BigWig inventory # 2. Robustly resolve all 18 BigWig samples # 3. Parse chicken galGal5 refGene GTF without requiring ""gene"" features # 4. Parse mouse GRCm38 Ensembl GTF # 5. Reconstruct gene coordinates where necessary # 6. Resolve chromosome naming differences safely # 7. Extract genome-wide "
/content/drive/MyDrive/Colab Notebooks/Untitled50.ipynb,Untitled50.ipynb,9,POSSIBLE_STIMULUS_CONSTRUCTION,6,8,0,4,1,0,1,0,0,0,1,20816, # ============================================================================== # GSE161905 — HES1–LFNG FULL INDEPENDENT ROBUSTNESS / NULL VALIDATION # ============================================================================== # # PURPOSE # ------- # Independently validate HES1–LFNG as a developmental network-rewiring candidate. # # Evidence layers: # 1. Developmental expression # 2. Replicate-aware network trajectory # 3. Replicate concordance # 4. Partial-correlation trajectory # 5. Cell-state robustness # 6. Background edge comparison # 7. Bootstrap CI of replicate devel
/content/drive/MyDrive/Colab Notebooks/Untitled67.ipynb,Untitled67.ipynb,3,POSSIBLE_STIMULUS_CONSTRUCTION,6,8,0,4,1,0,0,0,0,0,0,54927, # ============================================================================= # GSE164736 / GSE164737 # H.16.4.3 — CORRECTED ATAC-SEQ ACCESSIBILITY EXTRACTION # + REPLICATE QC + STAGE TRAJECTORY ANALYSIS # # PURPOSE # ------- # H16.4.2 resolved canonical BigWig-compatible coordinates for all 12 candidates # in both species. # # This module now: # 1. Uses ONLY H16.4.2 canonical coordinates # 2. Validates all 24 gene/species coordinate records # 3. Matches all 12 GSE164736 BigWigs # 4. Extracts promoter accessibility # 5. Extracts gene-body accessibility # 6. Performs 
/content/drive/MyDrive/Colab Notebooks/Untitled67.ipynb,Untitled67.ipynb,25,POSSIBLE_STIMULUS_CONSTRUCTION,6,8,0,4,1,0,0,0,0,0,0,31602, # ============================================================================= # H26.13 — CROSS-SPECIES DEVELOPMENTAL TRANSITION-SIGNATURE AUDIT # ============================================================================= # # PURPOSE # ------- # Compare the actual developmental transition architecture between human # embryonic limb and mouse embryonic limb without interpolation. # # HUMAN: # EARLY -> MIDDLE -> LATE # # MOUSE: # E9.75 -> E10.5 -> E11.5 # # For every gene: # 1. Transition 1 # 2. Transition 2 # 3. Overall developmental direction # 4. Monotonic / peak / trough / f
/content/drive/MyDrive/Colab Notebooks/Untitled96.ipynb,Untitled96.ipynb,16,POSSIBLE_STIMULUS_CONSTRUCTION,6,8,0,4,1,0,2,0,0,0,0,6639, # ============================================================ # STEP 20 — KIDNEY RF: BASELINE + PERMUTATION NULL MODEL # ============================================================ # Install missing dependencies !pip install scanpy anndata -q from google.colab import drive drive.mount('/content/drive') import numpy as np import pandas as pd import scanpy as sc from sklearn.model_selection import train_test_split from sklearn.preprocessing import LabelEncoder from sklearn.ensemble import RandomForestClassifier from sklearn.metrics import accuracy_score # ================================
/content/drive/MyDrive/Colab Notebooks/Untitled18.ipynb,Untitled18.ipynb,6,POSSIBLE_STIMULUS_CONSTRUCTION,6,8,0,3,1,0,0,0,0,0,1,27300, # ============================================================================================================== # STEP 32D...FIX22R # TGIF2LY CANDIDATE SELECTION-ROBUSTNESS + LEAVE-ONE-LAYER-OUT AUDIT # # PURPOSE # -------------------------------------------------------------------------------------------------------------- # Test whether the locked candidate remains computationally distinctive when individual evidence layers # are removed from the comparative framework. # # This is a ROBUSTNESS / SENSITIVITY analysis. # # It does NOT: # - calculate a new combined biological p-value # - 
/content/drive/MyDrive/Colab Notebooks/Untitled19.ipynb,Untitled19.ipynb,1,POSSIBLE_STIMULUS_CONSTRUCTION,6,8,0,3,1,0,0,0,0,0,1,27300, # ============================================================================================================== # STEP 32D...FIX22R # TGIF2LY CANDIDATE SELECTION-ROBUSTNESS + LEAVE-ONE-LAYER-OUT AUDIT # # PURPOSE # -------------------------------------------------------------------------------------------------------------- # Test whether the locked candidate remains computationally distinctive when individual evidence layers # are removed from the comparative framework. # # This is a ROBUSTNESS / SENSITIVITY analysis. # # It does NOT: # - calculate a new combined biological p-value # - 
/content/drive/MyDrive/Colab Notebooks/Untitled21.ipynb,Untitled21.ipynb,3,POSSIBLE_STIMULUS_CONSTRUCTION,6,8,0,3,1,0,0,0,0,0,1,21293," # ============================================================================================================== # STEP 32D...FIX22T-R11-R4 # TGIF2LY GENOME-WIDE F1 HISTORY-EFFECT BENCHMARK # ============================================================================================================== import os import json import hashlib import warnings import numpy as np import pandas as pd from scipy.stats import ttest_ind warnings.filterwarnings(""ignore"") # ============================================================================================================== # [1] LOCKED INPUTS"
/content/drive/MyDrive/Colab Notebooks/Untitled22.ipynb,Untitled22.ipynb,1,POSSIBLE_STIMULUS_CONSTRUCTION,6,8,0,3,1,0,0,0,0,0,1,21293," # ============================================================================================================== # STEP 32D...FIX22T-R11-R4 # TGIF2LY GENOME-WIDE F1 HISTORY-EFFECT BENCHMARK # ============================================================================================================== import os import json import hashlib import warnings import numpy as np import pandas as pd from scipy.stats import ttest_ind warnings.filterwarnings(""ignore"") # ============================================================================================================== # [1] LOCKED INPUTS"
/content/drive/MyDrive/Colab Notebooks/Untitled46.ipynb,Untitled46.ipynb,29,POSSIBLE_STIMULUS_CONSTRUCTION,6,8,0,3,1,0,0,0,0,0,1,25295," # ============================================================ # GSE161905 — SEGMENTATION CLOCK NETWORK REWIRING ANALYSIS # DEVELOPMENTAL NETWORK DYNAMICS # # Stages: # HH5 -> 6 somites -> 35 somites # # IMPORTANT: # Only 2 biological replicates are available per stage. # Therefore, this is an exploratory network analysis. # ============================================================ import os import gzip import numpy as np import pandas as pd from scipy.stats import spearmanr # ============================================================ # 1. PATHS # ===================================="
/content/drive/MyDrive/Colab Notebooks/Untitled1.ipynb,Untitled1.ipynb,9,POSSIBLE_STIMULUS_CONSTRUCTION,6,0,0,2,0,0,0,0,0,0,0,21439, # ============================================================ # STEP 23 — MULTI-LAYER CELLULAR BURDEN MODEL # # One engineered cell -> three therapeutic antibodies # # Cellular burden is decomposed into: # # 1. Transcription # 2. Translation # 3. Folding # 4. Processing # 5. Secretion # # ============================================================ # ============================================================ # 0. IMPORTS + GOOGLE DRIVE # ============================================================ from google.colab import drive import os import numpy as np import pandas as pd 
/content/drive/MyDrive/Colab Notebooks/Untitled102.ipynb,Untitled102.ipynb,16,POSSIBLE_STIMULUS_CONSTRUCTION,6,0,0,2,0,0,0,0,0,0,0,25968," # ============================================================ # ADHD PROJECT — PART 9C # STRING NETWORK CONSTRUCTION SENSITIVITY DIAGNOSTIC # # PURPOSE: # Determine whether the sparse seed coverage observed in # physical score >=700, add_nodes=100 is due to: # # 1. network expansion size # 2. confidence threshold # 3. physical-vs-functional network definition # # IMPORTANT: # This is a DIAGNOSTIC step. # NO shortest-path analysis # NO permutation test # NO final inference # # Google Drive: # /content/drive/MyDrive/ADHD/ # ============================================================ #"
/content/drive/MyDrive/Colab Notebooks/Untitled102.ipynb,Untitled102.ipynb,89,POSSIBLE_STIMULUS_CONSTRUCTION,6,8,0,2,1,0,0,0,2,0,0,22751," # ============================================================================== # PART 12C4C1M.19 # MATCHED-NULL CANDIDATE UNIVERSE & MATCHING AUDIT # ============================================================================== from google.colab import drive drive.mount('/content/drive') import os import json import numpy as np import pandas as pd print(""="" * 78) print(""PART 12C4C1M.19"") print(""MATCHED-NULL CANDIDATE UNIVERSE & MATCHING AUDIT"") print(""="" * 78) # ------------------------------------------------------------------------------ # PATHS # ------------------------------------"
/content/drive/MyDrive/Colab Notebooks/Untitled103.ipynb,Untitled103.ipynb,5,POSSIBLE_STIMULUS_CONSTRUCTION,6,8,0,2,1,0,0,0,2,0,0,17813,"import os import json import numpy as np import pandas as pd print(""="" * 78) print(""M.19A.5 — ONE-TO-ONE MATCHED NULL CONSTRUCTION"") print(""="" * 78) # ============================================================================== # STEP 1 — PATHS # ============================================================================== BASE = ( ""/content/drive/MyDrive/ADHD/12_PERMUTATION_TESTS/"" ""MATCHED_NULL/ANNOTATION_AUDIT"" ) BG_FILE = ( BASE + ""/PART_12C4C1M19A_INDEPENDENT_BACKGROUND/"" ""GENE_LEVEL_BACKGROUND_CORRECTED/"" ""m19a3_1_corrected_genomewide_gene_background.csv"" "
/content/drive/MyDrive/Colab Notebooks/Untitled107.ipynb,Untitled107.ipynb,37,POSSIBLE_STIMULUS_CONSTRUCTION,6,0,0,2,0,0,0,0,0,0,0,14324," # ================================================================ # PART 7A — SMALL RF NULL CALIBRATION # 20 MATCHED RANDOM 16-GENE PANELS # 500 TREES × 5 PERMUTATION REPEATS # ================================================================ import os import json import time import warnings import numpy as np import pandas as pd from google.colab import drive drive.mount('/content/drive') from sklearn.ensemble import RandomForestClassifier from sklearn.inspection import permutation_importance from sklearn.metrics import accuracy_score warnings.filterwarnings(""ignore"") # ================"
/content/drive/MyDrive/Colab Notebooks/Untitled108.ipynb,Untitled108.ipynb,28,POSSIBLE_STIMULUS_CONSTRUCTION,6,0,0,2,0,0,0,0,0,0,0,11190," # ============================================================================== # PART 25B.21 — ORIGINAL seqlen DEFINITION / PROVENANCE TRACE # ============================================================================== from google.colab import drive drive.mount('/content/drive') import os import re import numpy as np import pandas as pd BASE = ""/content/drive/MyDrive/GENE"" OUT = f""{BASE}/11_RESULTS/PART_25B_EMPIRICAL_NULL_TESTING"" os.makedirs(OUT, exist_ok=True) print(""=""*78) print(""PART 25B.21 — ORIGINAL seqlen DEFINITION / PROVENANCE TRACE"") print(""=""*78) # -----------------------"
/content/drive/MyDrive/Colab Notebooks/Untitled111.ipynb,Untitled111.ipynb,63,POSSIBLE_STIMULUS_CONSTRUCTION,6,0,0,2,0,0,0,0,0,0,0,7484," # ================================================================ # PART 27.5 — INDEPENDENT ORF EFFECT AFTER LENGTH + GC CONTROL # ================================================================ from google.colab import drive drive.mount('/content/drive') import os import numpy as np import pandas as pd import statsmodels.api as sm from scipy.stats import spearmanr from statsmodels.stats.multitest import multipletests print(""=""*70) print(""PART 27.5 — INDEPENDENT ORF EFFECT AFTER LENGTH + GC CONTROL"") print(""=""*70) MASTER = ( ""/content/drive/MyDrive/GENE/11_RESULTS/"" ""PART_27_GEN"
/content/drive/MyDrive/Colab Notebooks/Untitled111.ipynb,Untitled111.ipynb,65,POSSIBLE_STIMULUS_CONSTRUCTION,6,0,0,2,0,0,0,0,0,0,0,8622," # ================================================================ # PART 27.5RR — INDEPENDENT ORF EFFECT AFTER LENGTH + GC CONTROL # ================================================================ from google.colab import drive drive.mount('/content/drive') import os import numpy as np import pandas as pd import statsmodels.api as sm from scipy.stats import spearmanr from statsmodels.stats.multitest import multipletests print(""=""*70) print(""PART 27.5RR — INDEPENDENT ORF EFFECT AFTER LENGTH + GC CONTROL"") print(""=""*70) MASTER = ( ""/content/drive/MyDrive/GENE/11_RESULTS/"" ""PART_27"
/content/drive/MyDrive/Colab Notebooks/Untitled112.ipynb,Untitled112.ipynb,0,POSSIBLE_STIMULUS_CONSTRUCTION,6,0,0,2,0,0,0,0,0,0,0,10082," # ================================================================ # PART 27.5RRR — INDEPENDENT ORF EFFECT AFTER LENGTH + GC CONTROL # ================================================================ from google.colab import drive drive.mount('/content/drive') import os import numpy as np import pandas as pd import statsmodels.api as sm from scipy.stats import spearmanr from statsmodels.stats.multitest import multipletests print(""=""*70) print(""PART 27.5RRR — INDEPENDENT ORF EFFECT AFTER LENGTH + GC CONTROL"") print(""=""*70) # ------------------------------------------------ # PATHS # ------"
/content/drive/MyDrive/Colab Notebooks/Untitled112.ipynb,Untitled112.ipynb,73,POSSIBLE_STIMULUS_CONSTRUCTION,6,8,0,2,1,0,0,0,2,0,0,23884, # ================================================================ # PART 31.62 — LENGTH + GC MATCHED SEQUENCE DATASET # ================================================================ # # PURPOSE # ------- # Construct a fair sequence-level comparison between: # # 555 RETAINED_DE_NOVO # 279 REJECTED_HOMOLOGY # # using present-day D. melanogaster sequences. # # Matching variables: # 1. log1p(sequence length) # 2. GC fraction # # IMPORTANT # --------- # - No classifier # - No k-mer model # - No biological causality claim # - No ancestral sequence claim # - Rejected = homology-rejected 
/content/drive/MyDrive/Colab Notebooks/Untitled12.ipynb,Untitled12.ipynb,22,POSSIBLE_STIMULUS_CONSTRUCTION,6,0,0,2,0,0,0,0,0,0,0,172," print( ""Candidates with F1 expression matrix match:"", candidate_f1[f""{sample_columns[0]}_x""].notna().sum(), ""/"", len(candidate_f1) )"
/content/drive/MyDrive/Colab Notebooks/Untitled2.ipynb,Untitled2.ipynb,19,POSSIBLE_STIMULUS_CONSTRUCTION,6,0,0,2,0,0,0,0,0,0,0,8673,"import pandas as pd import numpy as np from openpyxl import load_workbook from openpyxl.styles import Font, Alignment, PatternFill, Border, Side !pip install reportlab --quiet from reportlab.lib import colors from reportlab.lib.pagesizes import landscape, A4 from reportlab.platypus import SimpleDocTemplate, Table, TableStyle from reportlab.lib.units import mm # ------------------------------------------------------------ # INPUT # ------------------------------------------------------------ input_file = ( ""/content/drive/MyDrive/Toxicology (1)/"" ""Cd_Figure3_Final_6Context_GSE83326_"
/content/drive/MyDrive/Colab Notebooks/Untitled7.ipynb,Untitled7.ipynb,65,POSSIBLE_STIMULUS_CONSTRUCTION,6,0,0,2,0,0,0,0,0,0,0,1306,"import pandas as pd # Re-loading sample_info and counts if they are missing from the session sample_url = ""https://raw.githubusercontent.com/minkechoi/tx_star-bPAC_brain/main/data/sample_info.csv"" count_url = ""https://raw.githubusercontent.com/minkechoi/tx_star-bPAC_brain/main/data/star_wt_gene_count_matrix.csv"" sample_info = pd.read_csv(sample_url) counts = pd.read_csv(count_url) # Defining 'adult' subset adult = sample_info[ sample_info[""time""].isin([""d120"", ""LD""]) ].copy() all_adult = adult.copy() all_samples = all_adult[""samples""].tolist() all_counts = counts[ [""gene_id""] + al"
/content/drive/MyDrive/Colab Notebooks/Untitled7.ipynb,Untitled7.ipynb,111,POSSIBLE_STIMULUS_CONSTRUCTION,6,8,0,2,1,0,0,0,1,0,1,35518," # ========================================================================================== # GC ENVIRONMENTAL MEMORY — STEP 31D # DIRECT CpG-LEVEL WGBS METHYLATION TEST FOR ROBUST-5 # ========================================================================================== # # Scientific question: # Do Robust-5 loci show hypoxia-associated DNA methylation changes # in paternal sperm? # # Design: # Control sperm : GSM4876605, GSM4876606, GSM4876607 # Hypoxia sperm : GSM4876608, GSM4876609, GSM4876610 # # For each Robust-5 gene: # 1. recover genomic coordinates # 2. define prom"
/content/drive/MyDrive/Colab Notebooks/Untitled95.ipynb,Untitled95.ipynb,7,POSSIBLE_STIMULUS_CONSTRUCTION,6,0,0,2,0,0,0,0,0,0,0,5067,"import anndata as ad import numpy as np import os # Re-loading adata to fix NameError BASE = ""/content/drive/MyDrive/CELLDEC"" H5AD = os.path.join(BASE, ""pancreas.h5ad.h5"") adata = ad.read_h5ad(H5AD) print(""=""*80) print(""STEP 6 — ANNData PROVENANCE / ORIGINAL PREPROCESSING TRACE"") print(""=""*80) # --------------------------------------------------------- # 1. PRINT COMPLETE UNS CONTENT # --------------------------------------------------------- print(""\n[1] COMPLETE adata.uns CONTENT"") for key, value in adata.uns.items(): print(""\nKEY:"", key) print(""TYPE:"", type(value)) if isin"
/content/drive/MyDrive/Colab Notebooks/Untitled97.ipynb,Untitled97.ipynb,61,POSSIBLE_STIMULUS_CONSTRUCTION,6,0,0,2,0,0,0,0,0,0,0,9676," # ============================================================ # MFOS PUBLIC REPOSITORY # PANCREAS ANALYSIS # ============================================================ from google.colab import drive drive.mount('/content/drive') from pathlib import Path import sys import json import numpy as np import pandas as pd # ------------------------------------------------------------ # 1. Repository paths # ------------------------------------------------------------ REPO = Path( ""/content/drive/MyDrive/MFOS_PUBLIC_REPOSITORY"" ) CODE_DIR = REPO / ""code"" CONFIG_DIR = REPO / ""config"" RESULT"
/content/drive/MyDrive/Colab Notebooks/Untitled0.ipynb,Untitled0.ipynb,56,POSSIBLE_STIMULUS_CONSTRUCTION,5,8,0,3,1,0,0,0,0,0,2,27997, # ============================================================================================== # PHASE 46E — REFERENCE VECTOR REVERSE-PROVENANCE SEARCH # ============================================================================================== # # OBJECTIVE: # Find the earliest/independent upstream file containing the exact 15-gene # Rat Kidney Day5 reference logFC vector. # # IMPORTANT: # We do NOT assume that: # Rat_Kidney_Day5_SexAdjusted_Limma_All.csv # is the biological/statistical source. # # Phase 46D proved that the current Day5_expression_log2 matrix cannot # independently r
/content/drive/MyDrive/Colab Notebooks/Untitled107.ipynb,Untitled107.ipynb,9,POSSIBLE_STIMULUS_CONSTRUCTION,5,8,0,3,1,0,0,0,0,0,0,12483," # ================================================================ # NEXT AUDIT # EXACT KIDNEY MFOS ETA-SQUARED RECONCILIATION # 0.4920 vs 0.487733 # ================================================================ from google.colab import drive drive.mount('/content/drive') import os import glob import tarfile import gzip import shutil import json import hashlib import numpy as np import pandas as pd import scipy.io as sio from sklearn.preprocessing import MinMaxScaler print(""=""*80) print(""KIDNEY MFOS ETA-SQUARED RECONCILIATION AUDIT"") print(""=""*80) # -----------------------------------"
/content/drive/MyDrive/Colab Notebooks/Untitled19.ipynb,Untitled19.ipynb,2,POSSIBLE_STIMULUS_CONSTRUCTION,5,8,0,3,1,0,1,0,0,0,1,45218," # ============================================================================================================== # STEP 32D...FIX22S # TGIF2LY MOTIF SYNTAX / SPACING / ORIENTATION # DINUCLEOTIDE-PRESERVING NULL AUDIT # # PURPOSE # ------- # Test whether the OBSERVED sequence-level TGIF2LY motif architecture # (spacing, clustering, positional concentration, orientation) # is unusual relative to dinucleotide-preserving shuffled versions # of the SAME candidate sequence. # # IMPORTANT CLAIM BOUNDARIES # -------------------------- # This is a computational sequence-architecture test. # It does NO"
/content/drive/MyDrive/Colab Notebooks/Untitled27.ipynb,Untitled27.ipynb,4,POSSIBLE_STIMULUS_CONSTRUCTION,5,8,0,3,1,0,0,0,0,0,0,20468," # ============================================================================================================== # STEP 32D...FIX22T-R11-R29 # GSE113241 PERSISTENCE-COMPATIBLE FEATURE → STATISTICAL ROBUSTNESS FILTER # ============================================================================================================== import os import json import hashlib import warnings import numpy as np import pandas as pd from scipy import stats warnings.filterwarnings(""ignore"") # -------------------------------------------------------------------------------------------------------------- # PA"
/content/drive/MyDrive/Colab Notebooks/Untitled4.ipynb,Untitled4.ipynb,38,POSSIBLE_STIMULUS_CONSTRUCTION,5,8,0,3,1,0,0,0,0,0,0,41966, # ============================================================================== # STEP 34 — V/J + POSITIONAL MOTIF VALIDATION # ============================================================================== # Purpose: # 1. Validate priority motif–antigen associations against V/J usage # 2. Determine positional architecture of motif within CDR3β # 3. Test whether QGYE × NYNYLYRLF remains associated after V/J adjustment # 4. Compare priority motifs with non-priority motif families # 5. Preserve donor × CDR3 × antigen statistical architecture # # H5AD WILL NOT BE MODIFIED # ==========
/content/drive/MyDrive/Colab Notebooks/Untitled4.ipynb,Untitled4.ipynb,39,POSSIBLE_STIMULUS_CONSTRUCTION,5,8,0,3,1,0,0,0,0,0,0,48895," # ============================================================================== # STEP 34 — V/J + POSITIONAL MOTIF VALIDATION # CORRECTED / ROBUST VERSION # ============================================================================== import os import json import glob import warnings import numpy as np import pandas as pd from scipy.stats import fisher_exact, chi2_contingency from statsmodels.stats.multitest import multipletests import statsmodels.api as sm import statsmodels.formula.api as smf warnings.filterwarnings(""ignore"") print(""="" * 80) print(""STEP 34 — V/J + POSITIONAL MOTIF VAL"
/content/drive/MyDrive/Colab Notebooks/Untitled54.ipynb,Untitled54.ipynb,10,POSSIBLE_STIMULUS_CONSTRUCTION,5,8,0,3,1,0,0,0,0,0,0,15056," # ============================================================================= # GSE164737 — CHICKEN GENOME-WIDE GENE-LEVEL SIGNAL QC + FILTERING # ============================================================================= import os import numpy as np import pandas as pd # ============================================================================= # 0. PATHS # ============================================================================= BASE = ""/content/drive/MyDrive/thesis/DSD_Project/02_Limb_RNA_GSE164737"" IN_DIR = ( BASE + ""/GENOME_WIDE_TRAJECTORY_ANALYSIS/CHICKEN"" ) OUT"
/content/drive/MyDrive/Colab Notebooks/Untitled96.ipynb,Untitled96.ipynb,62,POSSIBLE_STIMULUS_CONSTRUCTION,5,8,0,3,1,0,0,0,0,0,0,13467," # ==================================================================================================== # STEP 45B — COMPLETE COMPONENT / DOMINANCE ANALYSIS # Uses variables already generated by STEP45 # ==================================================================================================== import os import numpy as np import pandas as pd from scipy.stats import kruskal print(""="" * 100) print(""STEP 45B — COMPONENT & DOMINANCE ANALYSIS"") print(""="" * 100) # ---------------------------------------------------------------------------------------------------- # OUTPUT DIRECTORY # --"
/content/drive/MyDrive/Colab Notebooks/Untitled103.ipynb,Untitled103.ipynb,72,POSSIBLE_STIMULUS_CONSTRUCTION,5,8,0,2,1,0,0,0,1,0,0,14247," # ================================================================ # STEP 31AQ — DEVELOPMENTAL TRAJECTORY CONVERGENCE TEST # Exact 4-vs-6 architecture-label permutation # ================================================================ from google.colab import drive drive.mount('/content/drive') import os import json import itertools import numpy as np import pandas as pd from scipy.stats import pearsonr # ------------------------------------------------ # PATHS # ------------------------------------------------ BASE = ( ""/content/drive/MyDrive/ADHD/"" ""12_PERMUTATION_TESTS/MATCHED"
/content/drive/MyDrive/Colab Notebooks/Untitled103.ipynb,Untitled103.ipynb,73,POSSIBLE_STIMULUS_CONSTRUCTION,5,8,0,2,1,0,0,0,1,0,0,13558," # ================================================================ # STEP 31AQ — DEVELOPMENTAL TRAJECTORY CONVERGENCE TEST # CORRECTED FOR STAGE × GENE INPUT MATRIX # ================================================================ from google.colab import drive drive.mount('/content/drive') import os import json import itertools import numpy as np import pandas as pd from scipy.stats import pearsonr # ------------------------------------------------ # PATHS # ------------------------------------------------ BASE = ( ""/content/drive/MyDrive/ADHD/"" ""12_PERMUTATION_TESTS/MATCHED_NUL"
/content/drive/MyDrive/Colab Notebooks/Untitled106.ipynb,Untitled106.ipynb,22,POSSIBLE_STIMULUS_CONSTRUCTION,5,8,0,2,1,0,0,0,1,0,2,12894,"from google.colab import drive drive.mount('/content/drive') import os import numpy as np import pandas as pd from scipy.stats import ks_2samp, mannwhitneyu print(""=""*78) print(""PART 25B.17 — OBSERVED VS EMPIRICAL-NULL FEATURE FORENSIC AUDIT"") print(""=""*78) # ============================================================================ # PATHS # ============================================================================ BASE = ""/content/drive/MyDrive/GENE/11_RESULTS/PART_25B_EMPIRICAL_NULL_TESTING"" NULL_MATRIX = os.path.join( BASE, ""PART_25B14R16_FINAL_LOCKED_13389_EMPIRICAL_NULL_"
/content/drive/MyDrive/Colab Notebooks/Untitled112.ipynb,Untitled112.ipynb,70,POSSIBLE_STIMULUS_CONSTRUCTION,5,8,0,2,1,0,0,0,1,0,0,16195, # ============================================================================= # PART 31.45E — EVENT LINEAGE BACKTRACE # ============================================================================= # Goal: # Trace the exact provenance of the 31.34R event coordinates. # # Main sources: # PART 31.43R # PART 31.32 # PART 31.34 # PART 31.33 # PART 31.3 # PART 25C # # IMPORTANT: # No sequence translation # No brute-force mapping # No historical mutation reconstruction # ============================================================================= import os import json import
/content/drive/MyDrive/Colab Notebooks/Untitled41.ipynb,Untitled41.ipynb,9,POSSIBLE_STIMULUS_CONSTRUCTION,5,8,0,2,1,0,0,0,1,1,0,23619," # ============================================================================================================== # FIX22T-R11-R81-FIX9-FIX8-FIX2 # AUTHORITATIVE FIX8 OVERLAP + FIX9-FIX7-FIX1 PAPER-LINEAGE # BIOLOGICAL EVIDENCE ADJUDICATION # ============================================================================================================== from google.colab import drive drive.mount('/content/drive') import os import re import json import hashlib import pandas as pd from collections import Counter BASE = ""/content/drive/MyDrive/Dissertation"" FIX8_ROOT = os.path.join( BASE, "
/content/drive/MyDrive/Colab Notebooks/Untitled46.ipynb,Untitled46.ipynb,22,POSSIBLE_STIMULUS_CONSTRUCTION,5,8,0,2,1,0,0,0,1,0,2,8424," # ============================================================ # GSE161905 st51 — CORRECTED SINGLE-CELL PCA / UMAP # IMPORTANT: # NO PER-GENE VARIANCE SCALING # ============================================================ import os import numpy as np import pandas as pd import matplotlib.pyplot as plt from sklearn.decomposition import PCA from sklearn.neighbors import NearestNeighbors from sklearn.cluster import KMeans BASE_DIR = ( ""/content/drive/MyDrive/thesis/"" ""DSD_Project/02_Developmental_Datasets/GSE161905"" ) INPUT_FILE = os.path.join( BASE_DIR, ""GSE161905_st51_Norma"
/content/drive/MyDrive/Colab Notebooks/Untitled58.ipynb,Untitled58.ipynb,12,POSSIBLE_STIMULUS_CONSTRUCTION,5,8,0,2,1,0,0,0,1,0,0,53566, # ============================================================================= # GSE164737 — H. GENOME-WIDE GENE-LEVEL DEVELOPMENTAL SIGNAL EXTRACTION # ============================================================================= # # PURPOSE # ------- # Genome-wide exploratory candidate discovery from validated BigWig resources. # # DESIGN # ------ # 1. Preserve all E.1–E.5 / F.1–F.6 outputs # 2. Preserve G audit outputs # 3. Discover genome annotation automatically # 4. Validate annotation ↔ BigWig chromosome compatibility # 5. Extract gene-body mean signal from every annotated g
/content/drive/MyDrive/Colab Notebooks/Untitled58.ipynb,Untitled58.ipynb,14,POSSIBLE_STIMULUS_CONSTRUCTION,5,8,0,2,1,0,0,0,1,0,0,36795," # ============================================================================= # GSE164737 — H CONTINUATION # ANNOTATION SELECTION → CHROMOSOME VALIDATION → GENOME-WIDE EXTRACTION # ============================================================================= import os import re import gzip import json import numpy as np import pandas as pd import pyBigWig print(""="" * 80) print(""GSE164737 — H.1 ANNOTATION SELECTION + GENOME-WIDE EXTRACTION"") print(""="" * 80) # ----------------------------------------------------------------------------- # 11. EXPLICIT SPECIES-SPECIFIC ANNOTATION SELECTION"
/content/drive/MyDrive/Colab Notebooks/Untitled58.ipynb,Untitled58.ipynb,15,POSSIBLE_STIMULUS_CONSTRUCTION,5,8,0,2,1,0,0,0,1,0,0,36795," # ============================================================================= # GSE164737 — H CONTINUATION # ANNOTATION SELECTION → CHROMOSOME VALIDATION → GENOME-WIDE EXTRACTION # ============================================================================= import os import re import gzip import json import numpy as np import pandas as pd import pyBigWig print(""="" * 80) print(""GSE164737 — H.1 ANNOTATION SELECTION + GENOME-WIDE EXTRACTION"") print(""="" * 80) # ----------------------------------------------------------------------------- # 11. EXPLICIT SPECIES-SPECIFIC ANNOTATION SELECTION"
/content/drive/MyDrive/Colab Notebooks/Untitled59.ipynb,Untitled59.ipynb,1,POSSIBLE_STIMULUS_CONSTRUCTION,5,8,0,2,1,0,0,0,1,0,0,36821,"!pip install pyBigWig # ============================================================================= # GSE164737 — H CONTINUATION # ANNOTATION SELECTION → CHROMOSOME VALIDATION → GENOME-WIDE EXTRACTION # ============================================================================= import os import re import gzip import json import numpy as np import pandas as pd import pyBigWig print(""="" * 80) print(""GSE164737 — H.1 ANNOTATION SELECTION + GENOME-WIDE EXTRACTION"") print(""="" * 80) # ----------------------------------------------------------------------------- # 11. EXPLICIT SPECIES-SPECIFI"
/content/drive/MyDrive/Colab Notebooks/Untitled61.ipynb,Untitled61.ipynb,3,POSSIBLE_STIMULUS_CONSTRUCTION,5,8,0,2,1,0,0,0,1,0,0,29948," # ================================================================================ # GSE164737 — H.5 QUANTITATIVE CROSS-SPECIES TRAJECTORY SIMILARITY # + PERMUTATION-BASED CONSERVATION / DIVERGENCE ANALYSIS # ================================================================================ import os import json import numpy as np import pandas as pd import matplotlib.pyplot as plt from scipy.stats import spearmanr, pearsonr from statsmodels.stats.multitest import multipletests # ================================================================================ # 1. PATHS # ======"
/content/drive/MyDrive/Colab Notebooks/Untitled62.ipynb,Untitled62.ipynb,1,POSSIBLE_STIMULUS_CONSTRUCTION,5,8,0,2,1,0,0,0,1,0,0,29948," # ================================================================================ # GSE164737 — H.5 QUANTITATIVE CROSS-SPECIES TRAJECTORY SIMILARITY # + PERMUTATION-BASED CONSERVATION / DIVERGENCE ANALYSIS # ================================================================================ import os import json import numpy as np import pandas as pd import matplotlib.pyplot as plt from scipy.stats import spearmanr, pearsonr from statsmodels.stats.multitest import multipletests # ================================================================================ # 1. PATHS # ======"
/content/drive/MyDrive/Colab Notebooks/Untitled70.ipynb,Untitled70.ipynb,2,POSSIBLE_STIMULUS_CONSTRUCTION,5,8,0,2,1,0,0,0,1,0,0,27249," # ================================================================ # FIGURE 5 — HUMAN–MOUSE CROSS-SPECIES VALIDATION # ================================================================ # # Purpose: # Final human–mouse cross-species evidence ranking for the # extended 12-gene panel. # # Four independent evidence layers: # 1. Bootstrap trajectory robustness # 2. Non-interpolated three-stage comparison # 3. Transition-signature concordance # 4. Human developmental-binning sensitivity # # Special attention: # PAX3, LFNG, MYF5, PAX7 # # IMPORTANT: # No evidence is manually assigned. # No "
/content/drive/MyDrive/Colab Notebooks/Untitled96.ipynb,Untitled96.ipynb,38,POSSIBLE_STIMULUS_CONSTRUCTION,4,8,0,4,1,0,0,0,0,0,0,19485, # ============================================================================ # STEP 34 — DEG vs MFOS INDEPENDENCE TEST # ============================================================================ # # PURPOSE # ------- # 1. Mount Google Drive # 2. Load primary pancreas dataset # 3. Reconstruct the exact 16-gene MFOS panel actually present # 4. Quantify relationship between MFOS and DEG-derived quantities # 5. Compare MFOS against a DEG-strength score # 6. Test whether MFOS remains associated with biological grouping # after accounting for DEG strength # 7. Compare MFOS with matched non-
/content/drive/MyDrive/Colab Notebooks/Untitled110.ipynb,Untitled110.ipynb,3,POSSIBLE_STIMULUS_CONSTRUCTION,4,8,0,3,1,0,1,0,0,0,0,18040, # ================================================================ # PART 25C.49 — SEED DISTRIBUTION / CHANCE-CONTROL AUDIT # # Goal: # 1. Normalize seed counts by sequence length # 2. Check whether seeds are distributed across the Dmel ORF # 3. Compare observed seed counts with shuffled target sequences # 4. Identify high-confidence seed-supported records # # IMPORTANT: # Seed-positive != conserved ORF. # This is a screening / chance-control analysis. # ================================================================ from google.colab import drive drive.mount('/content/drive') import os im
/content/drive/MyDrive/Colab Notebooks/Untitled112.ipynb,Untitled112.ipynb,25,POSSIBLE_STIMULUS_CONSTRUCTION,4,8,0,3,1,0,1,0,0,0,0,15335," # ============================================================================= # PART 31.4 — RETAINED vs REJECTED ORF ENRICHMENT # ============================================================================= # # Biological question: # # Is the strong ORF signal observed in retained de novo genes specifically # associated with the retained set, or is similar ORF architecture already # present in rejected non-genic sequences? # # Design: # 555 RETAINED_DE_NOVO # 279 REJECTED_HOMOLOGY # # For every sequence: # observed ORF # nucleotide-composition-preserving shuffle null # # Then"
/content/drive/MyDrive/Colab Notebooks/Untitled112.ipynb,Untitled112.ipynb,30,POSSIBLE_STIMULUS_CONSTRUCTION,4,8,0,3,1,0,1,0,0,0,0,13866,"SEQ_FILE = os.path.join( BASE, ""11_RESULTS"", ""PART_25C_EVOLUTIONARY_SEQUENCE_STATE"", ""PART_25C36_834_SEQUENCE_FEATURES"", ""PART_25C36_Dmel_RECORD_FEATURES.csv"" ) MASTER_FILE = os.path.join( BASE, ""11_RESULTS"", ""PART_31_NON_GENIC_TO_YOUNG_GENE_RECONSTRUCTION"", ""PART_31_1RR_PROTO_GENE_ARCHITECTURE"", ""PART_31_1RR_834_PROTO_GENE_MASTER.csv"" ) OUT = os.path.join( BASE, ""11_RESULTS"", ""PART_31_NON_GENIC_TO_YOUNG_GENE_RECONSTRUCTION"", ""PART_31_8_NULL_CONTROLLED_PROTOGENE_ARCHITECTURE"" ) os.makedirs(OUT, exist_ok=True) print(""=""*78) print(""PART"
/content/drive/MyDrive/Colab Notebooks/Untitled112.ipynb,Untitled112.ipynb,31,POSSIBLE_STIMULUS_CONSTRUCTION,4,8,0,3,1,0,1,0,0,0,0,17626,"import os import numpy as np import pandas as pd from scipy.stats import mannwhitneyu, wilcoxon from statsmodels.stats.multitest import multipletests BASE = ""/content/drive/MyDrive/GENE"" SEQ_FILE = os.path.join( BASE, ""11_RESULTS"", ""PART_25C_EVOLUTIONARY_SEQUENCE_STATE"", ""PART_25C36_834_SEQUENCE_FEATURES"", ""PART_25C36_Dmel_RECORD_FEATURES.csv"" ) MASTER_FILE = os.path.join( BASE, ""11_RESULTS"", ""PART_31_NON_GENIC_TO_YOUNG_GENE_RECONSTRUCTION"", ""PART_31_1RR_PROTO_GENE_ARCHITECTURE"", ""PART_31_1RR_834_PROTO_GENE_MASTER.csv"" ) OUT = os.path.join( BASE,"
/content/drive/MyDrive/Colab Notebooks/Untitled112.ipynb,Untitled112.ipynb,37,POSSIBLE_STIMULUS_CONSTRUCTION,4,8,0,3,1,0,1,0,0,0,0,17644,"# ================================================================ # PART 31.18 — DNA-LEVEL NULL-CONTROLLED ARCHITECTURE # NON-GENIC → PROTO-GENE DNA SIGNAL # ================================================================ from google.colab import drive drive.mount('/content/drive') import os import re import numpy as np import pandas as pd from scipy.stats import mannwhitneyu, spearmanr from statsmodels.stats.multitest import multipletests # ------------------------------------------------ # PATHS # ------------------------------------------------ MASTER_FILE = ( ""/content/drive/MyD"
/content/drive/MyDrive/Colab Notebooks/Untitled112.ipynb,Untitled112.ipynb,44,POSSIBLE_STIMULUS_CONSTRUCTION,4,8,0,3,1,0,1,0,0,0,0,14685," # ================================================================ # PART 31.25 — FRAME-SPECIFIC START-SITE ARCHITECTURE # ================================================================ from google.colab import drive drive.mount('/content/drive') import os import re import numpy as np import pandas as pd from scipy.stats import wilcoxon from statsmodels.stats.multitest import multipletests print(""=""*75) print(""PART 31.25 — FRAME-SPECIFIC START-SITE ARCHITECTURE"") print(""=""*75) # ================================================================ # 1. PATHS # ==============================="
/content/drive/MyDrive/Colab Notebooks/Untitled112.ipynb,Untitled112.ipynb,45,POSSIBLE_STIMULUS_CONSTRUCTION,4,8,0,3,1,0,1,0,0,0,0,16359," # ================================================================ # PART 31.26 — STRICT START → FIRST IN-FRAME STOP ARCHITECTURE # ================================================================ from google.colab import drive drive.mount('/content/drive') import os import numpy as np import pandas as pd from scipy.stats import wilcoxon from statsmodels.stats.multitest import multipletests print(""=""*75) print(""PART 31.26 — STRICT START → FIRST IN-FRAME STOP ARCHITECTURE"") print(""=""*75) # ================================================================ # 1. PATHS # ======================="
/content/drive/MyDrive/Colab Notebooks/Untitled13.ipynb,Untitled13.ipynb,20,POSSIBLE_STIMULUS_CONSTRUCTION,4,8,0,3,1,0,1,0,0,0,0,32202," # ===================================================================================================================== # STEP 32D-FIX31-FIX1-FIX5-FIX2 # EMPIRICAL H3K9me3 ENRICHMENT SIGNIFICANCE + FDR AUDIT # # POINT-7 OBJECTIVE: # Test whether persistent H3K9me3 signal at the verified DMRs is enriched relative to # matched genomic background strongly enough to support a chromatin-associated # ""memory-like"" mechanism. # # IMPORTANT: # This step does NOT claim: # - TF binding # - causal DMR -> F1 expression # - F0 -> F1 methylation transmission # - inherited epigenetic memory # # It t"
/content/drive/MyDrive/Colab Notebooks/Untitled64.ipynb,Untitled64.ipynb,7,POSSIBLE_STIMULUS_CONSTRUCTION,4,8,0,3,1,0,0,0,0,0,1,35622," # ================================================================================ # GSE164737 — H.12.2 CORRECTED INDEPENDENT EXTERNAL VALIDATION # Chicken: GSE174565 (HH21, HH24, HH27) — independent scRNA-seq # Mouse : GSE104459 (E9.5, E11.5, E12.5) — independent WT developmental RNA-seq # ================================================================================ import os import re import json import gzip import tarfile import shutil import urllib.request import warnings import numpy as np import pandas as pd warnings.filterwarnings(""ignore"") # ===================================="
/content/drive/MyDrive/Colab Notebooks/Untitled67.ipynb,Untitled67.ipynb,23,POSSIBLE_STIMULUS_CONSTRUCTION,4,8,0,3,1,0,1,0,0,0,0,25224," # ============================================================================= # H26.11 — HUMAN–MOUSE CROSS-SPECIES CONCORDANCE ROBUSTNESS AUDIT # ============================================================================= # # Purpose: # Independently audit the H26.10 human–mouse developmental trajectory # concordance. # # Important biological limitation: # Human = 10 developmental age points # Mouse = 3 developmental stages (E9.75, E10.5, E11.5) # # Therefore this module DOES NOT claim: # - evolutionary conservation # - causal developmental function # - direct regulation # "
/content/drive/MyDrive/Colab Notebooks/Untitled9.ipynb,Untitled9.ipynb,15,POSSIBLE_STIMULUS_CONSTRUCTION,4,8,0,3,1,0,0,0,0,0,1,39143, # ============================================================================= # STAGE E3 — DYNAMIC RESOURCE ALLOCATION CONTROLLER v1 # ============================================================================= # # PURPOSE # ------- # Add the first decision-making/control layer to the locked E1 + E2 # artificial-cell architecture. # # E1 = WHAT EXISTS # E2 = HOW RESOURCES ARE ACCOUNTED # E3 = HOW LIMITED RESOURCES ARE PRIORITIZED # # IMPORTANT SCIENTIFIC BOUNDARIES # -------------------------------- # 1. No Stage-5 equation. # 2. No Stage-5 coefficient. # 3. No biological parameter fittin
/content/drive/MyDrive/Colab Notebooks/Untitled9.ipynb,Untitled9.ipynb,16,POSSIBLE_STIMULUS_CONSTRUCTION,4,8,0,3,1,0,0,0,0,0,1,48699, # ============================================================================= # STAGE E3 — DYNAMIC RESOURCE ALLOCATION CONTROLLER v1 # ============================================================================= # # E1 = WHAT EXISTS # E2 = HOW RESOURCES ARE ACCOUNTED # E3 = HOW LIMITED RESOURCES ARE PRIORITIZED # # PURPOSE # ------- # Build the first explicit resource-allocation controller for the proposed # computational synthetic-cell architecture. # # IMPORTANT SCIENTIFIC BOUNDARIES # -------------------------------- # 1. E1 architecture remains LOCKED. # 2. E2 accounting remains LOCKED
/content/drive/MyDrive/Colab Notebooks/Untitled96.ipynb,Untitled96.ipynb,65,POSSIBLE_STIMULUS_CONSTRUCTION,4,8,0,3,1,0,1,0,0,0,0,24742," # ================================================================ # STEP 49 — MATCHED NULL ENRICHMENT + PPI AUDIT # GO / KEGG / REACTOME / PPI # ================================================================ # ------------------------------- # 0. DRIVE MOUNT # ------------------------------- from google.colab import drive drive.mount('/content/drive') # ------------------------------- # 1. IMPORTS # ------------------------------- import os import sys import subprocess import warnings warnings.filterwarnings(""ignore"") import numpy as np import pandas as pd from scipy import stats # --"
/content/drive/MyDrive/Colab Notebooks/Untitled106.ipynb,Untitled106.ipynb,39,POSSIBLE_STIMULUS_CONSTRUCTION,4,8,0,2,1,0,0,0,2,0,0,16675," # ============================================================================= # PART 29H — EVOLUTIONARY GENE-BIRTH STATE TRAJECTORY # ============================================================================= # Goal: # For each of the 555 candidates, reconstruct the comparative trajectory # across species using the validated PART 29G evidence. # # We specifically test for: # # sequence present # ↓ # ORF present # ↓ # annotated / predicted gene # # IMPORTANT: # - We do NOT assume an arbitrary species ordering. # - We use a documented species-order framework only for de"
/content/drive/MyDrive/Colab Notebooks/Untitled18.ipynb,Untitled18.ipynb,1,POSSIBLE_STIMULUS_CONSTRUCTION,4,8,0,2,1,0,0,0,1,0,1,51174, # ============================================================================================================== # STEP 32D...FIX22O-R2 # TGIF2LY MOTIF-ARCHITECTURE SPECIFICITY + SEQUENCE-LEVEL CONTROL AUDIT # # PATCH: # 1. Native R3 DMR key = candidate_dmr_key # 2. Robust DMR normalization: # 6 / chr6 / Chr6 / CHR6 -> 6 # 3. Robust numeric coordinate normalization # 4. Point-7 / H3 reconciliation performed on normalized DMR keys # 5. Exact 16-site integrity retained # 6. Candidate motif architecture retained # 7. Sequence-level control diagnostics retained # 8. No scie
/content/drive/MyDrive/Colab Notebooks/Untitled2.ipynb,Untitled2.ipynb,2,POSSIBLE_STIMULUS_CONSTRUCTION,4,8,0,2,1,0,0,0,0,0,0,16570," # ============================================================ # FIGURE 3 — SIX-CONTEXT INDEPENDENT RESPONSE MATRIX # Final source-traceable reconstruction # 300 DPI PNG + PDF + TIFF # NO HEADING / NO TITLE # ============================================================ import os import re import numpy as np import pandas as pd import matplotlib.pyplot as plt from matplotlib.colors import TwoSlopeNorm # ------------------------------------------------------------ # 1. PATHS # ------------------------------------------------------------ ROOT = ""/content/drive/MyDrive/Toxicology (1)"" OUT = ""/"
/content/drive/MyDrive/Colab Notebooks/Untitled22.ipynb,Untitled22.ipynb,3,POSSIBLE_STIMULUS_CONSTRUCTION,4,8,0,2,1,0,0,0,1,0,1,20707," # ============================================================================================================== # STEP 32D...FIX22T-R11-R6-R1 # TGIF2LY MATCHED-CONTROL / EMPIRICAL EFFECT ROBUSTNESS # INPUT-SCHEMA FORENSIC REPAIR # ============================================================================================================== from google.colab import drive drive.mount(""/content/drive"") import os import json import hashlib import numpy as np import pandas as pd from scipy.stats import ttest_ind # --------------------------------------------------------------------------------"
/content/drive/MyDrive/Colab Notebooks/Untitled24.ipynb,Untitled24.ipynb,4,POSSIBLE_STIMULUS_CONSTRUCTION,4,8,0,2,1,0,0,0,1,0,1,24496," # ============================================================================================================== # STEP 32D...FIX22T-R11-R7-R7 # TGIF2LY 169 TEMPORAL-HIT ROWS → GEO DATASET/SAMPLE LINEAGE → RAW DESIGN → RE-EXPOSURE RECOVERY # ============================================================================================================== from pathlib import Path import pandas as pd import numpy as np import json import hashlib import re import os import warnings warnings.filterwarnings(""ignore"") # ---------------------------------------------------------------------------------"
/content/drive/MyDrive/Colab Notebooks/Untitled67.ipynb,Untitled67.ipynb,11,POSSIBLE_STIMULUS_CONSTRUCTION,4,8,0,2,1,0,0,0,0,0,0,49090," # ============================================================================== # H26 — HUMAN EMBRYONIC LIMB INDEPENDENT VALIDATION # GSE164736 / GSE164737 # # PURPOSE # ------- # Independent human validation of the existing chicken/mouse candidate framework. # # IMPORTANT: # H17-H25 are NOT modified. # H26 is an independent validation layer. # # Human dataset: # Zhang et al., ""A human embryonic limb cell atlas resolved in space and time"" # Nature 2024 # # Human scRNA-seq: # E-MTAB-8813 # # Public processed human limb dataset: # CellxGene / CellGenie # # ====================================="
/content/drive/MyDrive/Colab Notebooks/Untitled76.ipynb,Untitled76.ipynb,6,POSSIBLE_STIMULUS_CONSTRUCTION,4,8,0,2,1,0,0,0,0,0,0,12691," # ================================================================ # PAX3 EVOLUTIONARY CONSTRAINT PROJECT # STAGE 2 — AUTHORITATIVE MOUSE GENOME-WIDE INPUT # COMPLETE SINGLE-BLOCK PIPELINE # ================================================================ from google.colab import drive drive.mount('/content/drive') import os from pathlib import Path import numpy as np import pandas as pd # --------------------------------------------------------------- # 1. PATHS # --------------------------------------------------------------- PROJECT_ROOT = ( ""/content/drive/MyDrive/thesis/DSD_Proje"
/content/drive/MyDrive/Colab Notebooks/Untitled76.ipynb,Untitled76.ipynb,7,POSSIBLE_STIMULUS_CONSTRUCTION,4,8,0,2,1,0,0,0,0,0,0,25189," # ================================================================ # PAX3 EVOLUTIONARY CONSTRAINT PROJECT # STAGE 3 — AUTHORITATIVE CHICKEN–MOUSE 1:1 ORTHOLOGY # SINGLE COMPLETE CODE BLOCK # ================================================================ import os from pathlib import Path import pandas as pd import numpy as np PROJECT_ROOT = ( ""/content/drive/MyDrive/thesis/DSD_Project/"" ""02_Limb_RNA_GSE164737"" ) OUT_DIR = os.path.join( PROJECT_ROOT, ""PAX3_EVOLUTIONARY_CONSTRAINT_ANALYSIS"" ) os.makedirs(OUT_DIR, exist_ok=True) print(""="" * 110) print(""PAX3 EVOLUTIONARY CO"
/content/drive/MyDrive/Colab Notebooks/Untitled105.ipynb,Untitled105.ipynb,75,POSSIBLE_STIMULUS_CONSTRUCTION,3,8,0,3,1,0,0,0,0,0,0,14369," # ============================================================================== # PART 25B.2 — LOCK COMPLETE 13,968-GENE GEP FEATURE MATRIX # ============================================================================== from google.colab import drive drive.mount('/content/drive') import os import json import hashlib import numpy as np import pandas as pd BASE = ""/content/drive/MyDrive/GENE"" RESULTS = os.path.join(BASE, ""11_RESULTS"") OUT = os.path.join( RESULTS, ""PART_25B_EMPIRICAL_NULL_TESTING"" ) os.makedirs(OUT, exist_ok=True) # ------------------------------------------------"
/content/drive/MyDrive/Colab Notebooks/Untitled11.ipynb,Untitled11.ipynb,20,POSSIBLE_STIMULUS_CONSTRUCTION,3,8,0,3,1,0,0,0,0,0,0,29183," # ============================================================================= # STAGE E24-v1 # RESOURCE-PRIORITY / FAILURE-BOUNDARY INTEGRATION # ============================================================================= import os import json import datetime import numpy as np import pandas as pd # ============================================================================= # 1. PROJECT DIRECTORY # ============================================================================= BASE = ""/content/drive/MyDrive/AI/Synthetic_Cell"" os.makedirs(BASE, exist_ok=True) print(""="" * 116) print(""ST"
/content/drive/MyDrive/Colab Notebooks/Untitled112.ipynb,Untitled112.ipynb,56,POSSIBLE_STIMULUS_CONSTRUCTION,3,8,0,3,1,0,0,0,0,0,0,11380, # ================================================================ # PART 31.38 — OOF VALIDATION OF PEPTIDE COMPLEXITY # ================================================================ # Question: # Does peptide complexity add OUT-OF-FOLD information beyond: # DNA length + GC + normalized proto-ORF accessibility? # # NO sequence rescanning. # NO 2.6M-event processing. # Loads saved Part 31.36 / 31.35 results directly. # ================================================================ from google.colab import drive drive.mount('/content/drive') import os import numpy as np import pandas a
/content/drive/MyDrive/Colab Notebooks/Untitled54.ipynb,Untitled54.ipynb,9,POSSIBLE_STIMULUS_CONSTRUCTION,3,8,0,3,1,0,0,0,0,0,0,17384, # ============================================================================= # GSE164737 — CHICKEN GENOME-WIDE GENE-LEVEL RPKM EXTRACTION # galGal5 / Ensembl release-91-compatible coordinates # ============================================================================= import os import sys import subprocess import pandas as pd import numpy as np # ----------------------------------------------------------------------------- # 0. INSTALL / IMPORT pyBigWig # ----------------------------------------------------------------------------- try: import pyBigWig except ImportError: sub
/content/drive/MyDrive/Colab Notebooks/Untitled82.ipynb,Untitled82.ipynb,15,POSSIBLE_STIMULUS_CONSTRUCTION,3,8,0,3,1,0,0,0,0,0,0,40149, # ============================================================================================================== # PAX3 EVOLUTIONARY CONSTRAINT PROJECT # STAGE 4C-3R-J # DIRECT PAX3 PROTEIN / CDS ALIGNMENT FORENSIC AUDIT # # DEPENDENCIES: # requests # pandas # numpy # # NO BIOPYTHON REQUIRED # # ============================================================================================================== import os import json import time import requests import pandas as pd import numpy as np # ===========================================================================================
/content/drive/MyDrive/Colab Notebooks/Untitled96.ipynb,Untitled96.ipynb,56,POSSIBLE_STIMULUS_CONSTRUCTION,3,8,0,3,1,0,0,0,0,0,0,22230, # ============================================================ # STEP 42 — CORRECTED MFOS NORMALIZATION AUDIT # ============================================================ # # PURPOSE: # Correct the STEP41 issue where MFOS genes with detection in # <3 cells were removed by the historical gene filter. # # We DO NOT alter the historical filtering. # # Instead: # A. Apply min_cells=3 to define the historical transcriptome # used for library-size normalization. # B. Retain the original raw MFOS columns separately. # C. Apply the same normalize_total + log1p transformation # to th
/content/drive/MyDrive/Colab Notebooks/Untitled96.ipynb,Untitled96.ipynb,57,POSSIBLE_STIMULUS_CONSTRUCTION,3,8,0,3,1,0,0,0,0,0,0,27965, # ============================================================ # STEP 42 — CORRECTED MFOS NORMALIZATION AUDIT # ============================================================ # # PURPOSE # ------- # Audit whether the canonical 16-gene MFOS signal is robust # to the normalization procedure used in the historical # kidney1 workflow. # # HISTORICAL WORKFLOW # ------------------- # Raw counts # ↓ # filter_genes(min_cells=3) # ↓ # normalize_total() # ↓ # log1p() # # IMPORTANT # --------- # MFOS genes are NOT artificially retained after min_cells=3. # # Instead: # # 1. The historical fi
/content/drive/MyDrive/Colab Notebooks/Untitled98.ipynb,Untitled98.ipynb,76,POSSIBLE_STIMULUS_CONSTRUCTION,3,8,0,3,1,0,0,0,0,0,0,14667," # ============================================================ # v13.3E — TRUE MATRIX-LEVEL MECHANISTIC AUDIT # NO SIMULATION # STREAMED NPZ ACCESS # ============================================================ from google.colab import drive drive.mount(""/content/drive"") import os import re import numpy as np import pandas as pd from scipy.stats import pearsonr, spearmanr, ttest_rel, wilcoxon # ============================================================ # PATHS # ============================================================ DRIVE = ""/content/drive/MyDrive/Honey"" NPZ_PATH = os.path.join( "
/content/drive/MyDrive/Colab Notebooks/Untitled102.ipynb,Untitled102.ipynb,35,POSSIBLE_STIMULUS_CONSTRUCTION,3,8,0,2,1,0,0,0,1,0,0,15929," # ============================================================ # PART 11A-FINAL # OBSERVED FAMILIAL × DE-NOVO NETWORK PROXIMITY # DEFINITIVE INTACT E5 NETWORK # # NO PERMUTATION # NO NULL MODEL # ============================================================ from google.colab import drive drive.mount(""/content/drive"") import os import pandas as pd import numpy as np import networkx as nx from itertools import product # ============================================================ # PATHS # ============================================================ BASE = ""/content/drive/MyDrive/ADHD"" E5_D"
/content/drive/MyDrive/Colab Notebooks/Untitled103.ipynb,Untitled103.ipynb,14,POSSIBLE_STIMULUS_CONSTRUCTION,3,8,0,2,1,0,0,0,1,0,0,22069," # ============================================================================= # STEP 21 — FAMILIAL × DE-NOVO NETWORK PROXIMITY # SHORTEST-PATH CONVERGENCE + EXACT LABEL PERMUTATION # ============================================================================= from google.colab import drive drive.mount('/content/drive') import os import json import itertools import numpy as np import pandas as pd import networkx as nx print(""="" * 80) print(""STEP 21 — FAMILIAL × DE-NOVO NETWORK PROXIMITY"") print(""="" * 80) # ============================================================================= # 1"
/content/drive/MyDrive/Colab Notebooks/Untitled103.ipynb,Untitled103.ipynb,15,POSSIBLE_STIMULUS_CONSTRUCTION,3,8,0,2,1,0,0,0,1,0,0,22125," # ============================================================================= # STEP 21 — FAMILIAL × DE-NOVO NETWORK PROXIMITY # CLEAN VERSION # ============================================================================= from google.colab import drive drive.mount(""/content/drive"") import os import json import itertools import numpy as np import pandas as pd import networkx as nx print(""="" * 80) print(""STEP 21 — FAMILIAL × DE-NOVO NETWORK PROXIMITY"") print(""="" * 80) # ============================================================================= # 1. PATHS # ============================"
/content/drive/MyDrive/Colab Notebooks/Untitled103.ipynb,Untitled103.ipynb,74,POSSIBLE_STIMULUS_CONSTRUCTION,3,8,0,2,1,0,0,0,1,0,0,10682," # ================================================================ # STEP 31AR — DEVELOPMENTAL TRAJECTORY ROBUSTNESS AUDIT # Leave-One-Stage-Out (LOSO) influence analysis # ================================================================ from google.colab import drive drive.mount('/content/drive') import os import json import numpy as np import pandas as pd from scipy.stats import pearsonr # ------------------------------------------------ # PATHS # ------------------------------------------------ BASE = ( ""/content/drive/MyDrive/ADHD/"" ""12_PERMUTATION_TESTS/MATCHED_NULL/"" ""AN"
/content/drive/MyDrive/Colab Notebooks/Untitled103.ipynb,Untitled103.ipynb,76,POSSIBLE_STIMULUS_CONSTRUCTION,3,8,0,2,1,0,0,0,1,0,0,14403, # ================================================================ # STEP 31AT — GENE-LEVEL DEVELOPMENTAL TRAJECTORY # PAIRWISE SIMILARITY AUDIT # # 4 de-novo × 6 familial = 24 cross-architecture pairs # Descriptive robustness audit only # No new inferential P-values # ================================================================ from google.colab import drive drive.mount('/content/drive') import os import json import numpy as np import pandas as pd from scipy.stats import pearsonr # ------------------------------------------------ # PATHS # ---------------------------------------------
/content/drive/MyDrive/Colab Notebooks/Untitled104.ipynb,Untitled104.ipynb,2,POSSIBLE_STIMULUS_CONSTRUCTION,3,8,0,2,1,0,0,0,1,0,0,13458,"from google.colab import drive drive.mount('/content/drive') import os import json import pandas as pd import numpy as np print(""="" * 78) print(""STEP 32C — SHARED MOLECULAR ROUTE × DEVELOPMENTAL STATE MAPPING"") print(""="" * 78) # ============================================================ # PATHS # ============================================================ BASE = ""/content/drive/MyDrive/ADHD/12_PERMUTATION_TESTS/MATCHED_NULL"" GO_DIR = os.path.join( BASE, ""ARCHITECTURE_AUDIT"", ""PART_23_FUNCTIONAL_ANNOTATION_AUDIT"" ) ARCH_DIR = os.path.join( BASE, ""ARCHITECTURE_AUDIT"""
/content/drive/MyDrive/Colab Notebooks/Untitled104.ipynb,Untitled104.ipynb,12,POSSIBLE_STIMULUS_CONSTRUCTION,3,8,0,2,1,0,0,0,1,0,0,10443," from google.colab import drive drive.mount('/content/drive') import os import json import pandas as pd import numpy as np print(""="" * 78) print(""STEP 33E — EXACT EXTERNAL iPSYCH RARE-VARIANT GENE-SET RECOVERY"") print(""="" * 78) # ============================================================ # PATHS # ============================================================ PART33 = ( ""/content/drive/MyDrive/ADHD/"" ""12_PERMUTATION_TESTS/MATCHED_NULL/"" ""ARCHITECTURE_AUDIT/PART_33_INDEPENDENT_EXTERNAL_VALIDATION"" ) XLSX = os.path.join( PART33, ""step33A_external_supplementary_1.xlsx"" ) "
/content/drive/MyDrive/Colab Notebooks/Untitled105.ipynb,Untitled105.ipynb,55,POSSIBLE_STIMULUS_CONSTRUCTION,3,8,0,2,1,0,0,0,1,0,0,25751, # ============================================================================ # PART 23J.6 # ANCHOR ↔ ACTUAL FBgn IDENTITY / SEQUENCE RELATIONSHIP AUDIT # ============================================================================ # # Purpose: # Resolve the 35 unique anchor -> actual FBgn mismatch pairs discovered in # PART 23J.5. # # Main questions: # # 1. Does the anchor FBgn have its own records in the historical Cactus file? # 2. Does the actual FBgn have records? # 3. Are both represented? # 4. Are their sequences identical / highly similar / different? # 5. Is the mismat
/content/drive/MyDrive/Colab Notebooks/Untitled106.ipynb,Untitled106.ipynb,16,POSSIBLE_STIMULUS_CONSTRUCTION,3,8,0,2,1,0,0,0,1,0,0,18978," # ============================================================================== # PART 25B.14R.12 — FINAL NULL ELIGIBILITY & SENSITIVITY REGISTRY # ============================================================================== # Purpose: # Construct and audit the final empirical-null eligibility registry. # # Locked universe: # 13,413 null genes # # Exclusions from PRIMARY null: # 23 isoform-ambiguous genes # 1 unresolved gene: FBgn0287582 # # Proposed primary null: # 13,389 genes # # IMPORTANT: # - No GEP p-values. # - No null distribution. # - No arbitrary isoform selection"
/content/drive/MyDrive/Colab Notebooks/Untitled106.ipynb,Untitled106.ipynb,17,POSSIBLE_STIMULUS_CONSTRUCTION,3,8,0,2,1,0,0,0,1,0,0,17018," # ============================================================================== # PART 25B.14R.12R — FINAL NULL ELIGIBILITY & SENSITIVITY REGISTRY # CORRECTED AUTHORITATIVE PART-25A PATHS # ============================================================================== from google.colab import drive drive.mount('/content/drive') import os import numpy as np import pandas as pd ROOT = ""/content/drive/MyDrive/GENE"" OUT = os.path.join( ROOT, ""11_RESULTS"", ""PART_25B_EMPIRICAL_NULL_TESTING"" ) PART25A = os.path.join( ROOT, ""11_RESULTS"", ""PART_25A_FILTERING_HISTORY"", "
/content/drive/MyDrive/Colab Notebooks/Untitled106.ipynb,Untitled106.ipynb,18,POSSIBLE_STIMULUS_CONSTRUCTION,3,8,0,2,1,0,0,0,1,0,0,18621," # ============================================================================== # PART 25B.14R.12 — FINAL NULL ELIGIBILITY REGISTRY # ROBUST VERSION — NO HARD-CODED PART-25A SUBFOLDER # ============================================================================== from google.colab import drive drive.mount('/content/drive') import os import numpy as np import pandas as pd ROOT = ""/content/drive/MyDrive/GENE"" OUT = os.path.join( ROOT, ""11_RESULTS"", ""PART_25B_EMPIRICAL_NULL_TESTING"" ) os.makedirs(OUT, exist_ok=True) print(""=""*78) print(""PART 25B.14R.12 — FINAL NULL ELIGIBILIT"
/content/drive/MyDrive/Colab Notebooks/Untitled110.ipynb,Untitled110.ipynb,10,POSSIBLE_STIMULUS_CONSTRUCTION,3,8,0,2,1,0,0,0,1,0,0,10809," # ============================================================================ # PART 25C.59 — GENE-LEVEL EVOLUTIONARY DECAY SLOPE # ============================================================================ # Question: # For each gene, how does real sequence support change with evolutionary # distance? # # Outputs: # 1. gene-specific decay slopes # 2. identity / coverage / score slopes # 3. persistent vs decaying vs rapidly lost trajectories # 4. relationship between decay and null-controlled advantage # # IMPORTANT: # - Gene is the unit of analysis. # - No seed-only evidence. # - "
/content/drive/MyDrive/Colab Notebooks/Untitled111.ipynb,Untitled111.ipynb,6,POSSIBLE_STIMULUS_CONSTRUCTION,3,8,0,2,1,0,0,0,1,0,0,7255," from google.colab import drive drive.mount('/content/drive') import os import pandas as pd import numpy as np BASE = ""/content/drive/MyDrive/GENE/11_RESULTS/PART_25C_EVOLUTIONARY_SEQUENCE_STATE"" SEQ = os.path.join( BASE, ""PART_25C28S_RAW_OCCURRENCE_RECORDS.csv"" ) OUT = os.path.join( BASE, ""PART_25C68_ANCESTRAL_SEQUENCE_AVAILABILITY"" ) os.makedirs(OUT, exist_ok=True) print(""=""*70) print(""PART 25C.68 — ANCESTRAL SEQUENCE AVAILABILITY AUDIT"") print(""=""*70) # ------------------------------------------------------------ # 1. LOAD # --------------------------------------------"
/content/drive/MyDrive/Colab Notebooks/Untitled111.ipynb,Untitled111.ipynb,7,POSSIBLE_STIMULUS_CONSTRUCTION,3,8,0,2,1,0,0,0,1,0,0,8541," from google.colab import drive drive.mount('/content/drive') import os import pandas as pd import numpy as np BASE = ""/content/drive/MyDrive/GENE/11_RESULTS/PART_25C_EVOLUTIONARY_SEQUENCE_STATE"" SEQ = os.path.join( BASE, ""PART_25C28S_RAW_OCCURRENCE_RECORDS.csv"" ) OUT = os.path.join( BASE, ""PART_25C69_ANCESTRAL_RECONSTRUCTION_READINESS"" ) os.makedirs(OUT, exist_ok=True) print(""=""*70) print(""PART 25C.69 — ANCESTRAL RECONSTRUCTION READINESS AUDIT"") print(""=""*70) # ------------------------------------------------------------ # LOAD # -----------------------------------------"
/content/drive/MyDrive/Colab Notebooks/Untitled112.ipynb,Untitled112.ipynb,1,POSSIBLE_STIMULUS_CONSTRUCTION,3,8,0,2,1,0,0,0,0,0,1,11259," # ================================================================ # PART 27.6 — NON-GENIC → RETAINED DE NOVO TRANSITION ARCHITECTURE # ================================================================ from google.colab import drive drive.mount('/content/drive') import os import numpy as np import pandas as pd from scipy.stats import mannwhitneyu, spearmanr from statsmodels.stats.multitest import multipletests print(""=""*70) print(""PART 27.6 — NON-GENIC → RETAINED DE NOVO TRANSITION ARCHITECTURE"") print(""=""*70) # ------------------------------------------------ # PATHS # -------------------"
/content/drive/MyDrive/Colab Notebooks/Untitled115.ipynb,Untitled115.ipynb,60,POSSIBLE_STIMULUS_CONSTRUCTION,3,8,0,2,1,0,0,0,1,0,0,15659," # ================================================================ # PART 31.94C-R13R13 # PART 31.32 → PART 31.33 # FIRST PROTO-ORF → ONE-NT ACCESSIBILITY DATA-FLOW RECONSTRUCTION # ================================================================ from google.colab import drive drive.mount('/content/drive') import os import json import numpy as np import pandas as pd BASE = ""/content/drive/MyDrive/GENE"" RESULTS = os.path.join( BASE, ""11_RESULTS"", ""PART_31_MUTATION_WEIGHTED_ACCESSIBILITY"" ) OUTDIR = os.path.join( RESULTS, ""PART_31_94C_R13R13_PART32_TO_PART33_DATAFLOW"" ) "
/content/drive/MyDrive/Colab Notebooks/Untitled13.ipynb,Untitled13.ipynb,11,POSSIBLE_STIMULUS_CONSTRUCTION,3,8,0,2,1,0,0,0,1,0,0,37064, # ============================================================================================================== # STEP 32D-FIX29-FIX6-FIX2 # INDEPENDENT UCSC danRer11 REGULATORY-ELEMENT / CHROMATIN-CONTEXT INTERVAL AUDIT # -------------------------------------------------------------------------------------------------------------- # Purpose: # 1. Load the FORRENSICALLY repaired FIX21 DMR coordinates. # 2. Verify the exact 8 Top-5 DMR coordinates. # 3. Discover queryable UCSC danRer11 regulatory/context tracks. # 4. Independently query each verified DMR against relevant tracks. # 5
/content/drive/MyDrive/Colab Notebooks/Untitled16.ipynb,Untitled16.ipynb,3,POSSIBLE_STIMULUS_CONSTRUCTION,3,8,0,2,1,0,0,0,1,0,0,42031, # ================================================================================================= # STEP 32D-FIX31-FIX1-FIX5-FIX4-FIX3-FIX4-FIX5-FIX1 # ROBUST DRIVE INPUT DISCOVERY REPAIR # + PRIMARY 2-DMR MOTIF-LEVEL SEQUENCE VALIDATION # + TOP-6 TF MOTIF SCANNING # + PRIMARY vs NON-PRIMARY SPECIFICITY # + DINUCLEOTIDE-PRESERVING NULL # # IMPORTANT: # This version DOES NOT assume that the displayed folder path itself is valid. # It searches the mounted Dissertation tree recursively for the exact required files. # =============================================================================
/content/drive/MyDrive/Colab Notebooks/Untitled17.ipynb,Untitled17.ipynb,3,POSSIBLE_STIMULUS_CONSTRUCTION,3,8,0,2,1,0,0,0,1,0,0,43816, # ===================================================================================================================== # STEP 32D-FIX31-FIX1-FIX5-FIX4-FIX3-FIX4-FIX5 # PRIMARY 2-DMR MOTIF-LEVEL SEQUENCE VALIDATION # ===================================================================================================================== # # PURPOSE # ------- # Independently validate whether the highest-priority shared TF candidates # have recognizable JASPAR PWM motif matches inside the actual genomic # sequences of the two primary Point-7 DMRs. # # IMPORTANT SCIENTIFIC SAFEGUARDS # -------------
/content/drive/MyDrive/Colab Notebooks/Untitled17.ipynb,Untitled17.ipynb,4,POSSIBLE_STIMULUS_CONSTRUCTION,3,8,0,2,1,0,0,0,1,0,0,28702," # ===================================================================================================================== # STEP 32D-FIX31-FIX1-FIX5-FIX4-FIX3-FIX4-FIX5-FIX1 # ROBUST PWM MOTIF-SCORING REPAIR + PRIMARY 2-DMR VALIDATION # ===================================================================================================================== import os import json import math import numpy as np import pandas as pd from Bio.Seq import Seq print(""="" * 120) print(""STEP 32D-FIX31-FIX1-FIX5-FIX4-FIX3-FIX4-FIX5-FIX1"") print(""ROBUST PWM MOTIF-SCORING REPAIR + PRIMARY 2-DMR VALIDATION"") p"
/content/drive/MyDrive/Colab Notebooks/Untitled17.ipynb,Untitled17.ipynb,5,POSSIBLE_STIMULUS_CONSTRUCTION,3,8,0,2,1,0,0,0,1,0,0,31396," # ===================================================================================================================== # STEP 32D-FIX31-FIX1-FIX5-FIX4-FIX3-FIX4-FIX5-FIX2 # MANUAL PSSM MOTIF SCORING REPAIR + PRIMARY 2-DMR SEQUENCE VALIDATION # # PURPOSE: # Repair BioPython PSSM.calculate() negative-dimension failure by performing # explicit position-by-position PSSM scoring. # # SCIENTIFIC SAFEGUARD: # No DMR coordinates, sequences, H3K9me3 values, JASPAR overlap records, # or F1 expression measurements are modified. # ================================================================="
/content/drive/MyDrive/Colab Notebooks/Untitled17.ipynb,Untitled17.ipynb,21,POSSIBLE_STIMULUS_CONSTRUCTION,3,8,0,2,1,0,0,0,1,0,0,33798," # ============================================================================================================ # STEP 32D-FIX31-FIX1-FIX5-FIX4-FIX3-FIX4-FIX5-FIX7-FIX5-FIX6-FIX6 # TGIF2LY FINAL EVIDENCE SYNTHESIS — ROBUST EXACT ARTIFACT RESOLUTION # ============================================================================================================ import os import json import glob import numpy as np import pandas as pd print(""="" * 108) print(""STEP 32D-FIX31-FIX1-FIX5-FIX4-FIX3-FIX4-FIX5-FIX7-FIX5-FIX6-FIX6"") print(""TGIF2LY FINAL EVIDENCE SYNTHESIS — ROBUST EXACT ARTIFACT RESOLUTION"
/content/drive/MyDrive/Colab Notebooks/Untitled17.ipynb,Untitled17.ipynb,22,POSSIBLE_STIMULUS_CONSTRUCTION,3,8,0,2,1,0,0,0,1,0,0,36193," # ============================================================================================================ # STEP 32D-FIX31-FIX1-FIX5-FIX4-FIX3-FIX4-FIX5-FIX7-FIX5-FIX6-FIX7 # TGIF2LY FINAL EVIDENCE SYNTHESIS # FINAL ROBUST ARTIFACT RESOLUTION + SCHEMA-AWARE INTEGRATION # ============================================================================================================ import os import glob import json import numpy as np import pandas as pd print(""="" * 108) print(""STEP 32D-FIX31-FIX1-FIX5-FIX4-FIX3-FIX4-FIX5-FIX7-FIX5-FIX6-FIX7"") print(""TGIF2LY FINAL EVIDENCE SYNTHESIS — FINAL"
/content/drive/MyDrive/Colab Notebooks/Untitled17.ipynb,Untitled17.ipynb,23,POSSIBLE_STIMULUS_CONSTRUCTION,3,8,0,2,1,1,0,0,0,0,1,26636," # ============================================================================================================ # STEP 32D-FIX31-FIX1-FIX5-FIX4-FIX3-FIX4-FIX5-FIX7-FIX5-FIX6-FIX8-FIX9 # TGIF2LY MOLECULAR-MEMORY MECHANISM — SOURCE DISCOVERY + CANDIDATE MAPPING AUDIT # # PURPOSE # ------- # Starting from the LOCKED Point-7/TGIF2LY computational candidate, identify whether # authoritative Drive artifacts exist that can test a molecular-memory mechanism through: # # 1. DNA methylation / hydroxymethylation # 2. chromatin accessibility # 3. histone-mark evidence # 4. TF/chromatin occupancy #"
/content/drive/MyDrive/Colab Notebooks/Untitled18.ipynb,Untitled18.ipynb,3,POSSIBLE_STIMULUS_CONSTRUCTION,3,8,0,2,1,0,0,0,0,0,1,41947, # ============================================================================================================== # STEP 32D...FIX22Q # TGIF2LY REGULATORY-LAYER EVIDENCE CONVERGENCE + ORTHOGONAL SPECIFICITY AUDIT # # PURPOSE # ------- # Integrate the already-established independent computational layers: # # 1. Point-7 H3K9me3 mechanistic evidence # 2. Developmental H3K9me3 persistence # 3. TGIF2LY motif architecture / R3 exact-site evidence # 4. Composition-preserving motif/null enrichment # 5. Dinucleotide-preserving motif/null enrichment # 6. FIX22N exact conditional permutation 
/content/drive/MyDrive/Colab Notebooks/Untitled18.ipynb,Untitled18.ipynb,4,POSSIBLE_STIMULUS_CONSTRUCTION,3,8,0,2,1,0,0,0,0,0,1,49931, # ============================================================================================================== # STEP 32D...FIX22Q-R1 # TGIF2LY REGULATORY-LAYER CONVERGENCE — FINAL EXTRACTION / REPORTING REPAIR # # PURPOSE: # 1. Preserve all underlying FIX22N / FIX22P analyses. # 2. Correctly recover values that appeared as NaN in FIX22Q. # 3. Explicitly preserve the R3=16 vs sequence-scan=4 discrepancy. # 4. Do NOT recompute or invent a combined p-value. # 5. Produce a final auditable convergence matrix + JSON summary. # # IMPORTANT: # This script is a REPORTING/RECONCILIATION 
/content/drive/MyDrive/Colab Notebooks/Untitled18.ipynb,Untitled18.ipynb,5,POSSIBLE_STIMULUS_CONSTRUCTION,3,8,0,2,1,0,0,0,0,0,1,36012, # ============================================================================================================== # STEP 32D...FIX22Q-R2 # TGIF2LY REGULATORY-LAYER CONVERGENCE — NATIVE-SCHEMA FINAL REPAIR # # PURPOSE # FIX22Q-R1 reporting repair failed because native FIX22N/FIX22P field names # were not matched exactly. # # This R2 script: # 1. Reads the ORIGINAL authoritative FIX22N/FIX22P JSON files. # 2. Uses their ACTUAL native field names. # 3. Recovers the already-computed values without recalculation. # 4. Preserves the R3=16 vs sequence-scan=4 discrepancy.
/content/drive/MyDrive/Colab Notebooks/Untitled2.ipynb,Untitled2.ipynb,4,POSSIBLE_STIMULUS_CONSTRUCTION,3,8,0,2,1,0,0,0,1,0,0,7724," # ============================================================ # FIGURE 3 — FINAL SIX-CONTEXT SOURCE-TRACEABLE MATRIX # ============================================================ import os import pandas as pd import numpy as np ROOT = ""/content/drive/MyDrive/Toxicology (1)"" OUT = ""/content/Cd_Figure3_Output"" os.makedirs(OUT, exist_ok=True) GENES = [ ""BEX4"", ""CDH13"", ""COL16A1"", ""CTBP2"", ""GSG1"", ""HMOX1"", ""HSPA1A"", ""HSPB1"", ""HSPH1"", ""KLRE1"", ""NES"", ""NEU2"", ""POPDC2"", ""STMN4"", ""VGF"" ] # ============================================================ # DIRECT SOURCE FILES # ========="
/content/drive/MyDrive/Colab Notebooks/Untitled26.ipynb,Untitled26.ipynb,4,POSSIBLE_STIMULUS_CONSTRUCTION,3,8,0,2,1,0,0,0,1,0,0,18149,"import os import re import json import gzip import hashlib import pandas as pd import numpy as np # -------------------------------------------------------------------------------------------------------------- # [1] CONFIGURATION # -------------------------------------------------------------------------------------------------------------- GSE = ""GSE113241"" GPL = ""GPL14664"" HUMAN_GENE = ""TGIF2LY"" HUMAN_ENSEMBL = ""ENSG00000176679"" DANIO_GENE = ""tgif2"" DANIO_ENSEMBL = ""ENSDARG00000112895"" DANIO_TRANSCRIPT = ""ENSDART00000183228"" REJECTED_OLD_NCBI = ""798575"" DRIVE_ROOT = ""/content/drive/My"
/content/drive/MyDrive/Colab Notebooks/Untitled27.ipynb,Untitled27.ipynb,1,POSSIBLE_STIMULUS_CONSTRUCTION,3,8,0,2,1,0,0,0,1,0,0,18409, # ============================================================================================================== # STEP 32D...FIX22T-R11-R27D # TGIF2 CURRENT-ID → GPL14664 → COMPOSITE MATRIX FEATURE RECONCILIATION # ROBUST GPL RECOVERY VERSION # ============================================================================================================== import os import re import json import gzip import hashlib import pandas as pd import numpy as np # -------------------------------------------------------------------------------------------------------------- # [1] CONFIGURATION # -------
/content/drive/MyDrive/Colab Notebooks/Untitled27.ipynb,Untitled27.ipynb,2,POSSIBLE_STIMULUS_CONSTRUCTION,3,8,0,2,1,0,0,0,1,0,0,22297," # ============================================================================================================== # STEP 32D...FIX22T-R11-R27D-FIX1 # TGIF2 CURRENT-ID → GPL14664 → COMPOSITE MATRIX FEATURE RECONCILIATION # ROBUST MATRIX PATH RECOVERY + GPL RECOVERY # ============================================================================== import os import re import json import gzip import shutil import hashlib import time import pandas as pd import numpy as np print(""="" * 110) print(""STEP 32D...FIX22T-R11-R27D-FIX1"") print(""TGIF2 CURRENT-ID → GPL14664 → COMPOSITE MATRIX FEATURE RECONCIL"
/content/drive/MyDrive/Colab Notebooks/Untitled30.ipynb,Untitled30.ipynb,4,POSSIBLE_STIMULUS_CONSTRUCTION,3,8,0,2,1,0,0,0,1,0,2,40822, # ============================================================================================================== # STEP 32D...FIX22T-R11-R46 # R45 → ACTUAL GEO SUPPLEMENTARY DATA RECOVERY # GENE-LEVEL EXPRESSION + GROUP EFFECT SIZE + REGULATORY/EPIGENETIC CROSS-CHECK # # IMPORTANT: # - No invented expression values # - No metadata promoted to expression # - No new biological priority score # - Exposure ≠ genetic perturbation # - Regulatory perturbation ≠ exposure # - Expression evidence remains separate from memory evidence # ===================================================================
/content/drive/MyDrive/Colab Notebooks/Untitled4.ipynb,Untitled4.ipynb,25,POSSIBLE_STIMULUS_CONSTRUCTION,3,8,0,2,1,0,0,0,1,0,0,27430," # ============================================================================ # STEP 21 — NON-REDUNDANT MOTIF FAMILY + ANTIGEN/DONOR SPECIFICITY VALIDATION # ============================================================================ # # GOAL # ---- # Step 20 identified 34 significant 3/4/5-mer records, but many are nested: # # YEQ -> YEQY -> YEQYF # GEL -> GELF -> GELFF # NTG -> NTGE -> NTGEL # # Therefore Step 21: # # 1. Collapses overlapping significant k-mers into non-redundant motif # families. # 2. Maps each motif family back to individual CDR3β sequences. # 3. Quanti"
/content/drive/MyDrive/Colab Notebooks/Untitled46.ipynb,Untitled46.ipynb,28,POSSIBLE_STIMULUS_CONSTRUCTION,3,8,0,2,1,0,0,0,0,0,1,17215," # ============================================================ # GSE161905 — SEGMENTATION CLOCK NETWORK REWIRING ANALYSIS # HH5 → 6 SOMITES → 35 SOMITES # ============================================================ import os import gzip import numpy as np import pandas as pd from scipy.stats import spearmanr # ============================================================ # PATHS # ============================================================ BASE_DIR = ""/content/drive/MyDrive/thesis/DSD_Project/02_Developmental_Datasets/GSE161905"" samples = { ""st51"": {""stage"": ""HH5""}, ""st52"": {""sta"
/content/drive/MyDrive/Colab Notebooks/Untitled57.ipynb,Untitled57.ipynb,2,POSSIBLE_STIMULUS_CONSTRUCTION,3,8,0,2,1,0,0,0,1,0,0,20028, # ================================================================================ # GSE164737 — HES/HEY COORDINATED DEVELOPMENTAL MODULE ANALYSIS # ================================================================================ # # PURPOSE # ------- # Determine whether the high-confidence HES/HEY genes: # # HEY1 # HES4 # HEY2 # # behave as a coordinated developmental module in the chicken limb dataset. # # IMPORTANT # --------- # Canonical HES1 was NOT recovered from the trajectory matrix. # Therefore HES1 is completely excluded from quantitative calculations. # # This analysis 
/content/drive/MyDrive/Colab Notebooks/Untitled62.ipynb,Untitled62.ipynb,3,POSSIBLE_STIMULUS_CONSTRUCTION,3,8,0,2,1,0,0,0,1,0,0,18920," # ================================================================================ # GSE164737 — H.5.2 # QUANTITATIVE CROSS-SPECIES TRAJECTORY SIMILARITY # + PERMUTATION-BASED CONSERVATION / DIVERGENCE # # Uses: # H4 developmental trajectories # H5.1 validated E2 -> H1 orthology mapping # # No GTF # No external annotation # No species pooling # No oscillation inference # ================================================================================ import os import json import numpy as np import pandas as pd from scipy.stats import pearsonr, spearmanr print(""="" * 80) print(""GSE164737"
/content/drive/MyDrive/Colab Notebooks/Untitled7.ipynb,Untitled7.ipynb,91,POSSIBLE_STIMULUS_CONSTRUCTION,3,8,0,2,1,0,1,0,0,0,2,19035," # ============================================================================== # STEP 27B — GC ENVIRONMENTAL MEMORY # ENSEMBL GENE -> ENSEMBL PROTEIN -> STRING PPI VALIDATION # ============================================================================== import os import io import time import random import requests import numpy as np import pandas as pd import networkx as nx BASE = ""/content/drive/MyDrive/Dissertation"" CORE_FILE = os.path.join( BASE, ""GC_core_17_regulatory_architecture.csv"" ) ROBUST_FILE = os.path.join( BASE, ""GC_robust5_regulatory_architecture.csv"" ) "
/content/drive/MyDrive/Colab Notebooks/Untitled87.ipynb,Untitled87.ipynb,8,POSSIBLE_STIMULUS_CONSTRUCTION,3,8,0,2,1,0,0,0,0,0,1,24200,"import os import json import numpy as np import pandas as pd BASE = ""/content/drive/MyDrive/AI/Synthetic_Cell"" E61_PATH = os.path.join( BASE, ""stageE61_v1_regeneration_efficiency_refinement.csv"" ) E65_PATH = os.path.join( BASE, ""stageE65_v1_E61_logic_reconstruction.csv"" ) E66_PATH = os.path.join( BASE, ""stageE66_v1_resource_accounting_reconstruction.csv"" ) for p in [E61_PATH, E65_PATH, E66_PATH]: if not os.path.exists(p): raise FileNotFoundError(p) print(""="" * 120) print(""STAGE E67-v1 — RESOURCE-FLOW SOURCE-TERM / ACCOUNTING MECHANISM AUDIT"") print(""="""
/content/drive/MyDrive/Colab Notebooks/Untitled93.ipynb,Untitled93.ipynb,7,POSSIBLE_STIMULUS_CONSTRUCTION,3,8,0,2,1,0,0,0,1,0,0,853,"binary = ( continuum > 0 ).astype( np.int8 ) overlap_matrix = ( binary @ binary.T ) # Convert overlap_matrix to a larger integer type to accommodate 999 overlap_matrix = overlap_matrix.astype(np.int16) np.fill_diagonal( overlap_matrix, 999 ) minimum_overlap = np.min( overlap_matrix ) maximum_overlap = np.max( overlap_matrix[ overlap_matrix != 999 ] ) minimum_similarity = ( minimum_overlap / 50 * 100 ) maximum_similarity = ( maximum_overlap / 50 * 100 ) print(""\n"") print(""="" * 80) print(""PAIRWISE SIMILARITY AUDIT"") print(""="
/content/drive/MyDrive/Colab Notebooks/Untitled10.ipynb,Untitled10.ipynb,2,POSSIBLE_STIMULUS_CONSTRUCTION,2,8,0,3,1,0,0,0,0,0,1,52995, # ============================================================================= # STAGE E4 — METABOLISM–ALLOCATION COUPLING v1 # ============================================================================= # # E1 = CELL ARCHITECTURE # E2 = RESOURCE ACCOUNTING # E3 = DYNAMIC RESOURCE ALLOCATION # E4 = RESOURCE PRODUCTION/CONSUMPTION ↔ ALLOCATION FEEDBACK # # CORE LOOP # # RESOURCE STATE # ↓ # E3 ALLOCATION # ↓ # FUNCTIONAL ACTIVITY # ↓ # RESOURCE PRODUCTION / CONSUMPTION # ↓ # UPDATED RESOURCE STATE # ↓ # E3 ALLOCATION AGAIN # # IMPORTANT # -----
/content/drive/MyDrive/Colab Notebooks/Untitled10.ipynb,Untitled10.ipynb,3,POSSIBLE_STIMULUS_CONSTRUCTION,2,8,0,3,1,0,0,0,0,0,1,45482, # ============================================================================= # STAGE E6-v1 — CELLULAR GROWTH / BIOMASS ACCUMULATION MODULE # ============================================================================= # # E1 = Artificial-cell architecture # E2 = Resource accounting # E3 = Dynamic resource allocation # E4 = Metabolism–allocation coupling # E5 = Protein synthesis / functional product module # E6 = Cellular growth / biomass accumulation # # CORE ARCHITECTURE # # RESOURCE STATE # ↓ # DYNAMIC ALLOCATION # ↓ # METABOLISM + TRANSLATION # ↓ # BIOMASS PRODUCTION 
/content/drive/MyDrive/Colab Notebooks/Untitled10.ipynb,Untitled10.ipynb,10,POSSIBLE_STIMULUS_CONSTRUCTION,2,8,0,3,1,0,0,0,0,0,1,44872," # ============================================================================= # STAGE E13-v1 # RESOURCE-LIMITED AUTONOMOUS FUNCTIONAL TRADE-OFFS # ============================================================================= # # E12 prerequisite: # MULTIGENERATION_INTEGRATED_STRESS_ARCHITECTURE_TESTED # # E13 QUESTION: # # When multiple cellular functions compete for limited resources, # does the integrated controller produce measurable, state-dependent # functional trade-offs while preserving minimum viability? # # This stage tests: # # resource limitation # ↓ # bottleneck for"
/content/drive/MyDrive/Colab Notebooks/Untitled8.ipynb,Untitled8.ipynb,10,POSSIBLE_STIMULUS_CONSTRUCTION,2,8,0,3,1,0,1,0,0,0,0,45228, # ============================================================================== # STAGE 4S — UNIFIED OFF-vs-ON RESOURCE CONSERVATION TEST # ============================================================================== # # PURPOSE # ------- # Determine whether the apparent R↔M synergistic advantage survives under # an explicit resource-conservation ledger. # # CORE QUESTION # ------------- # Can coupling improve functional throughput without creating resource? # # OFF: # R <-> M coupling disabled # # ON: # R <-> M coupling enabled # # IDENTICAL: # initial conditions # externa
/content/drive/MyDrive/Colab Notebooks/Untitled9.ipynb,Untitled9.ipynb,17,POSSIBLE_STIMULUS_CONSTRUCTION,2,8,0,3,1,0,0,0,0,0,1,52995, # ============================================================================= # STAGE E4 — METABOLISM–ALLOCATION COUPLING v1 # ============================================================================= # # E1 = CELL ARCHITECTURE # E2 = RESOURCE ACCOUNTING # E3 = DYNAMIC RESOURCE ALLOCATION # E4 = RESOURCE PRODUCTION/CONSUMPTION ↔ ALLOCATION FEEDBACK # # CORE LOOP # # RESOURCE STATE # ↓ # E3 ALLOCATION # ↓ # FUNCTIONAL ACTIVITY # ↓ # RESOURCE PRODUCTION / CONSUMPTION # ↓ # UPDATED RESOURCE STATE # ↓ # E3 ALLOCATION AGAIN # # IMPORTANT # -----
/content/drive/MyDrive/Colab Notebooks/Untitled0.ipynb,Untitled0.ipynb,31,POSSIBLE_STIMULUS_CONSTRUCTION,2,8,0,2,1,0,0,0,0,0,0,23090, # ================================================================================================== # TOXICOLOGY — 15-GENE 4-CONTEXT COMPARATIVE RESPONSE ARCHITECTURE # ================================================================================================== # # GOAL # ---- # Compare the existing 15-gene Cd-response architecture across: # # 1. Rat Liver # 2. Mouse Liver # 3. Rat Kidney # 4. Mouse Kidney # # Then classify each gene as: # # - Conserved direction # - Liver-biased # - Kidney-biased # - Species-dependent # - Context-dependent / discordant # # IMPORTANT 
/content/drive/MyDrive/Colab Notebooks/Untitled105.ipynb,Untitled105.ipynb,3,POSSIBLE_STIMULUS_CONSTRUCTION,2,8,0,2,1,0,0,0,0,0,0,18247," # ================================================================ # PART 19G — VALUE-LEVEL FORENSIC SOURCE MAPPING # ================================================================ from google.colab import drive drive.mount('/content/drive') import os import re import json import numpy as np import pandas as pd BASE_DIR = ""/content/drive/MyDrive/GENE"" RAW_DIR = os.path.join(BASE_DIR, ""00_RAW"") RESULT_DIR = os.path.join(BASE_DIR, ""11_RESULTS"") OUT_DIR = os.path.join( RESULT_DIR, ""PART_19G_VALUE_FORENSIC_MAPPING"" ) os.makedirs(OUT_DIR, exist_ok=True) SOURCE_FILE = os.path.join( "
/content/drive/MyDrive/Colab Notebooks/Untitled105.ipynb,Untitled105.ipynb,40,POSSIBLE_STIMULUS_CONSTRUCTION,2,8,0,2,1,0,0,0,0,0,0,30246, # ================================================================ # PART 22 — FEATURE ARCHITECTURE # ================================================================ # # PROJECT: # From Non-Genic Sequence to Persistent Gene # # GOAL: # Construct a scientifically governed feature architecture before # any statistical / ML modelling. # # IMPORTANT: # This part DOES NOT: # - train ML models # - calculate GEP # - create controls # - impute missing values # - remove candidates # - select a canonical sequence # - modify published values # # It ONLY defin
/content/drive/MyDrive/Colab Notebooks/Untitled105.ipynb,Untitled105.ipynb,68,POSSIBLE_STIMULUS_CONSTRUCTION,2,8,0,2,1,0,0,0,0,0,2,22935," # ============================================================================= # PART 23J.9 — INDEPENDENT ALIGNMENT + FRAME-AWARE FORENSICS # ============================================================================= from google.colab import drive drive.mount('/content/drive') import os import re import hashlib import pandas as pd print(""="" * 78) print(""PART 23J.9 — INDEPENDENT ALIGNMENT + FRAME-AWARE FORENSICS"") print(""="" * 78) # ============================================================================= # 0. PATHS # ================================================================="
/content/drive/MyDrive/Colab Notebooks/Untitled106.ipynb,Untitled106.ipynb,8,POSSIBLE_STIMULUS_CONSTRUCTION,2,8,0,2,1,0,0,0,0,0,0,10544," # ============================================================================== # PART 25B.14R.2 — BUILD LOCKED EMPIRICAL-NULL FEATURE MATRIX # ============================================================================== from google.colab import drive drive.mount('/content/drive') import os import pandas as pd import numpy as np print(""="" * 78) print(""PART 25B.14R.2 — LOCKED EMPIRICAL-NULL FEATURE MATRIX"") print(""="" * 78) # ------------------------------------------------------------------------------ # 1. LOCKED INPUTS # ----------------------------------------------------------------"
/content/drive/MyDrive/Colab Notebooks/Untitled106.ipynb,Untitled106.ipynb,9,POSSIBLE_STIMULUS_CONSTRUCTION,2,8,0,2,1,0,0,0,0,0,0,5484,"# ============================================================================== # PART 25B.14R.2R — LOCKED EMPIRICAL-NULL FEATURE MATRIX # CORRECTED DIRECT-GC COLUMN HANDLING # ============================================================================== from google.colab import drive drive.mount('/content/drive') import os import pandas as pd import numpy as np print(""="" * 78) print(""PART 25B.14R.2R — LOCKED EMPIRICAL-NULL FEATURE MATRIX"") print(""="" * 78) # ------------------------------------------------------------------------------ # 1. INPUTS # --------------------------------------"
/content/drive/MyDrive/Colab Notebooks/Untitled107.ipynb,Untitled107.ipynb,16,POSSIBLE_STIMULUS_CONSTRUCTION,2,8,0,2,1,0,0,0,0,0,0,11019," # ================================================================ # STEP NEXT-6 # EXACT RAW-DATA RECONSTRUCTION OF STEP42 # # Target: # STEP42 Normalized_Log1p_Canonical_MFOS # reported eta² = 0.487733 # # Panel actually recorded in STEP42: # 15 documented genes + FSCN1 # # TMEM27 is NOT substituted. # ================================================================ from google.colab import drive drive.mount('/content/drive') import os import tarfile import glob import numpy as np import pandas as pd import scipy.io as sio BASE = ""/content/drive/MyDrive/MFOS_REVISION"" TAR_PATH"
/content/drive/MyDrive/Colab Notebooks/Untitled108.ipynb,Untitled108.ipynb,19,POSSIBLE_STIMULUS_CONSTRUCTION,2,8,0,2,1,0,0,0,0,0,0,10806," # ============================================================================= # PART 25B.14S — CORRECTED FIGURE-2 FEATURE EXTRACTION + CROSS-VALIDATION # ============================================================================= from google.colab import drive drive.mount('/content/drive') import os import pandas as pd import numpy as np BASE = ""/content/drive/MyDrive/GENE"" OUT = os.path.join( BASE, ""11_RESULTS"", ""PART_25B_EMPIRICAL_NULL_TESTING"" ) os.makedirs(OUT, exist_ok=True) FIGURE_SOURCE = ( ""/content/drive/MyDrive/GENE/11_RESULTS/"" ""PART_19F_SOURCE_MAPPING/C"
/content/drive/MyDrive/Colab Notebooks/Untitled109.ipynb,Untitled109.ipynb,32,POSSIBLE_STIMULUS_CONSTRUCTION,2,8,0,2,1,0,0,0,0,0,0,9966," # ================================================================ # PART 25C.16 — 555 × 3 CACTUS SEQUENCE-STATE MATRIX # ================================================================ from google.colab import drive drive.mount('/content/drive') import pandas as pd import numpy as np import os import re BASE = ""/content/drive/MyDrive/GENE"" OUTDIR = ( f""{BASE}/11_RESULTS/"" ""PART_25C_EVOLUTIONARY_SEQUENCE_STATE"" ) os.makedirs(OUTDIR, exist_ok=True) print(""=""*70) print(""PART 25C.16 — 555 × 3 CACTUS SEQUENCE-STATE MATRIX"") print(""=""*70) # -----------------------------------------"
/content/drive/MyDrive/Colab Notebooks/Untitled111.ipynb,Untitled111.ipynb,30,POSSIBLE_STIMULUS_CONSTRUCTION,2,8,0,2,1,0,0,0,0,0,0,8283," # ================================================================ # PART 26.1R — AUTHORITATIVE 834 NON-GENIC STATE MATRIX # ================================================================ from google.colab import drive drive.mount('/content/drive') import os import pandas as pd import numpy as np BASE = ""/content/drive/MyDrive/GENE"" INPUT = os.path.join( BASE, ""11_RESULTS"", ""PART_25C_EVOLUTIONARY_SEQUENCE_STATE"", ""PART_25C55_834_TO_555_FILTER_TRANSITION"", ""PART_25C55_834_TO_555_TRANSITION_MAP.csv"" ) OUTDIR = os.path.join( BASE, ""11_RESULTS"", ""PART_26_GEN"
/content/drive/MyDrive/Colab Notebooks/Untitled111.ipynb,Untitled111.ipynb,58,POSSIBLE_STIMULUS_CONSTRUCTION,2,8,0,2,1,0,0,0,0,0,0,10574," # ================================================================ # PART 27.1R — AUTHORITATIVE STATE VALUE AUDIT + MATRIX # ================================================================ from google.colab import drive drive.mount('/content/drive') import os import pandas as pd import numpy as np print(""=""*70) print(""PART 27.1R — AUTHORITATIVE STATE VALUE AUDIT + MATRIX"") print(""=""*70) BASE = ""/content/drive/MyDrive/GENE/11_RESULTS"" ROOT = os.path.join( BASE, ""PART_26_GENE_EMERGENCE_RECONSTRUCTION"" ) OUT = os.path.join( BASE, ""PART_27_GENE_EMERGENCE_TRAJECTORY"", ""P"
/content/drive/MyDrive/Colab Notebooks/Untitled116.ipynb,Untitled116.ipynb,1,POSSIBLE_STIMULUS_CONSTRUCTION,2,8,0,2,1,0,0,0,0,0,0,10415," # ================================================================ # PART 31.95H — FASTA INTEGRITY & PHYLOGENETIC SUITABILITY QC # ================================================================ from google.colab import drive drive.mount('/content/drive') import os import pandas as pd import numpy as np import json ROOT = ""/content/drive/MyDrive/GENE"" FASTA_DIR = os.path.join( ROOT, ""11_RESULTS/PART_31_HISTORICAL_RECONSTRUCTION/"", ""PART_31_95G_PHYLOGENETIC_FASTA_BLOCKS/"", ""FASTA"" ) OUT = os.path.join( ROOT, ""11_RESULTS/PART_31_HISTORICAL_RECONSTRUCTION/"", ""PA"
/content/drive/MyDrive/Colab Notebooks/Untitled12.ipynb,Untitled12.ipynb,38,POSSIBLE_STIMULUS_CONSTRUCTION,2,8,0,2,1,0,0,0,1,0,1,19094," # ============================================================================================================== # STEP 32D-FIX26-FIX4-FIX1 # JASPAR FEATURE FIELD FORENSIC RECOVERY # ============================================================================================================== import os import json import pandas as pd import numpy as np BASE = ""/content/drive/MyDrive/Dissertation"" FIX21_LINKS = os.path.join( BASE, ""GC_STEP32D_FIX21_FIX3_FIX2_DMR_LINKAGE"", ""FIX21_FIX3_FIX2_all_23_candidate_DMR_links.csv"" ) FIX22_TOP = os.path.join( BASE, ""GC_STEP32D_FIX2"
/content/drive/MyDrive/Colab Notebooks/Untitled45.ipynb,Untitled45.ipynb,6,POSSIBLE_STIMULUS_CONSTRUCTION,2,8,0,2,1,0,0,0,0,0,0,16427, # ============================================================================================================== # FIX22T-R11-R81-TARGET2-FIX9 # EXACT TGIF2LY_SOCS3B_CAUSAL LABEL → EARLIEST ARTIFACT → ROW/COLUMN ORIGIN # AUTHORITATIVE LABEL-ORIGIN FORENSIC RECONSTRUCTION # ============================================================================================================== import os import re import json import hashlib import pandas as pd from pathlib import Path from datetime import datetime from google.colab import drive # --------------------------------------------------------
/content/drive/MyDrive/Colab Notebooks/Untitled45.ipynb,Untitled45.ipynb,7,POSSIBLE_STIMULUS_CONSTRUCTION,2,8,0,2,1,0,0,0,0,0,0,16427, # ============================================================================================================== # FIX22T-R11-R81-TARGET2-FIX9 # EXACT TGIF2LY_SOCS3B_CAUSAL LABEL → EARLIEST ARTIFACT → ROW/COLUMN ORIGIN # AUTHORITATIVE LABEL-ORIGIN FORENSIC RECONSTRUCTION # ============================================================================================================== import os import re import json import hashlib import pandas as pd from pathlib import Path from datetime import datetime from google.colab import drive # --------------------------------------------------------
/content/drive/MyDrive/Colab Notebooks/Untitled50.ipynb,Untitled50.ipynb,3,POSSIBLE_STIMULUS_CONSTRUCTION,2,8,0,2,1,0,0,0,0,0,2,20935, # ====================================================================== # GSE161905 — CELL-STATE STRATIFIED NETWORK ROBUSTNESS SCREEN # ====================================================================== # # PURPOSE # ------- # The previous analysis showed: # # All-cell DLL1-NOTCH1 Δ35S-HH5 = +0.237655 # Positive-cell DLL1-NOTCH1 Δ35S-HH5 = -0.060578 # # Therefore the apparent strengthening is sensitive to cell-state/ # zero-inflation filtering. # # This analysis does NOT force DLL1-NOTCH1. # # Instead: # 1. Loads all 24 clock genes # 2. Separates detected vs non-detected cel
/content/drive/MyDrive/Colab Notebooks/Untitled57.ipynb,Untitled57.ipynb,22,POSSIBLE_STIMULUS_CONSTRUCTION,2,8,0,2,1,0,0,0,0,0,0,22534, # ============================================================================== # GSE164737 — C.4 GENE-LEVEL BIGWIG SIGNAL EXTRACTION + QC # ============================================================================== # PURPOSE # Extract gene-level signal from the VERIFIED galGal5 BigWigs for all # coordinate-valid genes generated in C.3. # # INPUTS # C.3 FINAL gene coordinates # Final biological sample identity lock # Experimental chicken BigWigs # # OUTPUTS # - Gene × sample mean signal matrix # - Gene × sample median signal matrix # - Gene × sample max signal matrix # 
/content/drive/MyDrive/Colab Notebooks/Untitled57.ipynb,Untitled57.ipynb,23,POSSIBLE_STIMULUS_CONSTRUCTION,2,8,0,2,1,0,0,0,0,0,0,22534, # ============================================================================== # GSE164737 — C.4 GENE-LEVEL BIGWIG SIGNAL EXTRACTION + QC # ============================================================================== # PURPOSE # Extract gene-level signal from the VERIFIED galGal5 BigWigs for all # coordinate-valid genes generated in C.3. # # INPUTS # C.3 FINAL gene coordinates # Final biological sample identity lock # Experimental chicken BigWigs # # OUTPUTS # - Gene × sample mean signal matrix # - Gene × sample median signal matrix # - Gene × sample max signal matrix # 
/content/drive/MyDrive/Colab Notebooks/Untitled57.ipynb,Untitled57.ipynb,24,POSSIBLE_STIMULUS_CONSTRUCTION,2,8,0,2,1,0,0,0,0,0,0,21435," # ============================================================================== # GSE164737 — C.4 CORRECTED GENE-LEVEL BIGWIG SIGNAL EXTRACTION # ============================================================================== # FIX: # The previous BED contained Gene_Key values with embedded whitespace/tab # characters, producing >4 BED columns. # # We now create a SAFE BED name using a deterministic integer row ID. # Original Gene_Key is retained separately and restored after extraction. # # NO biological coordinates are changed. # ==================================================="
/content/drive/MyDrive/Colab Notebooks/Untitled57.ipynb,Untitled57.ipynb,25,POSSIBLE_STIMULUS_CONSTRUCTION,2,8,0,2,1,0,0,0,0,0,0,18359," # ============================================================================== # GSE164737 — C.4.1 DUPLICATE GENE-KEY RESOLUTION + SIGNAL MATRIX QC # ============================================================================== # PURPOSE: # Resolve the 6490 C.3 coordinate rows vs 6475 unique Gene_Key issue. # # IMPORTANT: # - No BigWig extraction is repeated. # - No genomic coordinates are changed. # - No rows are silently dropped. # - Duplicate Gene_Key × GSM records are explicitly audited. # - For the final Gene_Key × GSM signal matrix, MAX Mean signal is retained. # # Wh"
/content/drive/MyDrive/Colab Notebooks/Untitled58.ipynb,Untitled58.ipynb,5,POSSIBLE_STIMULUS_CONSTRUCTION,2,8,0,2,1,0,0,0,0,0,0,35136," # ============================================================================== # GSE164737 — E.4.1 MOUSE BIGWIG ZERO-SIGNAL DIAGNOSTIC # ============================================================================== # PURPOSE: # E.4 extracted 12/12 mouse target genes with Mean_Signal = 0.0 across # all 9 samples. BEFORE E.5 cross-species comparison, determine whether # this represents: # (1) coordinate / chromosome naming mismatch # (2) wrong genome assembly # (3) wrong BigWig source # (4) genuinely absent signal # (5) extraction/normalization issue # # IMPORTANT: # This script is"
/content/drive/MyDrive/Colab Notebooks/Untitled66.ipynb,Untitled66.ipynb,10,POSSIBLE_STIMULUS_CONSTRUCTION,2,8,0,2,1,0,0,0,0,0,0,54084, # ================================================================================ # GSE164736 — H.16.4 ATAC-SEQ REGULATORY ACCESSIBILITY INTEGRATION # ================================================================================ # # PURPOSE # ------- # Integrate processed ATAC-seq BigWig accessibility with the final # GSE164737 RNA-derived H16 candidate panel. # # INPUTS # ------- # H16.1 final multi-layer RNA evidence # H16.2 robustness classification # H16.3 MSGN1 network architecture # GSE164736 processed BigWig files # # SPECIES / GENOME # ---------------- # Mouse : mm10 # Chicken :
/content/drive/MyDrive/Colab Notebooks/Untitled67.ipynb,Untitled67.ipynb,28,POSSIBLE_STIMULUS_CONSTRUCTION,2,8,0,2,1,0,0,0,0,0,0,14371, # ================================================================================ # H26.16 — FINAL HUMAN–MOUSE CROSS-SPECIES EVIDENCE VISUALIZATION & RANKING # ================================================================================ # # Purpose: # Convert the corrected H26.15D integrated evidence into: # 1. Evidence heatmap # 2. Evidence-count ranking # 3. Original-4 gene audit figure # 4. Final manuscript-ready summary tables # # IMPORTANT: # - No new biological inference is performed. # - No causal inference is performed. # - No evolutionary conservation claim is ge
/content/drive/MyDrive/Colab Notebooks/Untitled74.ipynb,Untitled74.ipynb,16,POSSIBLE_STIMULUS_CONSTRUCTION,2,8,0,2,1,0,0,0,0,0,0,24133," # ================================================================================================== # STAGE E55-v1 — EMPIRICAL STATE-UPDATE / REGENERATION COUPLING AUDIT # E50 SUCCESS TRAJECTORIES → ACTUAL NUMERICAL UPDATE RULE DIAGNOSTIC # # PURPOSE: # Determine whether E50 ""successful"" trajectories contain an actual numerical # resource/viability update, or whether success is produced by a stationary state. # # IMPORTANT: # NO new recurrence # NO synthetic generations # NO invented biological mechanism # NO parameter optimization # NO causal claim # =========================="
/content/drive/MyDrive/Colab Notebooks/Untitled96.ipynb,Untitled96.ipynb,59,POSSIBLE_STIMULUS_CONSTRUCTION,2,8,0,2,1,0,0,0,0,0,0,20291," # ==================================================================================================== # STEP 44 — NORMALIZED MFOS COMPONENT CONTRIBUTION & DOMINANCE AUDIT # ==================================================================================================== import os import numpy as np import pandas as pd from scipy import sparse from scipy.stats import kruskal print(""="" * 100) print(""STEP 44 — NORMALIZED MFOS COMPONENT CONTRIBUTION & DOMINANCE AUDIT"") print(""="" * 100) # ---------------------------------------------------------------------------------------------------- # "
/content/drive/MyDrive/Colab Notebooks/Untitled97.ipynb,Untitled97.ipynb,89,POSSIBLE_STIMULUS_CONSTRUCTION,2,8,0,2,1,0,0,0,0,0,0,17495, # ============================================================================== # STEP38I-D — ORIGINAL KIDNEY MFOS SCORE GENERATION TRACE # ============================================================================== # PURPOSE: # 1. Recover the exact historical expression matrix used for kidney MFOS. # 2. Determine whether historical MFOS scores came from: # A) raw counts # B) normalized/log1p expression # C) scaled expression # D) another saved score object # 3. Reconcile the historical 17-gene / FSCN1-TMEM27 states. # # IMPORTANT: # - NO final canonica
/content/drive/MyDrive/Colab Notebooks/Untitled98.ipynb,Untitled98.ipynb,75,POSSIBLE_STIMULUS_CONSTRUCTION,2,8,0,2,1,1,0,0,0,0,0,6423," # ============================================================ # v13.3E — SYNAPTIC MATRIX COUNTERFACTUAL PRE-AUDIT # NO SIMULATION / NO TRAINING # ============================================================ from google.colab import drive drive.mount(""/content/drive"") import os import numpy as np import pandas as pd DRIVE = ""/content/drive/MyDrive/Honey"" NPZ_PATH = os.path.join( DRIVE, ""Honeybee_Model_v13_3E_Mechanistic_Synaptic_Matrices.npz"" ) OUT = os.path.join( DRIVE, ""v13_3_Bee_Rule_Audit"" ) os.makedirs(OUT, exist_ok=True) print(""=""*80) print(""v13.3E — SYNAPTIC MATR"
/content/drive/MyDrive/Colab Notebooks/Untitled66.ipynb,Untitled66.ipynb,7,POSSIBLE_STIMULUS_CONSTRUCTION,1,16,0,4,2,0,1,0,0,0,0,31194, # ================================================================================ # GSE164737 — H.16.2 ROBUSTNESS / SENSITIVITY ANALYSIS # ================================================================================ # # PURPOSE # ------- # Test whether H16.1 candidate prioritization is stable under: # 1. Alternative evidence-layer weights # 2. Small score perturbations # 3. Rank stability analysis # 4. Independent-validation guardrail preservation # 5. MSGN1 / DLL1 special-case robustness audit # # IMPORTANT # --------- # H12.5 independent-validation conclusions are NEVER overw
/content/drive/MyDrive/Colab Notebooks/Untitled104.ipynb,Untitled104.ipynb,8,POSSIBLE_STIMULUS_CONSTRUCTION,1,8,0,3,1,0,0,0,0,0,0,13575," from google.colab import drive drive.mount('/content/drive') import os import re import json import hashlib import pandas as pd import numpy as np print(""="" * 78) print(""STEP 33B — EXTERNAL ADHD RARE-VARIANT GENE-SET EXTRACTION AUDIT"") print(""="" * 78) # ============================================================ # PATHS # ============================================================ BASE = ""/content/drive/MyDrive/ADHD/12_PERMUTATION_TESTS/MATCHED_NULL"" PART33 = os.path.join( BASE, ""ARCHITECTURE_AUDIT"", ""PART_33_INDEPENDENT_EXTERNAL_VALIDATION"" ) XLSX = os.path.join( PART"
/content/drive/MyDrive/Colab Notebooks/Untitled107.ipynb,Untitled107.ipynb,11,POSSIBLE_STIMULUS_CONSTRUCTION,1,8,0,3,1,0,0,0,0,0,0,13547, # ================================================================ # STEP NEXT-3 # EXACT STEP45 vs STEP42 MFOS CONSTRUCTION AUDIT # # Goal: # 1. Reconstruct STEP45 Canonical_MFOS from its component columns # 2. Verify whether weights are equal # 3. Identify FSCN1/TMEM27 composition # 4. Compare STEP45 with STEP42 normalized/log1p MFOS # 5. Determine exact source of eta² difference # # NO manuscript changes # NO TMEM27 substitution # NO new biological interpretation # ================================================================ from google.colab import drive drive.mount('/conten
/content/drive/MyDrive/Colab Notebooks/Untitled107.ipynb,Untitled107.ipynb,12,POSSIBLE_STIMULUS_CONSTRUCTION,1,8,0,3,1,0,0,0,0,0,0,8997," # ================================================================ # STEP NEXT-3 CONTINUATION # FIX BARCODE TYPE + COMPLETE STEP45 vs STEP42 COMPARISON # ================================================================ import numpy as np import pandas as pd import os import json print(""=""*80) print(""STEP NEXT-3 CONTINUATION"") print(""BARCODE TYPE RECONCILIATION"") print(""=""*80) # --------------------------------------------------------------- # 1. FORCE BARCODE TO STRING IN BOTH TABLES # --------------------------------------------------------------- s45 = step45[ [""Barcode"", ""CellType"""
/content/drive/MyDrive/Colab Notebooks/Untitled10.ipynb,Untitled10.ipynb,7,POSSIBLE_STIMULUS_CONSTRUCTION,1,8,0,2,1,0,0,0,0,0,1,32993," # ============================================================================= # STAGE E9-v4 # CORRECTED PARTITION CONSERVATION + AUTONOMOUS DAUGHTER CELL-CYCLE LOOP # ============================================================================= import os import json import copy import datetime import numpy as np import pandas as pd # ============================================================================= # 1. PROJECT # ============================================================================= BASE = ""/content/drive/MyDrive/AI/Synthetic_Cell"" os.makedirs(BASE, exist_ok=True) pr"
/content/drive/MyDrive/Colab Notebooks/Untitled10.ipynb,Untitled10.ipynb,8,POSSIBLE_STIMULUS_CONSTRUCTION,1,8,0,2,1,0,0,0,0,0,1,42101," # ============================================================================= # STAGE E10-v1 — SELF-MAINTENANCE / HOMEOSTASIS MODULE # ============================================================================= # # E9-v4 prerequisite: # CLOSED_CELL_CYCLE_ARCHITECTURE_TESTED # # E10 OBJECTIVE: # Test whether the computational cell can detect internal disturbances, # redistribute finite resources, and recover toward a viable operating # state without external correction. # # TESTED PERTURBATIONS: # 1. ATP depletion # 2. amino-acid depletion # 3. nucleotide depletion # 4. red"
/content/drive/MyDrive/Colab Notebooks/Untitled103.ipynb,Untitled103.ipynb,9,POSSIBLE_STIMULUS_CONSTRUCTION,1,8,0,2,1,0,0,0,0,0,1,25301, # ============================================================================== # M.19A.10 — ROBUSTNESS / SENSITIVITY ANALYSIS # ============================================================================== # Primary M.19A.9 result remains LOCKED: # # Exact two-sided paired sign-flip test # Primary statistic = median(log2(observed/null)) # P = 0.2265625 # # This stage performs sensitivity analyses only. # # Analyses: # A. Leave-one-pair-out exact sign-flip tests # B. Mean-based exact paired sign-flip test # C. Paired sign-direction test # D. Pair-level influence on the median 
/content/drive/MyDrive/Colab Notebooks/Untitled103.ipynb,Untitled103.ipynb,10,POSSIBLE_STIMULUS_CONSTRUCTION,1,8,0,2,1,0,0,0,1,0,0,33639,# ============================================================================== # M.19A.11 — NULL PPI RESOLUTION / SELECTION AUDIT # ============================================================================== # Purpose: # Determine whether the 14 null genes with defensible E5 PPI-degree # resolution differ systematically from the 15 null genes whose E5 # mapping remained unresolved. # # IMPORTANT: # This is NOT a new matching procedure. # This is NOT a PPI test. # This is NOT a replacement for M.19A.9. # # Variables examined: # 1. log10 gene length # 2. LoF HC/LC observed/e
/content/drive/MyDrive/Colab Notebooks/Untitled105.ipynb,Untitled105.ipynb,20,POSSIBLE_STIMULUS_CONSTRUCTION,1,8,0,2,1,0,0,0,1,0,0,10185," # ================================================================ # PART 21D.1 — COMPLETE BACKGROUND FEATURE SOURCE AUDIT # ================================================================ from google.colab import drive drive.mount('/content/drive') import os import json import hashlib import pandas as pd import numpy as np # ================================================================ # PATHS # ================================================================ BASE_DIR = ""/content/drive/MyDrive/GENE"" CLASSIFIED_FILE = os.path.join( BASE_DIR, ""11_RESULTS"", ""PART_21C_UNIVER"
/content/drive/MyDrive/Colab Notebooks/Untitled105.ipynb,Untitled105.ipynb,93,POSSIBLE_STIMULUS_CONSTRUCTION,1,8,0,2,1,0,0,0,1,0,0,14572," # ============================================================================== # PART 25B.7 — FIGURE-2 SOURCE VS CACTUS/PART-24 FEATURE FORENSICS # ============================================================================== from google.colab import drive drive.mount('/content/drive') import os import re import pandas as pd import numpy as np print(""=""*78) print(""PART 25B.7 — FIGURE-2 SOURCE VS CACTUS/PART-24 FORENSICS"") print(""=""*78) # ------------------------------------------------------------------------------ # PATHS # -------------------------------------------------------------"
/content/drive/MyDrive/Colab Notebooks/Untitled108.ipynb,Untitled108.ipynb,21,POSSIBLE_STIMULUS_CONSTRUCTION,1,8,0,2,1,0,0,0,1,0,0,10960," # ============================================================================= # PART 25B.15 — FINAL EMPIRICAL NULL MATRIX INTEGRITY AUDIT # ============================================================================= from google.colab import drive drive.mount('/content/drive') import os import hashlib import pandas as pd import numpy as np BASE = ""/content/drive/MyDrive/GENE"" OUT = os.path.join( BASE, ""11_RESULTS"", ""PART_25B_EMPIRICAL_NULL_TESTING"" ) NULL_PATH = os.path.join( OUT, ""PART_25B14_LOCKED_EMPIRICAL_NULL_FEATURE_MATRIX.csv"" ) GC_LOCKED_PATH = os.path.joi"
/content/drive/MyDrive/Colab Notebooks/Untitled109.ipynb,Untitled109.ipynb,11,POSSIBLE_STIMULUS_CONSTRUCTION,1,8,0,2,1,0,0,0,0,0,1,6799,"import pandas as pd import os from google.colab import drive drive.mount('/content/drive', force_remount=True) BASE = ""/content/drive/MyDrive/GENE"" FIG = ( f""{BASE}/11_RESULTS/"" f""PART_19G_VALUE_FORENSIC_MAPPING/CLEAN_SOURCE/"" f""Figure_2_a_c_d_e_f_g_h.csv"" ) OBS = ( f""{BASE}/11_RESULTS/"" f""PART_25A1_AUTHORITATIVE_UNIVERSE_RECONCILIATION/"" f""PART_25A1_LOCKED_555_OBSERVED_SET.csv"" ) UNI = ( f""{BASE}/11_RESULTS/"" f""PART_25A1_AUTHORITATIVE_UNIVERSE_RECONCILIATION/"" f""PART_25A1_LOCKED_13968_FILTERING_HISTORY.csv"" ) OUT = ( f""{BASE}/11_RESULTS/"" f""PA"
/content/drive/MyDrive/Colab Notebooks/Untitled11.ipynb,Untitled11.ipynb,16,POSSIBLE_STIMULUS_CONSTRUCTION,1,8,0,2,1,0,0,0,0,0,1,40523," # ============================================================================= # STAGE E20-v1 # RESOURCE REGENERATION ARCHITECTURE REDESIGN # ============================================================================= import os import json import copy import datetime import numpy as np import pandas as pd # ============================================================================= # 1. PROJECT DIRECTORY # ============================================================================= BASE = ""/content/drive/MyDrive/AI/Synthetic_Cell"" os.makedirs(BASE, exist_ok=True) print(""="" * 110) p"
/content/drive/MyDrive/Colab Notebooks/Untitled111.ipynb,Untitled111.ipynb,61,POSSIBLE_STIMULUS_CONSTRUCTION,1,8,0,2,1,0,0,0,0,0,1,9485," # ================================================================ # PART 27.3 — Dmel ARCHITECTURE + EVOLUTIONARY SUPPORT # ================================================================ from google.colab import drive drive.mount('/content/drive') import os import pandas as pd import numpy as np print(""=""*70) print(""PART 27.3 — Dmel ARCHITECTURE + EVOLUTIONARY SUPPORT"") print(""=""*70) BASE = ""/content/drive/MyDrive/GENE/11_RESULTS"" ROOT27 = os.path.join( BASE, ""PART_27_GENE_EMERGENCE_TRAJECTORY"" ) ROOT25 = os.path.join( BASE, ""PART_25C_EVOLUTIONARY_SEQUENCE_STATE"" ) OU"
/content/drive/MyDrive/Colab Notebooks/Untitled112.ipynb,Untitled112.ipynb,24,POSSIBLE_STIMULUS_CONSTRUCTION,1,8,0,2,1,0,1,0,0,0,0,10994," # ============================================================================= # PART 31.3 — ORF SIGNAL vs SEQUENCE-SHUFFLE NULL # ============================================================================= # # Purpose: # Determine whether the observed ORF architecture in the 555 retained # sequences exceeds what is expected from nucleotide composition alone. # # This is the critical correction to Part 31.2. # # We do NOT call every ATG-stop pair a ""gene"". # We compare observed ORF architecture against shuffled sequences preserving # nucleotide composition. # =========================="
/content/drive/MyDrive/Colab Notebooks/Untitled115.ipynb,Untitled115.ipynb,52,POSSIBLE_STIMULUS_CONSTRUCTION,1,8,0,2,1,0,0,0,1,0,0,16750," # ============================================================================== # PART 31.94C-R13R6 # EXACT EVENT FILTER / OCCURRENCE RECONSTRUCTION # ============================================================================== from google.colab import drive drive.mount('/content/drive') import json import numpy as np import pandas as pd from pathlib import Path print(""="" * 100) print(""PART 31.94C-R13R6 — EXACT EVENT FILTER / OCCURRENCE RECONSTRUCTION"") print(""="" * 100) ROOT = Path(""/content/drive/MyDrive/GENE"") OUTDIR = ( ROOT / ""11_RESULTS"" / ""PART_31_MUTATION_WEIGHTED_A"
/content/drive/MyDrive/Colab Notebooks/Untitled115.ipynb,Untitled115.ipynb,53,POSSIBLE_STIMULUS_CONSTRUCTION,1,8,0,2,1,0,0,0,1,0,0,18365," # ============================================================================== # PART 31.94C-R13R7 # ORF_GT_THRESHOLD RESIDUAL / OUTLIER RECONSTRUCTION # ============================================================================== from google.colab import drive drive.mount('/content/drive') import json import numpy as np import pandas as pd from pathlib import Path print(""="" * 100) print(""PART 31.94C-R13R7 — ORF_GT_THRESHOLD RESIDUAL / OUTLIER RECONSTRUCTION"") print(""="" * 100) # ============================================================================== # 1. PATHS # =============="
/content/drive/MyDrive/Colab Notebooks/Untitled115.ipynb,Untitled115.ipynb,54,POSSIBLE_STIMULUS_CONSTRUCTION,1,8,0,2,1,0,0,0,1,0,0,17744," # ============================================================================== # PART 31.94C-R13R7 # ORF_GT_THRESHOLD RESIDUAL / OUTLIER RECONSTRUCTION — CORRECTED # ============================================================================== from google.colab import drive drive.mount('/content/drive') import json import numpy as np import pandas as pd from pathlib import Path print(""="" * 100) print(""PART 31.94C-R13R7 — ORF_GT_THRESHOLD RESIDUAL / OUTLIER RECONSTRUCTION"") print(""="" * 100) # ============================================================================== # 1. PATHS # =="
/content/drive/MyDrive/Colab Notebooks/Untitled12.ipynb,Untitled12.ipynb,11,POSSIBLE_STIMULUS_CONSTRUCTION,1,8,0,2,1,0,0,0,0,0,1,17275, # ============================================================================================================== # GC ENVIRONMENTAL MEMORY — STEP 32D-FIX14 # VERIFIED F1 PROCESSED RNA-SEQ SOURCE RECOVERY # # PURPOSE: # Recover the ORIGINAL six F1 FeatureCounts/processed RNA-seq files. # # IMPORTANT: # 1. No expression values are reconstructed. # 2. No imputation. # 3. No re-analysis. # 4. No values from manuscript text are used. # 5. Every recovered file is checksum-verified. # 6. Individual GSM supplementary files are preferred. # 7. GSE160662_RAW.tar is used only as fallback
/content/drive/MyDrive/Colab Notebooks/Untitled13.ipynb,Untitled13.ipynb,12,POSSIBLE_STIMULUS_CONSTRUCTION,1,8,0,2,1,0,0,0,1,0,0,21795, # ============================================================================================================== # STEP 32D-FIX30 # INDEPENDENT ZEBRAFISH EPIGENOMIC DATASET DISCOVERY + DMR COMPATIBILITY AUDIT # -------------------------------------------------------------------------------------------------------------- # Goal: # Identify independent published Danio rerio epigenomic resources suitable for testing # the verified 8 Top-5 DMRs. # # Evidence classes: # 1. ATAC-seq / chromatin accessibility # 2. Histone ChIP-seq / CUT&RUN # 3. Chromatin-state annotations # 4. Published
/content/drive/MyDrive/Colab Notebooks/Untitled13.ipynb,Untitled13.ipynb,16,POSSIBLE_STIMULUS_CONSTRUCTION,1,8,0,2,1,0,0,0,1,0,0,23838, # ============================================================================================================== # STEP 32D-FIX31-FIX1-FIX3 # ASSEMBLY-CORRECTED H3K9me3 INTERVAL SIGNAL VALIDATION # # PURPOSE # ------- # Use the successfully lifted danRer11 -> danRer10 DMR coordinates from FIX31-FIX1-FIX2 # and query the five independent GSE256288 H3K9me3 developmental BigWig tracks. # # IMPORTANT: # This step measures H3K9me3 signal availability/coverage only. # It does NOT infer: # - active chromatin causality # - DMR -> F1 causality # - F0 -> F1 transmission # - inherited epigenetic
/content/drive/MyDrive/Colab Notebooks/Untitled17.ipynb,Untitled17.ipynb,24,POSSIBLE_STIMULUS_CONSTRUCTION,1,8,0,2,1,0,0,0,0,0,1,35228," # ============================================================================================================ # STEP 32D-FIX31-FIX1-FIX5-FIX4-FIX3-FIX4-FIX5-FIX7-FIX5-FIX6-FIX8-FIX9-FIX10-FIX11 # TGIF2LY FINAL CANDIDATE — CHROMATIN × TRANSCRIPTIONAL PERSISTENCE INTEGRATION # # PURPOSE # ------- # Integrate, at the LOCKED candidate DMR: # # A. TGIF2LY motif specificity # B. Dual-null motif significance # C. Persistent H3K9me3 across developmental stages # D. H3K9me3 candidate/background enrichment # E. H3K9me3 stage-level empirical/FDR evidence # F. Genome-wide transcriptional per"
/content/drive/MyDrive/Colab Notebooks/Untitled19.ipynb,Untitled19.ipynb,9,POSSIBLE_STIMULUS_CONSTRUCTION,1,8,0,2,1,0,0,0,0,0,1,27477, # ============================================================================================================== # STEP 32D...FIX22T-R6 TGIF2LY PHYSICAL-DNA BINDING ASSAY — WT/MOTIF-DISRUPTED EXPERIMENTAL FRAMEWORK # ============================================================================================================== # # PURPOSE # ------- # Convert the validated FIX22T-R5-R1 construct set into an experimentally testable # direct-binding assay matrix. # # IMPORTANT: # This code DOES NOT claim that TGIF2LY-DNA binding has been demonstrated. # It prepares the experimental comparison nee
/content/drive/MyDrive/Colab Notebooks/Untitled20.ipynb,Untitled20.ipynb,1,POSSIBLE_STIMULUS_CONSTRUCTION,1,8,0,2,1,0,0,0,0,0,1,19792," # ============================================================================================================== # STEP 32D...FIX22T-R7-R5-R3 # TGIF2LY EMSA ACTUAL DATA INGESTION + STRICT QUANTITATIVE BINDING ANALYSIS # ============================================================================================================== import os import json import hashlib import numpy as np import pandas as pd from scipy.stats import ttest_ind print(""="" * 110) print(""STEP 32D...FIX22T-R7-R5-R3 TGIF2LY EMSA ACTUAL-DATA INGESTION + QUANTIFICATION"") print(""="" * 110) # =============================="
/content/drive/MyDrive/Colab Notebooks/Untitled20.ipynb,Untitled20.ipynb,3,POSSIBLE_STIMULUS_CONSTRUCTION,1,8,0,2,1,0,0,0,0,0,1,23605," # ============================================================================================================== # STEP 32D...FIX22T-R10 TGIF2LY EXPOSURE→RECOVERY→RE-EXPOSURE # HISTORY-DEPENDENT REGULATORY MEMORY AUDIT # ============================================================================================================== import os import re import json import hashlib from pathlib import Path from datetime import datetime, timezone import pandas as pd import numpy as np # ============================================================================================================== "
/content/drive/MyDrive/Colab Notebooks/Untitled35.ipynb,Untitled35.ipynb,13,POSSIBLE_STIMULUS_CONSTRUCTION,1,8,0,2,1,0,0,0,0,0,1,33805, # ====================================================================================================================== # FIX22T-R11-R71 # ACTUAL CANDIDATE-SPECIFIC TGIF2LY REGULATORY EVIDENCE INTEGRATION # # PURPOSE # ------- # Integrate: # R59 = actual paper-level experimental chain # R60 = causal direction + intervention specificity # R62 = direction/intervention biological reconstruction # R65 = TGIF2LY consensus ChEC-seq landscape # R66 = TGIF2LY motif-family evidence # R69 = canonical D. rerio candidate TSS/regulatory windows # R70 = D. rerio regulatory compatibility # # 
/content/drive/MyDrive/Colab Notebooks/Untitled46.ipynb,Untitled46.ipynb,24,POSSIBLE_STIMULUS_CONSTRUCTION,1,8,0,2,1,0,0,0,0,0,1,13895," # ============================================================ # GSE161905 — MULTI-STAGE SEGMENTATION CLOCK ANALYSIS # HH5 -> 6 SOMITES -> 35 SOMITES # ============================================================ import os import gzip import numpy as np import pandas as pd BASE_DIR = ( ""/content/drive/MyDrive/thesis/"" ""DSD_Project/02_Developmental_Datasets/GSE161905"" ) # ============================================================ # 1. SAMPLE DEFINITIONS # ============================================================ samples = { ""st51"": { ""stage"": ""HH5"", ""replic"
/content/drive/MyDrive/Colab Notebooks/Untitled46.ipynb,Untitled46.ipynb,25,POSSIBLE_STIMULUS_CONSTRUCTION,1,8,0,2,1,0,0,0,0,0,1,18908," # ============================================================ # GSE161905 — MULTI-STAGE SEGMENTATION CLOCK EXPRESSION # HH5 -> 6 SOMITES -> 35 SOMITES # REPLICATE-AWARE ANALYSIS # ============================================================ import os import gzip import numpy as np import pandas as pd import matplotlib.pyplot as plt BASE_DIR = ( ""/content/drive/MyDrive/thesis/"" ""DSD_Project/02_Developmental_Datasets/GSE161905"" ) # ============================================================ # 1. SAMPLE DEFINITIONS # ============================================================ samp"
/content/drive/MyDrive/Colab Notebooks/Untitled46.ipynb,Untitled46.ipynb,30,POSSIBLE_STIMULUS_CONSTRUCTION,1,8,0,2,1,0,0,0,0,0,1,16419, # ====================================================================== # GSE161905 — REPLICATE-AWARE PSEUDOBULK NETWORK VALIDATION # ====================================================================== # # PURPOSE: # Validate whether developmental network changes observed at the # single-cell level remain present after pseudobulk aggregation. # # IMPORTANT: # Biological replicates are kept separate. # We DO NOT pool the two replicates within a stage before analysis. # ====================================================================== import os import gzip import numpy as np import pa
/content/drive/MyDrive/Colab Notebooks/Untitled47.ipynb,Untitled47.ipynb,1,POSSIBLE_STIMULUS_CONSTRUCTION,1,8,0,2,1,0,0,0,0,0,1,16419, # ====================================================================== # GSE161905 — REPLICATE-AWARE PSEUDOBULK NETWORK VALIDATION # ====================================================================== # # PURPOSE: # Validate whether developmental network changes observed at the # single-cell level remain present after pseudobulk aggregation. # # IMPORTANT: # Biological replicates are kept separate. # We DO NOT pool the two replicates within a stage before analysis. # ====================================================================== import os import gzip import numpy as np import pa
/content/drive/MyDrive/Colab Notebooks/Untitled47.ipynb,Untitled47.ipynb,2,POSSIBLE_STIMULUS_CONSTRUCTION,1,8,0,2,1,0,0,0,0,0,1,17825, # ====================================================================== # GSE161905 — REPLICATE-AWARE SINGLE-CELL NETWORK VALIDATION # ====================================================================== # # PURPOSE: # Validate developmental rewiring using: # # individual-cell gene-gene correlations # ↓ # separately calculated for each biological replicate # ↓ # replicate-level network statistics # ↓ # stage-level comparison # # IMPORTANT: # We NEVER concatenate biological replicates before correlation. # This prevents pseudoreplication. # ===============
/content/drive/MyDrive/Colab Notebooks/Untitled47.ipynb,Untitled47.ipynb,3,POSSIBLE_STIMULUS_CONSTRUCTION,1,8,0,2,1,0,0,0,0,0,1,19034," # ====================================================================== # GSE161905 — CORRECTED REPLICATE-AWARE SINGLE-CELL NETWORK VALIDATION # ====================================================================== import os import gzip import numpy as np import pandas as pd from itertools import combinations # ====================================================================== # PATHS # ====================================================================== BASE_DIR = ( ""/content/drive/MyDrive/thesis/"" ""DSD_Project/02_Developmental_Datasets/GSE161905"" ) os.makedirs(BASE_DIR,"
/content/drive/MyDrive/Colab Notebooks/Untitled50.ipynb,Untitled50.ipynb,10,POSSIBLE_STIMULUS_CONSTRUCTION,1,8,0,2,1,0,0,0,0,0,1,19744, # ============================================================================== # GSE161905 — HES1–LFNG INDEPENDENT DEVELOPMENTAL / SPECIFICITY VALIDATION # ============================================================================== # # PURPOSE: # 1. Re-validate HES1–LFNG using all available GSE161905 evidence. # 2. Test whether the edge is unusually strong relative to comparable # developmental network edges. # 3. Test specificity against closely related Notch/segmentation edges. # 4. Compare HES1–LFNG against DLL1–NOTCH1 and ADAM17–MSGN1. # 5. Produce a conservative final
/content/drive/MyDrive/Colab Notebooks/Untitled51.ipynb,Untitled51.ipynb,1,POSSIBLE_STIMULUS_CONSTRUCTION,1,8,0,2,1,0,0,0,0,0,1,19744, # ============================================================================== # GSE161905 — HES1–LFNG INDEPENDENT DEVELOPMENTAL / SPECIFICITY VALIDATION # ============================================================================== # # PURPOSE: # 1. Re-validate HES1–LFNG using all available GSE161905 evidence. # 2. Test whether the edge is unusually strong relative to comparable # developmental network edges. # 3. Test specificity against closely related Notch/segmentation edges. # 4. Compare HES1–LFNG against DLL1–NOTCH1 and ADAM17–MSGN1. # 5. Produce a conservative final
/content/drive/MyDrive/Colab Notebooks/Untitled51.ipynb,Untitled51.ipynb,8,POSSIBLE_STIMULUS_CONSTRUCTION,1,8,0,2,1,0,0,0,0,0,1,19289," # ================================================================ # GSE164737 — FINAL COORDINATE COMPATIBILITY RESOLUTION # # Mouse: # BigWig = GRCm38/mm10 # Annotation = Ensembl 91 GRCm38 # Fix = chromosome naming normalization (5 -> chr5) # # Chicken: # BigWig = GRCg6a # Annotation = NCBI GRCg6a # # IMPORTANT: # NO gene-level signal extraction # NO expression matrix # NO mean signal calculation # ================================================================ import os import re import gzip import shutil import urllib.request import pandas as pd import pyBigWig BASE = ""/"
/content/drive/MyDrive/Colab Notebooks/Untitled64.ipynb,Untitled64.ipynb,8,POSSIBLE_STIMULUS_CONSTRUCTION,1,8,0,2,1,0,0,0,0,0,1,30755, # ================================================================================ # GSE164737 — H.12.3 ROBUST INDEPENDENT EXTERNAL EXPRESSION EXTRACTION # # Purpose: # 1. Reuse H11 final 12-gene candidate panel # 2. Extract chicken expression from GSE174565 processed UMI matrices # using gene-ID / annotation-aware column resolution # 3. Extract mouse expression directly from the official # GSE104459 Gene RPKM Tracking supplementary files # 4. Construct independent three-stage trajectories # 5. Compare trajectories only after within-species standardization # 6. Produce H
/content/drive/MyDrive/Colab Notebooks/Untitled7.ipynb,Untitled7.ipynb,102,POSSIBLE_STIMULUS_CONSTRUCTION,1,8,0,2,1,0,0,0,0,0,1,24627, # ============================================================================== # GC ENVIRONMENTAL MEMORY # STEP 30 — SAMPLE-LEVEL EPIGENOMIC DESIGN VALIDATION # ============================================================================== # # PURPOSE # ------- # STEP 29 identified candidate GEO datasets. # # STEP 30 now asks the scientifically critical question: # # Does the dataset ACTUALLY contain the experimental structure # required to test environmental epigenetic memory? # # Required evidence: # # 1. Zebrafish / relevant biological system # 2. Environmental exposure # 3. De
/content/drive/MyDrive/Colab Notebooks/Untitled7.ipynb,Untitled7.ipynb,108,POSSIBLE_STIMULUS_CONSTRUCTION,1,8,0,2,1,0,0,0,0,0,1,18604," # ========================================================================================== # GC ENVIRONMENTAL MEMORY — STEP 31 # GSE160662 ROBUST-5 DNA-METHYLATION LOCUS TEST # ========================================================================================== # # PURPOSE # ------- # Test whether the Robust-5 genes show hypoxia-associated sperm DNA methylation # changes in GSE160662. # # IMPORTANT: # This step does NOT claim causality. # It asks only: # # 1. Are Robust-5 loci represented in the published WGBS DMR dataset? # 2. If yes, are they associated with hypoxia-induced DMRs"
/content/drive/MyDrive/Colab Notebooks/Untitled8.ipynb,Untitled8.ipynb,11,POSSIBLE_STIMULUS_CONSTRUCTION,1,8,0,2,1,0,1,0,0,0,0,55341, # ============================================================================== # STAGE 4T — COUPLING CAUSALITY / SHAM + DIRECTIONAL ABLATION TEST # ============================================================================== # # PURPOSE # ------- # Stage 4S established that the OFF-vs-ON comparison can be made under # explicit resource conservation. # # Stage 4T asks the stronger causal question: # # Is the advantage specifically caused by the INFORMATIONAL / # STATE-DEPENDENT R↔M coupling mechanism? # # Four primary architectures: # # OFF # No coupling. # # FULL_ON 
/content/drive/MyDrive/Colab Notebooks/Untitled97.ipynb,Untitled97.ipynb,25,POSSIBLE_STIMULUS_CONSTRUCTION,1,8,0,2,1,0,0,0,0,0,1,39613, # ==================================================================================================== # STEP73 — REPRODUCIBILITY PACKAGE BUILDER # ==================================================================================================== # # PURPOSE # ------- # Convert the STEP72 audit into a clean reproducibility package. # # This step DOES NOT claim that the historical environment has been recovered. # It records: # # 1. Current executable Python environment # 2. Installed package versions # 3. Canonical MFOS specification # 4. Explicit random-seed registry # 5. Recover
/content/drive/MyDrive/Colab Notebooks/Untitled98.ipynb,Untitled98.ipynb,31,REFERENCE_OR_ANALYSIS,25,0,0,1,0,2,0,0,0,6,2,10134," # ============================================================================= # HONEYBEE MODEL v12.3U # EXACT PROFILE RECONCILIATION # v12.3N vs v12.3P at DOSE = 0.8 # NO SIMULATION # ============================================================================= from google.colab import drive drive.mount('/content/drive') import os import numpy as np import pandas as pd from scipy.stats import pearsonr, spearmanr BASE = ""/content/drive/MyDrive/Honey"" N_FILE = os.path.join( BASE, ""Honeybee_Model_v12_3N_Dopa_Bee_Dose_Profiles.csv"" ) P_FILE = os.path.join( BASE, ""Honeybee_M"
/content/drive/MyDrive/Colab Notebooks/Untitled98.ipynb,Untitled98.ipynb,32,REFERENCE_OR_ANALYSIS,25,0,0,1,0,2,0,0,0,6,2,10266," # ============================================================================= # HONEYBEE MODEL v12.3U — CORRECTED # EXACT PROFILE RECONCILIATION # v12.3N WIDE vs v12.3P LONG # DOSE = 0.8 # NO SIMULATION # ============================================================================= from google.colab import drive drive.mount('/content/drive') import os import numpy as np import pandas as pd from scipy.stats import pearsonr, spearmanr BASE = ""/content/drive/MyDrive/Honey"" N_FILE = os.path.join( BASE, ""Honeybee_Model_v12_3N_Dopa_Bee_Dose_Profiles.csv"" ) P_FILE = os.path.join( "
/content/drive/MyDrive/Colab Notebooks/Untitled98.ipynb,Untitled98.ipynb,5,REFERENCE_OR_ANALYSIS,22,0,0,1,0,1,0,0,1,5,0,8828," # ============================================================================= # v12.2.33 REPAIR CELL # Summary-generation fix only # NO NEW SIMULATION # ============================================================================= print(""="" * 80) print(""v12.2.33 REPAIR"") print(""Fixing summary-generation TypeError"") print(""="" * 80) # ------------------------------------------------------------------------- # 1. Correct FULL geometric peak count # ------------------------------------------------------------------------- full_peak_geometric = ( (full_peak_dminus > full_peak_dplus) "
/content/drive/MyDrive/Colab Notebooks/Untitled98.ipynb,Untitled98.ipynb,35,REFERENCE_OR_ANALYSIS,20,8,0,1,1,2,0,0,1,6,2,13156," # ============================================================================= # HONEYBEE MODEL v12.3X # STIMULUS-BY-STIMULUS PHENOTYPE TRANSFORMATION # # P vs BEE vs DROSOPHILA # Dose = 0.8 # # PURPOSE: # 1. Locate where P deviates from BEE # 2. Determine direction of deviation # 3. Identify CS+, CS-, peak and surrounding regions # 4. Test whether transformation is local or global # # NO SIMULATION # ============================================================================= from google.colab import drive drive.mount('/content/drive') import os import numpy as np import pandas a"
/content/drive/MyDrive/Colab Notebooks/Untitled105.ipynb,Untitled105.ipynb,59,REFERENCE_OR_ANALYSIS,18,0,0,1,0,0,0,0,4,0,1,26009," # ============================================================================= # PART 23J.3 — CACTUS STRUCTURAL BOUNDARY FORENSICS # ============================================================================= # Purpose: # Resolve the PART 23J provenance discrepancy by reconstructing the actual # structural/section boundaries of the historical Cactus file. # # IMPORTANT: # - No isoform assumption # - No canonical selection # - No sequence modification # - No background reconstruction # - No ML # - No inference of groups from ""3 records/gene"" # - Boundaries are detected fro"
/content/drive/MyDrive/Colab Notebooks/Untitled98.ipynb,Untitled98.ipynb,39,REFERENCE_OR_ANALYSIS,17,8,0,0,1,2,0,0,1,6,2,14986," # ============================================================================= # v12.6 — ANCHOR-DISTANCE SPATIAL SPECIFICITY ANALYSIS # ============================================================================= # Goal: # Test whether P-BEE transformation depends systematically on distance # from CS+ (51) and CS− (65), rather than only appearing inside # pre-selected windows. # # NO SIMULATION # Uses saved v12.3W stimulus-level transformation data. # ============================================================================= from google.colab import drive drive.mount('/content/drive') "
/content/drive/MyDrive/Colab Notebooks/Untitled98.ipynb,Untitled98.ipynb,27,REFERENCE_OR_ANALYSIS,15,0,0,1,0,0,0,0,0,6,0,12136,"import os import glob import numpy as np import pandas as pd BASE = ""/content/drive/MyDrive/Honey"" # ============================================================ # ACTUAL FILES — FOUND IN PREVIOUS RUN # ============================================================ N_SUMMARY = os.path.join( BASE, ""Honeybee_Model_v12_3N_Dopa_Bee_Dose_Summary.csv"" ) N_NETWORKS = os.path.join( BASE, ""Honeybee_Model_v12_3N_Dopa_Bee_Dose_Networks.csv"" ) P_SUMMARY = os.path.join( BASE, ""Honeybee_Model_v12_3P_Critical_PNKC_Threshold_Summary.csv"" ) P_NETWORKS = os.path.join( BASE, """
/content/drive/MyDrive/Colab Notebooks/Untitled98.ipynb,Untitled98.ipynb,40,REFERENCE_OR_ANALYSIS,15,8,0,0,1,2,0,0,1,5,2,15512, # ============================================================================= # v12.9 — BEE→DROSOPHILA DIRECTIONAL ALIGNMENT ANALYSIS # ============================================================================= # Question: # Does the Drosophila-inspired intervention actually move the Honeybee # response toward the Drosophila response? # # Reference vector: # D = DROSOPHILA - BEE # # Intervention vector: # P = P - BEE # # We calculate: # 1. Raw projection onto Bee→Drosophila axis # 2. Cosine alignment # 3. Fraction of movement toward Drosophila # 4. Regional comparison
/content/drive/MyDrive/Colab Notebooks/Untitled12.ipynb,Untitled12.ipynb,16,REFERENCE_OR_ANALYSIS,14,0,0,1,0,0,0,0,2,0,1,20371," # ============================================================================================================== # STEP 32D-FIX17-FIX5 # COORDINATE-BASED F0 DMR → ROBUST-5 PROMOTER / GENE-BODY / NEARBY LINKAGE # ============================================================================================================== import os import glob import re import json import numpy as np import pandas as pd print(""=""*110) print(""STEP 32D-FIX17-FIX5 — COORDINATE-BASED F0 DMR → ROBUST-5 LINKAGE"") print(""=""*110) # ------------------------------------------------------------------------------------"
/content/drive/MyDrive/Colab Notebooks/Untitled12.ipynb,Untitled12.ipynb,17,REFERENCE_OR_ANALYSIS,14,0,0,1,0,0,0,0,2,0,1,20159," # ============================================================================================================== # STEP 32D-FIX18 # PUBLISHED F0 DMR × ROBUST-5 DISTAL REGULATORY / GENOMIC CONTEXT ANALYSIS # # PURPOSE: # FIX5 found 0 DMRs within promoter ±2 kb, gene body, or 10-kb vicinity. # # This step therefore DOES NOT simply enlarge the arbitrary distance window. # Instead, it searches progressively broader genomic relationships: # # 1. promoter ±2 kb # 2. gene body # 3. proximal 10 kb # 4. extended 100 kb # # and explicitly separates these categories. # # "
/content/drive/MyDrive/Colab Notebooks/Untitled98.ipynb,Untitled98.ipynb,63,REFERENCE_OR_ANALYSIS,14,8,0,1,1,1,0,0,1,5,0,15095," # ============================================================ # HONEYBEE MODEL — v13.3D # ARCHITECTURE × RULE INTERACTION # MECHANISTIC DECOMPOSITION # # NO NEW HEAVY SIMULATION # # Uses existing v13.3C: # metrics_df # profiles_df # # Goal: # Determine whether the architecture × rule effect is # primarily associated with: # # A. PN→KC representation # B. KC→EN output plasticity # C. their interaction # # ============================================================ import numpy as np import pandas as pd from scipy import stats print(""="" * 72) print(""v13.3D — INTERACTION MECHANISM "
/content/drive/MyDrive/Colab Notebooks/Untitled98.ipynb,Untitled98.ipynb,65,REFERENCE_OR_ANALYSIS,14,8,0,0,1,2,0,0,2,4,0,19695, # ================================================================================ # v13.3E-REPRO — REPRODUCIBILITY + IMPLEMENTATION AUDIT # ================================================================================ # PURPOSE: # v13.3C-FIX vs v13.3E mechanistic run ke differences ka source identify karna. # # CHECKS: # 1. Existing files available? # 2. Conditions / network IDs / columns audit # 3. C vs E condition summaries # 4. Network-level distribution comparison # 5. Seed-design difference documentation # 6. E deterministic rerun test # 7. Behavioural implementation 
/content/drive/MyDrive/Colab Notebooks/Untitled98.ipynb,Untitled98.ipynb,89,REFERENCE_OR_ANALYSIS,14,8,0,0,1,2,0,0,0,5,2,20905, # ============================================================ # FIGURE 2 — BEHAVIOURAL TRANSFORMATION AFTER RULE TRANSFER # # 3 main panels: # A. Honeybee architecture: Bee vs Drosophila rule # B. Drosophila-transfer architecture: Bee vs Drosophila rule # C. 2 × 2 discrimination comparison # # OUTPUT: # /content/Figure_2.png # /content/Figure_2.tiff # # 300 DPI # NO FIGURE TITLE # NO DRIVE OUTPUT # ============================================================ # ============================================================ # 1. MOUNT GOOGLE DRIVE # ==================================
/content/drive/MyDrive/Colab Notebooks/Untitled108.ipynb,Untitled108.ipynb,5,REFERENCE_OR_ANALYSIS,13,0,0,1,0,0,0,0,2,0,0,18838," from google.colab import drive drive.mount('/content/drive') import os import re import numpy as np import pandas as pd print(""=""*80) print(""PART 30AM — SEED-ANCHORED LOCAL SEQUENCE CONTINUITY"") print(""=""*80) # ================================================================ # PROJECT ROOT # ================================================================ ROOT = ""/content/drive/MyDrive/GENE/11_RESULTS"" # ================================================================ # ROBUST EXACT FILE DISCOVERY # ================================================================ TARGETS = { ""P30AL_"
/content/drive/MyDrive/Colab Notebooks/Untitled108.ipynb,Untitled108.ipynb,6,REFERENCE_OR_ANALYSIS,13,0,0,1,0,0,0,0,2,0,0,17948,"from google.colab import drive drive.mount('/content/drive') # ================================================================ # PART 30AN — ACTUAL SMITH-WATERMAN LOCAL ALIGNMENT # ================================================================ import os import re import sys import subprocess import numpy as np import pandas as pd print(""=""*80) print(""PART 30AN — ACTUAL SMITH-WATERMAN LOCAL ALIGNMENT"") print(""=""*80) # ================================================================ # INSTALL / VERIFY BIOPYTHON # ================================================================ try: f"
/content/drive/MyDrive/Colab Notebooks/Untitled103.ipynb,Untitled103.ipynb,20,REFERENCE_OR_ANALYSIS,12,8,0,1,1,0,0,0,4,0,1,28502," # ================================================================ # STEP 25 — CROSS-LAYER INTEGRATION # FINAL ARCHITECTURE–NETWORK–FUNCTION RECONCILIATION # ================================================================ from google.colab import drive drive.mount('/content/drive') import os import json import hashlib import numpy as np import pandas as pd # ================================================================ # BASE PATH # ================================================================ BASE = ""/content/drive/MyDrive/ADHD/12_PERMUTATION_TESTS/MATCHED_NULL"" ARCH_DIR = os.pa"
/content/drive/MyDrive/Colab Notebooks/Untitled93.ipynb,Untitled93.ipynb,18,REFERENCE_OR_ANALYSIS,12,0,0,1,0,0,0,0,1,2,2,3372,0.0 5.71 34.375 0.000000 KC_EN_FIXED 100 0.000000 0.000000 0.000000 0.000000 0.0 32.37 70.990 10.965348 NONE 100 0.000000 0.000000 0.000000 0.000000 0.0 26.39 34.375 0.000000 ================================================================================ GROUP-OF-10 PEAK-SHIFT ANA
/content/drive/MyDrive/Colab Notebooks/Untitled98.ipynb,Untitled98.ipynb,28,REFERENCE_OR_ANALYSIS,12,8,0,1,1,0,0,0,1,6,0,8635," # ============================================================================= # HONEYBEE MODEL v12.3R # NETWORK-LEVEL DISCREPANCY AUDIT # v12.3N vs v12.3P # NO SIMULATION # ============================================================================= from google.colab import drive drive.mount('/content/drive') import os import numpy as np import pandas as pd BASE = ""/content/drive/MyDrive/Honey"" N_FILE = os.path.join( BASE, ""Honeybee_Model_v12_3N_Dopa_Bee_Dose_Networks.csv"" ) P_FILE = os.path.join( BASE, ""Honeybee_Model_v12_3P_Critical_PNKC_Threshold_Networks.csv"" ) OU"
/content/drive/MyDrive/Colab Notebooks/Untitled106.ipynb,Untitled106.ipynb,60,REFERENCE_OR_ANALYSIS,12,0,0,0,0,0,0,0,3,0,1,14851," # ================================================================ # PART 30J — UNIQUE G3 LOCUS DEEP FORENSIC TEST # TARGET: FBgn0051797 # # Question: # Does the unique bdor G3 locus show: # 1. sequence relationship, # 2. positional continuity, # 3. conserved neighborhood architecture, # 4. ORF continuity, # without assuming evolutionary direction? # ================================================================ from google.colab import drive drive.mount('/content/drive') import os import re import pandas as pd import numpy as np BASE = ""/content/drive/MyDrive/GENE/11_RESULTS/PAR"
/content/drive/MyDrive/Colab Notebooks/Untitled106.ipynb,Untitled106.ipynb,56,REFERENCE_OR_ANALYSIS,11,0,0,1,0,0,0,0,2,0,0,13829," # ================================================================ # PART 30H — SEQUENCE-LEVEL VALIDATION OF THE 8 THREE-STATE CASES # ================================================================ from google.colab import drive drive.mount('/content/drive') import os import re import hashlib import pandas as pd import numpy as np BASE = ""/content/drive/MyDrive/GENE/11_RESULTS/PART_29_MECHANISTIC_GENE_BIRTH"" # Authoritative 8-candidate evidence INPUT_30G = os.path.join( BASE, ""PART_30G_EIGHT_THREE_STATE_FORENSICS"", ""PART_30G_8_CANDIDATES_G3_SEQUENCE_ONLY_FORENSICS.csv"" ) IN"
/content/drive/MyDrive/Colab Notebooks/Untitled106.ipynb,Untitled106.ipynb,57,REFERENCE_OR_ANALYSIS,11,0,0,1,0,0,0,0,2,0,0,9593," # ================================================================ # PART 30H — CORRECTED CONTINUATION # RAW NEIGHBORHOOD COLUMN MAPPING FIX # ================================================================ print(""=""*80) print(""PART 30H — CORRECTED SEQUENCE-LEVEL VALIDATION"") print(""=""*80) # --------------------------------------------------------------- # 1. VERIFY ACTUAL RAW-NEIGHBORHOOD SCHEMA # --------------------------------------------------------------- print(""\nRaw neighborhood columns:"") print(raw_neigh.columns.tolist()) RAW_SEQ_COL = ""sequence"" RAW_FB_COL = ""candidate_FBgn"" R"
/content/drive/MyDrive/Colab Notebooks/Untitled98.ipynb,Untitled98.ipynb,70,REFERENCE_OR_ANALYSIS,11,8,0,0,1,0,0,0,1,6,0,13521," # ============================================================ # v13.3E — RULE → EN CHANNEL → BEHAVIOUR TRUTH-TABLE AUDIT # NO SIMULATION # GOOGLE DRIVE # ============================================================ from google.colab import drive drive.mount(""/content/drive"") import os import numpy as np import pandas as pd DRIVE = ""/content/drive/MyDrive/Honey"" OUT = os.path.join(DRIVE, ""v13_3_Bee_Rule_Audit"") os.makedirs(OUT, exist_ok=True) METRICS = os.path.join( DRIVE, ""Honeybee_Model_v13_3E_Mechanistic_Network_Metrics.csv"" ) TRAJ = os.path.join( DRIVE, ""Honeybee_Mode"
/content/drive/MyDrive/Colab Notebooks/Untitled0.ipynb,Untitled0.ipynb,41,REFERENCE_OR_ANALYSIS,10,0,0,1,0,0,0,0,1,0,0,13162, # ==================================================================================================== # PHASE 39 — FIGURE 2 # CONTEXT-DEPENDENT RESPONSE ARCHITECTURE # # Question: # HOW DOES CONTEXT CHANGE THE CADMIUM RESPONSE? # # Uses: # Phase 32 integrated 4-context response map # # Contexts: # Rat Liver # Mouse Liver # Rat Kidney # Mouse Kidney # # Figure concept: # Liver vs Kidney response for every target gene # # Output: # PNG 300 DPI # PDF # TIFF 300 DPI # # Storage: # /content/ ONLY # No Google Drive output # ==========================
/content/drive/MyDrive/Colab Notebooks/Untitled103.ipynb,Untitled103.ipynb,26,REFERENCE_OR_ANALYSIS,10,8,0,1,1,0,0,0,4,0,1,25497," # ============================================================================= # STEP 29 — FINAL EVIDENCE INTEGRATION & RESULT LOCK # ============================================================================= from google.colab import drive drive.mount('/content/drive') import os import json import hashlib import pandas as pd import numpy as np print(""="" * 80) print(""STEP 29 — FINAL EVIDENCE INTEGRATION & RESULT LOCK"") print(""="" * 80) # ============================================================================= # BASE PATH # ==========================================================="
/content/drive/MyDrive/Colab Notebooks/Untitled103.ipynb,Untitled103.ipynb,27,REFERENCE_OR_ANALYSIS,10,8,0,1,1,0,0,0,4,0,1,25497," # ============================================================================= # STEP 29 — FINAL EVIDENCE INTEGRATION & RESULT LOCK # ============================================================================= from google.colab import drive drive.mount('/content/drive') import os import json import hashlib import pandas as pd import numpy as np print(""="" * 80) print(""STEP 29 — FINAL EVIDENCE INTEGRATION & RESULT LOCK"") print(""="" * 80) # ============================================================================= # BASE PATH # ==========================================================="
/content/drive/MyDrive/Colab Notebooks/Untitled105.ipynb,Untitled105.ipynb,60,REFERENCE_OR_ANALYSIS,10,8,0,1,1,0,0,0,4,0,1,23174, # ============================================================================= # PART 23J.3-R — CACTUS STRUCTURAL BOUNDARY FORENSICS # ROBUST FILE RESOLUTION + RAW RECORD RECONSTRUCTION # ============================================================================= from google.colab import drive drive.mount('/content/drive') import os import re import gzip import hashlib import json import pandas as pd from collections import Counter # ============================================================================= # 0. PROJECT PATHS # ========================================================
/content/drive/MyDrive/Colab Notebooks/Untitled113.ipynb,Untitled113.ipynb,18,REFERENCE_OR_ANALYSIS,10,0,0,1,0,0,0,0,1,0,0,28840," # ================================================================ # PART 31.53 — FEATURE EXPANSION & INCREMENTAL PREDICTION TEST # ================================================================ # # Goal: # Test whether sequence-composition, ORF architecture and # mutational-accessibility features add independent information # beyond Length + GC for distinguishing retained vs rejected # candidates. # # IMPORTANT: # - Gene-level splitting only # - No random record-level splitting # - No label inference # - No artificial feature values # - Missing external features are reported, not invented "
/content/drive/MyDrive/Colab Notebooks/Untitled115.ipynb,Untitled115.ipynb,56,REFERENCE_OR_ANALYSIS,10,0,0,1,0,0,0,0,1,0,2,18191, # ============================================================================ # PART 31.94C-R13R10 — THREE-RECORD EXACT RECONCILIATION # ============================================================================ # Goal: # Recover the exact data-flow relationship between: # Part 31.33 original one_nt_accessible counts # and # Part 31.34R event architecture. # # IMPORTANT: # - record_order is NOT used (it is NaN) # - No mutation spectrum # - No historical mutation reconstruction # - No assumptions about mutation identity # =====================================================
/content/drive/MyDrive/Colab Notebooks/Untitled115.ipynb,Untitled115.ipynb,57,REFERENCE_OR_ANALYSIS,10,0,0,1,0,0,0,0,1,0,2,17569," # ============================================================================ # PART 31.94C-R13R10-R1 # CORRECTED GENE-LEVEL RECONCILIATION + 108 RESIDUAL FORENSIC # ============================================================================ # Drive mount + exact file recovery # No mutation spectrum # No historical mutation reconstruction # record_order NOT USED # ============================================================================ from google.colab import drive drive.mount('/content/drive') import os import json import numpy as np import pandas as pd BASE = ""/content/drive/MyDri"
/content/drive/MyDrive/Colab Notebooks/Untitled4.ipynb,Untitled4.ipynb,21,REFERENCE_OR_ANALYSIS,10,0,0,1,0,0,0,0,1,0,0,24860, # ============================================================================= # STEP 18 — TRUE TCR CONVERGENCE FAMILIES # + DONOR-INDEPENDENT VALIDATION # # Purpose: # Correct the donor-row duplication issue from Step 17. # # Core principle: # ONE unique clonotype = ONE sequence node. # # We then ask: # 1. Which distinct clonotypes have similar CDR3β? # 2. Are those sequence-similar clonotypes observed in independent donors? # 3. Which antigens contain donor-independent convergent families? # 4. Which families contain the Step 16 high-confidence core? # # H5AD is NO
/content/drive/MyDrive/Colab Notebooks/Untitled42.ipynb,Untitled42.ipynb,2,REFERENCE_OR_ANALYSIS,10,0,0,1,0,0,0,0,1,1,0,20507," # ============================================================================================================== # FIX22T-R11-R81-FIX9-FIX11-FIX1 # ROBUST ORIGINAL-PAPER LOCAL-WINDOW EVIDENCE RECOVERY # ============================================================================================================== import os import re import json import hashlib import pandas as pd from pathlib import Path print(""="" * 110) print(""FIX22T-R11-R81-FIX9-FIX11-FIX1 ROBUST ORIGINAL-PAPER LOCAL-WINDOW EVIDENCE RECOVERY"") print(""="" * 110) # -------------------------------------------------------------"
/content/drive/MyDrive/Colab Notebooks/Untitled42.ipynb,Untitled42.ipynb,3,REFERENCE_OR_ANALYSIS,10,0,0,1,0,0,0,0,1,0,0,27239," # ============================================================================================================== # FIX22T-R11-R81-FIX9-FIX12 # EXACT EXPERIMENTAL SENTENCE → MECHANISTIC LINK → CLAIM-SAFE ADJUDICATION # ============================================================================================================== from google.colab import drive drive.mount(""/content/drive"") import os import re import json import hashlib import pandas as pd from pathlib import Path print(""="" * 110) print(""FIX22T-R11-R81-FIX9-FIX12 EXACT EXPERIMENTAL SENTENCE → MECHANISTIC LINK ADJUDICATION"") pr"
/content/drive/MyDrive/Colab Notebooks/Untitled69.ipynb,Untitled69.ipynb,8,REFERENCE_OR_ANALYSIS,10,0,0,1,0,0,0,0,1,0,0,24553," # ================================================================ # FIGURE 2 — CORE 4-GENE DEVELOPMENTAL TRAJECTORIES # ADAM17, HES1, LFNG, MSGN1 # Chicken–Mouse developmental patterns # # Output: # PNG : 300 dpi # TIFF : 300 dpi # PDF # # IMPORTANT: # - No title inside figure # - Files remain in /content only # - No values are invented # - Missing genes/stages are not replaced by zero # ================================================================ import os import glob import warnings import numpy as np import pandas as pd import matplotlib.pyplot as plt warnings.filterw"
/content/drive/MyDrive/Colab Notebooks/Untitled7.ipynb,Untitled7.ipynb,116,REFERENCE_OR_ANALYSIS,10,0,0,1,0,0,0,0,1,0,0,30583," # ==================================================================================================== # GC ENVIRONMENTAL MEMORY — STEP 32C # PUBLISHED DMR × DIRECT F0 WGBS × F1 RNA-SEQ GENOME-WIDE TRIANGULATION # ==================================================================================================== import os import re import gzip import warnings import numpy as np import pandas as pd from scipy.stats import ttest_ind, mannwhitneyu from statsmodels.stats.multitest import multipletests warnings.filterwarnings(""ignore"") BASE = ""/content/drive/MyDrive/Dissertation"" S4_DIR = os."
/content/drive/MyDrive/Colab Notebooks/Untitled84.ipynb,Untitled84.ipynb,16,REFERENCE_OR_ANALYSIS,10,0,0,1,0,0,0,0,1,0,0,20096," # ============================================================================================================== # STAGE 4C-3R-S4.7 — PAX3 CODON-AWARE ALIGNMENT + PAIRWISE dN/dS # ============================================================================================================== import os import re import json import math import requests import pandas as pd import numpy as np from Bio.Seq import Seq from Bio.Align import PairwiseAligner BASE_DIR = ( ""/content/drive/MyDrive/thesis/DSD_Project/02_Limb_RNA_GSE164737/"" ""PAX3_EVOLUTIONARY_CONSTRAINT_ANALYSIS/"" ""STAGE4C_CR"
/content/drive/MyDrive/Colab Notebooks/Untitled98.ipynb,Untitled98.ipynb,7,REFERENCE_OR_ANALYSIS,10,0,0,1,0,0,0,0,1,1,0,9343, # ================================================================================ # HONEYBEE MODEL v12.2.38B # REPAIR: FINITE-PAIR ENDPOINT TEST # NO NEW SIMULATION # # Fix: # v12.2.38 endpoint residual comparison produced NaN because some of the # 29 fixed networks did not have a geometry-matched alternative at 0%. # # Here we use ONLY networks having finite geometry-matched residuals at BOTH # 0% and 100% alignment. # ================================================================================ from google.colab import drive drive.mount('/content/drive') import os import numpy as np i
/content/drive/MyDrive/Colab Notebooks/Untitled98.ipynb,Untitled98.ipynb,34,REFERENCE_OR_ANALYSIS,10,8,0,1,1,1,0,0,1,2,2,11627," # ============================================================================= # HONEYBEE MODEL v12.3W # P PROFILE POSITIONING: # v12.3P vs v12.3N BEE vs v12.3N DROSOPHILA # DOSE = 0.8 # NO SIMULATION # ============================================================================= from google.colab import drive drive.mount('/content/drive') import os import numpy as np import pandas as pd from scipy.stats import pearsonr, spearmanr, ttest_rel BASE = ""/content/drive/MyDrive/Honey"" N_FILE = os.path.join( BASE, ""Honeybee_Model_v12_3N_Dopa_Bee_Dose_Profiles.csv"" ) P_FILE = os.path.jo"
/content/drive/MyDrive/Colab Notebooks/Untitled98.ipynb,Untitled98.ipynb,62,REFERENCE_OR_ANALYSIS,10,8,0,1,1,1,0,0,1,4,0,10988," # ============================================================ # v13.3C-FIX # CONTINUE FROM EXISTING v13.3C RUN # # IMPORTANT: # DO NOT rerun the simulation. # metrics_df and profiles_df already exist in memory. # ============================================================ import numpy as np import pandas as pd from scipy import stats print(""="" * 72) print(""v13.3C-FIX — CONTINUING EXISTING RUN"") print(""="" * 72) # ------------------------------------------------------------ # BASIC DATA AUDIT # ------------------------------------------------------------ assert ""metrics_df"" in globals(), "
/content/drive/MyDrive/Colab Notebooks/Untitled106.ipynb,Untitled106.ipynb,68,REFERENCE_OR_ANALYSIS,10,0,0,0,0,0,0,0,3,0,1,10970," # ============================================================================= # PART 30R — SAME-LOCUS MULTI-FBGN SEQUENCE RECONSTRUCTION # ============================================================================= from google.colab import drive drive.mount('/content/drive') import os import re import hashlib import pandas as pd print(""=""*80) print(""PART 30R — SAME-LOCUS MULTI-FBGN SEQUENCE RECONSTRUCTION"") print(""=""*80) BASE = ""/content/drive/MyDrive/GENE"" P29E = ( BASE + ""/11_RESULTS/PART_29_MECHANISTIC_GENE_BIRTH/"" ""PART_29E_SOURCE1_COMPARATIVE_WINDOWS.csv"" ) P29D = ("
/content/drive/MyDrive/Colab Notebooks/Untitled103.ipynb,Untitled103.ipynb,16,REFERENCE_OR_ANALYSIS,9,8,0,1,1,0,0,0,4,0,0,28111," # ============================================================================= # STEP 22 — FAMILIAL × DE-NOVO SHARED NETWORK NEIGHBORHOOD # 1-HOP + 2-HOP NEIGHBORHOOD CONVERGENCE # EXACT LABEL PERMUTATION # ============================================================================= from google.colab import drive drive.mount(""/content/drive"") import os import json import itertools import numpy as np import pandas as pd import networkx as nx print(""="" * 80) print(""STEP 22 — SHARED NETWORK NEIGHBORHOOD CONVERGENCE"") print(""="" * 80) # ======================================================="
/content/drive/MyDrive/Colab Notebooks/Untitled103.ipynb,Untitled103.ipynb,19,REFERENCE_OR_ANALYSIS,9,8,0,1,1,0,0,0,4,0,0,19404," # ================================================================ # STEP 24B — EXACT GO-BP ARCHITECTURE-LABEL PERMUTATION # ================================================================ from google.colab import drive drive.mount('/content/drive') import os import json import hashlib import itertools import numpy as np import pandas as pd # ================================================================ # PATHS # ================================================================ BASE = ""/content/drive/MyDrive/ADHD/12_PERMUTATION_TESTS/MATCHED_NULL"" STEP23_DIR = os.path.join( BASE,"
/content/drive/MyDrive/Colab Notebooks/Untitled106.ipynb,Untitled106.ipynb,71,REFERENCE_OR_ANALYSIS,9,8,0,1,1,0,0,0,3,0,1,13773," # ============================================================================== # PART 30V — CANDIDATE-LOCUS SEPARATION + SEQUENCE-OVERLAP MAPPING # ============================================================================== # Question: # Are the apparent non-Dmel counterparts actually separate genomic loci, # or are multiple Dmel candidates mapping into the same shared alignment block? # # IMPORTANT: # - No evolutionary order is assumed. # - No homology is declared from shared identifiers alone. # - We use exact sequence overlap between the Dmel candidate and the # corresponding non-Dm"
/content/drive/MyDrive/Colab Notebooks/Untitled120.ipynb,Untitled120.ipynb,17,REFERENCE_OR_ANALYSIS,9,0,0,1,0,0,0,0,0,0,0,4577," from google.colab import drive drive.mount('/content/drive') from pathlib import Path import importlib.util import numpy as np # ================================================================ # v13.3E — SINGLE NETWORK REPRODUCTION TEST # ================================================================ HONEY = ""/content/drive/MyDrive/Honey"" REPO = Path( HONEY + ""/GitHub_Honeybee-Drosophila"" ) MODEL_FILE = ( REPO / ""code"" / ""model_core.py"" ) print(""="" * 80) print(""v13.3E — SINGLE NETWORK REPRODUCTION TEST"") print(""="" * 80) # -----------------------------------------"
/content/drive/MyDrive/Colab Notebooks/Untitled4.ipynb,Untitled4.ipynb,70,REFERENCE_OR_ANALYSIS,9,0,0,1,0,0,0,0,1,0,1,21692, # ============================================================================== # STEP 52 — CDR3β SEQUENCE SIMILARITY & CONVERGENCE NETWORK VALIDATION # ============================================================================== # # Purpose: # # Determine whether the NYNYLYRLF-associated composite CDR3β architecture # # QGYE + GYEQY + YEQYF # # consists only of exact repeated sequences or forms a broader sequence- # convergence neighborhood across donors. # # Main analyses: # # 1. Exact CDR3 recurrence # 2. Cross-donor pairwise Levenshtein distance # 3. Near-convergent c
/content/drive/MyDrive/Colab Notebooks/Untitled94.ipynb,Untitled94.ipynb,6,REFERENCE_OR_ANALYSIS,9,8,0,1,1,1,0,0,2,2,0,17148, # ============================================================================= # HONEYBEE MODEL v12.2.21 # REPRESENTATION-LEVEL MECHANISTIC ANALYSIS # ============================================================================= # # NO NEW SIMULATION # # Main question: # # PN-KC plasticity # ↓ # learned CS+ / CS- KC representation # ↓ # FULL-model peak geometry # # Uses: # v12.2.16 NetworkSummary # v12.2.19 Formal Causal NetworkAnalysis # # IMPORTANT: # The code automatically checks whether learned overlap/similarity # actually varies across networks. If a variable is
/content/drive/MyDrive/Colab Notebooks/Untitled106.ipynb,Untitled106.ipynb,62,REFERENCE_OR_ANALYSIS,9,0,0,0,0,0,0,0,2,0,1,10562," # ================================================================ # PART 30K — PART29G SEQUENCE PROVENANCE / SUBSTRING RECONSTRUCTION # ================================================================ from google.colab import drive drive.mount('/content/drive') import os import re import hashlib import pandas as pd import numpy as np print(""=""*80) print(""PART 30K — PART29G SEQUENCE PROVENANCE / SUBSTRING RECONSTRUCTION"") print(""=""*80) BASE = ""/content/drive/MyDrive/GENE/11_RESULTS/PART_29_MECHANISTIC_GENE_BIRTH"" PATH_29G = os.path.join( BASE, ""PART_29G_VALIDATED_CANDIDATE_SPECIE"
/content/drive/MyDrive/Colab Notebooks/Untitled1.ipynb,Untitled1.ipynb,35,REFERENCE_OR_ANALYSIS,8,0,0,1,0,0,0,0,1,0,0,12519," # ============================================================ # STEP 52 — THREE-ANTIBODY SYSTEM-LEVEL VALIDATION # ============================================================ import os import pandas as pd import numpy as np BASE = ""/content/drive/MyDrive/Antibody_Engineering"" STEP29 = os.path.join( BASE, ""Step_29_Regulatory_Capacity_Interaction"" ) STEP33 = os.path.join( BASE, ""Step_33_Parameter_Attribution"" ) OUT = os.path.join( BASE, ""Step_52_Three_Antibody_System_Validation"" ) FIG = os.path.join(OUT, ""Figures"") os.makedirs(OUT, exist_ok=True) os.makedirs(FIG, exist_ok=T"
/content/drive/MyDrive/Colab Notebooks/Untitled103.ipynb,Untitled103.ipynb,79,REFERENCE_OR_ANALYSIS,8,8,0,1,1,0,0,0,4,0,1,15004," from google.colab import drive drive.mount('/content/drive') import os import json import pandas as pd import numpy as np print(""="" * 70) print(""STEP 31AV — DEVELOPMENTAL EVIDENCE INTEGRATION"") print(""="" * 70) # ============================================================ # PATHS # ============================================================ BASE = ""/content/drive/MyDrive/ADHD/12_PERMUTATION_TESTS/MATCHED_NULL"" # CORRECT Step 29 location PART29_DIR = os.path.join( BASE, ""ARCHITECTURE_AUDIT"", ""PART_29_FINAL_EVIDENCE_INTEGRATION"" ) # Step 31 developmental location PART31_DIR ="
/content/drive/MyDrive/Colab Notebooks/Untitled107.ipynb,Untitled107.ipynb,20,REFERENCE_OR_ANALYSIS,8,0,0,1,0,0,0,0,1,0,0,3550," # ============================================================ # COMMENT 7 — STEP 2 # INSPECT THE TWO ORIGINAL DEG TABLES # ============================================================ import pandas as pd import os FILES = { ""Cd8h_vs_Control"": ""/content/drive/MyDrive/CELLDEC/deg_Cd8h_vs_Control.csv"", ""Cd20h_vs_Control"": ""/content/drive/MyDrive/CELLDEC/deg_Cd20h_vs_Control.csv"" } results = {} for name, path in FILES.items(): print(""\n"" + ""="" * 80) print(name) print(""="" * 80) df = pd.read_csv(path) results[name] = df print(""File:"", path) print(""Shape:"
/content/drive/MyDrive/Colab Notebooks/Untitled109.ipynb,Untitled109.ipynb,45,REFERENCE_OR_ANALYSIS,8,0,0,1,0,0,0,0,1,0,0,7944," # ================================================================ # PART 25C.28 — THREE-OCCURRENCE ALIGNMENT RECONCILIATION # ================================================================ from google.colab import drive drive.mount('/content/drive') import pandas as pd import hashlib import numpy as np BASE = ""/content/drive/MyDrive/GENE"" OUT = ( f""{BASE}/11_RESULTS/"" f""PART_25C_EVOLUTIONARY_SEQUENCE_STATE"" ) SEQ_FILE = ( f""{OUT}/PART_25C26_MULTI_SPECIES_SEQUENCE_LONG.csv"" ) df = pd.read_csv( SEQ_FILE, low_memory=False ) df[""FBgn""] = df[""FBgn""].astype(str).str.st"
/content/drive/MyDrive/Colab Notebooks/Untitled112.ipynb,Untitled112.ipynb,90,REFERENCE_OR_ANALYSIS,8,0,0,1,0,0,0,0,1,0,0,19696, # ================================================================ # PART 31.74 — LOCAL-GC → STOP DENSITY → ACCESSIBILITY MECHANISM # ================================================================ # Goal: # Test whether the observed association between local-GC variability # and one-nucleotide proto-ORF accessibility is consistent with a # stop-codon-mediated mechanism. # # Proposed chain: # Local-GC structure # ↓ # Stop-codon / stop-like triplet density # ↓ # Stop-free ORF opportunity # ↓ # One-nt proto-ORF accessibility # # IMPORTANT: # This tests a computational mech
/content/drive/MyDrive/Colab Notebooks/Untitled115.ipynb,Untitled115.ipynb,27,REFERENCE_OR_ANALYSIS,8,0,0,1,0,0,0,0,1,0,0,18639," # ============================================================================= # PART 31.93AB — HUMAN EXACT TRANSCRIPT MATCH → CURRENT EXON/CDS LOCATION # VALIDATION # ============================================================================= from google.colab import drive drive.mount(""/content/drive"") import os import json import re import requests import pandas as pd import numpy as np print(""="" * 80) print(""PART 31.93AB — HUMAN EXACT TRANSCRIPT MATCH → CURRENT EXON/CDS"") print(""LOCATION VALIDATION"") print(""="" * 80) # ================================================================="
/content/drive/MyDrive/Colab Notebooks/Untitled115.ipynb,Untitled115.ipynb,46,REFERENCE_OR_ANALYSIS,8,0,0,1,0,0,0,0,1,0,0,14159," # ============================================================================== # PART 31.94C-R13 # ORIGINAL ONE-NT ACCESSIBILITY RECONSTRUCTION # CONTROLLED REPRODUCTION BEFORE FULL WEIGHTING # ============================================================================== from google.colab import drive drive.mount('/content/drive') import os import json import numpy as np import pandas as pd from pathlib import Path print(""="" * 100) print(""PART 31.94C-R13 — ORIGINAL ONE-NT ACCESSIBILITY RECONSTRUCTION"") print(""="" * 100) # ================================================================"
/content/drive/MyDrive/Colab Notebooks/Untitled115.ipynb,Untitled115.ipynb,47,REFERENCE_OR_ANALYSIS,8,0,0,1,0,0,0,0,1,0,0,14155," # ============================================================================== # PART 31.94C-R13R1 # CORRECTED PATH RECOVERY + CONTROLLED ONE-NT RECONSTRUCTION # ============================================================================== from google.colab import drive drive.mount('/content/drive') import os import json import numpy as np import pandas as pd from pathlib import Path print(""="" * 100) print(""PART 31.94C-R13R1 — CORRECTED ORIGINAL ACCESSIBILITY RECONSTRUCTION"") print(""="" * 100) ROOT = Path(""/content/drive/MyDrive/GENE"") OUTDIR = ( ROOT / ""11_RESULTS"" / ""PART"
/content/drive/MyDrive/Colab Notebooks/Untitled115.ipynb,Untitled115.ipynb,77,REFERENCE_OR_ANALYSIS,8,0,0,1,0,0,0,0,1,0,0,9065," # ================================================================ # PART 31.95F — Dmel RECOVERY + EXISTING NON-Dmel ALIGNMENT BRIDGE # ================================================================ from google.colab import drive drive.mount('/content/drive') import os import pandas as pd import numpy as np import json ROOT = ""/content/drive/MyDrive/GENE"" # ------------------------------------------------ # INPUT 1 — ALIGNMENT-AWARE NON-Dmel RECORDS # ------------------------------------------------ ALIGN_FILE = os.path.join( ROOT, ""11_RESULTS/PART_25C_EVOLUTIONARY_SEQUENCE_STA"
/content/drive/MyDrive/Colab Notebooks/Untitled4.ipynb,Untitled4.ipynb,59,REFERENCE_OR_ANALYSIS,8,0,0,1,0,0,0,0,1,0,0,14245," # ============================================================================== # STEP 43 — CROSS-DONOR MOTIF–CDR3 ROBUSTNESS VALIDATION # ============================================================================== import os import json import numpy as np import pandas as pd from itertools import combinations from scipy.stats import fisher_exact from statsmodels.stats.multitest import multipletests print(""="" * 80) print(""STEP 43 — CROSS-DONOR MOTIF–CDR3 ROBUSTNESS VALIDATION"") print(""="" * 80) # ------------------------------------------------------------------------------ # PATHS # ---"
/content/drive/MyDrive/Colab Notebooks/Untitled7.ipynb,Untitled7.ipynb,79,REFERENCE_OR_ANALYSIS,8,0,0,1,0,0,0,0,1,0,0,8292," # ===================================================================== # GC ENVIRONMENTAL MEMORY # RECOVER ORIGINAL REPOSITORY + QUICKGO ANNOTATION FILES # ===================================================================== import os import glob import subprocess import pandas as pd print(""=""*75) print(""RECOVERING ORIGINAL REPOSITORY / QUICKGO ANNOTATIONS"") print(""=""*75) # --------------------------------------------------------------------- # 1. DRIVE # --------------------------------------------------------------------- from google.colab import drive drive.mount(""/content/drive"", fo"
/content/drive/MyDrive/Colab Notebooks/Untitled7.ipynb,Untitled7.ipynb,83,REFERENCE_OR_ANALYSIS,8,0,0,1,0,0,0,0,1,0,0,27054," # ===================================================================== # GC ENVIRONMENTAL MEMORY # FINAL EPIGENOMIC MECHANISM TEST # CONTINUATION — ROBUST GAF PARSER + GO ENRICHMENT # ===================================================================== import os import gzip import numpy as np import pandas as pd from collections import defaultdict from functools import lru_cache from scipy.stats import fisher_exact, hypergeom from statsmodels.stats.multitest import multipletests print(""\n"" + ""=""*80) print(""GC ENVIRONMENTAL MEMORY — EPIGENOMIC MECHANISM TEST"") print(""FIXED GAF PARSER"") pr"
/content/drive/MyDrive/Colab Notebooks/Untitled96.ipynb,Untitled96.ipynb,67,REFERENCE_OR_ANALYSIS,8,0,0,1,0,0,0,0,1,0,0,35296, # ================================================================ # STEP 49D # LOCAL GO + KEGG + REACTOME EMPIRICAL MATCHED-NULL ANALYSIS # + FINAL PPI INTEGRATION # # NO ENRICHR # NO GPROFILER # NO API RATE LIMIT # # Google Colab + Google Drive # ================================================================ # ================================================================ # 0. DRIVE # ================================================================ from google.colab import drive drive.mount('/content/drive') # ================================================================ # 1. INSTA
/content/drive/MyDrive/Colab Notebooks/Untitled97.ipynb,Untitled97.ipynb,2,REFERENCE_OR_ANALYSIS,8,0,0,1,0,0,0,0,1,0,0,5378,"# ============================================================ # STEP49G - REVISED # FINAL KEGG & REACTOME FUNCTIONAL NULL ANALYSIS # ============================================================ from google.colab import drive drive.mount('/content/drive') import os import re import io import zipfile import requests import numpy as np import pandas as pd from scipy.stats import hypergeom from statsmodels.stats.multitest import multipletests import anndata as ad # 1. PATHS BASE = ""/content/drive/MyDrive/MFOS_REVISION"" STEP49B = os.path.join(BASE, ""STEP49B_Corrected_16Gene_Matched_Null"") OUT ="
/content/drive/MyDrive/Colab Notebooks/Untitled25.ipynb,Untitled25.ipynb,22,REFERENCE_OR_ANALYSIS,8,0,0,0,0,0,0,0,2,0,0,26208, # ============================================================================================================== # STEP 32D...FIX22T-R11-R26 TGIF2LY CANDIDATE LOCUS REGULATORY ARCHITECTURE FORENSIC # ============================================================================================================== # # PURPOSE # ------- # Move from gene-identity forensic analysis to the ACTUAL biological question: # # Can the regulatory environment surrounding the candidate zebrafish locus # potentially retain information about a previous immune exposure? # # IMPORTANT # --------- # R25B es
/content/drive/MyDrive/Colab Notebooks/Untitled0.ipynb,Untitled0.ipynb,62,REFERENCE_OR_ANALYSIS,7,0,0,1,0,0,0,0,0,0,0,7030," # FIGURE 3 — INDEPENDENT REPRODUCTION / VALIDATION # 300 DPI: PNG + PDF + TIFF # No figure heading/title import os import numpy as np import pandas as pd import matplotlib.pyplot as plt from matplotlib.colors import TwoSlopeNorm # ============================================================ # PATHS # ============================================================ ROOT = ""/content/drive/MyDrive/Toxicology (1)"" INPUT = os.path.join( ROOT, ""Cd_FINAL_Rat_Mouse_Kidney_15Gene_CrossSpecies_Validation.csv"" ) OUTDIR = ""/content/Cd_Figure3_Output"" os.makedirs(OUTDIR, exist_ok=True) # ======="
/content/drive/MyDrive/Colab Notebooks/Untitled102.ipynb,Untitled102.ipynb,6,REFERENCE_OR_ANALYSIS,7,0,0,1,0,0,0,0,0,0,0,15987," # ============================================================ # PART 6B — OLFSON 2024 # Reproduce Published Ultra-Rare Damaging De Novo Set # ============================================================ from google.colab import drive drive.mount(""/content/drive"") import os import json import pandas as pd import numpy as np # ============================================================ # 1. PROJECT PATHS # ============================================================ PROJECT = ""/content/drive/MyDrive/ADHD"" if not os.path.exists(PROJECT): raise FileNotFoundError( f""ADHD project"
/content/drive/MyDrive/Colab Notebooks/Untitled106.ipynb,Untitled106.ipynb,35,REFERENCE_OR_ANALYSIS,7,0,0,1,0,0,0,0,0,0,0,14777," # ============================================================================= # PART 29C.4R # RAW HEADER + BLOCK CONTEXT FORENSICS # # PURPOSE: # Reconstruct the actual meaning of R1/R2/R3 directly from the verified # J6 metadata/header information. # # NO ASSUMPTION: # R1/R2/R3 are NOT treated as species, ancestral states, or time points. # ============================================================================= from google.colab import drive drive.mount('/content/drive') import os import pandas as pd import numpy as np import re BASE = ""/content/drive/MyDrive/GENE"" OUT = os."
/content/drive/MyDrive/Colab Notebooks/Untitled107.ipynb,Untitled107.ipynb,8,REFERENCE_OR_ANALYSIS,7,0,0,1,0,0,0,0,0,0,0,7186," from google.colab import drive drive.mount('/content/drive') import os import pandas as pd print(""=""*80) print(""STEP41 — KIDNEY CLASSIFICATION OUTPUT RECONCILIATION"") print(""=""*80) BASE = ""/content/drive/MyDrive/MFOS_REVISION"" FILES = { ""D_holdout_predictions"": f""{BASE}/STEP38D_FullPanel_Validation/STEP38D_Holdout_Predictions.csv"", ""D_holdout_perclass"": f""{BASE}/STEP38D_FullPanel_Validation/STEP38D_Holdout_PerClass_Metrics.csv"", ""D_holdout_summary"": f""{BASE}/STEP38D_FullPanel_Validation/STEP38D_Holdout_Summary.csv"", ""D_cv_summary"": f""{BAS"
/content/drive/MyDrive/Colab Notebooks/Untitled109.ipynb,Untitled109.ipynb,48,REFERENCE_OR_ANALYSIS,7,0,0,1,0,0,0,0,0,0,2,8369,"import pandas as pd import numpy as np import hashlib BASE = ""/content/drive/MyDrive/GENE"" OUT = ( f""{BASE}/11_RESULTS/"" f""PART_25C_EVOLUTIONARY_SEQUENCE_STATE"" ) SEQ_FILE = ( f""{OUT}/PART_25C28S_RAW_OCCURRENCE_RECORDS.csv"" ) # ------------------------------------------------ # 1. Load validated raw occurrence records # ------------------------------------------------ df = pd.read_csv( SEQ_FILE, low_memory=False ) df[""FBgn""] = df[""FBgn""].astype(str).str.strip() df[""species""] = df[""species""].astype(str).str.strip() df[""occurrence""] = pd.to_numeric( df[""occurrence""]"
/content/drive/MyDrive/Colab Notebooks/Untitled111.ipynb,Untitled111.ipynb,8,REFERENCE_OR_ANALYSIS,7,0,0,1,0,0,0,0,0,0,0,11664," from google.colab import drive drive.mount('/content/drive') import os import re import hashlib import pandas as pd import numpy as np BASE = ""/content/drive/MyDrive/GENE"" RAW = os.path.join( BASE, ""00_RAW"", ""Supplementary_Data_1_genome_metadata.txt"" ) SEQ = os.path.join( BASE, ""11_RESULTS"", ""PART_25C_EVOLUTIONARY_SEQUENCE_STATE"", ""PART_25C28S_RAW_OCCURRENCE_RECORDS.csv"" ) OUT = os.path.join( BASE, ""11_RESULTS"", ""PART_25C_EVOLUTIONARY_SEQUENCE_STATE"", ""PART_25C73_CACTUS_HEADER_PROVENANCE"" ) os.makedirs(OUT, exist_ok=True) print(""=""*70) print("""
/content/drive/MyDrive/Colab Notebooks/Untitled111.ipynb,Untitled111.ipynb,9,REFERENCE_OR_ANALYSIS,7,0,0,1,0,0,0,0,0,0,0,11144," from google.colab import drive drive.mount('/content/drive') import os import hashlib import pandas as pd import numpy as np BASE = ""/content/drive/MyDrive/GENE"" RAW = os.path.join( BASE, ""00_RAW"", ""Supplementary_Data_1_genome_metadata.txt"" ) REC = os.path.join( BASE, ""11_RESULTS"", ""PART_25C_EVOLUTIONARY_SEQUENCE_STATE"", ""PART_25C28S_RAW_OCCURRENCE_RECORDS.csv"" ) OUT = os.path.join( BASE, ""11_RESULTS"", ""PART_25C_EVOLUTIONARY_SEQUENCE_STATE"", ""PART_25C74_FULL_MULTI_SPECIES_RECONCILIATION"" ) os.makedirs(OUT, exist_ok=True) print(""=""*70) print("""
/content/drive/MyDrive/Colab Notebooks/Untitled111.ipynb,Untitled111.ipynb,14,REFERENCE_OR_ANALYSIS,7,0,0,1,0,0,0,0,0,0,0,16853," from google.colab import drive drive.mount('/content/drive') import os import re import hashlib import pandas as pd import numpy as np BASE = ""/content/drive/MyDrive/GENE"" RAW = os.path.join( BASE, ""00_RAW"", ""Supplementary_Data_1_genome_metadata.txt"" ) REC = os.path.join( BASE, ""11_RESULTS"", ""PART_25C_EVOLUTIONARY_SEQUENCE_STATE"", ""PART_25C28S_RAW_OCCURRENCE_RECORDS.csv"" ) P75 = os.path.join( BASE, ""11_RESULTS"", ""PART_25C_EVOLUTIONARY_SEQUENCE_STATE"", ""PART_25C75_UNMATCHED_KEY_FORENSICS"" ) OUT = os.path.join( BASE, ""11_RESULTS"", ""P"
/content/drive/MyDrive/Colab Notebooks/Untitled112.ipynb,Untitled112.ipynb,77,REFERENCE_OR_ANALYSIS,7,0,0,1,0,0,0,0,0,0,0,26177, # ============================================================================= # PART 31.64 — PAIR-AWARE NESTED PREDICTIVE MODEL # CLEAN / ROBUST VERSION # ============================================================================= import os import json import warnings import numpy as np import pandas as pd from sklearn.model_selection import GroupKFold from sklearn.pipeline import Pipeline from sklearn.impute import SimpleImputer from sklearn.preprocessing import StandardScaler from sklearn.linear_model import LogisticRegression from sklearn.metrics import roc_auc_score from scipy.stats
/content/drive/MyDrive/Colab Notebooks/Untitled115.ipynb,Untitled115.ipynb,21,REFERENCE_OR_ANALYSIS,7,0,0,1,0,0,0,0,0,0,0,24042, # ============================================================================= # PART 31.93Z — HUMAN CURRENT SEQUENCE VALIDATION # ============================================================================= # Objective: # Validate the 37 published human/hominoid de novo-gene candidates against # current Ensembl transcript/CDS sequences. # # Validation layers: # 1. Transcript lookup # 2. Current CDS retrieval # 3. CDS -> protein translation # 4. Exact protein match # 5. Protein identity # 6. Length compatibility # 7. Coordinate / chromosome / strand consistency where possi
/content/drive/MyDrive/Colab Notebooks/Untitled115.ipynb,Untitled115.ipynb,22,REFERENCE_OR_ANALYSIS,7,0,0,1,0,0,0,0,0,0,0,22780," # ============================================================================= # PART 31.93Z-R # HUMAN CURRENT SEQUENCE VALIDATION — CORRECTED + CDS RECOVERY # ============================================================================= import os import re import json import time import hashlib import requests import pandas as pd import numpy as np from google.colab import drive drive.mount('/content/drive') # ============================================================================= # PATHS # ============================================================================= ROOT = ""/cont"
/content/drive/MyDrive/Colab Notebooks/Untitled115.ipynb,Untitled115.ipynb,23,REFERENCE_OR_ANALYSIS,7,0,0,1,0,0,0,0,0,0,0,25138, # ============================================================================= # PART 31.93Z-R2 # HUMAN CURRENT SEQUENCE VALIDATION # ROBUST MERGE / NO DUPLICATE-COLUMN COLLISION # ============================================================================= import os import re import json import time import requests import pandas as pd import numpy as np from google.colab import drive drive.mount('/content/drive') # ============================================================================= # PATHS # ============================================================================= ROOT = 
/content/drive/MyDrive/Colab Notebooks/Untitled115.ipynb,Untitled115.ipynb,26,REFERENCE_OR_ANALYSIS,7,0,0,1,0,0,0,0,0,0,0,17916," # ============================================================================= # PART 31.93AA-R2 — HUMAN TRANSCRIPT-LEVEL PROTEIN VALIDATION # CLEAN MERGE / VALIDATION-CLASS FIX # ============================================================================= from google.colab import drive drive.mount(""/content/drive"") import os import json import re import pandas as pd import numpy as np print(""="" * 80) print(""PART 31.93AA-R2 — HUMAN TRANSCRIPT-LEVEL PROTEIN VALIDATION"") print(""="" * 80) # ============================================================================= # PATHS # ============="
/content/drive/MyDrive/Colab Notebooks/Untitled115.ipynb,Untitled115.ipynb,28,REFERENCE_OR_ANALYSIS,7,0,0,1,0,0,0,0,0,0,0,17262," # ============================================================================= # PART 31.93AC — HUMAN EXACT ORF → CURRENT ENSEMBL CDS VALIDATION # ============================================================================= from google.colab import drive drive.mount(""/content/drive"") import os import re import json import time import requests import pandas as pd import numpy as np print(""="" * 80) print(""PART 31.93AC — HUMAN EXACT ORF → CURRENT ENSEMBL CDS VALIDATION"") print(""="" * 80) # ============================================================================= # PATHS # =============="
/content/drive/MyDrive/Colab Notebooks/Untitled115.ipynb,Untitled115.ipynb,66,REFERENCE_OR_ANALYSIS,7,0,0,1,0,0,0,0,0,0,0,14342," # ============================================================ # PART 31.94G # MUTATION-SPECTRUM-WEIGHTED ACCESSIBILITY # COMPLETE 834-CANDIDATE DATASET # ============================================================ from google.colab import drive drive.mount('/content/drive') import os import json import numpy as np import pandas as pd print(""=""*100) print(""PART 31.94G — COMPLETE 834-CANDIDATE WEIGHTED ACCESSIBILITY"") print(""=""*100) ROOT = ""/content/drive/MyDrive/GENE"" OUT = os.path.join( ROOT, ""11_RESULTS"", ""PART_31_MUTATION_WEIGHTED_ACCESSIBILITY"", ""PART_31_94G_COMPLETE"
/content/drive/MyDrive/Colab Notebooks/Untitled116.ipynb,Untitled116.ipynb,38,REFERENCE_OR_ANALYSIS,7,0,0,1,0,0,0,0,1,0,1,7039," # ============================================================ # FIGURE 3 — COMPACT PUBLICATION-QUALITY VERSION # 300 DPI | 3600 × 2400 px | PNG # ============================================================ import numpy as np import matplotlib.pyplot as plt from pathlib import Path # ------------------------------------------------------------ # 1. SAVE LOCATIONS # ------------------------------------------------------------ OUT_DIR = Path(""/content"") OUT_DIR.mkdir(parents=True, exist_ok=True) FIG_PATH = OUT_DIR / ""Figure_3_300dpi_HD.png"" # Google Drive DRIVE_DIR = Path(""/content/drive/"
/content/drive/MyDrive/Colab Notebooks/Untitled117.ipynb,Untitled117.ipynb,0,REFERENCE_OR_ANALYSIS,7,0,0,1,0,0,0,0,1,0,1,7038,"# ============================================================ # FIGURE 3 — COMPACT PUBLICATION-QUALITY VERSION # 300 DPI | 3600 × 2400 px | PNG # ============================================================ import numpy as np import matplotlib.pyplot as plt from pathlib import Path # ------------------------------------------------------------ # 1. SAVE LOCATIONS # ------------------------------------------------------------ OUT_DIR = Path(""/content"") OUT_DIR.mkdir(parents=True, exist_ok=True) FIG_PATH = OUT_DIR / ""Figure_3_300dpi_HD.png"" # Google Drive DRIVE_DIR = Path(""/content/drive/M"
/content/drive/MyDrive/Colab Notebooks/Untitled12.ipynb,Untitled12.ipynb,23,REFERENCE_OR_ANALYSIS,7,0,0,1,0,0,0,0,0,0,0,5700,"import os import glob import json import hashlib import numpy as np import pandas as pd import requests import time from pathlib import Path # ------------------------------------------------------------------------------------------------- # PATHS # ------------------------------------------------------------------------------------------------- BASE = ""/content/drive/MyDrive/Dissertation"" FIX20 = os.path.join( BASE, ""GC_STEP32D_FIX20_23_CANDIDATE_MECHANISTIC_PRIORITIZATION"" ) F1_MATRIX = os.path.join( BASE, ""GC_STEP32D_FIX15_F1_VERIFIED_MATRIX"", ""F1_verified_log2CPM_"
/content/drive/MyDrive/Colab Notebooks/Untitled13.ipynb,Untitled13.ipynb,27,REFERENCE_OR_ANALYSIS,7,8,0,1,1,0,0,0,3,0,1,25582, # ===================================================================================================================== # STEP 32D-FIX31-FIX1-FIX5-FIX4-FIX3-FIX2 # COMPLETE 8-DMR TF CONVERGENCE SPECIFICITY + EXACT PAIRWISE NULL AUDIT # ===================================================================================================================== # # PURPOSE # ------- # 1. Load the verified 8-DMR Point-7 table. # 2. Reconstruct exact DMR keys where required. # 3. Load the existing independent JASPAR interval-overlap table. # 4. Build TF sets for ALL 8 verified DMRs. # 5. Calculate TF con
/content/drive/MyDrive/Colab Notebooks/Untitled13.ipynb,Untitled13.ipynb,28,REFERENCE_OR_ANALYSIS,7,8,0,1,1,0,0,0,3,0,1,29945," # ===================================================================================================================== # STEP 32D-FIX31-FIX1-FIX5-FIX4-FIX3-FIX3 # POINT-7 — TF SPECIFICITY / BACKGROUND-DEPLETION AUDIT # ===================================================================================================================== # # PURPOSE # ------- # Refine the Point-7 TF-convergence result. # # Previous result: # Primary pair shared 525 TF identifiers. # However, this was rank 4/28 among all verified DMR pairs. # # This step asks: # # Are the TFs shared by the two primary Poin"
/content/drive/MyDrive/Colab Notebooks/Untitled14.ipynb,Untitled14.ipynb,2,REFERENCE_OR_ANALYSIS,7,8,0,1,1,0,0,0,3,0,1,29945," # ===================================================================================================================== # STEP 32D-FIX31-FIX1-FIX5-FIX4-FIX3-FIX3 # POINT-7 — TF SPECIFICITY / BACKGROUND-DEPLETION AUDIT # ===================================================================================================================== # # PURPOSE # ------- # Refine the Point-7 TF-convergence result. # # Previous result: # Primary pair shared 525 TF identifiers. # However, this was rank 4/28 among all verified DMR pairs. # # This step asks: # # Are the TFs shared by the two primary Poin"
/content/drive/MyDrive/Colab Notebooks/Untitled14.ipynb,Untitled14.ipynb,4,REFERENCE_OR_ANALYSIS,7,8,0,1,1,0,0,0,3,0,1,40657, # ===================================================================================================================== # STEP 32D-FIX31-FIX1-FIX5-FIX4-FIX3-FIX3 # TF SPECIFICITY / BACKGROUND-DEPLETION AUDIT # # PURPOSE # ------- # 1. Use the VERIFIED 8-DMR Point-7 table. # 2. Identify the 2 PRIMARY Point-7 DMRs. # 3. Reconstruct exact JASPAR TF sets for all 8 verified DMRs. # 4. Quantify: # - TF burden per DMR # - primary-pair shared TFs # - Jaccard similarity # - overlap coefficient # - TF specificity / background frequency # - primary-pair TF convergence
/content/drive/MyDrive/Colab Notebooks/Untitled15.ipynb,Untitled15.ipynb,0,REFERENCE_OR_ANALYSIS,7,8,0,1,1,0,0,0,3,0,1,40657, # ===================================================================================================================== # STEP 32D-FIX31-FIX1-FIX5-FIX4-FIX3-FIX3 # TF SPECIFICITY / BACKGROUND-DEPLETION AUDIT # # PURPOSE # ------- # 1. Use the VERIFIED 8-DMR Point-7 table. # 2. Identify the 2 PRIMARY Point-7 DMRs. # 3. Reconstruct exact JASPAR TF sets for all 8 verified DMRs. # 4. Quantify: # - TF burden per DMR # - primary-pair shared TFs # - Jaccard similarity # - overlap coefficient # - TF specificity / background frequency # - primary-pair TF convergence
/content/drive/MyDrive/Colab Notebooks/Untitled15.ipynb,Untitled15.ipynb,1,REFERENCE_OR_ANALYSIS,7,8,0,1,1,0,0,0,3,0,1,20310, # ===================================================================================================================== # STEP 32D-FIX31-FIX1-FIX5-FIX4-FIX3-FIX3-FIX1 # CANONICAL DMR KEY NORMALIZATION + TF SPECIFICITY AUDIT REPAIR # ===================================================================================================================== import os import json import itertools import numpy as np import pandas as pd from collections import Counter # --------------------------------------------------------------------------------------------------------------------- # [1] PATHS — US
/content/drive/MyDrive/Colab Notebooks/Untitled17.ipynb,Untitled17.ipynb,27,REFERENCE_OR_ANALYSIS,7,0,0,1,0,0,0,0,1,0,1,33175, # ============================================================================================================ # STEP 32D...FIX14-FIX15 # # TGIF2LY FINAL CANDIDATE # ROBUST POINT-7 + H3K9ME3 NUMERIC RESOLUTION # # PURPOSE: # Repair only the artifact-mapping problem detected in FIX14. # # IMPORTANT: # 1. Candidate identity remains LOCKED. # 2. No H3K9me3 values are recalculated. # 3. No Point-7 values are recalculated. # 4. No p-values are recalculated. # 5. H3 numeric summary and Point-7 are resolved using their native # schemas and exact coordinate/gene relationships. # 
/content/drive/MyDrive/Colab Notebooks/Untitled2.ipynb,Untitled2.ipynb,8,REFERENCE_OR_ANALYSIS,7,0,0,1,0,0,0,0,0,0,0,5128," # ================================================================ # FIGURE 3 — FINAL 6-CONTEXT EFFECT-SIZE HEATMAP # Independent GSE83326 Mouse Liver included # 300 DPI | PNG + PDF + TIFF | NO HEADING # ================================================================ import os import numpy as np import pandas as pd import matplotlib.pyplot as plt BASE = ""/content/drive/MyDrive/Toxicology (1)"" INPUT = os.path.join( BASE, ""Cd_Figure3_Final_6Context_GSE83326_Validated_Log2FC.csv"" ) OUT_BASE = os.path.join( BASE, ""Figure3_Final_6Context_GSE83326"" ) # ------------------------"
/content/drive/MyDrive/Colab Notebooks/Untitled35.ipynb,Untitled35.ipynb,6,REFERENCE_OR_ANALYSIS,7,0,0,1,0,0,0,0,1,0,1,26077, # ============================================================================================================== # FIX22T-R11-R65 # TGIF2LY 5-REPLICATE ChEC-seq CONSENSUS BINDING LANDSCAPE # # R64 INPUT: # 5 recovered TGIF2LY .bam.bw files # # PURPOSE: # Reconstruct the actual TGIF2LY chromatin-binding landscape before attempting # any species-matched bridge to the 6 zebrafish candidates. # # SCIENTIFIC CHAIN: # # TGIF2LY ChEC-seq # ↓ # replicate-level signal # ↓ # genomic high-signal regions # ↓ # replicate reproducibility # ↓ # consensus T
/content/drive/MyDrive/Colab Notebooks/Untitled4.ipynb,Untitled4.ipynb,9,REFERENCE_OR_ANALYSIS,7,0,0,1,0,0,0,0,0,0,0,15246," # ============================================================ # GSE261966 — STEP 7 # HLA ANTIBODY / ADT PANEL FORENSIC RECONSTRUCTION # # GOAL # ---- # Determine exactly what Hu.HLA.ABC / Hu.HLA.DR / Hu.HLA.E # represent inside the antibody-derived feature space. # # IMPORTANT: # Original H5AD is NOT modified. # ============================================================ import os import re import numpy as np import pandas as pd print(""=""*100) print(""STEP 7 — HLA ANTIBODY / ADT PANEL FORENSIC RECONSTRUCTION"") print(""=""*100) OUT = ""/content/drive/MyDrive/M.Sc/GSE261966_inspection"" os.mak"
/content/drive/MyDrive/Colab Notebooks/Untitled4.ipynb,Untitled4.ipynb,10,REFERENCE_OR_ANALYSIS,7,0,0,1,0,0,0,0,0,0,0,27708," # ==================================================================================================== # STEP 8 — TCR–ANTIGEN GROUND-TRUTH & CLONOTYPE RECONSTRUCTION # ==================================================================================================== import os import re import json import numpy as np import pandas as pd OUTDIR = ""/content/drive/MyDrive/M.Sc/GSE261966_inspection"" os.makedirs(OUTDIR, exist_ok=True) print(""="" * 100) print(""STEP 8 — TCR–ANTIGEN GROUND-TRUTH & CLONOTYPE RECONSTRUCTION"") print(""="" * 100) # -----------------------------------------------------"
/content/drive/MyDrive/Colab Notebooks/Untitled4.ipynb,Untitled4.ipynb,11,REFERENCE_OR_ANALYSIS,7,0,0,1,0,0,0,0,0,0,0,21558," # ==================================================================================================== # STEP 9 — CORRECTED DEX+ + TCR CHAIN GROUND-TRUTH RECONSTRUCTION # ==================================================================================================== import os import json import numpy as np import pandas as pd OUTDIR = ""/content/drive/MyDrive/M.Sc/GSE261966_inspection"" os.makedirs(OUTDIR, exist_ok=True) print(""="" * 100) print(""STEP 9 — CORRECTED DEX+ + TCR CHAIN GROUND-TRUTH RECONSTRUCTION"") print(""="" * 100) # ---------------------------------------------------------"
/content/drive/MyDrive/Colab Notebooks/Untitled4.ipynb,Untitled4.ipynb,12,REFERENCE_OR_ANALYSIS,7,0,0,1,0,0,0,0,0,0,0,16698, # ============================================================ # STEP 10 — TRUE CLONOTYPE FORENSIC VALIDATION # ============================================================ # # GOAL: # Determine whether clone_id is actually a clonotype identifier # and reconstruct candidate clonotypes from CDR3 information. # # INPUT: # step9_corrected_TCR_Dex_cell_table.csv # # OUTPUT: # step10_clone_id_validation.csv # step10_cdr3_clonotype_validation.csv # step10_dex_clonotype_summary.csv # step10_antigen_cdr3_clonotype_summary.csv # step10_multi_antigen_clonotypes.csv # step10_summary.js
/content/drive/MyDrive/Colab Notebooks/Untitled4.ipynb,Untitled4.ipynb,13,REFERENCE_OR_ANALYSIS,7,0,0,1,0,0,0,0,0,0,0,15613," # ============================================================ # STEP 10B — TRUE CLONOTYPE + DEX FORENSIC VALIDATION # ============================================================ import os import json import pandas as pd import numpy as np BASE_DIR = ""/content/drive/MyDrive/M.Sc/GSE261966_inspection"" INPUT_FILE = os.path.join( BASE_DIR, ""step9_corrected_TCR_Dex_cell_table.csv"" ) OUT_CLONE = os.path.join( BASE_DIR, ""step10_clone_id_validation.csv"" ) OUT_CDR3 = os.path.join( BASE_DIR, ""step10_cdr3_clonotype_validation.csv"" ) OUT_DEX = os.path.join( BASE_DIR, "
/content/drive/MyDrive/Colab Notebooks/Untitled4.ipynb,Untitled4.ipynb,16,REFERENCE_OR_ANALYSIS,7,0,0,1,0,0,0,0,0,0,0,30302, # ============================================================================ # STEP 13 — DONOR / SAMPLE / BATCH-AWARE CLONOTYPE VALIDATION # # Goal: # Determine whether the Step-12 DEX+ clonotype associations remain supported # after accounting for donor/sample/time/experiment/batch structure. # # IMPORTANT: # - No machine-learning prediction # - No H5AD modification # - Uses the corrected Step-9 cell-level TCR/DEX table # - Uses Step-12 outputs where available # - Saves everything to: # /content/drive/MyDrive/M.Sc/GSE261966_inspection # =================================
/content/drive/MyDrive/Colab Notebooks/Untitled4.ipynb,Untitled4.ipynb,18,REFERENCE_OR_ANALYSIS,7,0,0,1,0,0,0,0,0,0,0,24219, # ============================================================================ # STEP 15 — ANTIGEN–TCR NETWORK + PUBLIC/PRIVATE CLONOTYPE ARCHITECTURE # # Purpose: # Step 14 ke reproducible antigen–TCR candidates ko systematically # characterize karna. # # Main analyses: # 1. DEX+ clonotype filtering # 2. Singleton vs expanded clonotypes # 3. Antigen-specificity # 4. Donor sharing # 5. Sample sharing # 6. Public/shared vs private clonotypes # 7. Antigen–TCR bipartite network edge table # 8. Antigen connectivity / promiscuity # 9. TCR connectivity / antigen breadth # 10.
/content/drive/MyDrive/Colab Notebooks/Untitled40.ipynb,Untitled40.ipynb,3,REFERENCE_OR_ANALYSIS,7,0,0,1,0,0,0,0,1,0,1,33347, # ===================================================================================================================== # FIX22T-R11-R81-FIX8-FIX1 # ROBUST SOCS3B RNA-MECHANISM ↔ ORIGINAL LOCUS RECONCILIATION # # PURPOSE: # Repair FIX8 technical failure and perform the cross-stage reconciliation # using ONLY already-generated project evidence. # # IMPORTANT: # 1. No new literature search # 2. No new biological evidence # 3. Existing source_file/source_stage columns are handled safely # 4. Correct R66 root is used # 5. No causality is inferred from overlap # =====================
/content/drive/MyDrive/Colab Notebooks/Untitled51.ipynb,Untitled51.ipynb,12,REFERENCE_OR_ANALYSIS,7,0,0,1,0,0,0,0,0,0,0,19479, # ============================================================================= # GSE164737 — PUBLICATION-GRADE DEVELOPMENTAL TRAJECTORY FIGURES + FIGURE QC # ============================================================================= # # INPUTS: # 1. Frozen raw signal + metadata # 2. Final developmental inference # # LOCKS: # - Primary metric: Raw_BaseLevel_Mean # - No normalization # - No species pooling # - No replicate collapsing # - All 3 biological replicates remain visible # - Chicken and Mouse analyzed/displayed separately # - Constant-zero Chicken MSGN1 retained b
/content/drive/MyDrive/Colab Notebooks/Untitled69.ipynb,Untitled69.ipynb,13,REFERENCE_OR_ANALYSIS,7,0,0,1,0,0,0,0,0,0,0,16335, # ================================================================ # FIGURE 3 — EXTENDED 12-GENE CROSS-SPECIES EVIDENCE # Single consolidated figure # # OUTPUT: # PNG — 300 dpi # TIFF — 300 dpi # PDF — vector # # Saved ONLY in /content/ # Nothing is written to Google Drive. # # IMPORTANT: # - No human H26 validation files are used. # - No values are interpolated or reconstructed. # - No gene values are invented. # - The figure uses an already-generated validated 12-gene # chicken–mouse result wherever available. # ===========================================================
/content/drive/MyDrive/Colab Notebooks/Untitled7.ipynb,Untitled7.ipynb,84,REFERENCE_OR_ANALYSIS,7,0,0,1,0,0,0,0,1,0,1,27103," # ============================================================================= # GC ENVIRONMENTAL MEMORY # TIERED EPIGENOMIC MECHANISM ANALYSIS # # PURPOSE: # Test whether the absence of epigenetic annotation in the 5-gene robust core # is specific to that ultra-stringent core, or whether a broader GC-specific # persistence/recall signal contains epigenetic enrichment. # # TIERS: # TIER 1 = 5-gene robust core # TIER 2 = original 17-gene persistence+recall core # TIER 3 = GC-specific persistence genes (261) # TIER 4 = GC-specific recall genes (225) # # SAME STATISTICAL UNIVERSE: # 2"
/content/drive/MyDrive/Colab Notebooks/Untitled70.ipynb,Untitled70.ipynb,1,REFERENCE_OR_ANALYSIS,7,0,0,1,0,0,0,0,0,0,0,12350," # ================================================================ # FIGURE 4 — HUMAN EMBRYONIC LIMB DEVELOPMENTAL TRAJECTORIES # ================================================================ # # 12 selected genes: # DLL1, LFNG, MEOX1, MEOX2, MSGN1, MYF5, # MYF6, MYOD1, MYOG, PAX3, PAX7, TCF15 # # Human developmental range: 5.1–9.3 weeks # # ONE CONSOLIDATED FIGURE # Heatmap of developmental trajectories # # No title inside figure # # Outputs: # PNG = 300 DPI # TIFF = 300 DPI # PDF = vector # # No interpolation # No invented values # No chicken/mouse data # ========================"
/content/drive/MyDrive/Colab Notebooks/Untitled93.ipynb,Untitled93.ipynb,2,REFERENCE_OR_ANALYSIS,7,8,0,1,1,0,0,0,0,4,0,17416," # ============================================================================= # HONEYBEE MODEL v11.8 # IMPLEMENTATION-LEVEL CAUSAL RECONCILIATION # NO NEW NETWORK SIMULATION # ============================================================================= from google.colab import drive drive.mount('/content/drive') import os import numpy as np import pandas as pd OUT = ""/content/drive/MyDrive/Honey"" os.makedirs(OUT, exist_ok=True) print(""="" * 80) print(""HONEYBEE MODEL v11.8 IMPLEMENTATION-LEVEL CAUSAL RECONCILIATION"") print(""="" * 80) print(""NO NEW NETWORKS WILL BE SIMULATED"") print(""Outpu"
/content/drive/MyDrive/Colab Notebooks/Untitled106.ipynb,Untitled106.ipynb,63,REFERENCE_OR_ANALYSIS,7,0,0,0,0,0,0,0,2,0,1,10681," # ================================================================ # PART 30L — EXACT PART29G SEQUENCE-HASH PROVENANCE SEARCH # ================================================================ from google.colab import drive drive.mount('/content/drive') import os import re import hashlib import pandas as pd from pathlib import Path print(""=""*80) print(""PART 30L — EXACT PART29G SEQUENCE-HASH PROVENANCE SEARCH"") print(""=""*80) BASE_DRIVE = ""/content/drive/MyDrive/GENE"" TARGET = ""FBgn0051797"" SPECIES = ""bdor"" IDENTIFIER = ""NW_011876280.1+:298903:305225"" TARGET_SHA = ( ""c14cdd7138340f45a"
/content/drive/MyDrive/Colab Notebooks/Untitled12.ipynb,Untitled12.ipynb,18,REFERENCE_OR_ANALYSIS,7,0,0,0,0,0,0,0,2,0,1,17810," # ============================================================================================================== # STEP 32D-FIX19 # IL2RGA DISTAL F0 DMR — REGULATORY CONTEXT ANNOTATION # # PURPOSE: # FIX18 identified exactly one published F0 DMR within 100 kb of Robust-5: # # il2rga # DMR chr10:33504791-33505190 # 39,139 bp from gene body # 52,109 bp from TSS # hypermethylated # # This step tests whether that DMR has an independently annotated # regulatory context. # # IMPORTANT: # Proximity alone is NOT interpreted as enhancer activity. # Regulatory an"
/content/drive/MyDrive/Colab Notebooks/Untitled2.ipynb,Untitled2.ipynb,13,REFERENCE_OR_ANALYSIS,7,0,0,0,0,0,0,0,1,0,0,9780, # ============================================================ # FIGURE 4 — COMPREHENSIVE FUNCTIONAL ENRICHMENT # GO-BP + GO-MF + GO-CC + REACTOME # NO GOOGLE DRIVE OUTPUT # ============================================================ # ------------------------------------------------------------ # INSTALL # ------------------------------------------------------------ !pip -q install gprofiler-official # ------------------------------------------------------------ # IMPORTS # ------------------------------------------------------------ import pandas as pd import numpy as np import matplot
/content/drive/MyDrive/Colab Notebooks/Untitled2.ipynb,Untitled2.ipynb,18,REFERENCE_OR_ANALYSIS,7,0,0,0,0,0,0,0,1,0,0,9407," # ============================================================ # FIGURE 4 — FINAL BIOLOGICAL INTERPRETATION # REDUNDANCY-REDUCED 10 REPRESENTATIVE TERMS # NO TITLE # NO GOOGLE DRIVE OUTPUT # ============================================================ import pandas as pd import numpy as np import matplotlib.pyplot as plt import seaborn as sns # ------------------------------------------------------------ # INPUT # ------------------------------------------------------------ input_file = ""/content/Figure4_Final_RedundancyReduced_Enrichment.csv"" df = pd.read_csv(input_file) # -------------"
/content/drive/MyDrive/Colab Notebooks/Untitled42.ipynb,Untitled42.ipynb,4,REFERENCE_OR_ANALYSIS,7,0,0,0,0,0,0,0,1,0,0,20650," # ============================================================================================================== # FIX22T-R11-R81-FIX9-FIX12-FIX1 # ROBUST FIX11 ARTIFACT DISCOVERY → EXACT PAPER EVIDENCE RECOVERY # ============================================================================================================== from google.colab import drive drive.mount(""/content/drive"") import os import re import json import hashlib import pandas as pd from pathlib import Path print(""="" * 110) print(""FIX22T-R11-R81-FIX9-FIX12-FIX1 ROBUST FIX11 ARTIFACT DISCOVERY"") print(""="" * 110) BASE = ""/co"
/content/drive/MyDrive/Colab Notebooks/Untitled98.ipynb,Untitled98.ipynb,67,REFERENCE_OR_ANALYSIS,7,8,0,0,1,1,0,0,1,4,0,16364, # ================================================================================ # v13.3E-REPRO-FIX2 # ================================================================================ # PURPOSE # Correctly compare the available v13.3C condition summary # with v13.3E mechanistic network-level results. # # IMPORTANT # - NO MODEL RERUN # - NO ASSUMPTION about E factorial CSV row structure # - C summary = 4 conditions # - E metrics = 400 network-level observations # - E factorial effects are reconstructed directly from E metrics # ==================================================
/content/drive/MyDrive/Colab Notebooks/Untitled0.ipynb,Untitled0.ipynb,23,REFERENCE_OR_ANALYSIS,6,0,0,1,0,0,0,0,0,0,1,6127, # ============================================================ # FINAL FIGURE 1 — LOCKED 6-CONTEXT Cd RESPONSE # ============================================================ # Rat Kidney | Rat Liver | Mouse Kidney | Mouse Liver | # Human Kidney | Human Liver # # Output: # PNG 300 dpi # TIFF 300 dpi # PDF # # Saved ONLY in /content/ (Google Colab files) # ============================================================ import os import pandas as pd import numpy as np import matplotlib.pyplot as plt import seaborn as sns # ------------------------------------------------------------ # 1. FR
/content/drive/MyDrive/Colab Notebooks/Untitled0.ipynb,Untitled0.ipynb,24,REFERENCE_OR_ANALYSIS,6,0,0,1,0,0,0,0,0,0,1,9758," # ============================================================ # FIGURE 1 — EXACT 6-CONTEXT SOURCE VERIFICATION # ============================================================ # PURPOSE: # Verify the exact frozen source values before Figure 1 and # manuscript Results are locked. # # NO recalculation # NO imputation # NO correction # NO replacement # NO biological inference # # Only source-to-source verification. # ============================================================ from google.colab import drive import os import pandas as pd import numpy as np drive.mount('/content/drive') BASE = """
/content/drive/MyDrive/Colab Notebooks/Untitled102.ipynb,Untitled102.ipynb,11,REFERENCE_OR_ANALYSIS,6,0,0,1,0,0,0,0,1,0,0,22335, # ============================================================ # ADHD PROJECT — PART 9B # STRING PHYSICAL PPI NETWORK EXTRACTION # Homo sapiens | Confidence >= 700 # ============================================================ # ------------------------------------------------------------ # 0. MOUNT GOOGLE DRIVE # ------------------------------------------------------------ from google.colab import drive drive.mount('/content/drive') # ------------------------------------------------------------ # 1. IMPORTS # ------------------------------------------------------------ import os import i
/content/drive/MyDrive/Colab Notebooks/Untitled102.ipynb,Untitled102.ipynb,22,REFERENCE_OR_ANALYSIS,6,0,0,1,0,0,0,0,1,0,0,29498, # ============================================================ # ADHD PROJECT — PART 11A # OBSERVED CROSS-ARCHITECTURE PPI PROXIMITY # # NETWORK: # Part 10D — IntAct 2-hop expanded network # # COMPARISON: # Familial unique genes = 6 # De novo unique genes = 27 # # IMPORTANT: # DOT1L is NOT included because it is the only # cross-architecture shared gene. # # THIS CODE DOES: # 1. Load expanded network # 2. Verify all seed genes # 3. Calculate all 6 × 27 = 162 cross-architecture pairs # 4. Calculate shortest path where connected # 5. Record disconnected pairs # 6. Calculate
/content/drive/MyDrive/Colab Notebooks/Untitled103.ipynb,Untitled103.ipynb,18,REFERENCE_OR_ANALYSIS,6,8,0,1,1,0,0,0,3,0,0,14413,"# ================================================================ # STEP 24 — GO BIOLOGICAL PROCESS ARCHITECTURE COMPARISON # ================================================================ from google.colab import drive drive.mount('/content/drive') import os import json import hashlib import itertools import numpy as np import pandas as pd from scipy.stats import fisher_exact from statsmodels.stats.multitest import multipletests # ================================================================ # PATHS # ================================================================ BASE = ""/conten"
/content/drive/MyDrive/Colab Notebooks/Untitled103.ipynb,Untitled103.ipynb,23,REFERENCE_OR_ANALYSIS,6,8,0,1,1,0,0,0,3,0,0,22432," # ================================================================ # STEP 26 — GO-BP FUNCTIONAL MODULE CONVERGENCE # ARCHITECTURE-SPECIFIC BIOLOGICAL PROCESS MODULE ANALYSIS # ================================================================ from google.colab import drive drive.mount('/content/drive') import os import json import hashlib import itertools from collections import defaultdict import numpy as np import pandas as pd # ================================================================ # PATHS # ================================================================ BASE = ""/content/dri"
/content/drive/MyDrive/Colab Notebooks/Untitled105.ipynb,Untitled105.ipynb,62,REFERENCE_OR_ANALYSIS,6,0,0,1,0,0,0,0,0,0,1,22989," # ============================================================================= # PART 23J.5 — HISTORICAL CACTUS DUPLICATE-SOURCE / PROVENANCE RECONCILIATION # ============================================================================= from google.colab import drive drive.mount('/content/drive') import os import re import hashlib import pandas as pd from collections import defaultdict print(""="" * 78) print(""PART 23J.5 — HISTORICAL CACTUS DUPLICATE-SOURCE / PROVENANCE RECONCILIATION"") print(""="" * 78) # ============================================================================= # 0. PAT"
/content/drive/MyDrive/Colab Notebooks/Untitled106.ipynb,Untitled106.ipynb,53,REFERENCE_OR_ANALYSIS,6,8,0,1,1,0,0,0,3,0,0,15270," # ============================================================================== # PART 30A — 19-CANDIDATE IDENTITY / DUPLICATION / ANNOTATION AUDIT # ============================================================================== # Goal: # Before interpreting any sequence-state pattern as gene birth, determine whether # the 19 candidates contain: # 1. duplicate/same-sequence candidate relationships # 2. candidate-to-candidate annotation relationships # 3. suspicious identical Dmel sequences # 4. overlapping identifiers # 5. evidence that multiple FBgns may represent the same underly"
/content/drive/MyDrive/Colab Notebooks/Untitled106.ipynb,Untitled106.ipynb,85,REFERENCE_OR_ANALYSIS,6,8,0,1,1,0,0,0,3,0,2,14534," from google.colab import drive drive.mount('/content/drive') import os import re import pandas as pd import numpy as np print(""=""*80) print(""PART 30AH — G3 COORDINATE OVERLAP FORENSICS"") print(""=""*80) # ================================================================ # VERIFIED PATHS # ================================================================ BASE = ""/content/drive/MyDrive/GENE/11_RESULTS/PART_29_MECHANISTIC_GENE_BIRTH"" P30AG = os.path.join( BASE, ""PART_30AG_G3_INFORMATIVE_SEQUENCE_OVERLAP"", ""PART_30AG_ALL_SIZE_AWARE_CONTINUITY.csv"" ) P30AE = os.path.join( BASE, "
/content/drive/MyDrive/Colab Notebooks/Untitled106.ipynb,Untitled106.ipynb,86,REFERENCE_OR_ANALYSIS,6,8,0,1,1,0,0,0,3,0,0,16103," from google.colab import drive drive.mount('/content/drive') import os import re import pandas as pd import numpy as np print(""=""*80) print(""PART 30AH-R — G3 COORDINATE OVERLAP FORENSICS"") print(""=""*80) # ================================================================ # VERIFIED PATHS # ================================================================ BASE = ""/content/drive/MyDrive/GENE/11_RESULTS/PART_29_MECHANISTIC_GENE_BIRTH"" P30AG = os.path.join( BASE, ""PART_30AG_G3_INFORMATIVE_SEQUENCE_OVERLAP"", ""PART_30AG_ALL_SIZE_AWARE_CONTINUITY.csv"" ) P30AE = os.path.join( BASE,"
/content/drive/MyDrive/Colab Notebooks/Untitled109.ipynb,Untitled109.ipynb,9,REFERENCE_OR_ANALYSIS,6,0,0,1,0,0,0,0,0,0,1,3317," # ================================================================ # PART 25B.37 — 15 MISSING FIGURE2 GC FORENSICS # ================================================================ from google.colab import drive drive.mount('/content/drive', force_remount=True) import pandas as pd import os BASE = ""/content/drive/MyDrive/GENE"" FIG = ( f""{BASE}/11_RESULTS/"" f""PART_19G_VALUE_FORENSIC_MAPPING/CLEAN_SOURCE/"" f""Figure_2_a_c_d_e_f_g_h.csv"" ) OBS = ( f""{BASE}/11_RESULTS/"" f""PART_25A1_AUTHORITATIVE_UNIVERSE_RECONCILIATION/"" f""PART_25A1_LOCKED_555_OBSERVED_SET.csv"" ) UNI"
/content/drive/MyDrive/Colab Notebooks/Untitled109.ipynb,Untitled109.ipynb,10,REFERENCE_OR_ANALYSIS,6,0,0,1,0,0,0,0,0,0,1,3317," # ================================================================ # PART 25B.37 — 15 MISSING FIGURE2 GC FORENSICS # ================================================================ from google.colab import drive drive.mount('/content/drive', force_remount=True) import pandas as pd import os BASE = ""/content/drive/MyDrive/GENE"" FIG = ( f""{BASE}/11_RESULTS/"" f""PART_19G_VALUE_FORENSIC_MAPPING/CLEAN_SOURCE/"" f""Figure_2_a_c_d_e_f_g_h.csv"" ) OBS = ( f""{BASE}/11_RESULTS/"" f""PART_25A1_AUTHORITATIVE_UNIVERSE_RECONCILIATION/"" f""PART_25A1_LOCKED_555_OBSERVED_SET.csv"" ) UNI"
/content/drive/MyDrive/Colab Notebooks/Untitled110.ipynb,Untitled110.ipynb,5,REFERENCE_OR_ANALYSIS,6,0,0,1,0,0,0,0,0,0,1,19418," # ================================================================ # PART 25C.51 — TARGETED EVOLUTIONARY ALIGNMENT VALIDATION # # Goal: # Validate whether the seed/ORF continuity signal corresponds # to longer sequence-level similarity. # # IMPORTANT: # Only a targeted subset is aligned. # We DO NOT align all 58,506 records. # ================================================================ from google.colab import drive drive.mount('/content/drive') import os import numpy as np import pandas as pd from Bio.Align import PairwiseAligner BASE = ""/content/drive/MyDrive/GENE"" print(""=""*78) p"
/content/drive/MyDrive/Colab Notebooks/Untitled112.ipynb,Untitled112.ipynb,48,REFERENCE_OR_ANALYSIS,6,8,0,1,1,0,0,0,3,0,0,16893," # ================================================================ # PART 31.33 — SINGLE-NUCLEOTIDE PROTO-ORF ACCESSIBILITY # ================================================================ # CENTRAL QUESTION: # # Can a non-genic DNA sequence acquire a short coding-like # ATG -> first in-frame STOP architecture through a small # sequence change? # # We quantify: # 1. Existing proto-ORFs # 2. Proto-ORFs created by exactly ONE nucleotide substitution # 3. Number of distinct single-base mutations capable of creating # such proto-ORFs # # Thresholds: 25, 30, 40, 50 aa # # Primary vali"
/content/drive/MyDrive/Colab Notebooks/Untitled25.ipynb,Untitled25.ipynb,17,REFERENCE_OR_ANALYSIS,6,0,0,1,0,0,0,0,0,0,1,25064, # ============================================================================================================== # STEP 32D...FIX22T-R11-R23 # TGIF2LY HUMAN → DANIO ORTHOLOGY + GPL14664 PROBE RESOLUTION # ============================================================================================================== import os import re import json import time import requests import pandas as pd # -------------------------------------------------------------------------------------------------------------- # [1] CONFIGURATION # -----------------------------------------------------------------
/content/drive/MyDrive/Colab Notebooks/Untitled30.ipynb,Untitled30.ipynb,15,REFERENCE_OR_ANALYSIS,6,0,0,1,0,0,0,0,0,0,1,6766," # ============================================================================================================== # [11] ORTHOGONAL EVIDENCE RECONCILIATION — ROBUST SCHEMA-SAFE VERSION # ============================================================================================================== print(""="" * 110) print(""R51 ORTHOGONAL EVIDENCE RECONCILIATION"") print(""="" * 110) # -------------------------------------------------------------------------------- # 1. SAFE COLUMN ACCESS # -------------------------------------------------------------------------------- def safe_text(df, col): "
/content/drive/MyDrive/Colab Notebooks/Untitled37.ipynb,Untitled37.ipynb,2,REFERENCE_OR_ANALYSIS,6,0,0,1,0,0,0,0,0,0,1,28955, # ===================================================================================================================== # FIX22T-R11-R81-FIX4 # FINAL ORIGINAL-PAPER BIOLOGICAL CONTEXT RECONSTRUCTION # # PURPOSE # ------- # R81-FIX3 established source provenance: # - 33440144 = original DMR-containing paper # - 35092824 = original H3K9me3-containing paper # - no original paper currently contains BOTH # # THIS STAGE: # 1. Reads ONLY already-recovered original FULLTEXT files. # 2. Extracts direct experimental context around: # DMR / methylation # H3K9me3 # persiste
/content/drive/MyDrive/Colab Notebooks/Untitled38.ipynb,Untitled38.ipynb,1,REFERENCE_OR_ANALYSIS,6,0,0,1,0,0,0,0,0,0,1,28955, # ===================================================================================================================== # FIX22T-R11-R81-FIX4 # FINAL ORIGINAL-PAPER BIOLOGICAL CONTEXT RECONSTRUCTION # # PURPOSE # ------- # R81-FIX3 established source provenance: # - 33440144 = original DMR-containing paper # - 35092824 = original H3K9me3-containing paper # - no original paper currently contains BOTH # # THIS STAGE: # 1. Reads ONLY already-recovered original FULLTEXT files. # 2. Extracts direct experimental context around: # DMR / methylation # H3K9me3 # persiste
/content/drive/MyDrive/Colab Notebooks/Untitled4.ipynb,Untitled4.ipynb,52,REFERENCE_OR_ANALYSIS,6,8,0,1,1,0,0,0,3,0,0,22313, # ================================================================================ # STEP 39 — CDR3β SEQUENCE-LEVEL CONVERGENCE + ANTIGEN SPECIFICITY # ================================================================================ # # PURPOSE # ------- # 1. Use EXACT donor × CDR3β unit = 667 # 2. Validate priority motifs at full CDR3β sequence level # 3. Identify exact CDR3 recurrence across donors # 4. Identify near-convergent CDR3 sequences using normalized edit distance # 5. Specifically characterize QGYE × NYNYLYRLF # 6. Determine whether the antigen-associated signal is broader than th
/content/drive/MyDrive/Colab Notebooks/Untitled82.ipynb,Untitled82.ipynb,2,REFERENCE_OR_ANALYSIS,6,0,0,1,0,0,0,0,1,0,0,24998, # ==================================================================================================== # PAX3 EVOLUTIONARY CONSTRAINT PROJECT # STAGE 4C-0 — GENOME-WIDE CHICKEN × MOUSE ORTHOLOGY SOURCE VALIDATION # # PURPOSE # ---------------------------------------------------------------------------------------------------- # Find and validate an ACTUAL genome-wide Chicken Ensembl ID ↔ Mouse Ensembl ID orthology source. # # THIS STAGE DOES NOT: # ---------------------------------------------------------------------------------------------------- # - perform trajectory ranking # - calculate 
/content/drive/MyDrive/Colab Notebooks/Untitled101.ipynb,Untitled101.ipynb,0,REFERENCE_OR_ANALYSIS,6,0,0,0,0,0,0,0,2,0,0,9058," # ============================================================ # ADHD GENETIC CONVERGENCE PROJECT # PART 1 — GOOGLE DRIVE SETUP # ============================================================ from google.colab import drive from pathlib import Path import os import json from datetime import datetime # ------------------------------------------------------------ # 1. MOUNT GOOGLE DRIVE # ------------------------------------------------------------ drive.mount('/content/drive') print(""Google Drive mounted successfully."") # ------------------------------------------------------------ # 2. MA"
/content/drive/MyDrive/Colab Notebooks/Untitled2.ipynb,Untitled2.ipynb,12,REFERENCE_OR_ANALYSIS,6,0,0,0,0,0,0,0,1,0,1,8419," # ============================================================ # FIGURE 4 — BIOLOGICAL PROCESS / PATHWAY INTERPRETATION # GO Biological Process + Reactome Enrichment # NO GOOGLE DRIVE OUTPUT # ============================================================ import os import requests import pandas as pd import numpy as np import matplotlib.pyplot as plt # ------------------------------------------------------------ # 1. TARGET 15-GENE RESPONSE MODULE # ------------------------------------------------------------ target_genes = [ ""BEX4"", ""CDH13"", ""COL16A1"", ""CTBP2"", ""GSG1"", "
/content/drive/MyDrive/Colab Notebooks/Untitled2.ipynb,Untitled2.ipynb,14,REFERENCE_OR_ANALYSIS,6,0,0,0,0,0,0,0,1,0,1,11823," # ============================================================ # FIGURE 4 — FINAL REDUNDANCY-REDUCED FUNCTIONAL ENRICHMENT # NO TITLE ABOVE FIGURE # NO GOOGLE DRIVE OUTPUT # TIFF = 300 DPI # ============================================================ !pip -q install gprofiler-official import pandas as pd import numpy as np import matplotlib.pyplot as plt import seaborn as sns from gprofiler import GProfiler # ============================================================ # TARGET GENES # ============================================================ target_genes = [ ""BEX4"", ""CDH13"","
/content/drive/MyDrive/Colab Notebooks/Untitled98.ipynb,Untitled98.ipynb,94,REFERENCE_OR_ANALYSIS,6,8,0,0,1,0,0,0,0,5,0,20179, # ============================================================ # FIGURE 3 — MECHANISTIC BASIS OF THE BEHAVIOURAL TRANSFORMATION # # A. PN→KC remodeling and behavioural change # B. Top-K versus Random-K counterfactual # C. Targeted reversion across remodeling fractions # # Uses ONLY saved v13.3E / v13.3J results. # # OUTPUT: # /content/Figure_3.png # /content/Figure_3.tiff # # 300 DPI # NO overall title # NO simulation # NO Drive output # ============================================================ # ============================================================ # 1. MOUNT DRIVE # ========
/content/drive/MyDrive/Colab Notebooks/Untitled99.ipynb,Untitled99.ipynb,0,REFERENCE_OR_ANALYSIS,6,8,0,0,1,0,0,0,0,5,0,20179, # ============================================================ # FIGURE 3 — MECHANISTIC BASIS OF THE BEHAVIOURAL TRANSFORMATION # # A. PN→KC remodeling and behavioural change # B. Top-K versus Random-K counterfactual # C. Targeted reversion across remodeling fractions # # Uses ONLY saved v13.3E / v13.3J results. # # OUTPUT: # /content/Figure_3.png # /content/Figure_3.tiff # # 300 DPI # NO overall title # NO simulation # NO Drive output # ============================================================ # ============================================================ # 1. MOUNT DRIVE # ========
/content/drive/MyDrive/Colab Notebooks/Untitled99.ipynb,Untitled99.ipynb,1,REFERENCE_OR_ANALYSIS,6,8,0,0,1,0,0,0,0,5,0,18756, # ============================================================ # FIGURE 3 — MECHANISTIC BASIS OF THE BEHAVIOURAL TRANSFORMATION # # A. PN→KC remodeling and behavioural change # B. Top-K versus Random-K counterfactual # C. Targeted PN→KC reversion # # 2 + 1 CLEAN LAYOUT # 300 DPI # PNG + TIFF # NO OVERALL TITLE # NO SIMULATION # OUTPUT ONLY TO /content # ============================================================ # ============================================================ # 1. DRIVE # ============================================================ from google.colab import drive drive.mount
/content/drive/MyDrive/Colab Notebooks/Untitled99.ipynb,Untitled99.ipynb,2,REFERENCE_OR_ANALYSIS,6,8,0,0,1,0,0,0,0,5,0,23143, # ============================================================ # FIGURE 3 — MECHANISTIC BASIS OF THE BEHAVIOURAL TRANSFORMATION # # A. PN→KC remodeling and behavioural change # B. Top-K versus Random-K counterfactual # C. Targeted PN→KC reversion # # CLEAN 2 + 1 LAYOUT # 300 DPI # PNG + TIFF # NO OVERALL TITLE # NO SIMULATION # OUTPUT ONLY TO /content # ============================================================ # ============================================================ # 1. DRIVE # ============================================================ from google.colab import drive drive.mount
/content/drive/MyDrive/Colab Notebooks/Untitled0.ipynb,Untitled0.ipynb,5,REFERENCE_OR_ANALYSIS,5,0,0,1,0,0,0,0,0,0,0,2037," # ==================================================================================================== # PHASE 28 — STEP 4F RECOVERY # STEP 1: LOCATE ORIGINAL EXPRESSION MATRICES # ==================================================================================================== import os import glob print(""="" * 100) print(""PHASE 28 — STEP 4F RECOVERY"") print(""LOCATING ORIGINAL EXPRESSION MATRICES"") print(""="" * 100) TARGETS = [ ""GSE16233_series_matrix.txt.gz"", ""GSE83326_series_matrix.txt.gz"", ""GSE31286_series_matrix.txt.gz"", ""GSE19662_series_matrix.txt.gz"", ""GSE215254"
/content/drive/MyDrive/Colab Notebooks/Untitled0.ipynb,Untitled0.ipynb,21,REFERENCE_OR_ANALYSIS,5,0,0,1,0,0,0,0,0,0,0,3888, # ================================================================ # FIGURE 1 — FINAL CROSS-SPECIES / TISSUE RESPONSE LANDSCAPE # ================================================================ # Output: # PNG → 300 DPI # TIFF → 300 DPI # PDF # # Saved ONLY in Google Colab local file section: # /content/ # # No output is saved to Google Drive. # ================================================================ from google.colab import drive drive.mount('/content/drive') import os import pandas as pd import numpy as np import matplotlib.pyplot as plt import seaborn as sns # -------
/content/drive/MyDrive/Colab Notebooks/Untitled0.ipynb,Untitled0.ipynb,22,REFERENCE_OR_ANALYSIS,5,0,0,1,0,0,0,0,0,0,0,5103," # ============================================================ # FINAL FIGURE 1 # Cross-species and tissue-specific Cd response # 300 DPI — PNG / TIFF / PDF # Saved only in Google Colab /content/ # ============================================================ import os import pandas as pd import numpy as np import matplotlib.pyplot as plt import seaborn as sns # ------------------------------------------------------------ # 1. INPUT # ------------------------------------------------------------ input_file = ""/content/drive/MyDrive/Toxicology (1)/Cd_FINAL_15Gene_6Context_Master_Log2FC_Matrix"
/content/drive/MyDrive/Colab Notebooks/Untitled0.ipynb,Untitled0.ipynb,34,REFERENCE_OR_ANALYSIS,5,0,0,1,0,0,0,0,0,0,0,10915,"import os import numpy as np import pandas as pd import matplotlib.pyplot as plt BASE = ""/content/drive/MyDrive/Toxicology (1)"" INPUT_31 = os.path.join( BASE, ""Cd_Phase31_Gene_Statistical_Robustness.csv"" ) INPUT_30 = os.path.join( BASE, ""Cd_Phase30_15Gene_Response_Module_Architecture.csv"" ) OUT_INTEGRATED = os.path.join( BASE, ""Cd_Phase32_Integrated_4Context_Response_Map.csv"" ) OUT_HEATMAP = os.path.join( BASE, ""Cd_Phase32_4Context_Heatmap_Matrix.csv"" ) OUT_CORE = os.path.join( BASE, ""Cd_Phase32_Final_Core_Candidates.csv"" ) OUT_CONTEXT = os.path.j"
/content/drive/MyDrive/Colab Notebooks/Untitled0.ipynb,Untitled0.ipynb,35,REFERENCE_OR_ANALYSIS,5,0,0,1,0,0,0,0,0,0,0,7598," # ============================================================ # FIGURE 1 — WHAT IS THE RESPONSE? # 15-GENE OVERALL CADMIUM RESPONSE LANDSCAPE # 300 DPI | PNG + PDF + TIFF # ============================================================ import os import pandas as pd import numpy as np import matplotlib.pyplot as plt # ------------------------------------------------------------ # INPUT # ------------------------------------------------------------ input_file = ""/content/drive/MyDrive/Toxicology (1)/Cd_Phase32_Integrated_4Context_Response_Map.csv"" # -------------------------------------------"
/content/drive/MyDrive/Colab Notebooks/Untitled0.ipynb,Untitled0.ipynb,43,REFERENCE_OR_ANALYSIS,5,0,0,1,0,0,0,0,0,0,0,8243," # ============================================================ # FIGURE 3 — CROSS-SPECIES REPRODUCIBILITY # Rat vs Mouse response across liver and kidney # # 300 DPI | PNG + PDF + TIFF # Saves ONLY in /content/ # ============================================================ import pandas as pd import numpy as np import matplotlib.pyplot as plt from scipy.stats import pearsonr, spearmanr # ------------------------------------------------------------ # 1. INPUT — CLEAN FIGURE-1 MATRIX # ------------------------------------------------------------ input_file = ""/content/Cd_Phase37_Figure1_Clea"
/content/drive/MyDrive/Colab Notebooks/Untitled0.ipynb,Untitled0.ipynb,61,REFERENCE_OR_ANALYSIS,5,0,0,1,0,0,0,0,0,0,0,30003," # ============================================================================================================== # PHASE 46J — EXACT SOURCE / DERIVATION DIRECTION FORENSICS # # PHASE 46I FINDING # ----------------- # Rat_Kidney_Day5_SexAdjusted_Limma_All.csv # and # Rat_Kidney_Day5_Annotated_Limma.csv # # are numerically identical for: # # 31,099 / 31,099 probes # logFC # AveExpr # t # PValue # FDR # B # # Therefore the next unresolved question is NOT: # # ""Can we reproduce the sex-adjusted model?"" # # but: # # ""What is the provenance direction between these existing"
/content/drive/MyDrive/Colab Notebooks/Untitled0.ipynb,Untitled0.ipynb,63,REFERENCE_OR_ANALYSIS,5,0,0,1,0,0,0,0,0,0,0,5007,"# ============================================================ # FIGURE 3 — INDEPENDENT CROSS-SPECIES / HUMAN VALIDATION # # Rat Kidney → Mouse Kidney → Human Kidney → Human Liver # + Direction Concordance # ============================================================ import os import re import numpy as np import pandas as pd import matplotlib.pyplot as plt from matplotlib.colors import TwoSlopeNorm # ============================================================ # 1. PATHS # ============================================================ ROOT = ""/content/drive/MyDrive/Toxicology (1)"" OUTDIR = """
/content/drive/MyDrive/Colab Notebooks/Untitled102.ipynb,Untitled102.ipynb,5,REFERENCE_OR_ANALYSIS,5,0,0,1,0,0,0,0,0,0,0,13896," # ============================================================ # PART 6A — OLFSON 2024 # Variant Definition + Quality-Control Inspection # ============================================================ from google.colab import drive drive.mount(""/content/drive"") import os import json import pandas as pd import numpy as np # ============================================================ # 1. PROJECT PATHS # ============================================================ PROJECT = ""/content/drive/MyDrive/ADHD"" if not os.path.exists(PROJECT): raise FileNotFoundError( f""ADHD project fol"
/content/drive/MyDrive/Colab Notebooks/Untitled102.ipynb,Untitled102.ipynb,7,REFERENCE_OR_ANALYSIS,5,0,0,1,0,0,0,0,0,0,0,15926," # ================================================================ # PART 8 — ADHD GENE ID HARMONIZATION & ANNOTATION # ================================================================ # # Purpose: # Harmonize the primary familial and de-novo gene sets before # PPI/network analysis. # # Primary sets: # Familial = 6 genes # De novo = 27 genes # # This step DOES NOT perform PPI analysis. # ================================================================ from google.colab import drive drive.mount(""/content/drive"") import os import json import pandas as pd import numpy as np import req"
/content/drive/MyDrive/Colab Notebooks/Untitled102.ipynb,Untitled102.ipynb,10,REFERENCE_OR_ANALYSIS,5,0,0,1,0,0,0,0,0,0,0,14466,# ================================================================ # PART 9A — STRING IDENTIFIER MAPPING DIAGNOSTIC & CORRECTION # ================================================================ # # PURPOSE: # Diagnose the STRING mapping failure from Part 9. # # IMPORTANT: # No PPI network is downloaded in this step. # # The previous output showed: # STRING mapping rows = 33 # mapped genes = 33 # unmapped genes = 33 # STRING IDs = 0 # # This indicates a parsing/field-identification problem rather # than a genuine failure of STRING to recognize the genes. # ==
/content/drive/MyDrive/Colab Notebooks/Untitled102.ipynb,Untitled102.ipynb,36,REFERENCE_OR_ANALYSIS,5,0,0,1,0,0,0,0,0,0,0,16074," # ============================================================ # PART 12A # MATCHED NULL-MODEL INPUT ASSEMBLY + QC # # PURPOSE: # Prepare the gene-level variables required for the # primary matched permutation null model. # # PRIMARY MATCHING VARIABLES: # 1. Gene length # 2. LoF constraint / LOEUF # 3. PPI degree # # IMPORTANT: # - NO permutation # - NO randomization # - NO empirical p-value # ============================================================ from google.colab import drive drive.mount(""/content/drive"") import os import glob import re import pandas as pd import numpy a"
/content/drive/MyDrive/Colab Notebooks/Untitled103.ipynb,Untitled103.ipynb,78,REFERENCE_OR_ANALYSIS,5,0,0,1,0,0,0,0,0,0,0,984," from google.colab import drive drive.mount('/content/drive') import os BASE = ""/content/drive/MyDrive/ADHD"" TARGETS = [ ""step29_final_conclusion.json"", ""step29_final_evidence_matrix.csv"", ""step29_final_results_report.txt"", ""step29_reproducibility_manifest.json"" ] print(""="" * 70) print(""STEP 31AV-A — LOCATE STEP 29 FILES"") print(""="" * 70) found = {} for root, dirs, files in os.walk(BASE): for target in TARGETS: if target in files: path = os.path.join(root, target) found[target] = path print(""\nRESULT"") print(""-"" * 70) for target in TA"
/content/drive/MyDrive/Colab Notebooks/Untitled105.ipynb,Untitled105.ipynb,13,REFERENCE_OR_ANALYSIS,5,0,0,1,0,0,0,0,0,0,0,11567," # ============================================================================== # PART 19V — EXACT logmean PROVENANCE RECONSTRUCTION # ============================================================================== from google.colab import drive drive.mount('/content/drive') import numpy as np import pandas as pd from pathlib import Path from scipy.stats import pearsonr, spearmanr # ------------------------------------------------------------------------------ # PATHS # ------------------------------------------------------------------------------ BASE_DIR = Path(""/content/drive/MyDrive/G"
/content/drive/MyDrive/Colab Notebooks/Untitled105.ipynb,Untitled105.ipynb,52,REFERENCE_OR_ANALYSIS,5,0,0,1,0,0,0,0,0,0,0,12623," # ============================================================================ # PART 23J.2 — CACTUS STRUCTURAL GROUP RECONSTRUCTION # ============================================================================ from google.colab import drive drive.mount('/content/drive') import os import re import pandas as pd from collections import Counter BASE = ""/content/drive/MyDrive/GENE"" RAW_CACTUS = os.path.join( BASE, ""00_RAW"", ""Supplementary_Data_1_genome_metadata.txt"" ) OUT_DIR = os.path.join( BASE, ""11_RESULTS"", ""PART_23J2_CACTUS_STRUCTURAL_GROUPS"" ) os.makedirs(OUT_"
/content/drive/MyDrive/Colab Notebooks/Untitled106.ipynb,Untitled106.ipynb,10,REFERENCE_OR_ANALYSIS,5,0,0,1,0,0,0,0,0,0,0,9461," # ============================================================================== # PART 25B.14R.3 — TARGETED RECOVERY OF 92 FIGURE-2-ABSENT NULL GENES # ============================================================================== from google.colab import drive drive.mount('/content/drive') import os import pandas as pd import numpy as np print(""="" * 78) print(""PART 25B.14R.3 — RECOVERY OF 92 FIGURE-2-ABSENT NULL GENES"") print(""="" * 78) BASE = ""/content/drive/MyDrive/GENE"" OUTDIR = ( f""{BASE}/11_RESULTS/"" ""PART_25B_EMPIRICAL_NULL_TESTING"" ) os.makedirs(OUTDIR, exist_ok=True) #"
/content/drive/MyDrive/Colab Notebooks/Untitled106.ipynb,Untitled106.ipynb,12,REFERENCE_OR_ANALYSIS,5,0,0,1,0,0,0,0,0,0,0,7009," # ============================================================================== # PART 25B.14R.7 — EXACT CACTUS/FlyBase LENGTH TRANSFORMATION # ============================================================================== from google.colab import drive drive.mount('/content/drive') import os import pandas as pd import numpy as np print(""="" * 78) print(""PART 25B.14R.7 — EXACT LENGTH TRANSFORMATION"") print(""="" * 78) BASE = ""/content/drive/MyDrive/GENE"" OUTDIR = ( f""{BASE}/11_RESULTS/"" ""PART_25B_EMPIRICAL_NULL_TESTING"" ) CACTUS_FILE = ( f""{OUTDIR}/PART_25B5W_NULL_CACTUS_FEATU"
/content/drive/MyDrive/Colab Notebooks/Untitled106.ipynb,Untitled106.ipynb,15,REFERENCE_OR_ANALYSIS,5,0,0,1,0,0,0,0,0,0,0,12622, # ============================================================================== # PART 25B.14R.11 — 23-GENE ISOFORM-SENSITIVITY ANALYSIS # ============================================================================== # Purpose: # Quantify the full possible GEP range for the 23 unresolved/ambiguous # null genes using ALL available FlyBase feature pairs. # # IMPORTANT: # - No arbitrary isoform selection. # - No null p-values. # - No null distribution. # - No biological conclusion yet. # ============================================================================== from google.col
/content/drive/MyDrive/Colab Notebooks/Untitled106.ipynb,Untitled106.ipynb,36,REFERENCE_OR_ANALYSIS,5,0,0,1,0,0,0,0,0,0,0,17073, # ============================================================================= # PART 29D — TRUE PRE-GENE / NON-GENIC EVIDENCE DISCOVERY # # FUNDAMENTAL QUESTION: # Is there actual comparative evidence connecting a candidate gene to # a pre-gene / non-genic sequence state? # # IMPORTANT: # Filename/category is NOT treated as biological evidence. # We inspect actual raw content. # ============================================================================= from google.colab import drive drive.mount('/content/drive') import os import re import pandas as pd import numpy as np BASE =
/content/drive/MyDrive/Colab Notebooks/Untitled106.ipynb,Untitled106.ipynb,75,REFERENCE_OR_ANALYSIS,5,8,0,1,1,0,0,0,2,0,0,14990, # ============================================================================== # PART 30Z-R — CORRECTED FULL 555 G3 SPECIFICITY AUDIT # ============================================================================== # Fix: # The previous Part30Z attempted to aggregate identifier_class before # guaranteeing that the merged column existed. # # This version reconstructs the G3 specificity tables cleanly from Part29G. # ============================================================================== from google.colab import drive drive.mount('/content/drive') import os import numpy as np import 
/content/drive/MyDrive/Colab Notebooks/Untitled108.ipynb,Untitled108.ipynb,3,REFERENCE_OR_ANALYSIS,5,8,0,1,1,0,0,0,2,0,0,11929," from google.colab import drive drive.mount('/content/drive') import os import pandas as pd import numpy as np print(""=""*80) print(""PART 30AK — EXACT RAW-RECORD BEST-MATCH AUDIT"") print(""=""*80) # ================================================================ # PATHS # ================================================================ BASE = ""/content/drive/MyDrive/GENE/11_RESULTS/PART_29_MECHANISTIC_GENE_BIRTH"" P30AI = os.path.join( BASE, ""PART_30AI_RECIPROCAL_SEQUENCE_SPECIFICITY"", ""PART_30AI_R2_BEST_NONDMEL_NEIGHBOR_PER_G3_LOCUS.csv"" ) P30AF = os.path.join( BASE, ""P"
/content/drive/MyDrive/Colab Notebooks/Untitled108.ipynb,Untitled108.ipynb,4,REFERENCE_OR_ANALYSIS,5,8,0,1,1,0,0,0,2,0,0,18038," from google.colab import drive drive.mount('/content/drive') import os import pandas as pd import numpy as np print(""=""*80) print(""PART 30AL — TRUE NON-DMEL NEIGHBOR RAW-RECORD RECOVERY"") print(""=""*80) # ================================================================ # PROJECT ROOT # ================================================================ PROJECT_ROOT = ""/content/drive/MyDrive/GENE/11_RESULTS"" # ================================================================ # EXACT VERIFIED FILENAMES # ================================================================ TARGET_FILES = { ""P30"
/content/drive/MyDrive/Colab Notebooks/Untitled108.ipynb,Untitled108.ipynb,10,REFERENCE_OR_ANALYSIS,5,8,0,1,1,0,0,0,2,0,0,19878," from google.colab import drive drive.mount('/content/drive') import os import re import hashlib import numpy as np import pandas as pd print(""=""*80) print(""PART 30AR — GLOBAL LOCAL-CONTINUITY RAW SEQUENCE VALIDATION AUDIT"") print(""=""*80) ROOT = ""/content/drive/MyDrive/GENE/11_RESULTS"" # ================================================================ # EXACT FILE DISCOVERY # ================================================================ TARGETS = { ""P30AN"": ""PART_30AN_ACTUAL_LOCAL_ALIGNMENTS.csv"", ""P30AE"": ""PART_30AE_G3_RAW_NEIGHBORHOODS_UNIQUE.csv"" } def find"
/content/drive/MyDrive/Colab Notebooks/Untitled108.ipynb,Untitled108.ipynb,11,REFERENCE_OR_ANALYSIS,5,8,0,1,1,0,0,0,2,0,0,16815," from google.colab import drive drive.mount('/content/drive') import os import re import hashlib import numpy as np import pandas as pd print(""=""*80) print(""PART 30AR-R2 — RAW VALIDATION OF ALL ACTUAL LOCAL-ALIGNMENT CASES"") print(""=""*80) ROOT = ""/content/drive/MyDrive/GENE/11_RESULTS"" # ================================================================ # VERIFIED INPUTS # ================================================================ def find_exact(root, filename): hits = [] for dp, dns, fns in os.walk(root): if filename in fns: hits.append( "
/content/drive/MyDrive/Colab Notebooks/Untitled108.ipynb,Untitled108.ipynb,23,REFERENCE_OR_ANALYSIS,5,0,0,1,0,0,0,0,0,0,0,10894," # ============================================================================= # PART 25B.17 — 91-GENE FEATURE CONCORDANCE + FBgn0287582 FORENSICS # ============================================================================= from google.colab import drive drive.mount('/content/drive') import os import gzip import re import pandas as pd import numpy as np import hashlib BASE = ""/content/drive/MyDrive/GENE"" OUT = os.path.join( BASE, ""11_RESULTS"", ""PART_25B_EMPIRICAL_NULL_TESTING"" ) os.makedirs(OUT, exist_ok=True) SUMMARY_PATH = os.path.join( OUT, ""PART_25B16_92_MISSIN"
/content/drive/MyDrive/Colab Notebooks/Untitled108.ipynb,Untitled108.ipynb,24,REFERENCE_OR_ANALYSIS,5,0,0,1,0,0,0,0,0,0,0,11902," # ============================================================================= # PART 25B.18 — STRICT FEATURE-COLUMN FORENSICS # ============================================================================= from google.colab import drive drive.mount('/content/drive') import os import pandas as pd import numpy as np BASE = ""/content/drive/MyDrive/GENE"" OUT = os.path.join( BASE, ""11_RESULTS"", ""PART_25B_EMPIRICAL_NULL_TESTING"" ) os.makedirs(OUT, exist_ok=True) INVENTORY_PATH = os.path.join( OUT, ""PART_25B16_92_MISSING_FEATURE_SOURCE_INVENTORY.csv"" ) SUMMARY_PATH = os.pa"
/content/drive/MyDrive/Colab Notebooks/Untitled108.ipynb,Untitled108.ipynb,25,REFERENCE_OR_ANALYSIS,5,0,0,1,0,0,0,0,0,0,0,9057," # ============================================================================== # PART 25B.19 — HISTORICAL LENGTH-UNIT RECONCILIATION # ============================================================================== from google.colab import drive drive.mount('/content/drive') import os import re import numpy as np import pandas as pd BASE = ""/content/drive/MyDrive/GENE"" OUT = f""{BASE}/11_RESULTS/PART_25B_EMPIRICAL_NULL_TESTING"" os.makedirs(OUT, exist_ok=True) print(""=""*78) print(""PART 25B.19 — HISTORICAL LENGTH-UNIT RECONCILIATION"") print(""=""*78) # ---------------------------------------"
/content/drive/MyDrive/Colab Notebooks/Untitled109.ipynb,Untitled109.ipynb,13,REFERENCE_OR_ANALYSIS,5,0,0,1,0,0,0,0,0,0,0,6045," # ================================================================ # PART 25B.40 — ROBUST 92-GENE FEATURE RECOVERY # ================================================================ from google.colab import drive drive.mount('/content/drive', force_remount=True) import pandas as pd import os BASE = ""/content/drive/MyDrive/GENE"" OUT = f""{BASE}/11_RESULTS/PART_25B_EMPIRICAL_NULL_TESTING"" MISSING_FILE = f""{OUT}/PART_25B39_92_COMPLETELY_MISSING_FIGURE2_FBIDS.txt"" print(""="" * 70) print(""PART 25B.40 — ROBUST 92-GENE FEATURE RECOVERY"") print(""="" * 70) # ----------------------------------------"
/content/drive/MyDrive/Colab Notebooks/Untitled109.ipynb,Untitled109.ipynb,14,REFERENCE_OR_ANALYSIS,5,0,0,1,0,0,0,0,0,0,0,3248," # ================================================================ # PART 25B.41 — 91-GENE FEATURE RECONCILIATION # ================================================================ from google.colab import drive drive.mount('/content/drive', force_remount=True) import pandas as pd import os BASE = ""/content/drive/MyDrive/GENE"" OUT = f""{BASE}/11_RESULTS/PART_25B_EMPIRICAL_NULL_TESTING"" FILE = f""{OUT}/PART_25B40_92_GENE_STRICT_FEATURE_RECOVERY.csv"" df = pd.read_csv(FILE, low_memory=False) df[""FBID""] = df[""FBID""].astype(str) targets = sorted(df[""FBID""].unique()) print(""="" * 70) print(""PA"
/content/drive/MyDrive/Colab Notebooks/Untitled109.ipynb,Untitled109.ipynb,26,REFERENCE_OR_ANALYSIS,5,0,0,1,0,0,0,0,0,0,0,5192," from google.colab import drive drive.mount('/content/drive') import os import pandas as pd import numpy as np BASE = ""/content/drive/MyDrive/GENE"" OUT = f""{BASE}/11_RESULTS/PART_25C_EVOLUTIONARY_SEQUENCE_STATE"" os.makedirs(OUT, exist_ok=True) print(""=""*70) print(""PART 25C.9 — 834 → 555 FILTER TRANSITION FORENSICS"") print(""=""*70) # ------------------------------------------------ # ORIGINAL FILTERING HISTORY # ------------------------------------------------ path = ( f""{BASE}/00_RAW/"" ""Supplementary_Data_5_filtering_history.csv"" ) df = pd.read_csv(path, low_memory=False) print(""S"
/content/drive/MyDrive/Colab Notebooks/Untitled109.ipynb,Untitled109.ipynb,38,REFERENCE_OR_ANALYSIS,5,0,0,1,0,0,0,0,0,0,0,7045," # ================================================================ # PART 25C.18T — 36-BLOCK ↔ RAW SEQUENCE EXACT RECONCILIATION # ================================================================ from google.colab import drive drive.mount('/content/drive') import os import hashlib import pandas as pd BASE = ""/content/drive/MyDrive/GENE"" OUT = f""{BASE}/11_RESULTS/PART_25C_EVOLUTIONARY_SEQUENCE_STATE"" RAW = ( f""{OUT}/PART_25C17S_RAW_Dmel_CANDIDATE_SEQUENCES.csv"" ) BLOCKS = ( f""{BASE}/11_RESULTS/"" f""PART_23J9R_ROBUST_DIFFERENCE_RECONCILIATION/"" f""PART_23J9R_verified_differen"
/content/drive/MyDrive/Colab Notebooks/Untitled109.ipynb,Untitled109.ipynb,40,REFERENCE_OR_ANALYSIS,5,0,0,1,0,0,0,0,0,0,0,6682,"import os import pandas as pd import numpy as np from google.colab import drive drive.mount('/content/drive') BASE = ""/content/drive/MyDrive/GENE"" OUT = ( f""{BASE}/11_RESULTS/"" f""PART_25C_EVOLUTIONARY_SEQUENCE_STATE"" ) BLOCK_FILE = ( f""{BASE}/11_RESULTS/"" f""PART_23J9R_ROBUST_DIFFERENCE_RECONCILIATION/"" f""PART_23J9R_verified_difference_blocks.csv"" ) RAW_FILE = ( f""{OUT}/PART_25C17S_RAW_Dmel_CANDIDATE_SEQUENCES.csv"" ) # ------------------------------------------------ # 1. Load validated sources # ------------------------------------------------ blocks = pd.read_csv"
/content/drive/MyDrive/Colab Notebooks/Untitled109.ipynb,Untitled109.ipynb,42,REFERENCE_OR_ANALYSIS,5,0,0,1,0,0,0,0,0,0,0,8301," # ================================================================ # PART 25C.21 — PRE/POST TRANSITION FEATURE ANALYSIS # ================================================================ from google.colab import drive drive.mount('/content/drive') import os import pandas as pd import numpy as np BASE = ""/content/drive/MyDrive/GENE"" OUT = ( f""{BASE}/11_RESULTS/"" f""PART_25C_EVOLUTIONARY_SEQUENCE_STATE"" ) BLOCK_FILE = ( f""{BASE}/11_RESULTS/"" f""PART_23J9R_ROBUST_DIFFERENCE_RECONCILIATION/"" f""PART_23J9R_verified_difference_blocks.csv"" ) RAW_FILE = ( f""{OUT}/PART_25C17"
/content/drive/MyDrive/Colab Notebooks/Untitled109.ipynb,Untitled109.ipynb,46,REFERENCE_OR_ANALYSIS,5,0,0,1,0,0,0,0,0,0,0,8977," # ================================================================ # PART 25C.28R — CORRECTED THREE-OCCURRENCE ASSIGNMENT # ================================================================ from google.colab import drive drive.mount('/content/drive') import pandas as pd import numpy as np BASE = ""/content/drive/MyDrive/GENE"" OUT = ( f""{BASE}/11_RESULTS/"" f""PART_25C_EVOLUTIONARY_SEQUENCE_STATE"" ) SEQ_FILE = ( f""{OUT}/PART_25C26_MULTI_SPECIES_SEQUENCE_LONG.csv"" ) df = pd.read_csv( SEQ_FILE, low_memory=False ) df[""FBgn""] = df[""FBgn""].astype(str).str.strip() df[""species"""
/content/drive/MyDrive/Colab Notebooks/Untitled109.ipynb,Untitled109.ipynb,47,REFERENCE_OR_ANALYSIS,5,0,0,1,0,0,0,0,0,0,0,10770," # ================================================================ # PART 25C.28S # DIRECT RAW-CACTUS THREE-OCCURRENCE RECONSTRUCTION # ================================================================ from google.colab import drive drive.mount('/content/drive') import pandas as pd import re import os BASE = ""/content/drive/MyDrive/GENE"" CACTUS = ( f""{BASE}/00_RAW/"" f""Supplementary_Data_1_genome_metadata.txt"" ) CANDIDATE_FILE = ( f""{BASE}/00_RAW/"" f""Supplementary_Data_2_555_candidates.csv"" ) OUT = ( f""{BASE}/11_RESULTS/"" f""PART_25C_EVOLUTIONARY_SEQUENCE_STATE"" ) "
/content/drive/MyDrive/Colab Notebooks/Untitled109.ipynb,Untitled109.ipynb,49,REFERENCE_OR_ANALYSIS,5,0,0,1,0,0,0,0,0,0,0,11562," # ================================================================ # PART 25C.43 # CROSS-SPECIES ORF-STATE RECONSTRUCTION # 555 DE NOVO CANDIDATES # ================================================================ from google.colab import drive drive.mount('/content/drive') import os import numpy as np import pandas as pd BASE = ""/content/drive/MyDrive/GENE"" SEQ_FILE = ( f""{BASE}/11_RESULTS/"" f""PART_25C_EVOLUTIONARY_SEQUENCE_STATE/"" f""PART_25C28S_RAW_OCCURRENCE_RECORDS.csv"" ) CANDIDATE_FILE = ( f""{BASE}/00_RAW/"" f""Supplementary_Data_2_555_candidates.csv"" ) OUT = ( "
/content/drive/MyDrive/Colab Notebooks/Untitled109.ipynb,Untitled109.ipynb,50,REFERENCE_OR_ANALYSIS,5,0,0,1,0,0,0,0,0,0,0,12118," # ================================================================ # PART 25C.45 # ALIGNMENT-AWARE ORF CONSERVATION # # Dmel ORF -> corresponding Cactus-aligned non-Dmel tract # # IMPORTANT: # This tests alignment-level compatibility. # It does NOT by itself prove ancestral gene status. # ================================================================ from google.colab import drive drive.mount('/content/drive') import os import numpy as np import pandas as pd BASE = ""/content/drive/MyDrive/GENE"" SEQ_FILE = ( f""{BASE}/11_RESULTS/"" f""PART_25C_EVOLUTIONARY_SEQUENCE_STATE/"" f""PAR"
/content/drive/MyDrive/Colab Notebooks/Untitled109.ipynb,Untitled109.ipynb,53,REFERENCE_OR_ANALYSIS,5,0,0,1,0,0,0,0,0,0,0,17946," # ================================================================ # PART 25C.47R — DMEL-ANCHORED PAIRWISE NUCLEOTIDE ORF ALIGNMENT # CORRECTED / ROBUST PATH VERSION # ================================================================ from google.colab import drive drive.mount('/content/drive') import os import glob import numpy as np import pandas as pd try: from Bio import pairwise2 except Exception as e: raise RuntimeError( ""Biopython pairwise2 unavailable."" ) BASE = ""/content/drive/MyDrive/GENE"" SEQ_FILE = ( f""{BASE}/11_RESULTS/"" f""PART_25C_EVOLUTIONARY_SEQU"
/content/drive/MyDrive/Colab Notebooks/Untitled109.ipynb,Untitled109.ipynb,54,REFERENCE_OR_ANALYSIS,5,0,0,1,0,0,0,0,0,0,0,15407," # ================================================================ # PART 25C.47S — FAST DMEL-ANCHORED LOCAL ORF ALIGNMENT # # IMPORTANT: # - Replaces slow pairwise2 global alignment # - Uses Bio.Align.PairwiseAligner local alignment # - Preserves duplicate records # - No shared Cactus-coordinate assumption # ================================================================ from google.colab import drive drive.mount('/content/drive') import os import numpy as np import pandas as pd from Bio.Align import PairwiseAligner BASE = ""/content/drive/MyDrive/GENE"" SEQ_FILE = ( f""{BASE}/11_RESU"
/content/drive/MyDrive/Colab Notebooks/Untitled109.ipynb,Untitled109.ipynb,55,REFERENCE_OR_ANALYSIS,5,0,0,1,0,0,0,0,0,0,0,15407," # ================================================================ # PART 25C.47S — FAST DMEL-ANCHORED LOCAL ORF ALIGNMENT # # IMPORTANT: # - Replaces slow pairwise2 global alignment # - Uses Bio.Align.PairwiseAligner local alignment # - Preserves duplicate records # - No shared Cactus-coordinate assumption # ================================================================ from google.colab import drive drive.mount('/content/drive') import os import numpy as np import pandas as pd from Bio.Align import PairwiseAligner BASE = ""/content/drive/MyDrive/GENE"" SEQ_FILE = ( f""{BASE}/11_RESU"
/content/drive/MyDrive/Colab Notebooks/Untitled110.ipynb,Untitled110.ipynb,1,REFERENCE_OR_ANALYSIS,5,0,0,1,0,0,0,0,0,0,0,15407," # ================================================================ # PART 25C.47S — FAST DMEL-ANCHORED LOCAL ORF ALIGNMENT # # IMPORTANT: # - Replaces slow pairwise2 global alignment # - Uses Bio.Align.PairwiseAligner local alignment # - Preserves duplicate records # - No shared Cactus-coordinate assumption # ================================================================ from google.colab import drive drive.mount('/content/drive') import os import numpy as np import pandas as pd from Bio.Align import PairwiseAligner BASE = ""/content/drive/MyDrive/GENE"" SEQ_FILE = ( f""{BASE}/11_RESU"
/content/drive/MyDrive/Colab Notebooks/Untitled110.ipynb,Untitled110.ipynb,2,REFERENCE_OR_ANALYSIS,5,0,0,1,0,0,0,0,0,0,0,13789, # ================================================================ # PART 25C.48 — FAST SEED-BASED ORF HOMOLOGY SCREEN # # Goal: # Quickly identify non-Dmel sequences containing multiple exact # k-mer seeds from the Dmel ORF. # # NO expensive pairwise alignment here. # # Workflow: # Dmel ORF # ↓ # exact k-mer seeds # ↓ # non-Dmel sequence scan # ↓ # seed-positive records # ↓ # later: expensive alignment only on positives # ================================================================ from google.colab import drive drive.mount('/content/drive') import os import numpy as np imp
/content/drive/MyDrive/Colab Notebooks/Untitled111.ipynb,Untitled111.ipynb,5,REFERENCE_OR_ANALYSIS,5,0,0,1,0,0,0,0,0,0,0,8311," # ================================================================ # PART 25C.63 — STARTING ARCHITECTURE vs EVOLUTIONARY DECAY # ================================================================ from google.colab import drive drive.mount('/content/drive') import os import numpy as np import pandas as pd import statsmodels.api as sm from scipy.stats import spearmanr ROOT = ""/content/drive/MyDrive/GENE"" BASE = os.path.join( ROOT, ""11_RESULTS"", ""PART_25C_EVOLUTIONARY_SEQUENCE_STATE"" ) OUT = os.path.join( BASE, ""PART_25C63_STARTING_ARCHITECTURE_DECAY"" ) os.makedirs(OUT, e"
/content/drive/MyDrive/Colab Notebooks/Untitled111.ipynb,Untitled111.ipynb,10,REFERENCE_OR_ANALYSIS,5,0,0,1,0,0,0,0,0,0,0,11942," from google.colab import drive drive.mount('/content/drive') import os import hashlib import pandas as pd import numpy as np BASE = ""/content/drive/MyDrive/GENE"" RAW = os.path.join( BASE, ""00_RAW"", ""Supplementary_Data_1_genome_metadata.txt"" ) REC = os.path.join( BASE, ""11_RESULTS"", ""PART_25C_EVOLUTIONARY_SEQUENCE_STATE"", ""PART_25C28S_RAW_OCCURRENCE_RECORDS.csv"" ) OUT = os.path.join( BASE, ""11_RESULTS"", ""PART_25C_EVOLUTIONARY_SEQUENCE_STATE"", ""PART_25C75_UNMATCHED_KEY_FORENSICS"" ) os.makedirs(OUT, exist_ok=True) print(""=""*70) print(""PART 25C.75"
/content/drive/MyDrive/Colab Notebooks/Untitled111.ipynb,Untitled111.ipynb,22,REFERENCE_OR_ANALYSIS,5,0,0,1,0,0,0,0,0,0,0,9238,"from google.colab import drive drive.mount('/content/drive') import os import pandas as pd import numpy as np BASE = ""/content/drive/MyDrive/GENE"" EVOL = os.path.join( BASE, ""11_RESULTS"", ""PART_25C_EVOLUTIONARY_SEQUENCE_STATE"" ) P83 = os.path.join( EVOL, ""PART_25C83_DIRECT_HEADER_RECONCILIATION"", ""PART_25C83_DIRECT_HEADER_RECONCILIATION.csv"" ) REC = os.path.join( EVOL, ""PART_25C28S_RAW_OCCURRENCE_RECORDS.csv"" ) OUT = os.path.join( EVOL, ""PART_25C84_PLUS3_STOP_CODON_FORENSICS"" ) os.makedirs(OUT, exist_ok=True) print(""=""*70) print(""PART 25C.84 — +3"
/content/drive/MyDrive/Colab Notebooks/Untitled111.ipynb,Untitled111.ipynb,23,REFERENCE_OR_ANALYSIS,5,0,0,1,0,0,0,0,0,0,0,8778," from google.colab import drive drive.mount('/content/drive') import os import pandas as pd import numpy as np BASE = ""/content/drive/MyDrive/GENE"" EVOL = os.path.join( BASE, ""11_RESULTS"", ""PART_25C_EVOLUTIONARY_SEQUENCE_STATE"" ) P83 = os.path.join( EVOL, ""PART_25C83_DIRECT_HEADER_RECONCILIATION"", ""PART_25C83_DIRECT_HEADER_RECONCILIATION.csv"" ) P83RAW = os.path.join( EVOL, ""PART_25C83_DIRECT_HEADER_RECONCILIATION"", ""PART_25C83_RAW_MATCHED_RECORDS.csv"" ) REC = os.path.join( EVOL, ""PART_25C28S_RAW_OCCURRENCE_RECORDS.csv"" ) OUT = os.path.join( "
/content/drive/MyDrive/Colab Notebooks/Untitled111.ipynb,Untitled111.ipynb,24,REFERENCE_OR_ANALYSIS,5,0,0,1,0,0,0,0,0,0,0,8442," from google.colab import drive drive.mount('/content/drive') import os import pandas as pd import numpy as np BASE = ""/content/drive/MyDrive/GENE"" EVOL = os.path.join( BASE, ""11_RESULTS"", ""PART_25C_EVOLUTIONARY_SEQUENCE_STATE"" ) P83 = os.path.join( EVOL, ""PART_25C83_DIRECT_HEADER_RECONCILIATION"", ""PART_25C83_DIRECT_HEADER_RECONCILIATION.csv"" ) P83RAW = os.path.join( EVOL, ""PART_25C83_DIRECT_HEADER_RECONCILIATION"", ""PART_25C83_RAW_MATCHED_RECORDS.csv"" ) REC = os.path.join( EVOL, ""PART_25C28S_RAW_OCCURRENCE_RECORDS.csv"" ) OUT = os.path.join( "
/content/drive/MyDrive/Colab Notebooks/Untitled111.ipynb,Untitled111.ipynb,25,REFERENCE_OR_ANALYSIS,5,0,0,1,0,0,0,0,0,0,0,8442," from google.colab import drive drive.mount('/content/drive') import os import pandas as pd import numpy as np BASE = ""/content/drive/MyDrive/GENE"" EVOL = os.path.join( BASE, ""11_RESULTS"", ""PART_25C_EVOLUTIONARY_SEQUENCE_STATE"" ) P83 = os.path.join( EVOL, ""PART_25C83_DIRECT_HEADER_RECONCILIATION"", ""PART_25C83_DIRECT_HEADER_RECONCILIATION.csv"" ) P83RAW = os.path.join( EVOL, ""PART_25C83_DIRECT_HEADER_RECONCILIATION"", ""PART_25C83_RAW_MATCHED_RECORDS.csv"" ) REC = os.path.join( EVOL, ""PART_25C28S_RAW_OCCURRENCE_RECORDS.csv"" ) OUT = os.path.join( "
/content/drive/MyDrive/Colab Notebooks/Untitled111.ipynb,Untitled111.ipynb,35,REFERENCE_OR_ANALYSIS,5,0,0,1,0,0,0,0,0,0,0,8834," # ================================================================ # PART 26.8 — ORIGINAL Br1–Br9 CONTEXT + SPECIES RECOVERY # ================================================================ from google.colab import drive drive.mount('/content/drive') import os import re import pandas as pd print(""=""*70) print(""PART 26.8 — ORIGINAL Br1–Br9 CONTEXT + SPECIES RECOVERY"") print(""=""*70) ROOT = ""/content/drive/MyDrive/GENE"" # Original project areas only SEARCH_ROOTS = [ os.path.join(ROOT, ""00_RAW""), os.path.join(ROOT, ""11_RESULTS"", ""PART_19P_ORIGINAL_AUTHOR_CODE""), os.path.join(RO"
/content/drive/MyDrive/Colab Notebooks/Untitled112.ipynb,Untitled112.ipynb,19,REFERENCE_OR_ANALYSIS,5,0,0,1,0,0,0,0,0,0,0,1788,"master[""transition_class""] = np.where( master[""transition_group""].eq(""RETAINED_555""), ""RETAINED_DE_NOVO"", np.where( master[""transition_group""].eq(""REJECTED_279""), ""REJECTED_HOMOLOGY"", ""UNEXPECTED"" ) ) print(""\nNORMALIZED:"") print(master[""transition_class""].value_counts().to_string()) assert (master[""transition_class""] == ""UNEXPECTED"").sum() == 0 # ------------------------------------------------------------------------- # 6. DERIVED ARCHITECTURE VARIABLES # ------------------------------------------------------------------------- for c in [ ""min_"
/content/drive/MyDrive/Colab Notebooks/Untitled112.ipynb,Untitled112.ipynb,69,REFERENCE_OR_ANALYSIS,5,8,0,1,1,0,0,0,2,0,0,14355," # ============================================================================= # PART 31.45D — OCCURRENCE / RECORD-ORDER / COORDINATE SOURCE RECONCILIATION # ============================================================================= import os import re import json import glob import pandas as pd import numpy as np from google.colab import drive drive.mount('/content/drive') GENE = ""/content/drive/MyDrive/GENE"" EVENT_FILE = ( f""{GENE}/11_RESULTS/"" ""PART_31_NON_GENIC_TO_YOUNG_GENE_RECONSTRUCTION/"" ""PART_31_34R_FAST_MUTATION_PROTO_ORF/"" ""PART_31_34R_FINAL_EVENT_ARCHITECTU"
/content/drive/MyDrive/Colab Notebooks/Untitled112.ipynb,Untitled112.ipynb,91,REFERENCE_OR_ANALYSIS,5,0,0,1,0,0,0,0,0,0,0,17129," # ================================================================ # PART 31.74R — LOCAL-GC → STOP DENSITY → ACCESSIBILITY MECHANISM # CORRECTED FOR LONG-FORM ACCESSIBILITY TABLE # ================================================================ import os import glob import json import numpy as np import pandas as pd from scipy.stats import spearmanr, pearsonr from sklearn.linear_model import LinearRegression ROOT = ""/content/drive/MyDrive/GENE"" OUTDIR = os.path.join( ROOT, ""11_RESULTS"", ""PART_31_NON_GENIC_TO_YOUNG_GENE_RECONSTRUCTION"", ""PART_31_74_LOCAL_GC_STOP_ACCESSIBIL"
/content/drive/MyDrive/Colab Notebooks/Untitled114.ipynb,Untitled114.ipynb,0,REFERENCE_OR_ANALYSIS,5,0,0,1,0,0,0,0,0,0,0,15606," # ================================================================ # PART 31.75 # LOCAL-GC → TRINUCLEOTIDE COMPOSITION → ACCESSIBILITY # ================================================================ # # Question: # Does trinucleotide composition explain the strong association # between local-GC variability and one-nucleotide accessibility? # # Current evidence: # local_GC30_sd ↔ accessibility = strong # stop density does NOT explain it # # Therefore: # # LOCAL-GC # ↓ # TRINUCLEOTIDE STRUCTURE # ↓ # ACCESSIBILITY # # This is a mechanistic decomposition, NOT causal proof. # ==========="
/content/drive/MyDrive/Colab Notebooks/Untitled115.ipynb,Untitled115.ipynb,29,REFERENCE_OR_ANALYSIS,5,0,0,1,0,0,0,0,0,0,0,25118," # ============================================================================= # PART 31.93AC-R3 # HUMAN CURRENT TRANSCRIPT / TRANSLATION VALIDATION # ROBUST COLUMN NORMALIZATION # ============================================================================= from google.colab import drive drive.mount(""/content/drive"") import os import re import json import time import requests import pandas as pd import numpy as np print(""="" * 80) print(""PART 31.93AC-R3 — HUMAN CURRENT TRANSCRIPT / TRANSLATION VALIDATION"") print(""="" * 80) # ================================================================"
/content/drive/MyDrive/Colab Notebooks/Untitled115.ipynb,Untitled115.ipynb,33,REFERENCE_OR_ANALYSIS,5,0,0,1,0,0,0,0,0,0,0,13438, # ============================================================ # PART 31.93AD-R7 # CORRECT ENSEMBL cDNA/CDS RECOVERY # # IMPORTANT: # R6 established that previous AC-R3 DNA_Sequence was actually # genomic-span sequence because the Ensembl sequence endpoint # defaults to genomic sequence unless type=cdna/cds is specified. # # R7 explicitly requests: # type=cdna # type=cds # type=protein # # We test ALL 9 discordant candidates. # ============================================================ import os import re import time import json import requests import pandas as pd import numpy as np 
/content/drive/MyDrive/Colab Notebooks/Untitled115.ipynb,Untitled115.ipynb,35,REFERENCE_OR_ANALYSIS,5,0,0,1,0,0,0,0,0,0,0,13019," # ============================================================================= # PART 31.94C — MUTATION-WEIGHTED PROTO-ORF ACCESSIBILITY # Existing PART 31.34R event architecture # ============================================================================= from google.colab import drive drive.mount('/content/drive') import os import json import numpy as np import pandas as pd # ============================================================================= # PATHS # ============================================================================= ROOT = ""/content/drive/MyDrive/GENE"" EVENT_F"
/content/drive/MyDrive/Colab Notebooks/Untitled115.ipynb,Untitled115.ipynb,42,REFERENCE_OR_ANALYSIS,5,0,0,1,0,0,0,0,0,0,0,11326," # ============================================================================== # PART 31.94C-R9 — ONE-NT SUBSTITUTION RECOVERY FROM REAL DNA # ============================================================================== from google.colab import drive drive.mount('/content/drive') import os import re import json import pandas as pd import numpy as np from pathlib import Path from collections import Counter, defaultdict print(""="" * 100) print(""PART 31.94C-R9 — ONE-NT SUBSTITUTION RECOVERY FROM REAL DNA"") print(""="" * 100) # ==============================================================="
/content/drive/MyDrive/Colab Notebooks/Untitled115.ipynb,Untitled115.ipynb,43,REFERENCE_OR_ANALYSIS,5,0,0,1,0,0,0,0,0,0,0,17083," # ============================================================================== # PART 31.94C-R10 # MUTATION-SPECTRUM-WEIGHTED ACCESSIBILITY # ============================================================================== from google.colab import drive drive.mount('/content/drive') import os import json import numpy as np import pandas as pd from pathlib import Path print(""="" * 100) print(""PART 31.94C-R10 — MUTATION-SPECTRUM-WEIGHTED ACCESSIBILITY"") print(""="" * 100) # ============================================================================== # 1. PATHS # ============================"
/content/drive/MyDrive/Colab Notebooks/Untitled115.ipynb,Untitled115.ipynb,64,REFERENCE_OR_ANALYSIS,5,0,0,1,0,0,0,0,0,0,0,12563," # ============================================================ # PART 31.94E-R2 # FULL MUTATION-SPECTRUM-WEIGHTED ACCESSIBILITY # CORRECTED WEIGHT-COLUMN VERSION # ============================================================ from google.colab import drive drive.mount('/content/drive') import os import json import numpy as np import pandas as pd print(""=""*100) print(""PART 31.94E-R2 — MUTATION-SPECTRUM-WEIGHTED ACCESSIBILITY"") print(""=""*100) # ============================================================ # 1. PATHS # ============================================================ ROOT = ""/cont"
/content/drive/MyDrive/Colab Notebooks/Untitled116.ipynb,Untitled116.ipynb,14,REFERENCE_OR_ANALYSIS,5,0,0,1,0,0,0,0,0,0,0,20843," # ================================================================ # PART 31.95T # HISTORICAL SUBSTITUTION → MUTATION WEIGHT # → PROTO-ORF ACCESSIBILITY BRIDGE # ================================================================ from google.colab import drive drive.mount('/content/drive') import pandas as pd import numpy as np import json from pathlib import Path print(""="" * 70) print(""PART 31.95T — HISTORICAL SUBSTITUTION / ACCESSIBILITY BRIDGE"") print(""="" * 70) # ================================================================ # 1. PATHS # ================================================="
/content/drive/MyDrive/Colab Notebooks/Untitled116.ipynb,Untitled116.ipynb,15,REFERENCE_OR_ANALYSIS,5,0,0,1,0,0,0,0,0,0,0,20610," # ================================================================ # PART 31.95T-R2 # FIND LOCKED MUTATION WEIGHTS + HISTORICAL ACCESSIBILITY BRIDGE # ================================================================ from google.colab import drive drive.mount('/content/drive') import pandas as pd import numpy as np import json from pathlib import Path print(""="" * 70) print(""PART 31.95T-R2 — FIND LOCKED MUTATION WEIGHTS"") print(""="" * 70) # ================================================================ # 1. DIRECTORIES # ================================================================ BAS"
/content/drive/MyDrive/Colab Notebooks/Untitled12.ipynb,Untitled12.ipynb,1,REFERENCE_OR_ANALYSIS,5,0,0,1,0,0,0,0,0,0,0,28046," # ==================================================================================================== # GC ENVIRONMENTAL MEMORY — STEP 32D-FIX # ROBUST FILE DISCOVERY + MECHANISTIC CANDIDATE LOCUS ANALYSIS # # F0 PUBLISHED DMR × DIRECT F0 WGBS × F1 RNA-SEQ × REGULATORY CONTEXT # ==================================================================================================== import os import re import glob import numpy as np import pandas as pd BASE = ""/content/drive/MyDrive/Dissertation"" OUTDIR = os.path.join( BASE, ""GC_STEP32D_MECHANISTIC_CANDIDATE_LOCUS_ANALYSIS"" ) os.maked"
/content/drive/MyDrive/Colab Notebooks/Untitled120.ipynb,Untitled120.ipynb,4,REFERENCE_OR_ANALYSIS,5,8,0,1,1,0,0,0,0,4,0,4782," from google.colab import drive drive.mount('/content/drive') from pathlib import Path import json import re import pandas as pd # ============================================================ # SEARCH ACTUAL COLAB NOTEBOOKS # ============================================================ DRIVE = Path(""/content/drive/MyDrive"") COLAB_DIR = DRIVE / ""Colab Notebooks"" print(""="" * 80) print(""SEARCHING COLAB NOTEBOOKS FOR ACTUAL HONEYBEE/DROSOPHILA MODEL"") print(""="" * 80) print(""\nColab Notebooks path:"") print(COLAB_DIR) if not COLAB_DIR.exists(): print(""\nERROR: Colab Notebooks folder not fo"
/content/drive/MyDrive/Colab Notebooks/Untitled2.ipynb,Untitled2.ipynb,3,REFERENCE_OR_ANALYSIS,5,0,0,1,0,0,0,0,0,0,0,5004," # ============================================================ # FIGURE 3 — MOUSE KIDNEY EFFECT-SIZE SOURCE DISCOVERY # DO NOT MAKE FIGURE YET # ============================================================ import os import glob import pandas as pd import re ROOT = ""/content/drive/MyDrive/Toxicology (1)"" TARGET_GENES = { ""BEX4"", ""CDH13"", ""COL16A1"", ""CTBP2"", ""GSG1"", ""HMOX1"", ""HSPA1A"", ""HSPB1"", ""HSPH1"", ""KLRE1"", ""NES"", ""NEU2"", ""POPDC2"", ""STMN4"", ""VGF"" } # ------------------------------------------------------------ # Search candidate CSV files # ----------------------------------"
/content/drive/MyDrive/Colab Notebooks/Untitled24.ipynb,Untitled24.ipynb,2,REFERENCE_OR_ANALYSIS,5,0,0,1,0,0,0,0,0,0,0,18853," # ============================================================================================================== # STEP 32D...FIX22T-R11-R7-R5 # TGIF2LY TEMPORAL GSM POOL → RE-EXPOSURE / PRIMED GROUP # → QUANTITATIVE MATRIX CROSS-MATCH # ============================================================================================================== import os import re import json import pandas as pd import numpy as np BASE = ""/content/drive/MyDrive/Dissertation"" CANDIDATE = ""ENSDARG00000059775"" GENE = ""TGIF2LY"" R3 = os.path.join( BASE, ""GC_STEP32D_FIX31_FIX1_FIX5_FIX4_FIX3_FIX4_FIX5"
/content/drive/MyDrive/Colab Notebooks/Untitled25.ipynb,Untitled25.ipynb,15,REFERENCE_OR_ANALYSIS,5,0,0,1,0,0,0,0,0,0,0,19251, # ============================================================================================================== # STEP 32D...FIX22T-R11-R21 # TGIF2LY / ENSDARG00000059775 TARGET-IDENTITY FORENSIC RESOLUTION # ============================================================================================================== # # PURPOSE: # 1. Independently resolve ENSDARG00000059775. # 2. Independently resolve TGIF2LY. # 3. Test whether NCBI Gene ID 798575 really belongs to the claimed target. # 4. Search GPL14664 using the CORRECT identity chain only after resolution. # 5. DO NOT extract
/content/drive/MyDrive/Colab Notebooks/Untitled26.ipynb,Untitled26.ipynb,2,REFERENCE_OR_ANALYSIS,5,0,0,1,0,0,0,0,0,0,0,9257," # ============================================================================================================== # FIX22T-R11-R27B # GSE113241 MATRIX RECOVERY FROM GEO # NO ASSUMED OLD PATH # ============================================================================================================== import os import gzip import json import time import hashlib import requests import pandas as pd print(""="" * 110) print(""FIX22T-R11-R27B GSE113241 MATRIX RECOVERY FROM GEO"") print(""="" * 110) DATASET = ""GSE113241"" OUT_DIR = ( ""/content/drive/MyDrive/Dissertation/"" ""GC_STEP32D_FIX31_FI"
/content/drive/MyDrive/Colab Notebooks/Untitled4.ipynb,Untitled4.ipynb,6,REFERENCE_OR_ANALYSIS,5,0,0,1,0,0,0,0,0,0,0,10259,"# ============================================================ # GSE261966 — STEP 4 # FIX DEXTRAMER FILTER + INSPECT SPECIFICITY LABELS # # IMPORTANT: # Step 3 dex+ filtering was invalid because of dtype handling. # This step fixes that WITHOUT modifying the H5AD. # ============================================================ import numpy as np import pandas as pd # ------------------------------------------------------------ # 1. EXACT dtype + raw representation of is_dex+ # ------------------------------------------------------------ print(""=""*90) print(""1. is_dex+ DATA TYPE INSPECTION"") "
/content/drive/MyDrive/Colab Notebooks/Untitled4.ipynb,Untitled4.ipynb,7,REFERENCE_OR_ANALYSIS,5,0,0,1,0,0,0,0,0,0,0,14591," # ============================================================ # GSE261966 — STEP 5 # HLA MODALITY FORENSIC ANALYSIS # # Goal: # 1. Determine where HLA information exists # 2. Separate HLA expression from HLA genotype # 3. Map HLA-related measurements to donor / experiment # 4. Inspect HA1–HA8 experimental structure # 5. Search Google Drive for accompanying metadata files # # IMPORTANT: # Original H5AD is NOT modified. # ============================================================ import os import re import numpy as np import pandas as pd BASE = ""/content/drive/MyDrive/M.Sc"" print(""=""*100)"
/content/drive/MyDrive/Colab Notebooks/Untitled4.ipynb,Untitled4.ipynb,14,REFERENCE_OR_ANALYSIS,5,0,0,1,0,0,0,0,0,0,0,18120," # ============================================================ # STEP 11 — ANTIGEN-SPECIFIC CLONOTYPE ARCHITECTURE # ============================================================ import os import json import numpy as np import pandas as pd BASE_DIR = ""/content/drive/MyDrive/M.Sc/GSE261966_inspection"" INPUT_FILE = os.path.join( BASE_DIR, ""step10_dex_status_forensics.csv"" ) OUT_CLONO = os.path.join( BASE_DIR, ""step11_Dex_clonotype_architecture.csv"" ) OUT_ANTIGEN = os.path.join( BASE_DIR, ""step11_antigen_clonotype_architecture.csv"" ) OUT_MULTI = os.path.join( BAS"
/content/drive/MyDrive/Colab Notebooks/Untitled4.ipynb,Untitled4.ipynb,17,REFERENCE_OR_ANALYSIS,5,0,0,1,0,0,0,0,0,0,0,3702,"# ============================================================================ # STEP 14 — REPRODUCIBLE ANTIGEN–TCR CORE SET (FIXED) # ============================================================================ import os import json import numpy as np import pandas as pd # 1. PATHS BASE_DIR = ""/content/drive/MyDrive/M.Sc/GSE261966_inspection"" INPUT_TCR = os.path.join(BASE_DIR, ""step9_corrected_TCR_Dex_cell_table.csv"") STEP12_ENRICHMENT = os.path.join(BASE_DIR, ""step12_antigen_clonotype_enrichment.csv"") STEP13_STRATIFIED = os.path.join(BASE_DIR, ""step13_stratified_antigen_clonotype_validatio"
/content/drive/MyDrive/Colab Notebooks/Untitled4.ipynb,Untitled4.ipynb,19,REFERENCE_OR_ANALYSIS,5,0,0,1,0,0,0,0,0,0,0,18807," # ============================================================================ # STEP 16 — STRICT DONOR-LEVEL ANTIGEN–TCR REPRODUCIBILITY VALIDATION # # Goal: # Distinguish: # 1. single-donor expansion # 2. multi-sample recurrence within one donor # 3. true multi-donor recurrence # # This is a stricter validation layer after Step 15. # # IMPORTANT: # - A sample is NOT treated as an independent donor. # - A clonotype is ""donor-replicated"" only if the same clone_id is observed # in >=2 distinct donors. # - Antigen-specific donor replication is evaluated at the # "
/content/drive/MyDrive/Colab Notebooks/Untitled4.ipynb,Untitled4.ipynb,34,REFERENCE_OR_ANALYSIS,5,0,0,1,0,0,0,0,0,0,0,38068, # ============================================================================== # STEP 30 — ANTIGEN-SHARED CDR3 + DONOR-AWARE CONDITIONAL MOTIF VALIDATION # ============================================================================== # # GOAL # ---- # Previous Step 29 used a unique-CDR3 representation that could collapse # antigen information when one CDR3 was associated with multiple antigens. # # Step 30 preserves: # # DONOR × CDR3β × ANTIGEN # # as the statistical unit. # # No modal-antigen assignment is performed. # # Covariates: # - donor # - V gene # - J gene # - CDR3 l
/content/drive/MyDrive/Colab Notebooks/Untitled4.ipynb,Untitled4.ipynb,37,REFERENCE_OR_ANALYSIS,5,0,0,1,0,0,0,0,0,0,0,15911, # ============================================================================== # STEP 33 — LEAVE-ONE-DONOR-OUT ROBUSTNESS VALIDATION # QGYE × NYNYLYRLF # ============================================================================== # # PURPOSE # ------- # Test whether the Step 32 significant association: # # QGYE → NYNYLYRLF # # remains detectable when each donor is removed individually. # # Statistical unit: # donor × CDR3β × antigen # # H5AD: # NOT modified # ============================================================================== # ==================
/content/drive/MyDrive/Colab Notebooks/Untitled4.ipynb,Untitled4.ipynb,42,REFERENCE_OR_ANALYSIS,5,0,0,1,0,0,0,0,0,0,0,3745," # ============================================================================== # STEP 34 FIX — ROBUST CDR3 → MOTIF ASSIGNMENT # ============================================================================== print() print(""="" * 80) print(""BUILDING ROBUST CDR3 → MOTIF MEMBERSHIP"") print(""="" * 80) # ---------------------------------------------------------------------- # 1. Normalize CDR3 identifiers # ---------------------------------------------------------------------- records[""cdr3""] = ( records[cdr3_col] .astype(str) .str.strip() ) motifs[""motif_cdr3""] = ( motifs[""moti"
/content/drive/MyDrive/Colab Notebooks/Untitled45.ipynb,Untitled45.ipynb,14,REFERENCE_OR_ANALYSIS,5,0,0,1,0,0,0,0,0,0,0,19021, # ============================================================================================================== # FIX22T-R11-R81-TARGET2-FIX15 # TGIF2LY_SOCS3B_CAUSAL → EXACT 19 CAUSAL-POSITIVE SOURCE RECORD RECONSTRUCTION # # PURPOSE: # Reconstruct the exact FIX13 records underlying: # records = 58 # mechanism_positive = 58 # phenotype_positive = 58 # intervention_positive = 58 # causal_positive = 19 # # CRITICAL QUESTION: # Do the 19 causal-positive records contain ANY textual TGIF2LY/TGIF evidence? # # THIS STAGE DOES NOT ASSUME BIOLOGICAL CAUSALITY. # ==
/content/drive/MyDrive/Colab Notebooks/Untitled46.ipynb,Untitled46.ipynb,16,REFERENCE_OR_ANALYSIS,5,0,0,1,0,0,0,0,0,0,0,5406," from google.colab import drive drive.mount('/content/drive') import subprocess r_code = r''' library(AnnotationDbi) library(chicken.db) RDS_FILE <- ""/content/drive/MyDrive/thesis/DSD_Project/01_Segmentation_Clock/Chicken_Processed/E-MTAB-406_Chicken_RMA_Object.rds"" OUT_DIR <- ""/content/drive/MyDrive/thesis/DSD_Project/01_Segmentation_Clock/Chicken_Processed"" # ============================================================ # LOAD # ============================================================ norm_data <- readRDS(RDS_FILE) expr <- exprs(norm_data) probe_ids <- rownames(expr) # ==========="
/content/drive/MyDrive/Colab Notebooks/Untitled54.ipynb,Untitled54.ipynb,2,REFERENCE_OR_ANALYSIS,5,0,0,1,0,0,0,0,0,0,0,19482," # ============================================================================= # GSE164737 — PUBMED CANDIDATE RECONSTRUCTION + SOURCE-REVIEW TABLE # ============================================================================= # # PURPOSE # ------- # The previous PubMed screening successfully retrieved candidate articles, # but the structured CSV was not saved. # # This code reconstructs the candidate article table from ALL existing # project artifacts without assuming a particular filename. # # It: # 1. Searches all TXT/CSV/XLSX artifacts. # 2. Extracts PMID-like identifiers. # 3. Rec"
/content/drive/MyDrive/Colab Notebooks/Untitled58.ipynb,Untitled58.ipynb,6,REFERENCE_OR_ANALYSIS,5,0,0,1,0,0,0,0,0,0,0,19115," # ============================================================================== # GSE164737 — E.4.2 MOUSE BIGWIG CHROMOSOME-NAME NORMALIZATION + ASSEMBLY QC # ============================================================================== # PURPOSE: # Resolve the confirmed chromosome naming mismatch: # # GRCm38.91 GTF : 1, 2, 3, ... # Mouse BigWig : chr1, chr2, chr3, ... # # This step: # 1. Validates the mismatch. # 2. Tests chr-prefix conversion. # 3. Compares GTF chromosome lengths with BigWig chromosome lengths. # 4. Confirms that the BigWigs are compatible with the GRCm38"
/content/drive/MyDrive/Colab Notebooks/Untitled58.ipynb,Untitled58.ipynb,8,REFERENCE_OR_ANALYSIS,5,0,0,1,0,0,0,0,0,0,0,13575,# ============================================================================= # GSE164737 — E.5 CONTROLLED CHICKEN ↔ MOUSE DEVELOPMENTAL-STAGE COMPARISON # ============================================================================= # # PURPOSE # ------- # Compare the 12 formally resolved orthologous genes across: # # Chicken HH20 ↔ Mouse E9.75 # Chicken HH22 ↔ Mouse E10.5 # Chicken HH24 ↔ Mouse E11.5 # # IMPORTANT: # 1. Raw chicken and mouse BigWig magnitudes are NOT directly compared. # 2. Within-species gene-wise log1p + z-score normalization is used. # 3. Cross-species compa
/content/drive/MyDrive/Colab Notebooks/Untitled59.ipynb,Untitled59.ipynb,6,REFERENCE_OR_ANALYSIS,5,0,0,1,0,0,0,0,0,0,0,29960, # ================================================================================ # GSE164737 — H.1 COMPLETE CORRECTED GENOME-WIDE GENE-LEVEL EXTRACTION # # IMPORTANT: # - Does NOT modify E.1-E.5 or F.1-F.6 # - Searches the ENTIRE GSE164737 project for Mouse GRCm38 annotation # - Does not assume Mouse GTF is inside ANNOTATION_COORDINATE_MATCHED # - Handles Chicken galGal5 refGene GTF by reconstructing gene coordinates # - Handles Mouse GRCm38 Ensembl GTF by explicit gene features # - Preserves all 3 biological replicates # - Uses BigWig signal directly at gene coordinates # - No species pool
/content/drive/MyDrive/Colab Notebooks/Untitled59.ipynb,Untitled59.ipynb,7,REFERENCE_OR_ANALYSIS,5,0,0,1,0,0,0,0,0,0,0,2988,"# ================================================================================ # GSE164737 — H.2 GENOME-WIDE REPLICATE-AWARE DEVELOPMENTAL CHANGE ANALYSIS # ================================================================================ import os import json import warnings import numpy as np import pandas as pd import matplotlib.pyplot as plt warnings.filterwarnings(""ignore"") # 1. PATHS PROJECT_BASE = ""/content/drive/MyDrive/thesis/DSD_Project/02_Limb_RNA_GSE164737"" BASE = os.path.join(PROJECT_BASE, ""ANNOTATION_COORDINATE_MATCHED"") H1_DIR = os.path.join(BASE, ""H1_CORRECTED_GENOME_WIDE"
/content/drive/MyDrive/Colab Notebooks/Untitled67.ipynb,Untitled67.ipynb,20,REFERENCE_OR_ANALYSIS,5,0,0,1,0,0,0,0,0,0,0,18317," # ================================================================================ # GSE164736 / GSE164737 — H26.8 # HUMAN DEVELOPMENTAL TRAJECTORY VISUALIZATION & PATTERN QC # ================================================================================ import os import json import warnings import numpy as np import pandas as pd import matplotlib.pyplot as plt warnings.filterwarnings(""ignore"") # ------------------------------------------------------------------------------ # 1. PATHS # ------------------------------------------------------------------------------ H26_DIR = ( ""/con"
/content/drive/MyDrive/Colab Notebooks/Untitled7.ipynb,Untitled7.ipynb,38,REFERENCE_OR_ANALYSIS,5,0,0,1,0,0,0,0,0,0,0,827," persistence = adult_primary[ adult_primary[""exp_cond""] == ""basal"" ].copy() persistence_samples = persistence[""samples""].tolist() persistence_counts = ( counts[[""gene_id""] + persistence_samples] .copy() ) persistence_counts[""gene_id""] = ( persistence_counts[""gene_id""] .astype(str) .str.split(""|"") .str[0] ) persistence_counts = ( persistence_counts .groupby(""gene_id"", as_index=False) .sum() .set_index(""gene_id"") ) keep_p = ( (persistence_counts >= 10).sum(axis=1) >= 5 ) persistence_counts = persistence_counts.loc[keep_p] metadata_p = ( "
/content/drive/MyDrive/Colab Notebooks/Untitled7.ipynb,Untitled7.ipynb,68,REFERENCE_OR_ANALYSIS,5,0,0,1,0,0,0,0,0,0,0,1169," basal3 = adult[ adult[""exp_cond""] == ""basal"" ].copy() basal_samples = basal3[""samples""].tolist() basal_counts = counts[ [""gene_id""] + basal_samples ].copy() basal_counts[""gene_id""] = ( basal_counts[""gene_id""] .astype(str) .str.split(""|"") .str[0] ) basal_counts = ( basal_counts .groupby(""gene_id"", as_index=False) .sum() .set_index(""gene_id"") ) keep = (basal_counts >= 10).sum(axis=1) >= 5 basal_counts = basal_counts.loc[keep] basal_meta = ( basal3 .set_index(""samples"")[[""genotype""]] .copy() ) basal_meta[""genotype""] = pd.Categorical( "
/content/drive/MyDrive/Colab Notebooks/Untitled7.ipynb,Untitled7.ipynb,93,REFERENCE_OR_ANALYSIS,5,0,0,1,0,0,0,0,0,0,2,22789,"# ============================================================================== # STEP 27D # GC ENVIRONMENTAL MEMORY # DEEP ENSEMBL + ZFIN + UNIPROT + REFSEQ PROTEIN RESCUE # ============================================================================== import os import re import io import time import requests import pandas as pd import numpy as np BASE = ""/content/drive/MyDrive/Dissertation"" CORE_GENES = [ ""ENSDARG00000038518"", ""ENSDARG00000045959"", ""ENSDARG00000067665"", ""ENSDARG00000068858"", ""ENSDARG00000069958"", ""ENSDARG00000074082"", ""ENSDARG00000074695"", "
/content/drive/MyDrive/Colab Notebooks/Untitled76.ipynb,Untitled76.ipynb,1,REFERENCE_OR_ANALYSIS,5,0,0,1,0,0,0,0,0,0,0,1881,"# ============================================================ # STAGE 1F — STANDARDIZED TRAJECTORY CONSTRUCTION (REVISED STAGES) # ============================================================ # 1. Process Chicken chicken_traj_raw = pd.DataFrame(index=chicken[CHICKEN_GENE_COL]) for stage in [""CHICKEN_EARLY"", ""CHICKEN_MIDDLE"", ""CHICKEN_LATE""]: cols = chicken_stage_map[chicken_stage_map[""stage""] == stage][""sample""].tolist() if cols: chicken_traj_raw[stage] = chicken[cols].mean(axis=1).values # 2. Process Mouse - Revised mapping based on available E9.5, E11.5, E12.5 def map_mous"
/content/drive/MyDrive/Colab Notebooks/Untitled76.ipynb,Untitled76.ipynb,13,REFERENCE_OR_ANALYSIS,5,0,0,1,0,0,0,0,0,0,0,22737, # ==================================================================================================== # PAX3 EVOLUTIONARY CONSTRAINT PROJECT # STAGE 3C — GENOME-WIDE AUTHORITATIVE CHICKEN↔MOUSE 1:1 ORTHOLOGY # # GOAL: # Build an independent genome-wide Chicken ↔ Mouse orthology universe. # # SOURCE: # Ensembl REST Compara homology endpoint # # STRICT RULE: # - NO symbol equality # - NO 12-gene table # - NO H15 table # - NO trajectory similarity # - NO PAX3 prioritization # - ID-level orthology only # - reciprocal 1:1 uniqueness required # # OUTPUT: # STAGE3C_Ensembl_Chick
/content/drive/MyDrive/Colab Notebooks/Untitled82.ipynb,Untitled82.ipynb,18,REFERENCE_OR_ANALYSIS,5,0,0,1,0,0,0,0,0,0,0,39057," # ============================================================================================================== # PAX3 EVOLUTIONARY CONSTRAINT PROJECT # STAGE 4C-3R-M-R # # REPAIRED CHICKEN → MOUSE PAX3 ORTHOLOGY + SEQUENCE VALIDATION # # REPAIR: # -------- # Ensembl mouse gene display_name is ""Pax3"", not necessarily ""PAX3"". # Therefore: # # PAX3 == Pax3 # # is treated as the same gene symbol using case-insensitive comparison. # # The Ensembl gene IDs remain the primary identity anchors: # # Chicken: # ENSGALG00010025378 # # Mouse: # ENSMUSG00000004872 # # STRICT NEGATIVE CONTROL"
/content/drive/MyDrive/Colab Notebooks/Untitled84.ipynb,Untitled84.ipynb,19,REFERENCE_OR_ANALYSIS,5,0,0,1,0,0,0,0,0,0,0,19743, # ============================================================================================================== # STAGE 4C-3R-S4.10R — COMPARATIVE CANDIDATE ORTHOLOG IDENTITY + CDS/PROTEIN RETRIEVAL # LFNG + MYF5 + PAX7 # Same 8 species used for PAX3 # ============================================================================== import os import json import time import requests import pandas as pd import numpy as np # -------------------------------------------------------------------------------------------------------------- # PATHS # ----------------------------------------------------
/content/drive/MyDrive/Colab Notebooks/Untitled84.ipynb,Untitled84.ipynb,20,REFERENCE_OR_ANALYSIS,5,0,0,1,0,0,0,0,0,0,0,23554, # ============================================================================================================== # STAGE 4C-3R-S4.10R.1 # CANDIDATE TRANSCRIPT / PROTEIN ENDPOINT REPAIR # LFNG + MYF5 + PAX7 # # PURPOSE: # Repair transcript/CDS/protein retrieval before any evolutionary comparison. # # IMPORTANT: # NO CDS ALIGNMENT # NO dN/dS # NO PROTEIN CONSERVATION CLAIM # NO REGULATORY CLAIM # ============================================================================================================== import os import json import time import requests import pandas as pd import nu
/content/drive/MyDrive/Colab Notebooks/Untitled84.ipynb,Untitled84.ipynb,21,REFERENCE_OR_ANALYSIS,5,0,0,1,0,0,0,0,0,0,0,20844, # ============================================================================================================== # STAGE 4C-3R-S4.10R.2 # TARGETED CANDIDATE IDENTITY REPAIR # # LFNG + PAX7: # Terminal-stop-aware CDS -> protein validation # # MYF5: # Dog ortholog lookup repair # # IMPORTANT: # NO CDS ALIGNMENT # NO dN/dS # NO CONSERVATION CLAIM # ============================================================================================================== import os import json import time import requests import pandas as pd import numpy as np from Bio.Seq import Seq # -------------
/content/drive/MyDrive/Colab Notebooks/Untitled84.ipynb,Untitled84.ipynb,23,REFERENCE_OR_ANALYSIS,5,0,0,1,0,0,0,0,0,0,0,7079,"# ============================================================================================================== # STAGE 4C-3R-S4.10R.5 — TARGETED DOG MYF5 GENE-NAME LOCK REPAIR # ============================================================================================================== import os import json import pandas as pd import requests BASE = ""/content/drive/MyDrive/thesis/DSD_Project/02_Limb_RNA_GSE164737/PAX3_EVOLUTIONARY_CONSTRAINT_ANALYSIS/STAGE4C_CROSS_SPECIES_1TO1_CONCORDANCE"" # Loading the full 24-record candidate set INPUT = os.path.join( BASE, ""STAGE4C3R_S4_10R3_"
/content/drive/MyDrive/Colab Notebooks/Untitled84.ipynb,Untitled84.ipynb,26,REFERENCE_OR_ANALYSIS,5,0,0,1,0,0,0,0,0,0,0,12816,"import os import json import pandas as pd BASE = ( ""/content/drive/MyDrive/thesis/DSD_Project/"" ""02_Limb_RNA_GSE164737/PAX3_EVOLUTIONARY_CONSTRAINT_ANALYSIS/"" ""STAGE4C_CROSS_SPECIES_1TO1_CONCORDANCE"" ) INPUT = os.path.join( BASE, ""STAGE4C3R_S4_10R8_Dog_MYF5_CDS_Start_Repair.csv"" ) OUT_RECORD = os.path.join( BASE, ""STAGE4C3R_S4_11_CDS_Alignment_Preparation_QC.csv"" ) OUT_SUMMARY = os.path.join( BASE, ""STAGE4C3R_S4_11_CDS_Alignment_Preparation_Summary.csv"" ) OUT_FASTA = os.path.join( BASE, ""STAGE4C3R_S4_11_Locked_CDS_Sequences.fasta"" ) OUT_JSON = "
/content/drive/MyDrive/Colab Notebooks/Untitled84.ipynb,Untitled84.ipynb,28,REFERENCE_OR_ANALYSIS,5,0,0,1,0,0,0,0,0,0,0,11241," # ============================================================================================================== # STAGE 4C-3R-S4.14 — EVOLUTIONARY CONSTRAINT INTEGRATION + FINAL GENE-WISE RANKING # ============================================================================================================== import os import json import pandas as pd import numpy as np BASE = ( ""/content/drive/MyDrive/thesis/DSD_Project/"" ""02_Limb_RNA_GSE164737/PAX3_EVOLUTIONARY_CONSTRAINT_ANALYSIS/"" ""STAGE4C_CROSS_SPECIES_1TO1_CONCORDANCE"" ) PAIRWISE_FILE = os.path.join( BASE, ""STAGE4C3R_S4"
/content/drive/MyDrive/Colab Notebooks/Untitled84.ipynb,Untitled84.ipynb,29,REFERENCE_OR_ANALYSIS,5,0,0,1,0,0,0,0,0,0,0,10693," # ============================================================================================================== # STAGE 4C-3R-S4.15 — SPECIES-PAIR dN/dS ROBUSTNESS + OUTLIER DIAGNOSTIC # ============================================================================================================== import os import json import pandas as pd import numpy as np BASE = ( ""/content/drive/MyDrive/thesis/DSD_Project/"" ""02_Limb_RNA_GSE164737/PAX3_EVOLUTIONARY_CONSTRAINT_ANALYSIS/"" ""STAGE4C_CROSS_SPECIES_1TO1_CONCORDANCE"" ) INPUT = os.path.join( BASE, ""STAGE4C3R_S4_13_Pairwise_dNdS.c"
/content/drive/MyDrive/Colab Notebooks/Untitled84.ipynb,Untitled84.ipynb,31,REFERENCE_OR_ANALYSIS,5,0,0,1,0,0,0,0,0,0,0,10549," # ============================================================================================================== # STAGE 4C-3R-S4.17 — PAX3 CROSS-SPECIES CDS ALIGNMENT + PAIRWISE dN/dS ANALYSIS # ============================================================================================================== from google.colab import drive drive.mount ('/content/drive' import os import json import pandas as pd import numpy as np from Bio import AlignIO from Bio.Align import PairwiseAligner BASE = ( ""/content/drive/MyDrive/thesis/DSD_Project/"" ""02_Limb_RNA_GSE164737/PAX3_EVOLUTIONARY_CON"
/content/drive/MyDrive/Colab Notebooks/Untitled85.ipynb,Untitled85.ipynb,1,REFERENCE_OR_ANALYSIS,5,0,0,1,0,0,0,0,0,0,0,10601," # ============================================================================================================== # STAGE 4C-3R-S4.17 — PAX3 CROSS-SPECIES CDS ALIGNMENT + PAIRWISE dN/dS ANALYSIS # ============================================================================================================== import os import json import pandas as pd import numpy as np # Install Biopython if not already installed !pip install biopython from Bio import AlignIO from Bio.Align import PairwiseAligner from Bio.Seq import Seq from Bio import SeqIO BASE = ( ""/content/drive/MyDrive/thesis/DSD_Proje"
/content/drive/MyDrive/Colab Notebooks/Untitled85.ipynb,Untitled85.ipynb,2,REFERENCE_OR_ANALYSIS,5,0,0,1,0,0,0,0,0,0,0,7596," # ============================================================================================================== # STAGE 4C-3R-S4.17C — PAX3 S1 CDS IDENTITY + STRUCTURAL RECONCILIATION # ============================================================================================================== import os import json import pandas as pd from Bio import SeqIO BASE = ( ""/content/drive/MyDrive/thesis/DSD_Project/"" ""02_Limb_RNA_GSE164737/PAX3_EVOLUTIONARY_CONSTRAINT_ANALYSIS/"" ""STAGE4C_CROSS_SPECIES_1TO1_CONCORDANCE"" ) PAX3_S1 = os.path.join( BASE, ""STAGE4C3R_S1_PAX3_CDS_S"
/content/drive/MyDrive/Colab Notebooks/Untitled86.ipynb,Untitled86.ipynb,10,REFERENCE_OR_ANALYSIS,5,0,0,1,0,0,0,0,0,0,0,10424,"from pathlib import Path import pandas as pd import numpy as np import json # -------------------------------------------------------------------------------------------------------------- # BASE DIRECTORY # -------------------------------------------------------------------------------------------------------------- BASE_DIR = Path( ""/content/drive/MyDrive/thesis/DSD_Project/02_Limb_RNA_GSE164737/"" ""PAX3_EVOLUTIONARY_CONSTRAINT_ANALYSIS/"" ""STAGE4C_CROSS_SPECIES_1TO1_CONCORDANCE"" ) # ------------------------------------------------------------------------------------------------"
/content/drive/MyDrive/Colab Notebooks/Untitled86.ipynb,Untitled86.ipynb,14,REFERENCE_OR_ANALYSIS,5,0,0,1,0,0,0,0,0,0,0,18970, # ============================================================================================================== # STAGE 4C-3R-S4.27 — PAX3 FUNCTIONAL-DOMAIN vs NON-DOMAIN CONSERVATION ENRICHMENT # ============================================================================================================== # # PURPOSE # ------- # Test whether verified PAX3 functional domains show higher amino-acid conservation # than the non-domain/background protein positions. # # VERIFIED DOMAIN SOURCES # ----------------------- # S4.8: # Paired domain : human reference positions 134–267 # Homeodomain 
/content/drive/MyDrive/Colab Notebooks/Untitled0.ipynb,Untitled0.ipynb,42,REFERENCE_OR_ANALYSIS,5,0,0,0,0,0,0,0,1,0,0,7090," # ============================================================ # FIGURE 2 — TISSUE-CONTEXT RESPONSE COMPARISON # FIXED VERSION # 300 DPI | PNG + PDF + TIFF # Saves ONLY in /content/ # ============================================================ import pandas as pd import numpy as np import matplotlib.pyplot as plt from matplotlib.lines import Line2D # ------------------------------------------------------------ # 1. INPUT # ------------------------------------------------------------ input_file = ( ""/content/drive/MyDrive/Toxicology (1)/"" ""Cd_Phase32_Integrated_4Context_Response_Ma"
/content/drive/MyDrive/Colab Notebooks/Untitled100.ipynb,Untitled100.ipynb,1,REFERENCE_OR_ANALYSIS,5,0,0,0,0,0,0,0,1,0,0,2969," from pathlib import Path import shutil BASE = Path(""/content/drive/MyDrive/MFOS_REVISION"") ROOT = Path(""/content/drive/MyDrive/MFOS_PUBLIC_REPOSITORY"") # ------------------------------------------------------------ # Search exact historical STEP54-58 artifacts # ------------------------------------------------------------ patterns = [ ""STEP54_1000_Strict_Matched_Null_Panels.csv"", ""STEP54_FINAL_SUMMARY.csv"", ""STEP54_MFOS_Individual_EtaSquared.csv"", ""STEP54_NonRetained_Individual_EtaSquared.csv"", ""STEP54_169_Gene_Expression_Detection_Background.csv"", ""STEP55_5000_Str"
/content/drive/MyDrive/Colab Notebooks/Untitled102.ipynb,Untitled102.ipynb,9,REFERENCE_OR_ANALYSIS,5,0,0,0,0,0,0,0,1,0,0,20841, # ================================================================ # PART 9 — STRING PPI ACQUISITION # ================================================================ # # Primary network: # STRING Homo sapiens # Combined score >= 700 # # IMPORTANT: # - All 33 primary genes are queried together. # - Same network and same threshold for both architectures. # - No architecture-specific network construction. # - No PPI distance/permutation analysis yet. # # Primary hypothesis: # Gene-level divergence may coexist with network-level # convergence between familial and de-novo ADHD ge
/content/drive/MyDrive/Colab Notebooks/Untitled106.ipynb,Untitled106.ipynb,58,REFERENCE_OR_ANALYSIS,5,0,0,0,0,0,0,0,1,0,0,14112," # ================================================================ # PART 30I — EXACT LOCUS + NEIGHBORHOOD RECONSTRUCTION # ================================================================ from google.colab import drive drive.mount('/content/drive') import os import pandas as pd import numpy as np BASE = ""/content/drive/MyDrive/GENE/11_RESULTS/PART_29_MECHANISTIC_GENE_BIRTH"" INPUT_30H = os.path.join( BASE, ""PART_30H_SEQUENCE_LEVEL_VALIDATION"", ""PART_30H_G3_Dmel_SEQUENCE_PAIRS.csv"" ) INPUT_29D = os.path.join( BASE, ""PART_29D_TRUE_PREGENE_EVIDENCE"", ""PART_29D_CANDID"
/content/drive/MyDrive/Colab Notebooks/Untitled113.ipynb,Untitled113.ipynb,17,REFERENCE_OR_ANALYSIS,5,0,0,0,0,0,0,0,1,0,2,22780," # ================================================================ # PART 31.52 # FINAL EVIDENCE LOCK + MASTER PROJECT HISTORY UPDATE # ================================================================ from google.colab import drive drive.mount('/content/drive') import os import json import shutil from datetime import datetime import pandas as pd import numpy as np # ================================================================ # 0. PATHS # ================================================================ ROOT = ""/content/drive/MyDrive/GENE"" BASE = os.path.join( ROOT, ""11_RESU"
/content/drive/MyDrive/Colab Notebooks/Untitled115.ipynb,Untitled115.ipynb,48,REFERENCE_OR_ANALYSIS,5,0,0,0,0,0,0,0,1,0,0,16027," # ============================================================================== # PART 31.94C-R13R2 # EXACT ORIGINAL ACCESSIBILITY DEFINITION MATCHING # ============================================================================== from google.colab import drive drive.mount('/content/drive') import json import numpy as np import pandas as pd from pathlib import Path print(""="" * 100) print(""PART 31.94C-R13R2 — EXACT ORIGINAL ACCESSIBILITY DEFINITION MATCHING"") print(""="" * 100) # ============================================================================== # 1. ROOT # ==================="
/content/drive/MyDrive/Colab Notebooks/Untitled2.ipynb,Untitled2.ipynb,15,REFERENCE_OR_ANALYSIS,5,0,0,0,0,0,0,0,1,0,0,9609," # ============================================================ # FIGURE 4 — FINAL MANUSCRIPT VERSION # REDUNDANCY-REDUCED + EXACT ENRICHED TERM LABELS # NO TITLE # NO GOOGLE DRIVE OUTPUT # TIFF = 300 DPI # ============================================================ import pandas as pd import numpy as np import matplotlib.pyplot as plt import seaborn as sns # ============================================================ # INPUT # ============================================================ input_file = ""/content/Figure4_Comprehensive_Enrichment_All.csv"" results = pd.read_csv(input_file) #"
/content/drive/MyDrive/Colab Notebooks/Untitled2.ipynb,Untitled2.ipynb,16,REFERENCE_OR_ANALYSIS,5,0,0,0,0,0,0,0,1,0,0,10535," # ============================================================ # FIGURE 4 — FINAL BIOLOGICAL PROCESS SUMMARY # 6 BIOLOGICAL THEMES # ONE REPRESENTATIVE TERM / THEME # NO TITLE # NO GOOGLE DRIVE OUTPUT # ============================================================ import pandas as pd import numpy as np import matplotlib.pyplot as plt import seaborn as sns # ------------------------------------------------------------ # INPUT # ------------------------------------------------------------ input_file = ""/content/Figure4_Biological_Process_Enrichment.csv"" df = pd.read_csv(input_file) # ------"
/content/drive/MyDrive/Colab Notebooks/Untitled40.ipynb,Untitled40.ipynb,4,REFERENCE_OR_ANALYSIS,5,0,0,0,0,0,0,0,1,0,0,3353,"import os import json import hashlib import pandas as pd import numpy as np import warnings warnings.filterwarnings(""ignore"") # --- PATHS AND SETUP --- BASE = ""/content/drive/MyDrive/Dissertation"" R8_ROOT = os.path.join(BASE, ""GC_STEP32D_FIX31_FIX1_FIX4_FIX5_TGIF2LY_R11_R81_SOCS3B_ORIGINAL_LOCUS_RNA_BRIDGE_FIX8_FIX1"") R81_FIX3_ROOT = os.path.join(BASE, ""GC_STEP32D_FIX31_FIX1_FIX4_FIX5_TGIF2LY_R11_R81_ORIGINAL_PERSISTENT_DMR_CHAIN_RECONSTRUCTION_FIX3"") socs_coord_path = os.path.join(R8_ROOT, ""TABLES"", ""FIX22T_R11_R81_FIX8_FIX1_SOCS3B_COORDINATES.csv"") original_coord_path = os.path.join(R8_RO"
/content/drive/MyDrive/Colab Notebooks/Untitled69.ipynb,Untitled69.ipynb,4,REFERENCE_OR_ANALYSIS,5,0,0,0,0,0,0,0,0,0,1,23621, # ================================================================ # FIGURE 2 — CORE 4-GENE DEVELOPMENTAL TRAJECTORIES # Chicken–mouse developmental patterns # # OUTPUT: # PNG — 300 dpi # TIFF — 300 dpi # PDF — vector-quality PDF # # IMPORTANT: # No overall title is placed inside the figure. # ADAM17 and HES1 are NOT given invented mouse trajectories. # Their mouse trajectory is marked as unavailable/non-comparable # according to the corrected H26 cross-species analysis. # # OUTPUT LOCATION: # /content/ # ================================================================ impo
/content/drive/MyDrive/Colab Notebooks/Untitled84.ipynb,Untitled84.ipynb,12,REFERENCE_OR_ANALYSIS,5,0,0,0,0,0,0,0,1,0,0,19388," # ============================================================================================================== # STAGE 4C-3R-S4.5R — PAX3 CDS RECONSTRUCTION + PROTEIN IDENTITY REPAIR # ============================================================================================================== import os import json import time import requests import pandas as pd from Bio.Seq import Seq BASE_DIR = ( ""/content/drive/MyDrive/thesis/DSD_Project/02_Limb_RNA_GSE164737/"" ""PAX3_EVOLUTIONARY_CONSTRAINT_ANALYSIS/"" ""STAGE4C_CROSS_SPECIES_1TO1_CONCORDANCE"" ) os.makedirs(BASE_DIR, exist_"
/content/drive/MyDrive/Colab Notebooks/Untitled94.ipynb,Untitled94.ipynb,4,REFERENCE_OR_ANALYSIS,5,0,0,0,0,1,0,0,1,0,0,306," ""KC_EN_ONLY_geometric_peak_percent"": np.mean( causal_df[ ""kc_en_peak_stimulus"" ] if False else ( causal_df[ ""kc_en_peak_distance_CS_plus"" ] > 0 ) ) * 100,"
/content/drive/MyDrive/Colab Notebooks/Untitled97.ipynb,Untitled97.ipynb,34,REFERENCE_OR_ANALYSIS,5,0,0,0,0,0,0,0,1,0,0,5326," # ============================================================ # FIGURE 6 — FINAL VERSION # Independent Evaluation of the Canonical MFOS in Mouse Kidney # ============================================================ import os import numpy as np import matplotlib.pyplot as plt # ------------------------------------------------------------ # Output directory: Google Colab /content # ------------------------------------------------------------ OUTDIR = ""/content/FINAL_FIGURES"" os.makedirs(OUTDIR, exist_ok=True) # ------------------------------------------------------------ # FINAL REPORTED R"
/content/drive/MyDrive/Colab Notebooks/Untitled97.ipynb,Untitled97.ipynb,81,REFERENCE_OR_ANALYSIS,5,0,0,0,0,0,0,0,1,0,0,3032," from pathlib import Path import shutil from google.colab import drive drive.mount ('/drive/content') BASE = Path(""/content/drive/MyDrive/MFOS_REVISION"") ROOT = Path(""/content/drive/MyDrive/MFOS_PUBLIC_REPOSITORY"") # ------------------------------------------------------------ # Search exact historical STEP54-58 artifacts # ------------------------------------------------------------ patterns = [ ""STEP54_1000_Strict_Matched_Null_Panels.csv"", ""STEP54_FINAL_SUMMARY.csv"", ""STEP54_MFOS_Individual_EtaSquared.csv"", ""STEP54_NonRetained_Individual_EtaSquared.csv"", ""STEP54_169_G"
/content/drive/MyDrive/Colab Notebooks/Untitled98.ipynb,Untitled98.ipynb,41,REFERENCE_OR_ANALYSIS,5,8,0,0,1,1,0,0,1,2,0,21541," # ================================================================ # HONEYBEE × DROSOPHILA TRANSFER STUDY # v13.0 — FORMAL MULTIVARIATE TRANSFER INDEX # # Question: # If a Drosophila-inspired learning rule is transferred to # Honeybee architecture, how much does the resulting phenotype # move toward the donor (Drosophila) phenotype? # # No simulation — uses saved v12.3N + v12.3P outputs # ================================================================ from google.colab import drive drive.mount('/content/drive') import os import glob import numpy as np import pandas as pd from scipy import "
/content/drive/MyDrive/Colab Notebooks/Untitled103.ipynb,Untitled103.ipynb,0,REFERENCE_OR_ANALYSIS,4,8,0,1,1,0,0,0,1,0,2,37114,"import os import re import json import gzip import hashlib import pandas as pd import numpy as np # ============================================================================== # HEADER # ============================================================================== print(""="" * 78) print(""PART 12C4C1M.19A.3"") print(""INDEPENDENT GENOME-WIDE GENE-LEVEL BACKGROUND CONSTRUCTION"") print(""gnomAD v4.1 + Ensembl GRCh38 release 112"") print(""="" * 78) # ============================================================================== # PATHS # ========================================================"
/content/drive/MyDrive/Colab Notebooks/Untitled104.ipynb,Untitled104.ipynb,4,REFERENCE_OR_ANALYSIS,4,8,0,1,1,0,0,0,3,0,0,7567," from google.colab import drive drive.mount('/content/drive') import os import pandas as pd import numpy as np print(""="" * 78) print(""STEP 32F-R — MOLECULAR × DEVELOPMENTAL PAIR MATCHING REPAIR AUDIT"") print(""="" * 78) BASE = ""/content/drive/MyDrive/ADHD/12_PERMUTATION_TESTS/MATCHED_NULL"" PART32 = os.path.join( BASE, ""ANNOTATION_AUDIT"", ""PART_32_MOLECULAR_ROUTE_DEVELOPMENTAL_STATE"" ) MOLECULAR_FILE = os.path.join( PART32, ""step32E_cross_architecture_molecular_similarity.csv"" ) DEV_FILE = os.path.join( BASE, ""ANNOTATION_AUDIT"", ""PART_31_DEVELOPMENTAL_CONVERG"
/content/drive/MyDrive/Colab Notebooks/Untitled104.ipynb,Untitled104.ipynb,40,REFERENCE_OR_ANALYSIS,4,8,0,1,1,0,0,0,1,0,2,17583, # ================================================================ # STEP 34T — 2026 FAMILY-BASED ADHD STUDY × 33-GENE MASTER # SOURCE-SUPPORTED GENE-SET RECONCILIATION # # PURPOSE # 1. Recover the 34-gene NHGRI Family Cohort set from the # verified 2026 family-based ADHD article/supplement. # 2. Reconcile it with the locked 33-gene ADHD master. # 3. Report overlap with existing architecture assignments. # # IMPORTANT # - NO new architecture assignment # - NO master modification # - NO PPI / GO analysis # - NO permutation / p-value # - Family-based association != FAMILIAL
/content/drive/MyDrive/Colab Notebooks/Untitled105.ipynb,Untitled105.ipynb,64,REFERENCE_OR_ANALYSIS,4,0,0,1,0,0,0,0,0,0,1,19116," # ============================================================================= # PART 23J.5-R2 — HISTORICAL CACTUS SOURCE RECONCILIATION # CORRECTED MOESM5 PATH # ============================================================================= from google.colab import drive drive.mount('/content/drive') import os import re import hashlib import pandas as pd from collections import Counter print(""="" * 78) print(""PART 23J.5-R2 — HISTORICAL CACTUS SOURCE RECONCILIATION"") print(""="" * 78) # ============================================================================= # 0. EXAC"
/content/drive/MyDrive/Colab Notebooks/Untitled106.ipynb,Untitled106.ipynb,61,REFERENCE_OR_ANALYSIS,4,8,0,1,1,0,0,0,2,0,1,12110," # ================================================================ # PART 30J-R — CORRECTED UNIQUE-LOCUS RECORD FORENSICS # ================================================================ from google.colab import drive drive.mount('/content/drive') import os import re import hashlib import pandas as pd import numpy as np BASE = ""/content/drive/MyDrive/GENE/11_RESULTS/PART_29_MECHANISTIC_GENE_BIRTH"" INPUT_30H = os.path.join( BASE, ""PART_30H_SEQUENCE_LEVEL_VALIDATION"", ""PART_30H_G3_Dmel_SEQUENCE_PAIRS.csv"" ) INPUT_RAW = os.path.join( BASE, ""PART_29D_TRUE_PREGENE_EVIDEN"
/content/drive/MyDrive/Colab Notebooks/Untitled106.ipynb,Untitled106.ipynb,84,REFERENCE_OR_ANALYSIS,4,8,0,1,1,0,0,0,3,0,0,12851," from google.colab import drive drive.mount('/content/drive') import os import pandas as pd import numpy as np print(""=""*80) print(""PART 30AG — G3 SEQUENCE CONTINUITY: CONTAINMENT + INFORMATIVE OVERLAP"") print(""=""*80) # ================================================================ # VERIFIED PATHS # ================================================================ BASE = ""/content/drive/MyDrive/GENE/11_RESULTS/PART_29_MECHANISTIC_GENE_BIRTH"" P30AF = os.path.join( BASE, ""PART_30AF_G3_LOCUS_SEQUENCE_CONTINUITY"", ""PART_30AF_ALL_G3_NEIGHBOR_SEQUENCE_CONTINUITY.csv"" ) P30AA = os"
/content/drive/MyDrive/Colab Notebooks/Untitled108.ipynb,Untitled108.ipynb,9,REFERENCE_OR_ANALYSIS,4,8,0,1,1,0,0,0,2,0,1,14527," from google.colab import drive drive.mount('/content/drive') import os import re import hashlib import numpy as np import pandas as pd print(""=""*80) print(""PART 30AQ — FBgn0051797 1255-NT BLOCK VS FULL LOCUS FORENSICS"") print(""=""*80) ROOT = ""/content/drive/MyDrive/GENE/11_RESULTS"" # ================================================================ # EXACT FILE DISCOVERY # ================================================================ TARGETS = { ""P30AP_ID"": ""PART_30AP_EXACT_STRONG_CASE.csv"", ""P30AE"": ""PART_30AE_G3_RAW_NEIGHBORHOODS_UNIQUE.csv"", ""P29G"": "
/content/drive/MyDrive/Colab Notebooks/Untitled116.ipynb,Untitled116.ipynb,37,REFERENCE_OR_ANALYSIS,4,0,0,1,0,0,0,0,0,0,1,7718," # ============================================================ # FIGURE 3 — MUTATION-SPECTRUM SENSITIVITY / NULL ANALYSES # Publication-quality scientific figure # 300 DPI PNG | 3600 × 2400 px # ============================================================ import numpy as np import matplotlib.pyplot as plt from pathlib import Path # ------------------------------------------------------------ # 1. OUTPUT LOCATION # ------------------------------------------------------------ OUT_DIR = Path(""/content"") OUT_DIR.mkdir(parents=True, exist_ok=True) FIG_PATH = OUT_DIR / ""Figure_3_300dpi_HD.png"" "
/content/drive/MyDrive/Colab Notebooks/Untitled117.ipynb,Untitled117.ipynb,1,REFERENCE_OR_ANALYSIS,4,0,0,1,0,0,0,0,0,0,1,8213,"# ============================================================ # FIGURE 2 — CORE ONE-NUCLEOTIDE ACCESSIBILITY RESULTS # Clean publication-style figure # 300 DPI | 3600 × 2400 px | PNG # ============================================================ import numpy as np import matplotlib.pyplot as plt from pathlib import Path # ------------------------------------------------------------ # 1. SAVE LOCATIONS # ------------------------------------------------------------ OUT_DIR = Path(""/content"") OUT_DIR.mkdir(parents=True, exist_ok=True) FIG_PATH = OUT_DIR / ""Figure_2_300dpi_HD.png"" # Google D"
/content/drive/MyDrive/Colab Notebooks/Untitled12.ipynb,Untitled12.ipynb,20,REFERENCE_OR_ANALYSIS,4,0,0,1,0,0,0,0,0,0,1,2841,"# ============================================================================================================== # STEP 32D-FIX20 # 23 NOMINAL DMR-ASSOCIATED F1 CANDIDATES — SYSTEMATIC MECHANISTIC PRIORITIZATION # ============================================================================================================== import os import re import json import time import requests import numpy as np import pandas as pd from scipy.stats import ttest_ind from statsmodels.stats.multitest import multipletests print(""=""*115) print(""STEP 32D-FIX20 — 23 NOMINAL DMR-ASSOCIATED F1 CANDIDATES"") print"
/content/drive/MyDrive/Colab Notebooks/Untitled13.ipynb,Untitled13.ipynb,4,REFERENCE_OR_ANALYSIS,4,8,0,1,1,0,0,0,2,0,1,30084, # ============================================================================================================== # STEP 32D-FIX28-FIX2 — TF–DMR–TARGET BIOLOGICAL CONTEXT INTEGRATION # ============================================================================================================== # # PURPOSE # ------- # Integrate the already-validated evidence layers: # # F0 DMR # ↓ # genomic relationship to candidate gene # ↓ # F1 expression direction # ↓ # JASPAR TF motif context # ↓ # cross-candidate TF recurrence # ↓ # permutation robustness # # This step
/content/drive/MyDrive/Colab Notebooks/Untitled3.ipynb,Untitled3.ipynb,2,REFERENCE_OR_ANALYSIS,4,0,0,1,0,0,0,0,0,0,1,6954, import numpy as np import matplotlib.pyplot as plt # ============================================================ # STAGE 2B # Correct finite-resource benchmark # ============================================================ T = 500 dt = 0.05 initial_resource = 10.0 # Resource supplied per unit time resource_input = 0.08 # Fractional consumption rates per unit time k_rep = 0.015 k_mem = 0.010 # Progress required for completion replication_threshold = 1.0 membrane_threshold = 1.0 # ============================================================ # MODEL A # Conventional simultaneous operati
/content/drive/MyDrive/Colab Notebooks/Untitled51.ipynb,Untitled51.ipynb,5,REFERENCE_OR_ANALYSIS,4,0,0,1,0,0,0,0,0,0,1,11342," # ============================================================================= # GSE164737 — REFERENCE PROVENANCE + ANNOTATION MATCHING # DO NOT EXTRACT GENE EXPRESSION YET # ============================================================================= from google.colab import drive drive.mount(""/content/drive"") import os import re import glob import json import pandas as pd import numpy as np BASE = ""/content/drive/MyDrive/thesis/DSD_Project/02_Limb_RNA_GSE164737"" RAW = os.path.join(BASE, ""RAW_EXTRACTED"") try: import pyBigWig except ImportError: !pip -q install pyBigWig imp"
/content/drive/MyDrive/Colab Notebooks/Untitled67.ipynb,Untitled67.ipynb,18,REFERENCE_OR_ANALYSIS,4,0,0,1,0,0,0,0,0,0,1,13999," # ============================================================================= # GSE164736 / GSE164737 — H26.6C # OFFICIAL E-MTAB-8813 FAILED LOOM RETRY + RESUME # ============================================================================= import os import json import time import ftplib import socket import pandas as pd from pathlib import Path from google.colab import drive drive.mount(""/content/drive"") # ============================================================================= # PATHS # ============================================================================= BASE_DIR = Path("
/content/drive/MyDrive/Colab Notebooks/Untitled82.ipynb,Untitled82.ipynb,8,REFERENCE_OR_ANALYSIS,4,0,0,1,0,0,0,0,0,0,1,21902," # ==================================================================================================== # STAGE 4C-PILOT-1000 # FIRST 1,000 INDEPENDENT ENSEMBL 1:1 ORTHOLOGS — CONCORDANCE PILOT # # PURPOSE # ---------------------------------------------------------------------------------------------------- # Before completing all 22,642 genes, evaluate the first ~1,000 successfully acquired # Chicken × Mouse 1:1 orthologs. # # IMPORTANT: # ---------------------------------------------------------------------------------------------------- # 1. NO PAX3 FILTERING # 2. NO GENE-NAME ORTHOLOGY # 3"
/content/drive/MyDrive/Colab Notebooks/Untitled84.ipynb,Untitled84.ipynb,9,REFERENCE_OR_ANALYSIS,4,0,0,1,0,0,0,0,0,0,1,16053," # ================================================================================================== # STAGE 4C-3R-S4.3.2 # COMPLETE MULTI-SPECIES PAX3 REGULATORY SEQUENCE REBUILD # CORRECTED CHICKEN ENDPOINT + STRICT GLOBAL QC # ================================================================================================== import os import re import json import time import requests import pandas as pd from google.colab import drive drive.mount(""/content/drive"") print(""="" * 110) print(""STAGE 4C-3R-S4.3.2 — COMPLETE MULTI-SPECIES PAX3 SEQUENCE REBUILD + QC"") print(""="" * 110) BASE = ""htt"
/content/drive/MyDrive/Colab Notebooks/Untitled98.ipynb,Untitled98.ipynb,29,REFERENCE_OR_ANALYSIS,4,8,0,1,1,0,0,0,1,3,0,6354," # ============================================================================= # HONEYBEE MODEL v12.3S # CS- DISCREPANCY FORENSIC AUDIT # v12.3N vs v12.3P — DOSE 0.8 # NO SIMULATION # ============================================================================= from google.colab import drive drive.mount('/content/drive') import os import numpy as np import pandas as pd from scipy.stats import pearsonr, spearmanr BASE = ""/content/drive/MyDrive/Honey"" R_FILE = os.path.join( BASE, ""Honeybee_Model_v12_3R_Network_Discrepancy_Audit.csv"" ) OUT_FILE = os.path.join( BASE, ""Honeyb"
/content/drive/MyDrive/Colab Notebooks/Untitled111.ipynb,Untitled111.ipynb,49,REFERENCE_OR_ANALYSIS,4,0,0,0,0,0,0,0,0,0,0,6138," # ================================================================ # PART 26.20 — DIRECT L0–L9 BRANCH PAYLOAD RECONSTRUCTION # ================================================================ from google.colab import drive drive.mount('/content/drive') import os import re import pandas as pd print(""=""*70) print(""PART 26.20 — DIRECT L0–L9 BRANCH PAYLOAD RECONSTRUCTION"") print(""=""*70) # ------------------------------------------------ # 1. INPUT # ------------------------------------------------ INPUT = ( ""/content/drive/MyDrive/GENE/11_RESULTS/"" ""PART_29_MECHANISTIC_GENE_BIRTH/"" "
/content/drive/MyDrive/Colab Notebooks/Untitled112.ipynb,Untitled112.ipynb,84,REFERENCE_OR_ANALYSIS,4,0,0,0,0,0,0,0,0,0,0,20335, # ============================================================================= # PART 31.70 — NESTED FEATURE-FAMILY ABLATION # ============================================================================= # # PURPOSE # ------- # Determine which sequence-feature families actually carry the predictive # signal in strict held-out pair-wise validation. # # This is NOT feature hunting. # # Every model: # 1. keeps the same 185 matched pairs # 2. uses 5-fold GroupKFold by pair # 3. performs feature selection ONLY inside training folds # 4. performs imputation ONLY from training-fold medians
/content/drive/MyDrive/Colab Notebooks/Untitled51.ipynb,Untitled51.ipynb,6,REFERENCE_OR_ANALYSIS,4,0,0,0,0,0,0,0,0,0,2,14548," # ============================================================================= # GSE164737 — GEO METADATA + REFERENCE BUILD FORENSIC CHECK # DO NOT EXTRACT GENE EXPRESSION YET # ============================================================================= from google.colab import drive drive.mount(""/content/drive"") import os import re import json import glob import pandas as pd import numpy as np BASE = ""/content/drive/MyDrive/thesis/DSD_Project/02_Limb_RNA_GSE164737"" RAW = os.path.join(BASE, ""RAW_EXTRACTED"") print(""="" * 80) print(""GSE164737 — GEO METADATA + REFERENCE BUILD FORENSIC CHE"
/content/drive/MyDrive/Colab Notebooks/Untitled7.ipynb,Untitled7.ipynb,94,REFERENCE_OR_ANALYSIS,4,0,0,0,0,0,0,0,0,0,2,26142," # ============================================================================== # STEP 27E # GC ENVIRONMENTAL MEMORY # FULL ZFIN + UNIPROT + NCBI + ENSEMBL RESCUE # ============================================================================== import os import re import io import time import json import requests import pandas as pd import numpy as np BASE = ""/content/drive/MyDrive/Dissertation"" CORE_GENES = [ ""ENSDARG00000038518"", ""ENSDARG00000045959"", ""ENSDARG00000067665"", ""ENSDARG00000068858"", ""ENSDARG00000069958"", ""ENSDARG00000074082"", ""ENSDARG00000074695"", "
/content/drive/MyDrive/Colab Notebooks/Untitled84.ipynb,Untitled84.ipynb,5,REFERENCE_OR_ANALYSIS,4,0,0,0,0,0,0,0,1,0,1,22876," # ================================================================================================== # STAGE 4C-3R-S4.1 # PAX3 REGULATORY SEQUENCE RETRIEVAL REPAIR + LOCAL ALIGNMENT QC # ================================================================================================== !pip -q install biopython pandas numpy requests import os import re import json import time import requests import numpy as np import pandas as pd from Bio import pairwise2 from Bio.Seq import Seq from google.colab import drive drive.mount(""/content/drive"") # ------------------------------------------------"
/content/drive/MyDrive/Colab Notebooks/Untitled86.ipynb,Untitled86.ipynb,31,REFERENCE_OR_ANALYSIS,4,0,0,0,0,0,0,0,0,0,2,5324, # ============================================================================================================== # FIGURE 1 — PAX3 HIERARCHY vs ROBUST dN/dS # Publication-ready: PNG + TIFF + PDF # 300 DPI # Output ONLY in /content — NOT Google Drive # ============================================================================== import os import pandas as pd import matplotlib.pyplot as plt from google.colab import drive # -------------------------------------------------------------------------------------------------------------- # 1. MOUNT DRIVE — READ ONLY SOURCE # ----------------------
/content/drive/MyDrive/Colab Notebooks/Untitled86.ipynb,Untitled86.ipynb,32,REFERENCE_OR_ANALYSIS,4,0,0,0,0,0,0,0,0,0,2,5220, # ============================================================================================================== # FIGURE 1 — PAX3 HIERARCHY vs ROBUST dN/dS # Publication-ready: PNG + TIFF + PDF # 300 DPI # Output ONLY in /content — NOT Google Drive # ============================================================================== import os import pandas as pd import matplotlib.pyplot as plt from google.colab import drive # -------------------------------------------------------------------------------------------------------------- # 1. MOUNT DRIVE — READ ONLY SOURCE # ----------------------
/content/drive/MyDrive/Colab Notebooks/Untitled97.ipynb,Untitled97.ipynb,50,REFERENCE_OR_ANALYSIS,4,0,0,0,0,0,0,0,0,0,0,4655," # ============================================================ # DISPLAY NAME MAPPING # ============================================================ DISPLAY_MAP = { ""Chga"": ""CHGA"", ""Pcsk2"": ""PCSK2"", ""Pyy"": ""PYY"", ""Cdkn1a"": ""CDKN1A"", ""Arx"": ""ARX"", ""Pdx1"": ""PDX1"", ""Pax6"": ""PAX6"", ""Ghrl"": ""GHRL"", ""Iapp"": ""IAPP"", ""Isl1"": ""ISL1"", ""Ins2"": ""INS"", ""Chgb"": ""CHGB"", ""Mfap4"": ""MFAP4"", ""Tmem27"": ""TMEM27"", ""Tmsb4x"": ""TMSB4X"", ""Tmsb10"": ""TMSB10"" } # ============================================================ # FIGURE 5 — COMBINED FINAL"
/content/drive/MyDrive/Colab Notebooks/Untitled97.ipynb,Untitled97.ipynb,51,REFERENCE_OR_ANALYSIS,4,0,0,0,0,0,0,0,0,0,0,17035," # ============================================================ # FIGURE 5 — FINAL CANONICAL MFOS STRING NETWORK # Self-contained / fresh run # ============================================================ import os import io import requests import numpy as np import pandas as pd import matplotlib.pyplot as plt import networkx as nx # ============================================================ # 1. OUTPUT DIRECTORY # ============================================================ OUTDIR = ""/content/FINAL_FIGURES"" os.makedirs(OUTDIR, exist_ok=True) # ==========================================="
/content/drive/MyDrive/Colab Notebooks/Untitled97.ipynb,Untitled97.ipynb,78,REFERENCE_OR_ANALYSIS,4,0,0,0,0,0,0,0,1,0,1,2431," from pathlib import Path import re BASE = Path(""/content/drive/MyDrive/MFOS_REVISION"") targets = [ BASE / ""MFOS_WORKFLOW_RECONSTRUCTION_PACKAGE.txt"", BASE / ""POINT2_FINAL_FALSIFICATION/POINT2_FINAL_REPORT.txt"", BASE / ""POINT2_FINAL_FALSIFICATION/POINT2_MANUSCRIPT_FALSIFICATION_SUBSECTION.txt"", BASE / ""POINT1_FINAL_NULL_MODEL/POINT1_MANUSCRIPT_SAFE_PARAGRAPH.txt"", BASE / ""STEP49B_Corrected_16Gene_Matched_Null/STEP49B_FINAL_REPORT.txt"", BASE / ""STEP49F_Final_Functional_Null/STEP49F_FINAL_REPORT.txt"", ] patterns = [ r""STEP37B"", r""matched random"", r""expressi"
/content/drive/MyDrive/Colab Notebooks/Untitled0.ipynb,Untitled0.ipynb,6,REFERENCE_OR_ANALYSIS,3,0,0,1,0,0,0,0,0,0,0,2206," # ==================================================================================================== # PHASE 28 — DATA RECOVERY # DOWNLOAD ORIGINAL GEO SERIES MATRICES # ==================================================================================================== from google.colab import drive drive.mount(""/content/drive"", force_remount=True) import os import urllib.request BASE = ""/content/drive/MyDrive/Toxicology"" os.makedirs(BASE, exist_ok=True) datasets = { ""GSE16233"": ""https://ftp.ncbi.nlm.nih.gov/geo/series/GSE16nnn/GSE16233/matrix/GSE16233_series_matrix.txt.gz"", """
/content/drive/MyDrive/Colab Notebooks/Untitled0.ipynb,Untitled0.ipynb,7,REFERENCE_OR_ANALYSIS,3,0,0,1,0,0,0,0,0,0,0,2198," # ==================================================================================================== # PHASE 28 — RECOVERY CHECKPOINT # SECURE RECOVERED GEO MATRICES # ==================================================================================================== import os import shutil TOX = ""/content/drive/MyDrive/Toxicology"" PHASE28 = os.path.join( TOX, ""Phase28_Independent_Dataset_Expansion"" ) os.makedirs(PHASE28, exist_ok=True) datasets = [ ""GSE16233"", ""GSE83326"", ""GSE31286"", ""GSE19662"", ""GSE215254"" ] print(""="" * 100) print(""PHASE 28 — RECOVERY CH"
/content/drive/MyDrive/Colab Notebooks/Untitled0.ipynb,Untitled0.ipynb,16,REFERENCE_OR_ANALYSIS,3,0,0,1,0,0,0,0,0,0,0,1812," # ============================================================ # TOXICOLOGY — FINAL EVIDENCE RECOVERY # Inspect only the historically finalized key files # ============================================================ import os import pandas as pd BASE = ""/content/drive/MyDrive/Toxicology (1)"" FILES = [ ""Cd_FINAL_15Gene_6Context_Master_Log2FC_Matrix.csv"", ""Cd_FINAL_15Gene_6Context_Integrated_Summary.csv"", ""Cd_FINAL_15Gene_6Context_Direction_Matrix.csv"", ""Cd_FINAL_15Gene_CrossSpecies_Conservation_Ranking.csv"", ""Cd_FINAL_15Gene_Integrated_CrossSpecies_Evidence_Matrix.csv"","
/content/drive/MyDrive/Colab Notebooks/Untitled0.ipynb,Untitled0.ipynb,36,REFERENCE_OR_ANALYSIS,3,0,0,1,0,0,0,0,0,0,0,7433," # ============================================================ # PHASE 33 — HUMAN DATA + EXISTING SPECIES DATA VERIFICATION # ============================================================ # Purpose: # 1. Search existing Toxicology dataset files # 2. Identify Human / Rat / Mouse datasets # 3. Check whether the 15 target genes are present # 4. Detect suspicious duplicated context values # 5. DO NOT create or save any new file # ============================================================ import os import glob import pandas as pd import numpy as np BASE = ""/content/drive/MyDrive/Toxicology (1)"""
/content/drive/MyDrive/Colab Notebooks/Untitled1.ipynb,Untitled1.ipynb,19,REFERENCE_OR_ANALYSIS,3,0,0,1,0,0,0,0,0,0,0,19067," # ============================================================ # STEP 33 — PARAMETER ATTRIBUTION / SENSITIVITY ANALYSIS # ============================================================ from google.colab import drive import os import numpy as np import pandas as pd import matplotlib.pyplot as plt drive.mount(""/content/drive"") # ============================================================ # DIRECTORIES # ============================================================ PROJECT_DIR = ""/content/drive/MyDrive/Antibody_Engineering"" STEP33_DIR = os.path.join( PROJECT_DIR, ""Step_33_Parameter_At"
/content/drive/MyDrive/Colab Notebooks/Untitled102.ipynb,Untitled102.ipynb,4,REFERENCE_OR_ANALYSIS,3,0,0,1,0,0,0,0,0,0,0,14197, # ============================================================ # ADHD GENETIC CONVERGENCE PROJECT # PART 5 — OLFSON 2024 VARIANT-LEVEL DATA EXTRACTION # # PURPOSE: # Inspect and standardize Supplementary Data 2.1 # (rare de novo variants in ADHD cases) # # IMPORTANT: # - ALWAYS mount Google Drive first # - Raw XLSX is NEVER modified # - No biological filtering yet # - No gene-set construction yet # - Original values are preserved # ============================================================ # ============================================================ # 1. GOOGLE DRIVE — ALW
/content/drive/MyDrive/Colab Notebooks/Untitled102.ipynb,Untitled102.ipynb,12,REFERENCE_OR_ANALYSIS,3,0,0,1,0,0,0,0,0,0,0,26163, # ============================================================ # ADHD PROJECT — PART 9B CORRECTED # STRING PHYSICAL PPI NETWORK # Homo sapiens | Confidence >= 700 # # IMPORTANT: # This version reconstructs the STRING mapping directly from # the validated parsed STRING response. # It does NOT trust the erroneous string_mapped flag. # ============================================================ # ------------------------------------------------------------ # 0. MOUNT GOOGLE DRIVE # ------------------------------------------------------------ from google.colab import drive drive.mount('/cont
/content/drive/MyDrive/Colab Notebooks/Untitled102.ipynb,Untitled102.ipynb,14,REFERENCE_OR_ANALYSIS,3,0,0,1,0,0,0,0,0,0,0,22968,"import os import io import json import requests import pandas as pd import numpy as np # ------------------------------------------------------------ # 2. BASE DIRECTORIES # ------------------------------------------------------------ BASE = ""/content/drive/MyDrive/ADHD"" INPUT_FILE = os.path.join( BASE, ""11_MAIN_ANALYSIS"", ""INPUT"", ""primary_canonical_gene_ppi_input.csv"" ) MAPPING_FILE = os.path.join( BASE, ""06_PPI_DATA"", ""STRING_PROCESSED"", ""string_primary_gene_mapping_final.csv"" ) STRING_ID_FILE = os.path.join( BASE, ""11_MAIN_ANALYSIS"", ""INPUT"
/content/drive/MyDrive/Colab Notebooks/Untitled102.ipynb,Untitled102.ipynb,15,REFERENCE_OR_ANALYSIS,3,0,0,1,0,0,0,0,0,0,0,28132, # ============================================================ # ADHD PROJECT — PART 9B-EXPANDED # STRING PHYSICAL PPI EXPANDED NETWORK # # Primary network: # Species = Homo sapiens (9606) # Network = physical # Required score = 700 # Seed proteins = 33 primary genes # Added nodes = 100 # # PURPOSE: # Build an expanded physical STRING network so that # intermediate proteins can connect familial and de-novo # primary genes. # # NO shortest-path analysis # NO permutation # NO null model # ============================================================ # --------------
/content/drive/MyDrive/Colab Notebooks/Untitled102.ipynb,Untitled102.ipynb,21,REFERENCE_OR_ANALYSIS,3,0,0,1,0,0,0,0,0,0,0,31531," # ============================================================ # ADHD PROJECT — PART 10D (FIXED) # INTACT 2-HOP NETWORK EXPANSION # # FIX: # Previous IntAct network columns are: # query_node # partner_node # undirected_edge_key # # We now use those actual columns. # # GOOGLE DRIVE MOUNT # ============================================================ from google.colab import drive drive.mount( ""/content/drive"" ) # ============================================================ # 1. IMPORTS # ============================================================ import os import re import json"
/content/drive/MyDrive/Colab Notebooks/Untitled102.ipynb,Untitled102.ipynb,25,REFERENCE_OR_ANALYSIS,3,0,0,1,0,0,0,0,0,0,0,8074, # ============================================================================= # PART 10E-C — CORRECT PSICQUIC ENDPOINT DIAGNOSTIC # ============================================================================= # PURPOSE: # Validate the official PSICQUIC REST endpoint structure before any # pagination/recovery is attempted. # # IMPORTANT: # - DOES NOT modify Part 10D network # - DOES NOT rebuild the network # - DOES NOT append recovered interactions # - Diagnostic only # ============================================================================= from google.colab import drive 
/content/drive/MyDrive/Colab Notebooks/Untitled102.ipynb,Untitled102.ipynb,27,REFERENCE_OR_ANALYSIS,3,0,0,1,0,0,0,0,0,0,0,20041," # ============================================================================= # PART 10E-E1 — COMPLETE AUTHORITATIVE INTACT RETRIEVAL # ============================================================================= # # PURPOSE # ------- # Build a COMPLETE, independently retrieved 2-hop interaction-record dataset # from all 360 first-hop partner identifiers. # # IMPORTANT: # - Part 10D is NOT modified. # - Part 10E-D recovery files are NOT modified. # - This creates a NEW authoritative dataset. # - Retrieval uses the validated PSICQUIC endpoint. # - Retrieval is page-based and resum"
/content/drive/MyDrive/Colab Notebooks/Untitled103.ipynb,Untitled103.ipynb,11,REFERENCE_OR_ANALYSIS,3,0,0,1,0,0,0,0,0,0,0,7316," # ============================================================================== # M.19A.11 — STEP 17 OPTIMIZED # EXACT GROUP-LABEL PERMUTATION TEST # ============================================================================== # Same exact test as before: # # Total configurations = C(29,14) = 77,558,760 # # But instead of pandas operations inside 77.5 million iterations, # use vectorized NumPy chunking. # # NO statistical definition is changed. # ============================================================================== print(""\n"" + ""="" * 80) print(""STEP 17 — OPTIMIZED EXACT GROUP-L"
/content/drive/MyDrive/Colab Notebooks/Untitled105.ipynb,Untitled105.ipynb,50,REFERENCE_OR_ANALYSIS,3,8,0,1,1,0,0,0,1,0,1,31337," # ============================================================================ # PART 23J — CACTUS SECTION / GROUP / FBgn PROVENANCE RECONCILIATION # ============================================================================ # # Scientific goal: # Resolve the discrepancy: # # Previous historical Cactus candidate records = 1665 # PART 23I parsed candidate records = 1146 # # We will NOT assume: # 3 records / gene = 3 isoforms # # Instead, we independently reconstruct: # # raw file # ↓ # section # ↓ # dmel record # ↓ # FBgn # ↓ # "
/content/drive/MyDrive/Colab Notebooks/Untitled106.ipynb,Untitled106.ipynb,46,REFERENCE_OR_ANALYSIS,3,0,0,1,0,0,0,0,0,0,0,9016," # ================================================================ # PART 29P — DEEP LINEAGE / BRANCH-LENGTH FORENSIC RECOVERY # ================================================================ from google.colab import drive drive.mount('/content/drive') import os import re import pandas as pd from pathlib import Path print(""=""*80) print(""PART 29P — DEEP LINEAGE / BRANCH-LENGTH FORENSIC RECOVERY"") print(""=""*80) ROOT = Path(""/content/drive/MyDrive/GENE"") OUT = ROOT / ""11_RESULTS"" / ""PART_29_MECHANISTIC_GENE_BIRTH"" / ""PART_29P_LINEAGE_FORENSICS"" OUT.mkdir(parents=True, exist_ok=True) # ---"
/content/drive/MyDrive/Colab Notebooks/Untitled106.ipynb,Untitled106.ipynb,83,REFERENCE_OR_ANALYSIS,3,8,0,1,1,0,0,0,2,0,0,14844," from google.colab import drive drive.mount('/content/drive') import os import hashlib import pandas as pd import numpy as np print(""=""*80) print(""PART 30AF — G3 LOCUS → NEIGHBORING SEQUENCE CONTINUITY AUDIT"") print(""=""*80) # ================================================================ # VERIFIED PATHS # ================================================================ BASE = ""/content/drive/MyDrive/GENE/11_RESULTS/PART_29_MECHANISTIC_GENE_BIRTH"" P30AA = os.path.join( BASE, ""PART_30AA_G3_RAW_LOCUS_AUDIT"", ""PART_30AA_G3_EXACT_RAW_LOCUS_RECORDS.csv"" ) P30AE = os.path.join( "
/content/drive/MyDrive/Colab Notebooks/Untitled106.ipynb,Untitled106.ipynb,87,REFERENCE_OR_ANALYSIS,3,8,0,1,1,0,0,0,2,0,0,11288," from google.colab import drive drive.mount('/content/drive') import os import pandas as pd import numpy as np print(""=""*80) print(""PART 30AI — RECIPROCAL G3 ↔ NON-DMEL SEQUENCE SPECIFICITY"") print(""=""*80) # ================================================================ # VERIFIED PATHS # ================================================================ BASE = ""/content/drive/MyDrive/GENE/11_RESULTS/PART_29_MECHANISTIC_GENE_BIRTH"" P30AF = os.path.join( BASE, ""PART_30AF_G3_LOCUS_SEQUENCE_CONTINUITY"", ""PART_30AF_ALL_G3_NEIGHBOR_SEQUENCE_CONTINUITY.csv"" ) P30AA = os.path.join( "
/content/drive/MyDrive/Colab Notebooks/Untitled106.ipynb,Untitled106.ipynb,88,REFERENCE_OR_ANALYSIS,3,8,0,1,1,0,0,0,2,0,0,12320," from google.colab import drive drive.mount('/content/drive') import os import pandas as pd import numpy as np print(""=""*80) print(""PART 30AI-R — RECIPROCAL G3 ↔ NON-DMEL SEQUENCE SPECIFICITY"") print(""=""*80) # ================================================================ # VERIFIED PATHS # ================================================================ BASE = ""/content/drive/MyDrive/GENE/11_RESULTS/PART_29_MECHANISTIC_GENE_BIRTH"" P30AF = os.path.join( BASE, ""PART_30AF_G3_LOCUS_SEQUENCE_CONTINUITY"", ""PART_30AF_ALL_G3_NEIGHBOR_SEQUENCE_CONTINUITY.csv"" ) P30AA = os.path.join"
/content/drive/MyDrive/Colab Notebooks/Untitled106.ipynb,Untitled106.ipynb,89,REFERENCE_OR_ANALYSIS,3,8,0,1,1,0,0,0,2,0,0,12320," from google.colab import drive drive.mount('/content/drive') import os import pandas as pd import numpy as np print(""=""*80) print(""PART 30AI-R — RECIPROCAL G3 ↔ NON-DMEL SEQUENCE SPECIFICITY"") print(""=""*80) # ================================================================ # VERIFIED PATHS # ================================================================ BASE = ""/content/drive/MyDrive/GENE/11_RESULTS/PART_29_MECHANISTIC_GENE_BIRTH"" P30AF = os.path.join( BASE, ""PART_30AF_G3_LOCUS_SEQUENCE_CONTINUITY"", ""PART_30AF_ALL_G3_NEIGHBOR_SEQUENCE_CONTINUITY.csv"" ) P30AA = os.path.join"
/content/drive/MyDrive/Colab Notebooks/Untitled106.ipynb,Untitled106.ipynb,90,REFERENCE_OR_ANALYSIS,3,8,0,1,1,0,0,0,2,0,0,12320," from google.colab import drive drive.mount('/content/drive') import os import pandas as pd import numpy as np print(""=""*80) print(""PART 30AI-R — RECIPROCAL G3 ↔ NON-DMEL SEQUENCE SPECIFICITY"") print(""=""*80) # ================================================================ # VERIFIED PATHS # ================================================================ BASE = ""/content/drive/MyDrive/GENE/11_RESULTS/PART_29_MECHANISTIC_GENE_BIRTH"" P30AF = os.path.join( BASE, ""PART_30AF_G3_LOCUS_SEQUENCE_CONTINUITY"", ""PART_30AF_ALL_G3_NEIGHBOR_SEQUENCE_CONTINUITY.csv"" ) P30AA = os.path.join"
/content/drive/MyDrive/Colab Notebooks/Untitled107.ipynb,Untitled107.ipynb,2,REFERENCE_OR_ANALYSIS,3,0,0,1,0,0,0,0,0,0,0,1340," # ================================================================ # STEP38I-H — HISTORICAL KIDNEY TMEM27 SOURCE RESOLVER # ================================================================ # Goal: # 1. Mount Drive # 2. Read STEP82–STEP89 provenance JSON files # 3. Search all provenance fields for: # TMEM27, GSE131685, GSM4145204, kidney, h5ad, # feature_id, var_names, source, matrix, adata, etc. # 4. Inspect historical STEP38C source/output traces # 5. Identify possible original source files # 6. DO NOT modify any raw data # 7. DO NOT substitute TMEM270/TMEM272/TME"
/content/drive/MyDrive/Colab Notebooks/Untitled107.ipynb,Untitled107.ipynb,3,REFERENCE_OR_ANALYSIS,3,0,0,1,0,0,0,0,0,0,0,2808,"!pip install -q anndata import anndata # ================================================================ # 6. CHECK H5AD FILES FOR EXACT TMEM27 # ================================================================ h5ad_candidates = [] for root in search_roots: if not os.path.exists(root): continue h5ad_candidates.extend( glob.glob( os.path.join(root, ""**"", ""*.h5ad""), recursive=True ) ) h5ad_candidates = sorted( set(h5ad_candidates) ) print(""="" * 80) print(""H5AD FILES FOUND:"", len(h5ad_candidates)) print(""="" * 80) h5ad_resul"
/content/drive/MyDrive/Colab Notebooks/Untitled108.ipynb,Untitled108.ipynb,0,REFERENCE_OR_ANALYSIS,3,8,0,1,1,0,0,0,2,0,0,12320," from google.colab import drive drive.mount('/content/drive') import os import pandas as pd import numpy as np print(""=""*80) print(""PART 30AI-R — RECIPROCAL G3 ↔ NON-DMEL SEQUENCE SPECIFICITY"") print(""=""*80) # ================================================================ # VERIFIED PATHS # ================================================================ BASE = ""/content/drive/MyDrive/GENE/11_RESULTS/PART_29_MECHANISTIC_GENE_BIRTH"" P30AF = os.path.join( BASE, ""PART_30AF_G3_LOCUS_SEQUENCE_CONTINUITY"", ""PART_30AF_ALL_G3_NEIGHBOR_SEQUENCE_CONTINUITY.csv"" ) P30AA = os.path.join"
/content/drive/MyDrive/Colab Notebooks/Untitled108.ipynb,Untitled108.ipynb,1,REFERENCE_OR_ANALYSIS,3,8,0,1,1,0,0,0,2,0,0,12943," from google.colab import drive drive.mount('/content/drive') import os import numpy as np import pandas as pd print(""=""*80) print(""PART 30AI-R2 — G3 ↔ NON-DMEL SEQUENCE SPECIFICITY"") print(""=""*80) # ================================================================ # VERIFIED PATHS # ================================================================ BASE = ""/content/drive/MyDrive/GENE/11_RESULTS/PART_29_MECHANISTIC_GENE_BIRTH"" P30AF = os.path.join( BASE, ""PART_30AF_G3_LOCUS_SEQUENCE_CONTINUITY"", ""PART_30AF_ALL_G3_NEIGHBOR_SEQUENCE_CONTINUITY.csv"" ) P30AA = os.path.join( BASE"
/content/drive/MyDrive/Colab Notebooks/Untitled108.ipynb,Untitled108.ipynb,26,REFERENCE_OR_ANALYSIS,3,0,0,1,0,0,0,0,0,0,0,1386,"import os import re import numpy as np import pandas as pd BASE = ""/content/drive/MyDrive/GENE"" OUT = f""{BASE}/11_RESULTS/PART_25B_EMPIRICAL_NULL_TESTING"" os.makedirs(OUT, exist_ok=True) print(""=""*78) print(""PART 25B.20 — SOURCE-LINEAGE CALIBRATION"") print(""=""*78) # ------------------------------------------------------------------------------ # INPUTS # ------------------------------------------------------------------------------ OBSERVED_FILE = ( f""{BASE}/11_RESULTS/PART_24A_GEP_MODEL_INITIALIZATION/"" f""PART_24A_LOCKED_GEP_BIRTH_FEATURE_MATRIX.csv"" ) OBSERVED_SCORE_FILE = ( "
/content/drive/MyDrive/Colab Notebooks/Untitled109.ipynb,Untitled109.ipynb,31,REFERENCE_OR_ANALYSIS,3,0,0,1,0,0,0,0,0,0,0,6648," # ================================================================ # PART 25C.14 — CANDIDATE CACTUS SECTION ARCHITECTURE # ================================================================ from google.colab import drive drive.mount('/content/drive') import pandas as pd import os BASE = ""/content/drive/MyDrive/GENE"" MAP = ( f""{BASE}/11_RESULTS/"" ""PART_25C_EVOLUTIONARY_SEQUENCE_STATE/"" ""PART_25C13_555_CANDIDATE_SECTION_MAPPING.csv"" ) SUMMARY = ( f""{BASE}/11_RESULTS/"" ""PART_21D18_1669_RECORD_ANOMALY_FORENSICS/"" ""PART_21D18_SECTION_SUMMARY.csv"" ) OUTDIR = ( f""{BAS"
/content/drive/MyDrive/Colab Notebooks/Untitled109.ipynb,Untitled109.ipynb,36,REFERENCE_OR_ANALYSIS,3,0,0,1,0,0,0,0,0,0,0,6801," # ================================================================ # PART 25C.17S — RAW CACTUS Dmel SEQUENCE RECOVERY + VALIDATION # ================================================================ from google.colab import drive drive.mount('/content/drive') import os import re import hashlib import pandas as pd BASE = ""/content/drive/MyDrive/GENE"" OUT = f""{BASE}/11_RESULTS/PART_25C_EVOLUTIONARY_SEQUENCE_STATE"" os.makedirs(OUT, exist_ok=True) print(""=""*78) print(""PART 25C.17S — RAW CACTUS Dmel SEQUENCE RECOVERY + VALIDATION"") print(""=""*78) # ----------------------------------------------"
/content/drive/MyDrive/Colab Notebooks/Untitled109.ipynb,Untitled109.ipynb,41,REFERENCE_OR_ANALYSIS,3,0,0,1,0,0,0,0,0,0,0,5737," # ================================================================ # PART 25C.20 — NORMALIZED TRANSITION POSITION ANALYSIS # ================================================================ from google.colab import drive drive.mount('/content/drive') import pandas as pd import numpy as np BASE = ""/content/drive/MyDrive/GENE"" OUT = ( f""{BASE}/11_RESULTS/"" f""PART_25C_EVOLUTIONARY_SEQUENCE_STATE"" ) BLOCK_FILE = ( f""{BASE}/11_RESULTS/"" f""PART_23J9R_ROBUST_DIFFERENCE_RECONCILIATION/"" f""PART_23J9R_verified_difference_blocks.csv"" ) RAW_FILE = ( f""{OUT}/PART_25C17S_RAW_D"
/content/drive/MyDrive/Colab Notebooks/Untitled111.ipynb,Untitled111.ipynb,28,REFERENCE_OR_ANALYSIS,3,0,0,1,0,0,0,0,0,0,0,10394,"# ================================================================ # PART 25C.94 — CACTUS HEADER-VARIANT IDENTITY RECONSTRUCTION # ================================================================ from google.colab import drive drive.mount('/content/drive') import os import re import pandas as pd import numpy as np BASE = ""/content/drive/MyDrive/GENE/11_RESULTS/PART_25C_EVOLUTIONARY_SEQUENCE_STATE"" TARGET_FILE = os.path.join( BASE, ""PART_25C88_FULL_ACTUAL_SEQUENCE_PROVENANCE"", ""PART_25C88_REMAINING_114_TARGET_MANIFEST.csv"" ) RAW_FILE = ""/content/drive/MyDrive/GENE/00_RAW/Supple"
/content/drive/MyDrive/Colab Notebooks/Untitled111.ipynb,Untitled111.ipynb,34,REFERENCE_OR_ANALYSIS,3,0,0,1,0,0,0,0,0,0,0,4893," # ================================================================ # PART 26.5 — ORIGINAL BRANCH_LEN CONTENT RECOVERY # ================================================================ from google.colab import drive drive.mount('/content/drive') import os import pandas as pd import re print(""=""*70) print(""PART 26.5 — ORIGINAL BRANCH_LEN CONTENT RECOVERY"") print(""=""*70) BASE = ""/content/drive/MyDrive/GENE/11_RESULTS/PART_29_MECHANISTIC_GENE_BIRTH"" files = [ os.path.join(BASE, ""PART_29Q_TARGETED_LINEAGE_RECONSTRUCTION"", ""PART_29Q_BRANCH_LENGTH_REFERENCES.csv""), os"
/content/drive/MyDrive/Colab Notebooks/Untitled111.ipynb,Untitled111.ipynb,45,REFERENCE_OR_ANALYSIS,3,0,0,1,0,0,0,0,0,0,0,6695," # ================================================================ # PART 26.16 — ACTUAL L0–L9 SPECIES MAPPING RECOVERY # ================================================================ from google.colab import drive drive.mount('/content/drive') import os import re import pandas as pd print(""=""*70) print(""PART 26.16 — ACTUAL L0–L9 SPECIES MAPPING RECOVERY"") print(""=""*70) # ------------------------------------------------ # INPUT # ------------------------------------------------ src = ( ""/content/drive/MyDrive/GENE/11_RESULTS/"" ""PART_29_MECHANISTIC_GENE_BIRTH/"" ""PART_29V_BRA"
/content/drive/MyDrive/Colab Notebooks/Untitled112.ipynb,Untitled112.ipynb,62,REFERENCE_OR_ANALYSIS,3,8,0,1,1,0,0,0,2,0,0,19181, # ================================================================ # PART 31.44 — NUCLEOTIDE-LEVEL MUTATION SOURCE RECOVERY # ================================================================ # # GOAL # ---- # Recover the ORIGINAL sequence-level information underlying # PART 31.34R event architecture. # # We specifically search for: # # 1. DNA / nucleotide sequence # 2. reference sequence # 3. mutated sequence # 4. mutation position # 5. reference nucleotide # 6. alternate nucleotide # 7. record-level mapping to FBgn_key / record_order # # IMPORTANT # --------- # This module does
/content/drive/MyDrive/Colab Notebooks/Untitled112.ipynb,Untitled112.ipynb,66,REFERENCE_OR_ANALYSIS,3,8,0,1,1,0,0,0,2,0,0,24626," # ============================================================================ # PART 31.45B # EXACT 31.34R EVENT → REAL SEQUENCE SOURCE MAPPING # ============================================================================ # # SOURCE RESOLVED IN PART 31.45A: # # PART_31_2R_RETAINED_555_SEQUENCE_INPUT.csv # # ID = FBgn # SEQUENCE = sequence # # 31.34R: # 2,607,802 event rows # 809 FBgn # # Goal: # Determine whether start_idx / stop_idx from the proto-ORF event # architecture can be resolved directly against the actual sequence # records. # # IMPORTANT: # This is NOT hi"
/content/drive/MyDrive/Colab Notebooks/Untitled112.ipynb,Untitled112.ipynb,67,REFERENCE_OR_ANALYSIS,3,8,0,1,1,0,0,0,2,0,0,25311, # ============================================================================ # PART 31.45B-FAST # EXACT EVENT → REAL SEQUENCE MAPPING # OPTIMIZED VERSION # ============================================================================ # # IMPORTANT: # Run this AFTER INTERRUPTING the previous 31.45B cell. # # Main optimization: # DO NOT translate every event against every sequence record. # # Filter order: # FBgn # ↓ # coordinate validity # ↓ # sequence length validity # ↓ # expected ORF length / coordinate-span compatibility # ↓ # translation ONLY for surviving
/content/drive/MyDrive/Colab Notebooks/Untitled112.ipynb,Untitled112.ipynb,75,REFERENCE_OR_ANALYSIS,3,0,0,1,0,0,0,0,0,0,0,26346, # ================================================================ # PART 31.64 — PAIR-AWARE NESTED PREDICTIVE MODEL # ================================================================ # # GOAL # ---- # Test whether sequence features add predictive information beyond # sequence length + GC after strict 1:1 matching. # # MODELS # ------ # M0 = Length + GC # M1 = M0 + mononucleotide # M2 = M0 + dinucleotide # M3 = M0 + trinucleotide # M4 = M0 + local-GC + sequence structure # M5 = reduced combined sequence model # # VALIDATION # ---------- # Pair-aware GroupKFold: # both members of a matched p
/content/drive/MyDrive/Colab Notebooks/Untitled112.ipynb,Untitled112.ipynb,76,REFERENCE_OR_ANALYSIS,3,0,0,1,0,0,0,0,0,0,0,25986," # ================================================================ # PART 31.64 FIXED — PAIR-AWARE NESTED PREDICTIVE MODEL # ================================================================ # # FIX: # Part 31.63 feature file contains ""FBgn"", not ""FBgn_key"". # We explicitly normalize it before merging. # # ================================================================ from google.colab import drive drive.mount('/content/drive') import numpy as np import pandas as pd import json import warnings from pathlib import Path from sklearn.model_selection import GroupKFold from sklearn.preprocess"
/content/drive/MyDrive/Colab Notebooks/Untitled113.ipynb,Untitled113.ipynb,0,REFERENCE_OR_ANALYSIS,3,8,0,1,1,0,0,0,2,0,0,13100," # ============================================================================= # PART 31.45F — EXACT 31.34R ↔ 31.32 COORDINATE RECONCILIATION # ============================================================================= import os import json import numpy as np import pandas as pd from google.colab import drive drive.mount('/content/drive') GENE = ""/content/drive/MyDrive/GENE"" BASE = ( f""{GENE}/11_RESULTS/"" ""PART_31_NON_GENIC_TO_YOUNG_GENE_RECONSTRUCTION"" ) EVENT_FILE = ( f""{BASE}/PART_31_34R_FAST_MUTATION_PROTO_ORF/"" ""PART_31_34R_FINAL_EVENT_ARCHITECTURE.csv"" ) ORF_FI"
/content/drive/MyDrive/Colab Notebooks/Untitled113.ipynb,Untitled113.ipynb,21,REFERENCE_OR_ANALYSIS,3,0,0,1,0,0,0,0,0,0,0,23454, # ================================================================ # PART 31.56 — FLYBASE PUBLIC SEQUENCE RECOVERY # ================================================================ # # GOAL # ---- # Attempt direct recovery of the 279 HOMOLOGY-REJECTED candidates # from the current public FlyBase sequence system. # # SOURCE # ------ # FlyBase current release: # FB2026_03 # # IMPORTANT # --------- # 1. These are present-day FlyBase sequences. # 2. They are NOT ancestral sequences. # 3. They are NOT historical non-genic precursor sequences. # 4. No sequence is invented or imputed. # 5. Every se
/content/drive/MyDrive/Colab Notebooks/Untitled115.ipynb,Untitled115.ipynb,25,REFERENCE_OR_ANALYSIS,3,0,0,1,0,0,0,0,0,0,0,19908," # ============================================================================= # PART 31.93AA-R — HUMAN TRANSCRIPT-LEVEL PROTEIN VALIDATION # ============================================================================= import os import re import json import time import requests import pandas as pd import numpy as np from google.colab import drive # ============================================================================= # 1. DRIVE MOUNT # ============================================================================= drive.mount(""/content/drive"") print(""="" * 80) print(""PART 31.93AA-"
/content/drive/MyDrive/Colab Notebooks/Untitled116.ipynb,Untitled116.ipynb,0,REFERENCE_OR_ANALYSIS,3,0,0,1,0,0,0,0,0,0,0,8875," # ================================================================ # PART 31.95G — CANDIDATE-WISE PHYLOGENETIC FASTA BLOCKS # ================================================================ from google.colab import drive drive.mount('/content/drive') import os import pandas as pd import numpy as np import json import re ROOT = ""/content/drive/MyDrive/GENE"" INPUT_FILE = os.path.join( ROOT, ""11_RESULTS/PART_31_HISTORICAL_RECONSTRUCTION/"", ""PART_31_95F_DMEL_ALIGNMENT_BRIDGE/"", ""PART_31_95F_DMEL_NONDMEL_SEQUENCE_RECORDS.csv"" ) OUT = os.path.join( ROOT, ""11_RESULTS/PA"
/content/drive/MyDrive/Colab Notebooks/Untitled116.ipynb,Untitled116.ipynb,2,REFERENCE_OR_ANALYSIS,3,0,0,1,0,0,0,0,0,0,0,8224," # ================================================================ # PART 31.95I — PHYLO QC FAILURE-REASON DIAGNOSTIC # ================================================================ from google.colab import drive drive.mount('/content/drive') import os import pandas as pd import numpy as np import json ROOT = ""/content/drive/MyDrive/GENE"" QC_FILE = os.path.join( ROOT, ""11_RESULTS/PART_31_HISTORICAL_RECONSTRUCTION/"", ""PART_31_95H_FASTA_INTEGRITY_QC/"", ""PART_31_95H_FASTA_INTEGRITY_QC.csv"" ) OUT = os.path.join( ROOT, ""11_RESULTS/PART_31_HISTORICAL_RECONSTRUCTION/"""
/content/drive/MyDrive/Colab Notebooks/Untitled116.ipynb,Untitled116.ipynb,23,REFERENCE_OR_ANALYSIS,3,0,0,1,0,0,0,0,0,0,0,16421, # ============================================================================= # PART 31.95Z — HISTORICAL SUBSTITUTION REPLAY + ORF/ACCESSIBILITY EFFECT # ============================================================================= # ------------------------------------------------------------------------- # 0. MOUNT GOOGLE DRIVE # ------------------------------------------------------------------------- from google.colab import drive drive.mount('/content/drive') # ------------------------------------------------------------------------- # IMPORTS # -------------------------------------
/content/drive/MyDrive/Colab Notebooks/Untitled12.ipynb,Untitled12.ipynb,26,REFERENCE_OR_ANALYSIS,3,8,0,1,1,0,0,0,2,0,0,20415,"import os import json import numpy as np import pandas as pd BASE = ""/content/drive/MyDrive/Dissertation"" FIX20 = os.path.join( BASE, ""GC_STEP32D_FIX20_23_CANDIDATE_MECHANISTIC_PRIORITIZATION"" ) FIX21 = os.path.join( BASE, ""GC_STEP32D_FIX21_FIX3_FIX2_DMR_LINKAGE"" ) OUTPUT = os.path.join( BASE, ""GC_STEP32D_FIX22_REGULATORY_CONTEXT_MECHANISTIC_SCORING"" ) os.makedirs(OUTPUT, exist_ok=True) CANDIDATE_FILE = os.path.join( FIX20, ""STEP32D_FIX20_PRIORITIZATION_SUMMARY.csv"" ) LINK_FILE = os.path.join( FIX21, ""FIX21_FIX3_FIX2_all_23_candidate_DMR_links.csv"
/content/drive/MyDrive/Colab Notebooks/Untitled120.ipynb,Untitled120.ipynb,13,REFERENCE_OR_ANALYSIS,3,8,0,1,1,0,0,0,0,4,0,7781," from google.colab import drive drive.mount('/content/drive') from pathlib import Path import ast import re # ================================================================ # CELL 64 — STRUCTURAL SOURCE MAP # ================================================================ HONEY = ""/content/drive/MyDrive/Honey"" SOURCE = Path( HONEY + ""/v13_3_Bee_Rule_Audit/v13_3E_ORIGINAL_CELL64_FULL.py"" ) OUT_DIR = Path( HONEY + ""/v13_3_Bee_Rule_Audit"" ) source = SOURCE.read_text( encoding=""utf-8"" ) lines = source.splitlines() print(""="" * 80) print(""CELL 64 — STRUCTURAL SOURCE MA"
/content/drive/MyDrive/Colab Notebooks/Untitled2.ipynb,Untitled2.ipynb,7,REFERENCE_OR_ANALYSIS,3,0,0,1,0,0,0,0,0,0,0,7784," # ============================================================ # MOUSE LIVER — ORIGINAL SOURCE DISCOVERY # Find independent upstream Mouse Liver evidence # ============================================================ import os import pandas as pd import numpy as np BASE = ""/content/drive/MyDrive/Toxicology (1)"" TARGET_GENES = [ ""BEX4"", ""CDH13"", ""COL16A1"", ""CTBP2"", ""GSG1"", ""HMOX1"", ""HSPA1A"", ""HSPB1"", ""HSPH1"", ""KLRE1"", ""NES"", ""NEU2"", ""POPDC2"", ""STMN4"", ""VGF"" ] TARGET_GENES = {g.upper() for g in TARGET_GENES} # ============================================================ # 1. D"
/content/drive/MyDrive/Colab Notebooks/Untitled3.ipynb,Untitled3.ipynb,1,REFERENCE_OR_ANALYSIS,3,0,0,1,0,0,0,0,0,0,0,7311, import numpy as np import matplotlib.pyplot as plt # ============================================================ # STAGE 2 # Finite-resource comparison: # Conventional simultaneous model vs R <-> M architecture # ============================================================ # ----------------------------- # Simulation parameters # ----------------------------- T = 500 dt = 0.05 # Initial shared resource initial_resource = 10.0 # Continuous external/resource regeneration resource_input = 0.025 # Consumption rates k_rep = 0.030 k_mem = 0.020 # Completion thresholds replication_threshold =
/content/drive/MyDrive/Colab Notebooks/Untitled35.ipynb,Untitled35.ipynb,15,REFERENCE_OR_ANALYSIS,3,0,0,1,0,0,0,0,0,0,0,37120, # ============================================================================================================ # FIX22T-R11-R74 SOCS3B ACTUAL FULL-TEXT ENVIRONMENTAL EXPOSURE → MOLECULAR STATE → PERSISTENCE VERIFICATION # ============================================================================================================ # # PURPOSE # ------- # R73 identified SOCS3B-related environmental/expression/persistence literature. # # R74 now performs the ACTUAL PAPER-LEVEL verification: # # Environmental exposure # ↓ # SOCS3B expression / regulation # ↓ # molecular state (DNA / 
/content/drive/MyDrive/Colab Notebooks/Untitled35.ipynb,Untitled35.ipynb,16,REFERENCE_OR_ANALYSIS,3,0,0,1,0,0,0,0,0,0,0,19683," # ============================================================================================================== # FIX22T-R11-R75 SOCS3B EXPOSURE → miRNA → mRNA MODIFICATION → EXPRESSION → PERSISTENCE # MECHANISTIC MEMORY GAP RECONSTRUCTION # ============================================================================================================== import os import re import json import hashlib import pandas as pd import numpy as np from pathlib import Path print(""="" * 110) print(""FIX22T-R11-R75 SOCS3B MECHANISTIC MEMORY GAP RECONSTRUCTION"") print(""="" * 110) # -"
/content/drive/MyDrive/Colab Notebooks/Untitled35.ipynb,Untitled35.ipynb,17,REFERENCE_OR_ANALYSIS,3,0,0,1,0,0,0,0,0,0,0,20734," # ============================================================================================================== # FIX22T-R11-R75-FIX1 ROBUST R74 OUTPUT DISCOVERY + SOCS3B MECHANISTIC MEMORY GAP RECONSTRUCTION # ============================================================================================================== import os import re import json import hashlib import pandas as pd import numpy as np from pathlib import Path print(""="" * 110) print(""FIX22T-R11-R75-FIX1 ROBUST R74 DISCOVERY + SAFE RESUME"") print(""="" * 110) # --------------------------------------------------------------"
/content/drive/MyDrive/Colab Notebooks/Untitled35.ipynb,Untitled35.ipynb,19,REFERENCE_OR_ANALYSIS,3,0,0,1,0,0,0,0,0,0,0,21642, # ============================================================================================================== # FIX22T-R11-R78 # SOCS3B TESTABLE MOLECULAR-MEMORY EXPERIMENT SPECIFICATION # # PURPOSE # ------- # Convert the R77 mechanistic gap into a falsifiable experimental design. # # IMPORTANT # --------- # 1. NO NEW LITERATURE SEARCH # 2. NO NEW BIOLOGICAL CLAIM # 3. Existing R71/R72/R74/R76 evidence is retained as input # 4. Exposure != memory # 5. Molecular regulation != persistence # 6. Persistence requires a verified post-exposure/washout measurement # 7. Molecular memory requires p
/content/drive/MyDrive/Colab Notebooks/Untitled46.ipynb,Untitled46.ipynb,9,REFERENCE_OR_ANALYSIS,3,0,0,1,0,0,0,0,0,0,0,4229," from google.colab import drive drive.mount('/content/drive') import subprocess r_code = r''' library(oligo) library(pd.chicken) CEL_DIR <- ""/content/drive/MyDrive/thesis/DSD_Project/01_Segmentation_Clock/Chicken_CEL"" OUT_DIR <- ""/content/drive/MyDrive/thesis/DSD_Project/01_Segmentation_Clock/Chicken_Processed"" dir.create( OUT_DIR, recursive = TRUE, showWarnings = FALSE ) # ============================================================ # 1. Locate CEL files # ============================================================ cel_files <- list.files( CEL_DIR, pattern = ""\\.CE"
/content/drive/MyDrive/Colab Notebooks/Untitled46.ipynb,Untitled46.ipynb,10,REFERENCE_OR_ANALYSIS,3,0,0,1,0,0,0,0,0,0,0,4350," from google.colab import drive drive.mount('/content/drive') import subprocess r_code = r''' library(oligo) library(pd.chicken) CEL_DIR <- ""/content/drive/MyDrive/thesis/DSD_Project/01_Segmentation_Clock/Chicken_CEL"" OUT_DIR <- ""/content/drive/MyDrive/thesis/DSD_Project/01_Segmentation_Clock/Chicken_Processed"" dir.create( OUT_DIR, recursive = TRUE, showWarnings = FALSE ) # ============================================================ # 1. Find existing CEL files # ============================================================ cel_files <- list.files( CEL_DIR, pattern ="
/content/drive/MyDrive/Colab Notebooks/Untitled46.ipynb,Untitled46.ipynb,13,REFERENCE_OR_ANALYSIS,3,0,0,1,0,0,0,0,0,0,0,4194," from google.colab import drive drive.mount('/content/drive') import subprocess r_code = r''' library(oligo) library(pd.chicken) library(preprocessCore) CEL_DIR <- ""/content/drive/MyDrive/thesis/DSD_Project/01_Segmentation_Clock/Chicken_CEL"" OUT_DIR <- ""/content/drive/MyDrive/thesis/DSD_Project/01_Segmentation_Clock/Chicken_Processed"" dir.create( OUT_DIR, recursive = TRUE, showWarnings = FALSE ) # ============================================================ # 1. Locate CEL files # ============================================================ cel_files <- sort( list.files("
/content/drive/MyDrive/Colab Notebooks/Untitled56.ipynb,Untitled56.ipynb,2,REFERENCE_OR_ANALYSIS,3,0,0,1,0,0,0,0,0,0,0,13130," # ============================================================================= # GSE164737 — ORIGINAL AUTHOR ANNOTATION / GEO PLATFORM HES1 RESOLUTION # ============================================================================= import os import re import gzip import urllib.request import pandas as pd import numpy as np print(""="" * 80) print(""GSE164737 — ORIGINAL AUTHOR / GEO PLATFORM HES1 RESOLUTION"") print(""="" * 80) # ============================================================================= # 0. PATHS # ============================================================================= "
/content/drive/MyDrive/Colab Notebooks/Untitled57.ipynb,Untitled57.ipynb,6,REFERENCE_OR_ANALYSIS,3,0,0,1,0,0,0,0,0,0,0,23135," # ================================================================================ # GSE164737 — CORRECTED DEVELOPMENTAL ENRICHMENT GENE INTERSECTION RECOVERY # ================================================================================ # # PURPOSE # ------- # Correct the previous gene-level decomposition. # # IMPORTANT: # The previous analysis incorrectly interpreted the API field # ""intersections"" as gene names. # # g:Profiler actually returns: # intersections = evidence-code structure # # The actual intersecting query genes are recovered from the # query-gene metadata "
/content/drive/MyDrive/Colab Notebooks/Untitled57.ipynb,Untitled57.ipynb,7,REFERENCE_OR_ANALYSIS,3,0,0,1,0,0,0,0,0,0,0,23710," # ================================================================================ # GSE164737 — DEVELOPMENTAL ENRICHMENT × TRAJECTORY INTEGRATION # ================================================================================ # # PURPOSE # ------- # Integrate the CORRECTED g:Profiler developmental gene intersections # with the original GSE164737 genome-wide developmental trajectories. # # IMPORTANT: # Canonical HES1 was NOT recovered. # HES4 / HEY1 / HEY2 remain separate genes. # # This analysis asks: # # Among genes belonging to significant developmental enrichment terms, # which"
/content/drive/MyDrive/Colab Notebooks/Untitled65.ipynb,Untitled65.ipynb,2,REFERENCE_OR_ANALYSIS,3,0,0,1,0,0,0,0,0,0,0,21217, # ================================================================================ # GSE164737 — H.14.1 STRING API RESOLUTION CORRECTION # ================================================================================ # # PURPOSE # ------- # H14 returned 0/12 STRING mappings for both chicken and mouse. # # This module DOES NOT interpret zero mappings as biological absence. # It diagnoses and corrects identifier/API resolution before any network # interpretation is allowed. # # H13 remains unchanged. # H14 original outputs remain unchanged. # Corrected outputs are written to H14_1_STRING_API
/content/drive/MyDrive/Colab Notebooks/Untitled66.ipynb,Untitled66.ipynb,1,REFERENCE_OR_ANALYSIS,3,0,0,1,0,0,0,0,0,0,0,21217, # ================================================================================ # GSE164737 — H.14.1 STRING API RESOLUTION CORRECTION # ================================================================================ # # PURPOSE # ------- # H14 returned 0/12 STRING mappings for both chicken and mouse. # # This module DOES NOT interpret zero mappings as biological absence. # It diagnoses and corrects identifier/API resolution before any network # interpretation is allowed. # # H13 remains unchanged. # H14 original outputs remain unchanged. # Corrected outputs are written to H14_1_STRING_API
/content/drive/MyDrive/Colab Notebooks/Untitled66.ipynb,Untitled66.ipynb,5,REFERENCE_OR_ANALYSIS,3,8,0,1,1,0,0,0,2,0,0,32851, # ================================================================================ # GSE164737 — H.14.4 FINAL FUNCTIONAL EVIDENCE INTEGRATION # ================================================================================ # # PURPOSE # ------- # Integrate: # # H13 = biological candidate prioritization # H14.2 = quantitative cross-species network context # H14.3.1 = corrected functional-enrichment context # # WITHOUT re-running STRING or enrichment. # # IMPORTANT: # Network / functional-enrichment evidence is treated as contextual # evidence only. It cannot override H12.5 
/content/drive/MyDrive/Colab Notebooks/Untitled66.ipynb,Untitled66.ipynb,8,REFERENCE_OR_ANALYSIS,3,0,0,1,0,0,0,0,0,0,0,15708," # ================================================================================ # GSE164736 — H.16.3.1 PROCESSED ATAC-SEQ DATA ACQUISITION # ================================================================================ # # PURPOSE # ------- # Download the 12 processed GEO BigWig files for GSE164736. # # GSE164736: # Mouse forelimb: E9.75, E10.5, E11.5 # Chicken wing bud: HH20, HH22, HH24 # 2 biological replicates per stage # # Genome builds: # Mouse = mm10 # Chicken = galGal5 # # This step ONLY acquires and validates processed ATAC data. # It does NOT perform biological inte"
/content/drive/MyDrive/Colab Notebooks/Untitled67.ipynb,Untitled67.ipynb,17,REFERENCE_OR_ANALYSIS,3,0,0,1,0,0,0,0,0,0,0,14494," # ============================================================================= # GSE164736 / GSE164737 — H26.6B # OFFICIAL E-MTAB-8813 LOOM DOWNLOAD VIA FTP # ============================================================================= import os import json import time import ftplib import socket import pandas as pd from pathlib import Path from urllib.parse import urlparse, unquote from google.colab import drive drive.mount(""/content/drive"") # ============================================================================= # PATHS # ========================================================"
/content/drive/MyDrive/Colab Notebooks/Untitled7.ipynb,Untitled7.ipynb,21,REFERENCE_OR_ANALYSIS,3,0,0,1,0,0,0,0,0,0,0,194," count_url = ""https://raw.githubusercontent.com/minkechoi/tx_star-bPAC_brain/main/data/star_wt_gene_count_matrix.csv"" counts = pd.read_csv(count_url) print(counts.shape) display(counts.head())"
/content/drive/MyDrive/Colab Notebooks/Untitled7.ipynb,Untitled7.ipynb,24,REFERENCE_OR_ANALYSIS,3,0,0,1,0,0,0,0,0,0,0,33," print(""Matrix 1:"", counts.shape)"
/content/drive/MyDrive/Colab Notebooks/Untitled7.ipynb,Untitled7.ipynb,25,REFERENCE_OR_ANALYSIS,3,0,0,1,0,0,0,0,0,0,0,214," count2_url = ""https://raw.githubusercontent.com/minkechoi/tx_star-bPAC_brain/main/data/star_wt_gene_count_matrix.2.csv"" counts2 = pd.read_csv(count2_url) print(""Matrix 2:"", counts2.shape) display(counts2.head())"
/content/drive/MyDrive/Colab Notebooks/Untitled7.ipynb,Untitled7.ipynb,27,REFERENCE_OR_ANALYSIS,3,0,0,1,0,0,0,0,0,0,0,260," adult_samples = adult[""samples""].tolist() missing = [ x for x in adult_samples if x not in counts.columns ] print(""Missing:"", missing) adult_counts = counts[ [""gene_id""] + adult_samples ].copy() print(""Adult count matrix:"", adult_counts.shape)"
/content/drive/MyDrive/Colab Notebooks/Untitled7.ipynb,Untitled7.ipynb,28,REFERENCE_OR_ANALYSIS,3,0,0,1,0,0,0,0,0,0,0,125," library_sizes = adult_counts[ adult_samples ].sum().sort_values() display( library_sizes.to_frame(""total_counts"") )"
/content/drive/MyDrive/Colab Notebooks/Untitled7.ipynb,Untitled7.ipynb,31,REFERENCE_OR_ANALYSIS,3,0,0,1,0,0,0,0,0,0,0,464," primary_samples = adult_primary[""samples""].tolist() primary_counts = ( counts[[""gene_id""] + primary_samples] .copy() ) # Ensembl IDs primary_counts[""gene_id""] = ( primary_counts[""gene_id""] .astype(str) .str.split(""|"") .str[0] ) # Remove duplicate gene IDs if any primary_counts = ( primary_counts .groupby(""gene_id"", as_index=False) .sum() ) primary_counts = primary_counts.set_index(""gene_id"") print(primary_counts.shape)"
/content/drive/MyDrive/Colab Notebooks/Untitled7.ipynb,Untitled7.ipynb,32,REFERENCE_OR_ANALYSIS,3,0,0,1,0,0,0,0,0,0,0,228," keep = ( (primary_counts >= 10) .sum(axis=1) >= 5 ) filtered_counts = primary_counts.loc[keep].copy() print(""Genes before filtering:"", primary_counts.shape[0]) print(""Genes after filtering:"", filtered_counts.shape[0])"
/content/drive/MyDrive/Colab Notebooks/Untitled7.ipynb,Untitled7.ipynb,33,REFERENCE_OR_ANALYSIS,3,0,0,1,0,0,0,0,0,0,0,500," from pydeseq2.dds import DeseqDataSet metadata = ( adult_primary .set_index(""samples"") [[""genotype"", ""exp_cond""]] .copy() ) # Make categories metadata[""genotype""] = pd.Categorical( metadata[""genotype""], categories=[""tu_wt"", ""star_pos""] ) metadata[""exp_cond""] = pd.Categorical( metadata[""exp_cond""], categories=[""basal"", ""LD""] ) # PyDESeq2 expects samples x genes count_matrix = filtered_counts.T print(count_matrix.shape) print(metadata.shape) display(metadata)"
/content/drive/MyDrive/Colab Notebooks/Untitled7.ipynb,Untitled7.ipynb,34,REFERENCE_OR_ANALYSIS,3,0,0,1,0,0,0,0,0,0,0,164," dds = DeseqDataSet( counts=count_matrix, metadata=metadata, design_factors=[""genotype"", ""exp_cond""], refit_cooks=True, n_cpus=2 ) dds.deseq2()"
/content/drive/MyDrive/Colab Notebooks/Untitled7.ipynb,Untitled7.ipynb,39,REFERENCE_OR_ANALYSIS,3,0,0,1,0,0,0,0,0,0,0,574," from pydeseq2.dds import DeseqDataSet # Make sure metadata is correctly ordered metadata = adult_primary.set_index(""samples"")[ [""genotype"", ""exp_cond""] ].copy() metadata[""genotype""] = pd.Categorical( metadata[""genotype""], categories=[""tu_wt"", ""star_pos""] ) metadata[""exp_cond""] = pd.Categorical( metadata[""exp_cond""], categories=[""basal"", ""LD""] ) # Interaction model dds_int = DeseqDataSet( counts=count_matrix, metadata=metadata, design=""~ genotype + exp_cond + genotype:exp_cond"", refit_cooks=True, n_cpus=2 ) dds_int.deseq2()"
/content/drive/MyDrive/Colab Notebooks/Untitled7.ipynb,Untitled7.ipynb,41,REFERENCE_OR_ANALYSIS,3,0,0,1,0,0,0,0,0,0,0,36,"print(dds_int.obsm[""design_matrix""])"
/content/drive/MyDrive/Colab Notebooks/Untitled7.ipynb,Untitled7.ipynb,42,REFERENCE_OR_ANALYSIS,3,0,0,1,0,0,0,0,0,0,0,401,"from pydeseq2.ds import DeseqStats import numpy as np # The design matrix columns are: # 0: Intercept # 1: genotype[T.star_pos] # 2: exp_cond[T.LD] # 3: genotype[T.star_pos]:exp_cond[T.LD] # Create a contrast vector to pick the 4th column (index 3) contrast_vector = np.array([0, 0, 0, 1]) interaction = DeseqStats( dds_int, contrast=contrast_vector, alpha=0.05 ) interaction.summary()"
/content/drive/MyDrive/Colab Notebooks/Untitled7.ipynb,Untitled7.ipynb,44,REFERENCE_OR_ANALYSIS,3,0,0,1,0,0,0,0,0,0,0,372," print(""Total tested genes:"", len(interaction_results)) print( ""FDR < 0.05:"", (interaction_results[""padj""] < 0.05).sum() ) print( ""FDR < 0.01:"", (interaction_results[""padj""] < 0.01).sum() ) print( ""|LFC| >= 1 & FDR < 0.05:"", ( (interaction_results[""padj""] < 0.05) & (abs(interaction_results[""log2FoldChange""]) >= 1) ).sum() )"
/content/drive/MyDrive/Colab Notebooks/Untitled7.ipynb,Untitled7.ipynb,45,REFERENCE_OR_ANALYSIS,3,0,0,1,0,0,0,0,0,0,0,934," from pydeseq2.dds import DeseqDataSet from pydeseq2.ds import DeseqStats # ----------------------------- # 120 dpf basal: WT vs bPAC+ # ----------------------------- persistence = adult_primary[ (adult_primary[""exp_cond""] == ""basal"") ].copy() p_samples = persistence[""samples""].tolist() p_counts = counts[ [""gene_id""] + p_samples ].copy() p_counts[""gene_id""] = ( p_counts[""gene_id""] .astype(str) .str.split(""|"") .str[0] ) p_counts = ( p_counts .groupby(""gene_id"", as_index=False) .sum() .set_index(""gene_id"") ) # Same filtering rule keep_p = ( (p_c"
/content/drive/MyDrive/Colab Notebooks/Untitled7.ipynb,Untitled7.ipynb,47,REFERENCE_OR_ANALYSIS,3,0,0,1,0,0,0,0,0,0,0,565,"from pydeseq2.ds import DeseqStats p_stats = DeseqStats(dds_p, contrast=[""genotype"", ""star_pos"", ""tu_wt""], alpha=0.05) p_stats.summary() p_results = p_stats.results_df.copy() p_results = p_results.sort_values( ""padj"", na_position=""last"" ) print(""Tested:"", len(p_results)) print(""FDR < 0.05:"", (p_results[""padj""] < 0.05).sum()) print(""FDR < 0.01:"", (p_results[""padj""] < 0.01).sum()) print( ""|LFC| >= 1 & FDR < 0.05:"", ( (p_results[""padj""] < 0.05) & (abs(p_results[""log2FoldChange""]) >= 1) ).sum() ) display(p_results.head(30))"
/content/drive/MyDrive/Colab Notebooks/Untitled7.ipynb,Untitled7.ipynb,52,REFERENCE_OR_ANALYSIS,3,0,0,1,0,0,0,0,0,0,0,366," common = memory_candidates.dropna( subset=[""persistence_LFC"", ""recall_LFC""] ).copy() print(""Common genes:"", len(common)) pearson_r = common[ [""persistence_LFC"", ""recall_LFC""] ].corr().iloc[0,1] spearman_r = common[ [""persistence_LFC"", ""recall_LFC""] ].corr(method=""spearman"").iloc[0,1] print(""Pearson r :"", pearson_r) print(""Spearman ρ:"", spearman_r)"
/content/drive/MyDrive/Colab Notebooks/Untitled7.ipynb,Untitled7.ipynb,55,REFERENCE_OR_ANALYSIS,3,0,0,1,0,0,0,0,0,0,0,279," common[""same_direction""] = ( np.sign(common[""persistence_LFC""]) == np.sign(common[""recall_LFC""]) ) print( ""Same direction:"", common[""same_direction""].sum(), ""/"", len(common) ) print( ""Fraction same direction:"", common[""same_direction""].mean() )"
/content/drive/MyDrive/Colab Notebooks/Untitled7.ipynb,Untitled7.ipynb,56,REFERENCE_OR_ANALYSIS,3,0,0,1,0,0,0,0,0,0,0,291," from scipy.stats import binomtest n_same = common[""same_direction""].sum() n_total = len(common) direction_test = binomtest( n_same, n_total, p=0.5, alternative=""greater"" ) print(""Directional concordance:"", n_same/n_total) print(""Binomial p-value:"", direction_test.pvalue)"
/content/drive/MyDrive/Colab Notebooks/Untitled7.ipynb,Untitled7.ipynb,59,REFERENCE_OR_ANALYSIS,3,0,0,1,0,0,0,0,0,0,0,933," # ========================================== # bPAC- persistence: 120 dpf basal # ========================================== control_persistence = adult[ (adult[""genotype""].isin([""tu_wt"", ""star_neg""])) & (adult[""exp_cond""] == ""basal"") ].copy() cp_samples = control_persistence[""samples""].tolist() cp_counts = counts[ [""gene_id""] + cp_samples ].copy() cp_counts[""gene_id""] = ( cp_counts[""gene_id""] .astype(str) .str.split(""|"") .str[0] ) cp_counts = ( cp_counts .groupby(""gene_id"", as_index=False) .sum() .set_index(""gene_id"") ) keep_cp = ( (cp_co"
/content/drive/MyDrive/Colab Notebooks/Untitled7.ipynb,Untitled7.ipynb,61,REFERENCE_OR_ANALYSIS,3,0,0,1,0,0,0,0,0,0,0,375," cp_stats = DeseqStats( dds_cp, contrast=[""genotype"", ""star_neg"", ""tu_wt""], alpha=0.05 ) cp_stats.summary() cp_results = cp_stats.results_df.copy() print( ""FDR < 0.05:"", (cp_results[""padj""] < 0.05).sum() ) print( ""|LFC| >= 1 & FDR < 0.05:"", ( (cp_results[""padj""] < 0.05) & (abs(cp_results[""log2FoldChange""]) >= 1) ).sum() )"
/content/drive/MyDrive/Colab Notebooks/Untitled7.ipynb,Untitled7.ipynb,62,REFERENCE_OR_ANALYSIS,3,0,0,1,0,0,0,0,0,0,0,904," control_recall = adult[ adult[""genotype""].isin([""tu_wt"", ""star_neg""]) ].copy() cr_samples = control_recall[""samples""].tolist() cr_counts = counts[ [""gene_id""] + cr_samples ].copy() cr_counts[""gene_id""] = ( cr_counts[""gene_id""] .astype(str) .str.split(""|"") .str[0] ) cr_counts = ( cr_counts .groupby(""gene_id"", as_index=False) .sum() .set_index(""gene_id"") ) keep_cr = ( (cr_counts >= 10).sum(axis=1) >= 5 ) cr_counts = cr_counts.loc[keep_cr] cr_meta = ( control_recall .set_index(""samples"")[[""genotype"", ""exp_cond""]] .copy() ) cr_meta["""
/content/drive/MyDrive/Colab Notebooks/Untitled7.ipynb,Untitled7.ipynb,64,REFERENCE_OR_ANALYSIS,3,0,0,1,0,0,0,0,0,0,0,628,"import numpy as np # The design columns for dds_cr are: # 0: Intercept # 1: genotype[T.star_neg] # 2: exp_cond[T.LD] # 3: genotype[T.star_neg]:exp_cond[T.LD] # Use a numeric contrast vector to isolate the interaction term (index 3) contrast_vec = np.array([0, 0, 0, 1]) cr_stats = DeseqStats( dds_cr, contrast=contrast_vec, alpha=0.05 ) cr_stats.summary() cr_results = cr_stats.results_df.copy() print( ""\nFDR < 0.05:"", (cr_results[""padj""] < 0.05).sum() ) print( ""|LFC| >= 1 & FDR < 0.05:"", ( (cr_results[""padj""] < 0.05) & (abs(cr_results[""log2FoldC"
/content/drive/MyDrive/Colab Notebooks/Untitled7.ipynb,Untitled7.ipynb,67,REFERENCE_OR_ANALYSIS,3,0,0,1,0,0,0,0,0,0,0,667,"from pydeseq2.ds import DeseqStats import numpy as np # The design columns in dds_all are: # 0: Intercept # 1: genotype[T.star_pos] # 2: genotype[T.tu_wt] # 3: exp_cond[T.LD] # 4: genotype[T.star_pos]:exp_cond[T.LD] # 5: genotype[T.tu_wt]:exp_cond[T.LD] # To analyze the specific recall in star_pos (interaction effect): contrast_vec = np.array([0, 0, 0, 0, 1, 0]) specific_recall = DeseqStats( dds_all, contrast=contrast_vec, alpha=0.05 ) specific_recall.summary() sr = specific_recall.results_df.copy() print(""\nFDR < .05:"", (sr['padj'] < .05).sum()) print(""|LFC| >= 1 & FDR < .05"
/content/drive/MyDrive/Colab Notebooks/Untitled7.ipynb,Untitled7.ipynb,72,REFERENCE_OR_ANALYSIS,3,0,0,1,0,0,0,0,0,0,0,276," memory_gc[""same_direction""] = ( np.sign(memory_gc[""GC_persistence_LFC""]) == np.sign(memory_gc[""GC_recall_LFC""]) ) n_same = memory_gc[""same_direction""].sum() n_total = len(memory_gc) print(""Same direction:"", n_same, ""/"", n_total) print(""Fraction:"", n_same / n_total)"
/content/drive/MyDrive/Colab Notebooks/Untitled74.ipynb,Untitled74.ipynb,4,REFERENCE_OR_ANALYSIS,3,8,0,1,1,0,0,0,1,0,1,34128, # ================================================================================================== # STAGE E44-v1 — TRUE MULTIGENERATIONAL CLOSURE ROBUSTNESS / # CONTINUOUS FAILURE-BOUNDARY REFINEMENT # # MODE: # E43-v2 VERIFIED GENERATION-AWARE CLOSURE CONTINUATION # # IMPORTANT: # - Uses explicit generation lineage from E43-v2 # - Does NOT reconstruct E40/E41/E43 # - Refines partition / retention / regeneration boundaries # - Tests TRUE multigenerational closure # - Tests repeated division # - Stops after this stage; no recursive stage loop # ==============================================
/content/drive/MyDrive/Colab Notebooks/Untitled76.ipynb,Untitled76.ipynb,11,REFERENCE_OR_ANALYSIS,3,0,0,1,0,0,0,0,0,0,0,3070,"import os import numpy as np import pandas as pd from scipy.stats import spearmanr, pearsonr # Define output path OUT_DIR = ""/content/drive/MyDrive/thesis/DSD_Project/02_Limb_RNA_GSE164737/PAX3_EVOLUTIONARY_CONSTRAINT_ANALYSIS/STAGE4_GENOME_WIDE_PAX3_COMPETITION"" os.makedirs(OUT_DIR, exist_ok=True) TOP100_OUTPUT = os.path.join(OUT_DIR, ""STAGE4_GenomeWide_Top100.csv"") # 1. Load Mouse Matrix (from Stage 2 output) MOUSE_MATRIX_PATH = ""/content/drive/MyDrive/thesis/DSD_Project/02_Limb_RNA_GSE164737/PAX3_EVOLUTIONARY_CONSTRAINT_ANALYSIS/STAGE2_Mouse_Authoritative_Trajectory_Matrix.csv"" mouse_matr"
/content/drive/MyDrive/Colab Notebooks/Untitled81.ipynb,Untitled81.ipynb,4,REFERENCE_OR_ANALYSIS,3,0,0,1,0,0,0,0,0,0,0,45819, # ==================================================================================================== # PAX3 EVOLUTIONARY CONSTRAINT PROJECT # STAGE 4C — CHICKEN × MOUSE GENOME-WIDE 1:1 ORTHOLOG CONCORDANCE # # PURPOSE # ---------------------------------------------------------------------------------------------------- # Identify genome-wide chicken–mouse 1:1 orthologous gene pairs showing concordant # developmental trajectories between chicken and mouse. # # IMPORTANT # ---------------------------------------------------------------------------------------------------- # 1. Chicken Stage 4
/content/drive/MyDrive/Colab Notebooks/Untitled82.ipynb,Untitled82.ipynb,1,REFERENCE_OR_ANALYSIS,3,0,0,1,0,0,0,0,0,0,0,45819, # ==================================================================================================== # PAX3 EVOLUTIONARY CONSTRAINT PROJECT # STAGE 4C — CHICKEN × MOUSE GENOME-WIDE 1:1 ORTHOLOG CONCORDANCE # # PURPOSE # ---------------------------------------------------------------------------------------------------- # Identify genome-wide chicken–mouse 1:1 orthologous gene pairs showing concordant # developmental trajectories between chicken and mouse. # # IMPORTANT # ---------------------------------------------------------------------------------------------------- # 1. Chicken Stage 4
/content/drive/MyDrive/Colab Notebooks/Untitled82.ipynb,Untitled82.ipynb,4,REFERENCE_OR_ANALYSIS,3,0,0,1,0,0,0,0,0,0,0,17372," # ==================================================================================================== # PAX3 EVOLUTIONARY CONSTRAINT PROJECT # STAGE 4C-2 — ORTHOLOGY CANDIDATE FORENSIC VALIDATION # # PURPOSE # ---------------------------------------------------------------------------------------------------- # For the apparent ""genome-wide"" candidate identified in Stage 4C-1: # # GSE164737_Historical_HES_HEY_HAIRY_PlatformSearch... # # determine whether it is: # # A) a genuine Chicken ↔ Mouse orthology mapping, # B) a historical/platform annotation search, # C) a mixed evidence/re"
/content/drive/MyDrive/Colab Notebooks/Untitled82.ipynb,Untitled82.ipynb,6,REFERENCE_OR_ANALYSIS,3,0,0,1,0,0,0,0,0,0,0,24164, # ==================================================================================================== # PAX3 EVOLUTIONARY CONSTRAINT PROJECT # STAGE 4C-3R — CORRECTED ENSEMBL HOMOLOGY PARSER + VALIDATION BATCH # # PURPOSE # ---------------------------------------------------------------------------------------------------- # Correct the Ensembl REST response parser used in Stage 4C-3. # # CRITICAL CORRECTION # ---------------------------------------------------------------------------------------------------- # Ensembl REST condensed response observed in this project has the structure: # # {
/content/drive/MyDrive/Colab Notebooks/Untitled82.ipynb,Untitled82.ipynb,29,REFERENCE_OR_ANALYSIS,3,8,0,1,1,0,0,0,2,0,0,47944, # ============================================================================================== # PAX3 EVOLUTIONARY CONSTRAINT PROJECT # STAGE 4C-3R-Q2-R3 # # OPTIMIZED FORMAL CONSERVED-SYNTENY AUDIT # # MAIN REPAIR: # Q2-R2 was too slow because it performed ~100 sequential homology requests. # # THIS VERSION: # - parallel homology retrieval # - short timeout # - no long per-gene retry loop # - explicit API_STATUS classification # - empty results retain fixed columns # - no manual orthology # - no forced positive synteny # # IMPORTANT: # API_FAILURE / API_UNAVAILABLE is NOT
/content/drive/MyDrive/Colab Notebooks/Untitled82.ipynb,Untitled82.ipynb,30,REFERENCE_OR_ANALYSIS,3,8,0,1,1,0,0,0,2,0,0,36239, # ============================================================================================== # PAX3 EVOLUTIONARY CONSTRAINT PROJECT # STAGE 4C-3R-Q3 # # COMPARATIVE-GENOMICS / COMPARA-BASED CONSERVED-SYNTENY AUDIT # # PURPOSE # ------- # Repair Q2-R3 failure caused by HTTP_ERROR from /homology/id/<gene> # # STRATEGY # -------- # 1. Reuse already verified PAX3 loci # 2. Retrieve genomic neighborhoods # 3. Identify nearest informative flanking genes # 4. Use Ensembl Compara-based gene-tree/homology information # 5. Verify target loci independently # 6. Test local order + side conservation #
/content/drive/MyDrive/Colab Notebooks/Untitled84.ipynb,Untitled84.ipynb,13,REFERENCE_OR_ANALYSIS,3,0,0,1,0,0,0,0,0,0,0,10605," # ============================================================================================================== # STAGE 4C-3R-S4.5R.1 — PAX3 CDS / PROTEIN ENDPOINT DIAGNOSTIC # ============================================================================================================== import os import json import re import requests import pandas as pd BASE_DIR = ( ""/content/drive/MyDrive/thesis/DSD_Project/02_Limb_RNA_GSE164737/"" ""PAX3_EVOLUTIONARY_CONSTRAINT_ANALYSIS/"" ""STAGE4C_CROSS_SPECIES_1TO1_CONCORDANCE"" ) SPECIES = { ""Chicken"": ""gallus_gallus"", ""Mouse"": ""mus_m"
/content/drive/MyDrive/Colab Notebooks/Untitled86.ipynb,Untitled86.ipynb,12,REFERENCE_OR_ANALYSIS,3,0,0,1,0,0,0,0,0,0,0,14404, # ============================================================================================================== # STAGE 4C-3R-S4.24 — PAX3 DEVELOPMENTAL CONCORDANCE + EVOLUTIONARY CONSTRAINT INTEGRATED EVIDENCE MATRIX # ============================================================================================================== from pathlib import Path import pandas as pd import numpy as np import json # -------------------------------------------------------------------------------------------------------------- # BASE DIRECTORY # ---------------------------------------------------------
/content/drive/MyDrive/Colab Notebooks/Untitled88.ipynb,Untitled88.ipynb,1,REFERENCE_OR_ANALYSIS,3,0,0,1,0,0,0,0,0,0,0,126,"import os file_path = ""/content/drive/MyDrive/NEETA/GSE134004-GPL16791_series_matrix.txt.gz"" print(os.path.exists(file_path))"
/content/drive/MyDrive/Colab Notebooks/Untitled95.ipynb,Untitled95.ipynb,4,REFERENCE_OR_ANALYSIS,3,0,0,1,0,0,0,0,0,0,0,1522," # ============================================================ # STEP 3 — IDENTIFY NORMALIZATION OF adata.X # ============================================================ import numpy as np from scipy import sparse X = adata.X print(""=""*70) print(""STEP 3 — NORMALIZATION TEST"") print(""=""*70) # Candidate inverse transforms if sparse.issparse(X): # log1p inverse A = X.copy() A.data = np.expm1(A.data) sum_expm1 = np.asarray(A.sum(axis=1)).ravel() # exp inverse B = X.copy() B.data = np.exp(B.data) sum_exp = np.asarray(B.sum(axis=1)).ravel() else: sum_ex"
/content/drive/MyDrive/Colab Notebooks/Untitled96.ipynb,Untitled96.ipynb,23,REFERENCE_OR_ANALYSIS,3,0,0,1,0,0,0,0,0,0,0,4049," # ============================================================ # STEP 23D-FIX — LOCATE / EXTRACT KIDNEY FILES # ============================================================ from google.colab import drive drive.mount('/content/drive') import os import tarfile import glob print(""=""*80) print(""STEP 23D-FIX — KIDNEY FILE RECOVERY"") print(""=""*80) # ------------------------------------------------------------ # 1. Search for kidney TAR # ------------------------------------------------------------ tar_candidates = [ ""/content/drive/MyDrive/CELLDEC/GSE131685_RAW.tar"", ""/content/drive/My"
/content/drive/MyDrive/Colab Notebooks/Untitled97.ipynb,Untitled97.ipynb,57,REFERENCE_OR_ANALYSIS,3,0,0,1,0,0,0,0,0,0,0,4487," # ============================================================ # MFOS REPOSITORY — STEP73 PACKAGE DEEP INVENTORY # ============================================================ from google.colab import drive drive.mount('/content/drive') from pathlib import Path import pandas as pd import os # ------------------------------------------------------------ # 1. STEP73 package # ------------------------------------------------------------ ROOT = Path( ""/content/drive/MyDrive/MFOS_REVISION/"" ""POINT9_STEP73_REPRODUCIBILITY_PACKAGE"" ) if not ROOT.exists(): raise FileNotFoundError(f""❌"
/content/drive/MyDrive/Colab Notebooks/Untitled97.ipynb,Untitled97.ipynb,84,REFERENCE_OR_ANALYSIS,3,0,0,1,0,0,0,0,0,0,0,511," import pandas as pd import numpy as np from sklearn.metrics import confusion_matrix import glob import os prediction_files = glob.glob( ""/content/drive/MyDrive/MFOS_REVISION/**/MFOS_RF_Predictions.csv"", recursive=True ) print(""Prediction files found:"") for f in prediction_files: print(f) pred_file = prediction_files[0] pred_df = pd.read_csv(pred_file) print(""\nColumns:"") print(pred_df.columns.tolist()) print(""\nShape:"") print(pred_df.shape) print(""\nFirst rows:"") display(pred_df.head())"
/content/drive/MyDrive/Colab Notebooks/Untitled98.ipynb,Untitled98.ipynb,68,REFERENCE_OR_ANALYSIS,3,8,0,1,1,0,0,0,0,4,0,9903," # ================================================================ # v13.3C vs v13.3E — DIRECT COLAB NOTEBOOK CODE AUDIT # Reads EXECUTED CELLS from current Colab session # NO SIMULATION # ================================================================ from google.colab import drive drive.mount('/content/drive') import os import re import pandas as pd ROOT = ""/content/drive/MyDrive/Honey"" OUT = os.path.join(ROOT, ""v13_3_Bee_Rule_Audit"") os.makedirs(OUT, exist_ok=True) print(""=""*80) print(""v13.3C vs v13.3E — DIRECT COLAB CELL AUDIT"") print(""NO NETWORK SIMULATION"") print(""=""*80) # -------"
/content/drive/MyDrive/Colab Notebooks/Untitled98.ipynb,Untitled98.ipynb,69,REFERENCE_OR_ANALYSIS,3,8,0,1,1,0,0,0,0,4,0,11667," # ================================================================ # v13.3C vs v13.3E — ACTUAL CODE EXTRACTION # Cells 1–3 only # NO SIMULATION # ================================================================ import os import re import pandas as pd ROOT = ""/content/drive/MyDrive/Honey"" OUT = os.path.join(ROOT, ""v13_3_Bee_Rule_Audit"") os.makedirs(OUT, exist_ok=True) history = list(In) # ------------------------------------------------ # ACTUAL MODEL CELLS # ------------------------------------------------ MODEL_CELLS = [1, 2, 3] print(""=""*80) print(""ACTUAL v13.3C / v13.3E CODE INSPECTIO"
/content/drive/MyDrive/Colab Notebooks/Untitled1.ipynb,Untitled1.ipynb,33,REFERENCE_OR_ANALYSIS,3,0,0,0,0,0,0,0,0,0,1,10912," # ============================================================ # STEP 51 — REGULATORY INTERVENTION RESCUE ANALYSIS # ============================================================ import os import pandas as pd import numpy as np BASE = ""/content/drive/MyDrive/Antibody_Engineering"" STEP29 = os.path.join( BASE, ""Step_29_Regulatory_Capacity_Interaction"" ) STEP33 = os.path.join( BASE, ""Step_33_Parameter_Attribution"" ) OUT = os.path.join( BASE, ""Step_51_Regulatory_Intervention_Rescue"" ) os.makedirs(OUT, exist_ok=True) os.makedirs(os.path.join(OUT, ""Figures""), exist_ok=True) print("
/content/drive/MyDrive/Colab Notebooks/Untitled1.ipynb,Untitled1.ipynb,34,REFERENCE_OR_ANALYSIS,3,0,0,0,0,0,0,0,0,0,1,11983," # ============================================================ # STEP 51-FIX — UNIFIED COUNTERFACTUAL RESCUE # ============================================================ import os import pandas as pd import numpy as np BASE = ""/content/drive/MyDrive/Antibody_Engineering"" STEP29 = os.path.join( BASE, ""Step_29_Regulatory_Capacity_Interaction"" ) STEP33 = os.path.join( BASE, ""Step_33_Parameter_Attribution"" ) OUT = os.path.join( BASE, ""Step_51_FIX_Unified_Counterfactual_Rescue"" ) FIG = os.path.join(OUT, ""Figures"") os.makedirs(OUT, exist_ok=True) os.makedirs(FIG, exist_ok=True)"
/content/drive/MyDrive/Colab Notebooks/Untitled103.ipynb,Untitled103.ipynb,81,REFERENCE_OR_ANALYSIS,3,0,0,0,0,0,0,0,0,0,1,963," from google.colab import drive drive.mount('/content/drive') import os BASE = ""/content/drive/MyDrive/ADHD"" TARGETS = [ ""step23_GO_BP_master_universe_annotations.csv"", ""step31AT_gene_level_developmental_trajectory_pairwise_similarity.csv"" ] print(""="" * 78) print(""STEP 32A-A — LOCATE STEP 23 AND STEP 31AT FILES"") print(""="" * 78) found = {} for root, dirs, files in os.walk(BASE): for target in TARGETS: if target in files: path = os.path.join(root, target) found[target] = path print(""\nRESULT"") print(""-"" * 78) for target in TARGETS: if targ"
/content/drive/MyDrive/Colab Notebooks/Untitled106.ipynb,Untitled106.ipynb,42,REFERENCE_OR_ANALYSIS,3,0,0,0,0,0,0,0,1,0,0,11854," # ============================================================================= # PART 29L — ORIGINAL LINEAGE / OUTGROUP RECOVERY # ============================================================================= # Goal: # Recover the lineage information actually used by the original # DrosophilaDenovoGene pipeline. # # Part 29K showed: # extract_alnscore_genewise.py -> get_lineage(""branch_len.txt"") # extract_raw_hit.py -> unannotated outgroup handling # check_homologs.py -> branch_len.txt.more # # Therefore we now search the verified project provenance for: # # bran"
/content/drive/MyDrive/Colab Notebooks/Untitled106.ipynb,Untitled106.ipynb,49,REFERENCE_OR_ANALYSIS,3,0,0,0,0,0,0,0,1,0,0,10602," # ================================================================ # PART 29T — BRANCH_LEN CONTEXT + PROVENANCE RECOVERY # ================================================================ from google.colab import drive drive.mount('/content/drive') import os import re import pandas as pd from pathlib import Path print(""=""*80) print(""PART 29T — BRANCH_LEN CONTEXT + PROVENANCE RECOVERY"") print(""=""*80) ROOT = Path(""/content/drive/MyDrive/GENE"") RDIR = ( ROOT / ""11_RESULTS"" / ""PART_29_MECHANISTIC_GENE_BIRTH"" / ""PART_29R_BRANCH_LEN_RECOVERY"" ) OUT = ( ROOT / ""11_RESUL"
/content/drive/MyDrive/Colab Notebooks/Untitled107.ipynb,Untitled107.ipynb,23,REFERENCE_OR_ANALYSIS,3,0,0,0,0,0,0,0,1,0,0,7563," # ================================================================ # COMMENT 7 — STEP 5 # EXACT 169-GENE CANDIDATE UNIVERSE RECONCILIATION # ================================================================ from google.colab import drive drive.mount('/content/drive') import os import glob import pandas as pd import numpy as np BASE = ""/content/drive/MyDrive"" print(""="" * 90) print(""COMMENT 7 — EXACT 169-GENE CANDIDATE UNIVERSE RECONCILIATION"") print(""="" * 90) # ---------------------------------------------------------------- # CANONICAL 16-GENE MFOS PANEL # --------------------------------"
/content/drive/MyDrive/Colab Notebooks/Untitled108.ipynb,Untitled108.ipynb,31,REFERENCE_OR_ANALYSIS,3,0,0,0,0,0,0,0,0,0,1,8461,"# ================================================================ # PART 25B.26 — FIGURE 2 SOURCE LOCATION + FOUR-GENE TRACE # ================================================================ from google.colab import drive drive.mount('/content/drive') import os import pandas as pd import numpy as np BASE = ""/content/drive/MyDrive/GENE"" RESULT_DIR = os.path.join( BASE, ""11_RESULTS"", ""PART_25B_EMPIRICAL_NULL_TESTING"" ) os.makedirs(RESULT_DIR, exist_ok=True) EXCEPTIONS = [ ""FBgn0032554"", ""FBgn0085263"", ""FBgn0034154"", ""FBgn0051088"" ] TARGET_NAME = ""Figure_2_a_c_"
/content/drive/MyDrive/Colab Notebooks/Untitled109.ipynb,Untitled109.ipynb,0,REFERENCE_OR_ANALYSIS,3,0,0,0,0,0,0,0,0,0,1,11915," # ================================================================ # PART 25B.26R — ROBUST FIGURE2 PATH DISCOVERY + FOUR-GENE TRACE # ================================================================ from google.colab import drive drive.mount('/content/drive') import os import pandas as pd import numpy as np BASE = ""/content/drive/MyDrive/GENE"" RESULT_DIR = os.path.join( BASE, ""11_RESULTS"", ""PART_25B_EMPIRICAL_NULL_TESTING"" ) os.makedirs(RESULT_DIR, exist_ok=True) EXCEPTIONS = [ ""FBgn0032554"", ""FBgn0085263"", ""FBgn0034154"", ""FBgn0051088"" ] print(""=""*80) print("""
/content/drive/MyDrive/Colab Notebooks/Untitled111.ipynb,Untitled111.ipynb,46,REFERENCE_OR_ANALYSIS,3,0,0,0,0,0,0,0,1,0,0,6494," # ================================================================ # PART 26.17 — EXACT BRANCH GROUP EXTRACTION # ================================================================ from google.colab import drive drive.mount('/content/drive') import os import re import pandas as pd print(""=""*70) print(""PART 26.17 — EXACT BRANCH GROUP EXTRACTION"") print(""=""*70) # ------------------------------------------------ # INPUT # ------------------------------------------------ src = ( ""/content/drive/MyDrive/GENE/11_RESULTS/"" ""PART_29_MECHANISTIC_GENE_BIRTH/"" ""PART_29V_BRANCH_LEN_RECOVERY"
/content/drive/MyDrive/Colab Notebooks/Untitled112.ipynb,Untitled112.ipynb,50,REFERENCE_OR_ANALYSIS,3,8,0,0,1,0,0,0,3,0,0,20712," # ================================================================ # PART 31.34R — FAST ANALYTICAL # ONE-NT MUTATION → PROTO-ORF → PEPTIDE # ================================================================ from google.colab import drive drive.mount('/content/drive') import os import re import numpy as np import pandas as pd from scipy.stats import wilcoxon, mannwhitneyu from statsmodels.stats.multitest import multipletests BASE = ""/content/drive/MyDrive/GENE/11_RESULTS/PART_31_NON_GENIC_TO_YOUNG_GENE_RECONSTRUCTION"" SEQ_PATH = ( ""/content/drive/MyDrive/GENE/11_RESULTS/"" ""PART_25C_"
/content/drive/MyDrive/Colab Notebooks/Untitled113.ipynb,Untitled113.ipynb,11,REFERENCE_OR_ANALYSIS,3,0,0,0,0,0,0,0,0,0,1,22198, # ================================================================ # PART 31.49 — FINAL MANUSCRIPT PACKAGE # ================================================================ # # FINALIZATION ONLY # # This part does NOT perform a new biological analysis. # It converts the validated Part-31 evidence into a manuscript-ready # scientific package. # # Central question: # How can a non-genic DNA sequence move toward a young-gene-like # coding configuration? # # Core supported model: # # NON-GENIC / CANDIDATE CONTEXT # ↓ # SEQUENCE VARIATION # ↓ # ONE-NT ACCESSIBI
/content/drive/MyDrive/Colab Notebooks/Untitled115.ipynb,Untitled115.ipynb,65,REFERENCE_OR_ANALYSIS,3,0,0,0,0,0,0,0,1,0,0,6336," # ============================================================ # PART 31.94F-R1 # EXACT REJECTED-HOMOLOGY SEQUENCE SOURCE RECOVERY # ============================================================ from google.colab import drive drive.mount('/content/drive') import os import pandas as pd import numpy as np print(""=""*100) print(""PART 31.94F-R1 — REJECTED HOMOLOGY SEQUENCE SOURCE RECOVERY"") print(""=""*100) ROOT = ""/content/drive/MyDrive/GENE"" # ------------------------------------------------------------ # 1. Get exact 279 rejected IDs # ---------------------------------------------------------"
/content/drive/MyDrive/Colab Notebooks/Untitled12.ipynb,Untitled12.ipynb,9,REFERENCE_OR_ANALYSIS,3,0,0,0,0,0,0,0,0,0,1,20377," # ============================================================================================================== # GC ENVIRONMENTAL MEMORY — STEP 32D-FIX12 # F1 RNA-SEQ PROVENANCE / COMPUTATIONAL LINEAGE RECOVERY # ============================================================================================================== import os import re import json import csv import glob import hashlib import pandas as pd from pathlib import Path print(""=""*110) print(""STEP 32D-FIX12 — F1 RNA-SEQ PROVENANCE / LINEAGE RECOVERY"") print(""=""*110) # --------------------------------------------------------"
/content/drive/MyDrive/Colab Notebooks/Untitled12.ipynb,Untitled12.ipynb,15,REFERENCE_OR_ANALYSIS,3,0,0,0,0,0,0,0,0,0,1,9436,"import os import json import hashlib import requests import pandas as pd import numpy as np from datetime import datetime, timezone BASE = ""/content/drive/MyDrive/Dissertation"" OUT = os.path.join( BASE, ""GC_STEP32D_FIX17_FIX4_TARGETED_COORDINATE_RECOVERY"" ) os.makedirs(OUT, exist_ok=True) print(""=""*110) print(""STEP 32D-FIX17-FIX4 — TARGETED MISSING Robust-5 COORDINATE RECOVERY"") print(""=""*110) # -------------------------------------------------------------------------------------------------------------- # [1] MISSING GENES ONLY # --------------------------------------------------"
/content/drive/MyDrive/Colab Notebooks/Untitled25.ipynb,Untitled25.ipynb,20,REFERENCE_OR_ANALYSIS,3,0,0,0,0,0,0,0,0,0,1,28661," # ============================================================================================================== # STEP 32D...FIX22T-R11-R25 # TGIF2LY SEQUENCE RETRIEVAL + PROTEIN-LEVEL HOMOLOGY DISAMBIGUATION # VERSION-SAFE / RATE-LIMIT-SAFE # ============================================================================== # PURPOSE # ------- # R24 failed because Ensembl transcript IDs containing version suffixes # (.1, .5, .6, .7) were sent to /lookup/id/. # # R25 fixes this by: # 1. Removing transcript version suffixes before API queries. # 2. Retrieving protein sequences through Ensemb"
/content/drive/MyDrive/Colab Notebooks/Untitled25.ipynb,Untitled25.ipynb,21,REFERENCE_OR_ANALYSIS,3,0,0,0,0,0,0,0,0,0,1,21696, # ============================================================================================================== # STEP 32D...FIX22T-R11-R25B # TGIF2LY SEQUENCE DISAMBIGUATION — ROBUST ENSEMBL PROTEIN RETRIEVAL # ============================================================================================================== import os import re import json import time import hashlib import requests import pandas as pd import numpy as np from Bio.Align import PairwiseAligner # -------------------------------------------------------------------------------------------------------------- # CONFI
/content/drive/MyDrive/Colab Notebooks/Untitled27.ipynb,Untitled27.ipynb,12,REFERENCE_OR_ANALYSIS,3,0,0,0,0,0,0,0,1,0,0,4056,"# ============================================================================================================== # STEP 32D...FIX22T-R11-R34 (PART 2) # REGULATORY ELEMENT + TF-BINDING + EPIGENOMIC EVIDENCE RECONCILIATION # ============================================================================================================== import os import re import json import time import warnings import numpy as np import pandas as pd import requests warnings.filterwarnings(""ignore"") # --- [RE-LOAD FROM PART 1 STATE] --- # BASE_DIS, R33_FIX1_INPUT, R34_FINAL, and 'coord' DataFrame already initial"
/content/drive/MyDrive/Colab Notebooks/Untitled3.ipynb,Untitled3.ipynb,13,REFERENCE_OR_ANALYSIS,3,0,0,0,0,0,0,0,0,0,1,35698, # ============================================================================ # STAGE 4E-FIXED — DYNAMIC RESOURCE-ARBITRATED PARALLEL ARCHITECTURE # ============================================================================ # # PURPOSE # ------- # Correct the previous Stage 4E implementation. # # Key corrections: # 1. NEVER remount Google Drive. # 2. Recover the VERIFIED Stage 4C parameter set. # 3. Preserve the verified Stage 4C conventional resource accounting. # 4. Use identical accounting for Conventional and RAP. # 5. Make resource allocation genuinely state-dependent. # 6
/content/drive/MyDrive/Colab Notebooks/Untitled3.ipynb,Untitled3.ipynb,14,REFERENCE_OR_ANALYSIS,3,0,0,0,0,0,0,0,0,0,1,23869, # ================================================================ # STAGE 4E-LOCK — VERIFIED BASELINE + RAP INTEGRATION # ================================================================ # # PURPOSE: # 1. NEVER remount Google Drive unnecessarily # 2. Load VERIFIED Stage 4C parameter set # 3. Lock Stage 4C conventional baseline # 4. Verify expected 9-cycle baseline # 5. Build Resource-Arbitrated Parallel (RAP) architecture # 6. Compare RAP against the SAME locked resource/kinetic system # 7. DO NOT optimize controllers yet # # IMPORTANT: # If the conventional baseline does not
/content/drive/MyDrive/Colab Notebooks/Untitled3.ipynb,Untitled3.ipynb,15,REFERENCE_OR_ANALYSIS,3,0,0,0,0,0,0,0,0,0,1,27303, # ================================================================ # STAGE 4F — FAIR RESOURCE-ARBITRATED PARALLEL ARCHITECTURE # ================================================================ # # PURPOSE # ------- # Correct the Stage 4E RAP formulation before optimization. # # Key correction: # - Replication and membrane processes remain kinetically parallel. # - Resource allocation DOES NOT automatically reduce both rates. # - Allocation becomes active only when simultaneous resource demand # exceeds available resource capacity. # - NO arbitrary rate multiplier. # # Reference: 
/content/drive/MyDrive/Colab Notebooks/Untitled35.ipynb,Untitled35.ipynb,9,REFERENCE_OR_ANALYSIS,3,0,0,0,0,0,0,0,0,0,1,21468," # ====================================================================================================================== # FIX22T-R11-R68-FIX1 # NCBI DATASETS CLI FAILURE REPAIR → DIRECT OFFICIAL GRCz11 FTP RECOVERY # ====================================================================================================================== import os import re import json import hashlib import gzip import tarfile import shutil import urllib.request from pathlib import Path import pandas as pd import numpy as np from Bio import SeqIO from Bio.Seq import Seq print(""="" * 120) print(""FIX22T-R11-R68-"
/content/drive/MyDrive/Colab Notebooks/Untitled69.ipynb,Untitled69.ipynb,1,REFERENCE_OR_ANALYSIS,3,0,0,0,0,0,0,0,0,0,1,8150," # ================================================================ # FIGURE 1 — OVERALL STUDY WORKFLOW # Developmental Regulation and Cross-Species Conservation of # Limb-Patterning and Myogenic Regulatory Genes # # Output: # /content/Figure1_Overall_Study_Workflow.png # /content/Figure1_Overall_Study_Workflow.pdf # /content/Figure1_Overall_Study_Workflow.tiff # # PNG/TIFF: 300 dpi # PDF: vector format # Google Drive is NOT used. # ================================================================ import matplotlib.pyplot as plt from matplotlib.patches import FancyBboxPatch, FancyArrowPa"
/content/drive/MyDrive/Colab Notebooks/Untitled69.ipynb,Untitled69.ipynb,2,REFERENCE_OR_ANALYSIS,3,0,0,0,0,0,0,0,0,0,1,7312," # ================================================================ # FIGURE 1 — OVERALL STUDY WORKFLOW # NO FIGURE TITLE # # Outputs: # /content/Figure1_Overall_Study_Workflow.png # /content/Figure1_Overall_Study_Workflow.pdf # /content/Figure1_Overall_Study_Workflow.tiff # # PNG/TIFF = 300 dpi # PDF = vector # Google Drive = NOT USED # ================================================================ import matplotlib.pyplot as plt from matplotlib.patches import FancyBboxPatch, FancyArrowPatch # ------------------------------------------------ # General figure settings # -------------"
/content/drive/MyDrive/Colab Notebooks/Untitled69.ipynb,Untitled69.ipynb,3,REFERENCE_OR_ANALYSIS,3,0,0,0,0,0,0,0,0,0,1,9099," # ================================================================ # FIGURE 1 — OVERALL STUDY WORKFLOW # Compact 3 × 2 workflow layout # # NO TITLE INSIDE FIGURE # # Outputs saved only in /content/ # PNG = 300 dpi # TIFF = 300 dpi # PDF = vector # ================================================================ import matplotlib.pyplot as plt from matplotlib.patches import FancyBboxPatch, FancyArrowPatch # ------------------------------------------------ # Figure settings # ------------------------------------------------ plt.rcParams[""font.family""] = ""DejaVu Sans"" fig, ax = plt.subplot"
/content/drive/MyDrive/Colab Notebooks/Untitled7.ipynb,Untitled7.ipynb,54,REFERENCE_OR_ANALYSIS,3,0,0,0,0,0,0,0,1,0,0,498," from scipy.stats import fisher_exact N = 21872 P_n = 1234 R_n = 1218 overlap = 290 table = [ [overlap, P_n - overlap], [R_n - overlap, N - (P_n + R_n - overlap)] ] odds_ratio, fisher_p = fisher_exact(table, alternative=""greater"") print(""Contingency table:"") print(np.array(table)) print(""\nOdds ratio:"", odds_ratio) print(""Fisher exact p-value:"", fisher_p) expected = (P_n * R_n) / N print(""\nExpected overlap by chance:"", expected) print(""Observed / expected:"", overlap / expected)"
/content/drive/MyDrive/Colab Notebooks/Untitled7.ipynb,Untitled7.ipynb,57,REFERENCE_OR_ANALYSIS,3,0,0,0,0,0,0,0,1,0,0,681," # Exact common statistical universe P_universe = set(p_results.index) R_universe = set(interaction_results.index) common_universe = P_universe & R_universe P_sig = set(P.index) R_sig = set(R.index) # Restrict recall to common universe R_common = R_sig & common_universe P_common = P_sig & common_universe overlap = len(P_common & R_common) print(""Common universe:"", len(common_universe)) print(""Persistence significant:"", len(P_common)) print(""Recall significant:"", len(R_common)) print(""Overlap:"", overlap) expected = ( len(P_common) * len(R_common) / len(common_universe) ) pri"
/content/drive/MyDrive/Colab Notebooks/Untitled7.ipynb,Untitled7.ipynb,71,REFERENCE_OR_ANALYSIS,3,0,0,0,0,0,0,0,1,0,0,440," from scipy.stats import fisher_exact N = len(U_gc) P_n = len(P_gc_u) R_n = len(R_gc_u) O = len(memory_gc) expected = (P_n * R_n) / N table_gc = [ [O, P_n - O], [R_n - O, N - (P_n + R_n - O)] ] OR_gc, p_gc = fisher_exact( table_gc, alternative=""greater"" ) print(""Observed overlap:"", O) print(""Expected overlap:"", expected) print(""Observed / expected:"", O / expected) print(""Odds ratio:"", OR_gc) print(""Fisher p:"", p_gc)"
/content/drive/MyDrive/Colab Notebooks/Untitled7.ipynb,Untitled7.ipynb,74,REFERENCE_OR_ANALYSIS,3,0,0,0,0,0,0,0,1,0,0,275, GC-specific persistence: 261 GC-specific recall: 225 Common universe: 17 GC-specific persistent genes: 17 GC-specific recall genes: 17 GC-specific Persistent ∩ Recall: 17 Observed overlap: 17 Expected overlap: 17.0 Observed / expected: 1.0 Odds ratio: nan Fisher p: 1.0
/content/drive/MyDrive/Colab Notebooks/Untitled82.ipynb,Untitled82.ipynb,11,REFERENCE_OR_ANALYSIS,3,0,0,0,0,0,0,0,1,0,0,29721,# ============================================================================================================== # PAX3 EVOLUTIONARY CONSTRAINT PROJECT # STAGE 4C-3R-F # CHICKEN GRCg6a -> GRCg7b PAX3 IDENTITY RESOLUTION # + CURRENT GRCg7b PAX3 -> MOUSE ORTHOLOGY CONTROL # # STRICTLY DIAGNOSTIC # -------------------------------------------------------------------------------------------------------------- # NO concordance analysis # NO gene ranking # NO 1000-gene pilot # NO genome-wide filtering # NO manual orthology assignment # # ===============================================================
/content/drive/MyDrive/Colab Notebooks/Untitled84.ipynb,Untitled84.ipynb,18,REFERENCE_OR_ANALYSIS,3,0,0,0,0,0,0,0,0,0,1,18224," # ============================================================================================================== # STAGE 4C-3R-S4.10 — MULTI-GENE EVOLUTIONARY CONSTRAINT COMPARISON # PAX3 vs LFNG vs MYF5 vs PAX7 vs REMAINING CANDIDATES # ============================================================================================================== import os import json import glob import re import numpy as np import pandas as pd BASE = ( ""/content/drive/MyDrive/thesis/DSD_Project/"" ""02_Limb_RNA_GSE164737/PAX3_EVOLUTIONARY_CONSTRAINT_ANALYSIS/"" ) PAX3_DIR = os.path.join( BASE, "
/content/drive/MyDrive/Colab Notebooks/Untitled97.ipynb,Untitled97.ipynb,76,REFERENCE_OR_ANALYSIS,3,0,0,0,0,0,0,0,1,0,0,3331," # ============================================================ # FIND ORIGINAL STEP37B / STEP39 / STEP43 CODE # ============================================================ from google.colab import drive drive.mount('/content/drive') import os ROOT = ""/content/drive/MyDrive/MFOS_REVISION"" print(""=""*110) print(""SEARCHING FOR ORIGINAL MATCHED-NULL CODE"") print(""=""*110) # File types most likely to contain the original workflow CODE_EXTENSIONS = ( "".py"", "".ipynb"", "".txt"", "".md"", "".R"", "".Rmd"", "".jl"" ) # Keywords strongly associated with the historical null generation KEYWORDS = [ "
/content/drive/MyDrive/Colab Notebooks/Untitled105.ipynb,Untitled105.ipynb,36,REFERENCE_OR_ANALYSIS,2,8,0,1,1,0,0,0,1,0,2,34594, # ============================================================================== # PART 21D.16 — EXACT RAW-FILE ↔ SUPPLEMENTARY DATA 1 # SEQUENCE PROVENANCE RECONCILIATION # ============================================================================== # # OBJECTIVE # --------- # Reconcile the three Dmel sequence records for each of the 834 FBgn genes # between: # # A) Historical recovered file: # supplementary_file_unannotated_alignments.txt # # B) Official Supplementary Data 1: # Supplementary_Data_1_genome_metadata.txt # # Questions: # # 1. Are the same 3
/content/drive/MyDrive/Colab Notebooks/Untitled105.ipynb,Untitled105.ipynb,66,REFERENCE_OR_ANALYSIS,2,8,0,1,1,0,0,0,1,0,2,18974," # ============================================================================= # PART 23J.7 — 22 EXCEPTIONAL CACTUS RECORD SEQUENCE FORENSICS # ============================================================================= from google.colab import drive drive.mount('/content/drive') import os import re import hashlib import pandas as pd from collections import Counter print(""="" * 78) print(""PART 23J.7 — 22 EXCEPTIONAL CACTUS RECORD SEQUENCE FORENSICS"") print(""="" * 78) # ============================================================================= # 0. PATHS # ============================="
/content/drive/MyDrive/Colab Notebooks/Untitled112.ipynb,Untitled112.ipynb,68,REFERENCE_OR_ANALYSIS,2,8,0,1,1,0,0,0,1,0,0,17874, # ============================================================================= # PART 31.45C — COORDINATE PROVENANCE RECONSTRUCTION # ============================================================================= # Goal: # Determine what coordinate system generated: # start_idx # stop_idx # proto_orf_length_aa # mutation_distance # _occurrence # # IMPORTANT: # - No translation # - No historical mutation reconstruction # - No brute-force sequence mapping # - Searches the complete GENE project for provenance relationships # =============================
/content/drive/MyDrive/Colab Notebooks/Untitled113.ipynb,Untitled113.ipynb,5,REFERENCE_OR_ANALYSIS,2,8,0,1,1,0,0,0,1,0,0,6550," # ============================================================ # PART 31.45J-A # D=0.20 MATCHED-PAIR FILE VERIFICATION # ============================================================ from google.colab import drive drive.mount('/content/drive') import os import pandas as pd import numpy as np BASE = ""/content/drive/MyDrive/GENE"" OUT = os.path.join( BASE, ""11_RESULTS"", ""PART_31_NON_GENIC_TO_YOUNG_GENE_RECONSTRUCTION"", ""PART_31_45J_MATCHED_PROTO_ORF_EXTENSION_NULL"" ) os.makedirs(OUT, exist_ok=True) print(""=""*100) print(""PART 31.45J-A — D=0.20 MATCHED-PAIR FILE VERIFICATION"")"
/content/drive/MyDrive/Colab Notebooks/Untitled115.ipynb,Untitled115.ipynb,18,REFERENCE_OR_ANALYSIS,2,8,0,1,1,0,0,0,1,0,0,16723," # ============================================================================= # PART 31.93X — HUMAN S1/S2 DATASET AUDIT # ============================================================================= from google.colab import drive drive.mount('/content/drive') import os import re import json import hashlib import pandas as pd import numpy as np # ----------------------------------------------------------------------------- # PATHS # ----------------------------------------------------------------------------- ROOT = ""/content/drive/MyDrive/GENE"" RAW = os.path.join( ROOT, ""11_RE"
/content/drive/MyDrive/Colab Notebooks/Untitled115.ipynb,Untitled115.ipynb,40,REFERENCE_OR_ANALYSIS,2,8,0,1,1,0,0,0,1,0,0,11674," # ============================================================================== # PART 31.94C-R6 — EVENT STATE + EXPECTED_NT FORENSIC AUDIT # ============================================================================== from google.colab import drive drive.mount('/content/drive') import os import re import json import pandas as pd import numpy as np from pathlib import Path print(""="" * 100) print(""PART 31.94C-R6 — EVENT STATE + EXPECTED_NT FORENSIC AUDIT"") print(""="" * 100) ROOT = Path(""/content/drive/MyDrive/GENE"") OUTDIR = ( ROOT / ""11_RESULTS"" / ""PART_31_MUTATION_WEIGHTED"
/content/drive/MyDrive/Colab Notebooks/Untitled115.ipynb,Untitled115.ipynb,45,REFERENCE_OR_ANALYSIS,2,8,0,1,1,0,0,0,1,0,0,20802," # ============================================================================== # PART 31.94C-R12 # ORIGINAL ACCESSIBILITY DEFINITION AUDIT # ============================================================================== from google.colab import drive drive.mount('/content/drive') import os import re import json import pandas as pd import numpy as np from pathlib import Path print(""="" * 100) print(""PART 31.94C-R12 — ORIGINAL ACCESSIBILITY DEFINITION AUDIT"") print(""="" * 100) # ============================================================================== # 1. ROOT / OUTPUT # ============"
/content/drive/MyDrive/Colab Notebooks/Untitled115.ipynb,Untitled115.ipynb,50,REFERENCE_OR_ANALYSIS,2,8,0,1,1,0,0,0,1,0,0,18572," # ============================================================================== # PART 31.94C-R13R4 # ORIGINAL ONE-NT ACCESSIBILITY COUNTING / DEDUPLICATION AUDIT # ============================================================================== from google.colab import drive drive.mount('/content/drive') import json import numpy as np import pandas as pd from pathlib import Path print(""="" * 100) print(""PART 31.94C-R13R4 — ORIGINAL ACCESSIBILITY COUNTING / DEDUPLICATION AUDIT"") print(""="" * 100) # ============================================================================== # 1. ROOT / OU"
/content/drive/MyDrive/Colab Notebooks/Untitled115.ipynb,Untitled115.ipynb,59,REFERENCE_OR_ANALYSIS,2,8,0,1,1,0,0,0,1,0,0,19563, # ============================================================================ # PART 31.94C-R13R12-FIXED # VERIFIED FILE DISCOVERY → ORIGINAL ONE-NT ACCESSIBILITY SOURCE AUDIT # ============================================================================ # IMPORTANT: # 1. No hard-coded Part 31.33 folder path # 2. Exact filenames are searched recursively # 3. Files are validated by required columns before loading # 4. No mutation weighting # 5. No historical mutation reconstruction # 6. No guessed accessibility formula # ============================================================
/content/drive/MyDrive/Colab Notebooks/Untitled27.ipynb,Untitled27.ipynb,10,REFERENCE_OR_ANALYSIS,2,8,0,1,1,0,0,0,1,0,0,34979, # ============================================================================================================== # STEP 32D...FIX22T-R11-R33-FIX1 # R33 COORDINATE RECONCILIATION PATCH # FIX: FALSE coordinate_reconciled=False caused by datatype / chromosome / strand representation mismatch # # PURPOSE # 1. Recover the R33 final table # 2. Reconcile R32 coordinates against Ensembl coordinates robustly # 3. Normalize chromosome / start / end / strand representations # 4. Preserve all existing R33 literature + epigenomic fields # 5. Recalculate coordinate reconciliation only # 6. Reca
/content/drive/MyDrive/Colab Notebooks/Untitled27.ipynb,Untitled27.ipynb,15,REFERENCE_OR_ANALYSIS,2,8,0,1,1,0,0,0,1,0,0,39679," # ============================================================================================================== # STEP 32D...FIX22T-R11-R35 # R34 → EVIDENCE QUALITY + ORTHOGONALITY + CONTRADICTION AUDIT # ============================================================================================================== import os import re import json import time import hashlib import warnings from datetime import datetime import numpy as np import pandas as pd warnings.filterwarnings(""ignore"") print(""="" * 110) print(""STEP 32D...FIX22T-R11-R35"") print(""R34 REGULATORY + EPIGENOMIC EVIDENCE → QU"
/content/drive/MyDrive/Colab Notebooks/Untitled41.ipynb,Untitled41.ipynb,5,REFERENCE_OR_ANALYSIS,2,8,0,1,1,0,0,0,1,0,0,29543, # ============================================================================================================== # FIX22T-R11-R81-FIX9-FIX5-CORRECTED # ORIGINAL PAPER → R59 → R57 → DERIVED EVIDENCE LINEAGE # # IMPORTANT: # - R59 root is AUTO-DISCOVERED. # - No hard-coded incorrect R59 path. # - Existing FIX8 overlaps are retained. # - Existing FIX9-FIX4 R57→R59 lineage is retained. # - Generated audit/report files are NEVER treated as original biological evidence. # - No causal inference from coordinate overlap. # ===============================================================================
/content/drive/MyDrive/Colab Notebooks/Untitled41.ipynb,Untitled41.ipynb,6,REFERENCE_OR_ANALYSIS,2,8,0,1,1,0,0,0,1,0,0,29052," # ============================================================================================================== # FIX22T-R11-R81-FIX9-FIX6 # FORENSIC R57 ROW-INDEX → R59 PAPER → DERIVED SOURCE → FIX8 OVERLAP LINEAGE RECONSTRUCTION # ============================================================================================================== import os import re import json import hashlib import pandas as pd from pathlib import Path from collections import defaultdict print(""="" * 110) print(""FIX22T-R11-R81-FIX9-FIX6 FORENSIC R57 → R59 → DERIVED-SOURCE LINEAGE RECONSTRUCTION"") print(""="" * 11"
/content/drive/MyDrive/Colab Notebooks/Untitled41.ipynb,Untitled41.ipynb,7,REFERENCE_OR_ANALYSIS,2,8,0,1,1,0,0,0,1,0,0,29052," # ============================================================================================================== # FIX22T-R11-R81-FIX9-FIX6 # FORENSIC R57 ROW-INDEX → R59 PAPER → DERIVED SOURCE → FIX8 OVERLAP LINEAGE RECONSTRUCTION # ============================================================================================================== import os import re import json import hashlib import pandas as pd from pathlib import Path from collections import defaultdict print(""="" * 110) print(""FIX22T-R11-R81-FIX9-FIX6 FORENSIC R57 → R59 → DERIVED-SOURCE LINEAGE RECONSTRUCTION"") print(""="" * 11"
/content/drive/MyDrive/Colab Notebooks/Untitled41.ipynb,Untitled41.ipynb,11,REFERENCE_OR_ANALYSIS,2,8,0,1,1,0,0,0,1,1,0,31611, # ============================================================================================================== # FIX22T-R11-R81-FIX9-FIX10 # PAPER-BY-PAPER SOCS3B RNA-METHYLATION CHAIN ADJUDICATION # -------------------------------------------------------------------------------------------------------------- # PURPOSE # Authoritative R59 original-paper fulltexts ko one-by-one adjudicate karna. # # Target chain: # Tet / RNA methylation # ↓ # SOCS3B RNA methylation # ↓ # SOCS3B mRNA stability / abundance # ↓ # phenotype / bio
/content/drive/MyDrive/Colab Notebooks/Untitled42.ipynb,Untitled42.ipynb,1,REFERENCE_OR_ANALYSIS,2,8,0,1,1,0,0,0,1,1,0,31611, # ============================================================================================================== # FIX22T-R11-R81-FIX9-FIX10 # PAPER-BY-PAPER SOCS3B RNA-METHYLATION CHAIN ADJUDICATION # -------------------------------------------------------------------------------------------------------------- # PURPOSE # Authoritative R59 original-paper fulltexts ko one-by-one adjudicate karna. # # Target chain: # Tet / RNA methylation # ↓ # SOCS3B RNA methylation # ↓ # SOCS3B mRNA stability / abundance # ↓ # phenotype / bio
/content/drive/MyDrive/Colab Notebooks/Untitled96.ipynb,Untitled96.ipynb,41,REFERENCE_OR_ANALYSIS,2,8,0,1,1,0,0,0,1,0,2,16008," # ============================================================================== # STEP 36 — MFOS PANEL PROVENANCE + RANKING AUDIT # ============================================================================== from google.colab import drive drive.mount('/content/drive') import os import re import pandas as pd import numpy as np print(""=""*80) print(""STEP 36 — MFOS PANEL PROVENANCE + RANKING AUDIT"") print(""=""*80) # ============================================================================== # PATHS # ============================================================================== BASE = "
/content/drive/MyDrive/Colab Notebooks/Untitled97.ipynb,Untitled97.ipynb,70,REFERENCE_OR_ANALYSIS,2,8,0,1,1,0,0,0,1,0,0,13752," # ============================================================ # MFOS — HISTORICAL MATCHED NULL MODEL AUDIT # STEP54 → STEP58 + HISTORICAL 20,000-PANEL FILES # ============================================================ from google.colab import drive drive.mount('/content/drive') import os import glob import json import pandas as pd import numpy as np # ------------------------------------------------------------ # 1. PATHS # ------------------------------------------------------------ BASE = ""/content/drive/MyDrive/MFOS_REVISION"" AUDIT_DIR = ( ""/content/drive/MyDrive/"" ""MFOS_PU"
/content/drive/MyDrive/Colab Notebooks/Untitled0.ipynb,Untitled0.ipynb,15,REFERENCE_OR_ANALYSIS,2,0,0,0,0,0,0,0,0,0,0,3688," # ===================================================================== # TOXICOLOGY — FINAL HISTORICAL FILE RECOVERY SEARCH # ===================================================================== import os MYDRIVE = ""/content/drive/MyDrive"" keywords = [ ""cd"", ""cadmium"", ""15gene"", ""15_gene"", ""core15"", ""master"", ""final"", ""liver"", ""kidney"", ""rat"", ""mouse"", ""human"" ] print(""="" * 100) print(""TOXICOLOGY HISTORICAL FILE RECOVERY SEARCH"") print(""="" * 100) matches = [] for root, dirs, files in os.walk(MYDRIVE): # Search folders for d in d"
/content/drive/MyDrive/Colab Notebooks/Untitled0.ipynb,Untitled0.ipynb,33,REFERENCE_OR_ANALYSIS,2,0,0,0,0,0,0,0,0,0,0,16855," # ================================================================================================ # PHASE 30 — 15-GENE RESPONSE MODULE / MECHANISTIC ARCHITECTURE # ================================================================================================ import os import numpy as np import pandas as pd BASE = ""/content/drive/MyDrive/Toxicology (1)"" INPUT = os.path.join( BASE, ""Cd_Phase29_Quantitative_Concordance_Analysis.csv"" ) OUT_MAIN = os.path.join( BASE, ""Cd_Phase30_15Gene_Response_Module_Architecture.csv"" ) OUT_MODULES = os.path.join( BASE, ""Cd_Phase30"
/content/drive/MyDrive/Colab Notebooks/Untitled0.ipynb,Untitled0.ipynb,52,REFERENCE_OR_ANALYSIS,2,0,0,0,0,0,0,0,0,0,0,5949," # ============================================================================================== # PHASE 46B — FULL GOOGLE DRIVE UPSTREAM FILE RECOVERY # ============================================================================================== import os import glob import pandas as pd print(""="" * 110) print(""PHASE 46B — FULL GOOGLE DRIVE UPSTREAM FILE RECOVERY"") print(""="" * 110) # ---------------------------------------------------------------------------------------------- # STEP 1 — REQUIRED FILES # ------------------------------------------------------------------------------------"
/content/drive/MyDrive/Colab Notebooks/Untitled1.ipynb,Untitled1.ipynb,26,REFERENCE_OR_ANALYSIS,2,0,0,0,0,0,0,0,0,0,0,12721," # ============================================================ # STEP 48 — MINIMUM EXPERIMENTALLY TESTABLE INVENTION # Counterfactual Bottleneck-Rescue Validation # ============================================================ import os import numpy as np import pandas as pd import matplotlib.pyplot as plt BASE = ""/content/drive/MyDrive/Antibody_Engineering"" OUT = os.path.join(BASE, ""Step_48_Experimental_Core_Test"") FIG = os.path.join(OUT, ""Figures"") os.makedirs(OUT, exist_ok=True) os.makedirs(FIG, exist_ok=True) print(""STEP 48 directory:"") print(OUT) # -----------------------------------"
/content/drive/MyDrive/Colab Notebooks/Untitled1.ipynb,Untitled1.ipynb,31,REFERENCE_OR_ANALYSIS,2,0,0,0,0,0,0,0,0,0,0,7018," # ============================================================ # STEP 50 — INTERVENTION-SPECIFIC RESCUE & SYNERGY # ============================================================ import os import pandas as pd import numpy as np BASE = ""/content/drive/MyDrive/Antibody_Engineering"" STEP29 = os.path.join( BASE, ""Step_29_Regulatory_Capacity_Interaction"" ) STEP48B = os.path.join( BASE, ""Step_48B_Reconciled_Bottleneck_Attribution"" ) OUT = os.path.join( BASE, ""Step_50_Intervention_Rescue_Synergy"" ) FIG = os.path.join(OUT, ""Figures"") os.makedirs(OUT, exist_ok=True) os.makedirs(FIG, e"
/content/drive/MyDrive/Colab Notebooks/Untitled1.ipynb,Untitled1.ipynb,32,REFERENCE_OR_ANALYSIS,2,0,0,0,0,0,0,0,0,0,0,14735," # ============================================================ # STEP 50R — CORRECTED COUNTERFACTUAL RESCUE ANALYSIS # ============================================================ import os import pandas as pd import numpy as np BASE = ""/content/drive/MyDrive/Antibody_Engineering"" STEP29 = os.path.join( BASE, ""Step_29_Regulatory_Capacity_Interaction"" ) STEP33 = os.path.join( BASE, ""Step_33_Parameter_Attribution"" ) OUT = os.path.join( BASE, ""Step_50R_Corrected_Counterfactual_Rescue"" ) FIG = os.path.join(OUT, ""Figures"") os.makedirs(OUT, exist_ok=True) os.makedirs("
/content/drive/MyDrive/Colab Notebooks/Untitled101.ipynb,Untitled101.ipynb,1,REFERENCE_OR_ANALYSIS,2,0,0,0,0,0,0,0,0,0,0,16429," # ============================================================ # ADHD GENETIC CONVERGENCE PROJECT # PART 2 — JAMA 2024 MASTER DATASET # ============================================================ import pandas as pd import numpy as np from pathlib import Path from datetime import datetime # ------------------------------------------------------------ # 1. PROJECT PATHS # ------------------------------------------------------------ BASE = Path(""/content/drive/MyDrive/ADHD"") RAW_DIR = BASE / ""01_RAW_DATA"" / ""JAMA_2024"" CLEAN_DIR = BASE / ""03_CLEAN_DATA"" TABLE_DIR = BASE / ""16_TABLES"" LOG_D"
/content/drive/MyDrive/Colab Notebooks/Untitled102.ipynb,Untitled102.ipynb,1,REFERENCE_OR_ANALYSIS,2,0,0,0,0,0,0,0,0,0,0,16361," # ============================================================ # ADHD GENETIC CONVERGENCE PROJECT # PART 2 — JAMA 2024 MASTER DATASET # ============================================================ import pandas as pd import numpy as np from pathlib import Path from datetime import datetime # ------------------------------------------------------------ # 1. PROJECT PATHS # --------------M njj, uMyDrive/ADHD"") RAW_DIR = BASE / ""01_RAW_DATA"" / ""JAMA_2024"" CLEAN_DIR = BASE / ""03_CLEAN_DATA"" TABLE_DIR = BASE / ""16_TABLES"" LOG_DIR = BASE / ""20_LOGS"" for folder in [RAW_DIR, CLEAN_DIR, TABLE_DIR,"
/content/drive/MyDrive/Colab Notebooks/Untitled102.ipynb,Untitled102.ipynb,8,REFERENCE_OR_ANALYSIS,2,0,0,0,0,0,0,0,0,0,0,10997," # ================================================================ # PART 8B — CANONICAL HGNC SYMBOL RESOLUTION # ================================================================ # # Correct legacy / previous gene symbols identified in Part 8: # # COL4A3BP -> CERT1 # GNB2L1 -> RACK1 # TTC26 -> IFT56 # # IMPORTANT: # Original source symbols are retained for provenance. # Canonical symbols are used for downstream PPI/network analysis. # ================================================================ from google.colab import drive drive.mount(""/content/drive"") import os import json impor"
/content/drive/MyDrive/Colab Notebooks/Untitled102.ipynb,Untitled102.ipynb,30,REFERENCE_OR_ANALYSIS,2,0,0,0,0,0,0,0,0,0,0,18490, # ============================================================================= # PART 10E-E2-CORRECTED # COMPLETE AUTHORITATIVE INTACT 2-HOP NETWORK # Correct MITAB-42 parser + human physical-interaction QC # ============================================================================= from google.colab import drive drive.mount('/content/drive') import os import glob import re import pandas as pd from collections import defaultdict # ============================================================================= # 1. PATHS # ==================================================================
/content/drive/MyDrive/Colab Notebooks/Untitled104.ipynb,Untitled104.ipynb,17,REFERENCE_OR_ANALYSIS,2,0,0,0,0,0,0,0,0,0,0,3488," # ============================================================================== # STEP 34A-R — EXACT INPUT FILE RECOVERY # ============================================================================== from google.colab import drive drive.mount('/content/drive') import os print(""="" * 78) print(""STEP 34A-R — EXACT INPUT FILE RECOVERY"") print(""="" * 78) ROOT = ""/content/drive/MyDrive/ADHD"" TARGETS = [ ""part12b3_final_33_gene_ensembl_master.csv"", ""step18_master_33_gene_architecture_assignment.csv"" ] print(""\nSEARCHING DRIVE"") print(""-"" * 78) found = {} for target in TARGETS: "
/content/drive/MyDrive/Colab Notebooks/Untitled105.ipynb,Untitled105.ipynb,4,REFERENCE_OR_ANALYSIS,2,0,0,0,0,0,0,0,0,0,0,10684, # ================================================================ # PART 19J — RAW EXCEL HEADER FORENSICS # ================================================================ # Purpose: # Recover the REAL header rows from the original Excel workbook. # # IMPORTANT: # We do NOT assume header positions. # We do NOT modify the workbook. # We do NOT perform ML/imputation/filtering. # # Strategy: # 1. Read every sheet with header=None # 2. Print first 12 rows exactly as stored # 3. Inspect merged cells # 4. Detect rows containing known scientific keywords # 5. Save a forensic repo
/content/drive/MyDrive/Colab Notebooks/Untitled106.ipynb,Untitled106.ipynb,6,REFERENCE_OR_ANALYSIS,2,0,0,0,0,0,0,0,0,0,0,11289," # ============================================================================== # PART 25B.13 — FBgn0287582 TARGETED FEATURE RECOVERY # ============================================================================== from google.colab import drive drive.mount('/content/drive') import os import re import pandas as pd import numpy as np print(""="" * 78) print(""PART 25B.13 — FBgn0287582 TARGETED FEATURE RECOVERY"") print(""="" * 78) BASE = ""/content/drive/MyDrive/GENE"" OUT = os.path.join( BASE, ""11_RESULTS"", ""PART_25B_EMPIRICAL_NULL_TESTING"" ) os.makedirs(OUT, exist_ok=True) TARGET ="
/content/drive/MyDrive/Colab Notebooks/Untitled106.ipynb,Untitled106.ipynb,21,REFERENCE_OR_ANALYSIS,2,0,0,0,0,0,0,0,0,0,0,8316," # ============================================================================== # PART 25B.14R.15 — FINAL RECOVERY OF FBgn0267709 # ============================================================================== from google.colab import drive drive.mount('/content/drive') import os import glob import pandas as pd import numpy as np print(""=""*78) print(""PART 25B.14R.15 — FINAL RECOVERY OF FBgn0267709"") print(""=""*78) ROOT = ""/content/drive/MyDrive/GENE"" OUTDIR = os.path.join( ROOT, ""11_RESULTS"", ""PART_25B_EMPIRICAL_NULL_TESTING"" ) os.makedirs(OUTDIR, exist_ok=True) TARGET = """
/content/drive/MyDrive/Colab Notebooks/Untitled106.ipynb,Untitled106.ipynb,47,REFERENCE_OR_ANALYSIS,2,0,0,0,0,0,0,0,0,0,0,11794," # ================================================================ # PART 29R — BRANCH_LEN / L0-L9 LINEAGE DATA RECOVERY # ================================================================ from google.colab import drive drive.mount('/content/drive') import os import re import json import pandas as pd from pathlib import Path print(""=""*80) print(""PART 29R — BRANCH_LEN / L0-L9 LINEAGE DATA RECOVERY"") print(""=""*80) ROOT = Path(""/content/drive/MyDrive/GENE"") OUT = ( ROOT / ""11_RESULTS"" / ""PART_29_MECHANISTIC_GENE_BIRTH"" / ""PART_29R_BRANCH_LEN_RECOVERY"" ) OUT.mkdir(parents=Tru"
/content/drive/MyDrive/Colab Notebooks/Untitled107.ipynb,Untitled107.ipynb,25,REFERENCE_OR_ANALYSIS,2,0,0,0,0,0,0,0,0,0,0,7127," # ================================================================ # COMMENT 7 — STEP 7 # DEFINITIVE FINAL_MFOS RECONCILIATION # INS2 -> INS MAPPING + EXACT 16 + EXACT 153 # ================================================================ from google.colab import drive drive.mount('/content/drive') import pandas as pd import numpy as np print(""="" * 90) print(""COMMENT 7 — STEP 7"") print(""DEFINITIVE FINAL_MFOS RECONCILIATION"") print(""="" * 90) # ---------------------------------------------------------------- # AUTHORITATIVE FILE # ------------------------------------------------------------"
/content/drive/MyDrive/Colab Notebooks/Untitled108.ipynb,Untitled108.ipynb,2,REFERENCE_OR_ANALYSIS,2,8,0,0,1,0,0,0,2,0,0,10273,"from google.colab import drive drive.mount('/content/drive') import os import pandas as pd import numpy as np print(""=""*80) print(""PART 30AJ — G3 BEST-MATCH INDEPENDENT LOCUS AUDIT"") print(""=""*80) # ================================================================ # PATHS # ================================================================ BASE = ""/content/drive/MyDrive/GENE/11_RESULTS/PART_29_MECHANISTIC_GENE_BIRTH"" P30AI = os.path.join( BASE, ""PART_30AI_RECIPROCAL_SEQUENCE_SPECIFICITY"", ""PART_30AI_R2_BEST_NONDMEL_NEIGHBOR_PER_G3_LOCUS.csv"" ) P30AF = os.path.join( BASE, "
/content/drive/MyDrive/Colab Notebooks/Untitled109.ipynb,Untitled109.ipynb,25,REFERENCE_OR_ANALYSIS,2,0,0,0,0,0,0,0,0,0,0,5139," # ================================================================ # PART 25C.8 — EXACT NON-GENIC SYNTENY COLUMN PROVENANCE # ================================================================ from google.colab import drive drive.mount('/content/drive') import os import pandas as pd BASE = ""/content/drive/MyDrive/GENE"" OUT = f""{BASE}/11_RESULTS/PART_25C_EVOLUTIONARY_SEQUENCE_STATE"" os.makedirs(OUT, exist_ok=True) print(""=""*70) print(""PART 25C.8 — EXACT NON-GENIC SYNTENY COLUMN PROVENANCE"") print(""=""*70) TARGET_COL = ( ""Is the gene aligned to non-genic syntenic regions "" ""in furthes"
/content/drive/MyDrive/Colab Notebooks/Untitled109.ipynb,Untitled109.ipynb,27,REFERENCE_OR_ANALYSIS,2,0,0,0,0,0,0,0,0,0,0,1341," from google.colab import drive drive.mount('/content/drive') import pandas as pd import os BASE = ""/content/drive/MyDrive/GENE"" path = ( f""{BASE}/00_RAW/"" ""Supplementary_Data_5_filtering_history.csv"" ) df = pd.read_csv(path, low_memory=False) col = ( ""Is this gene lineage specific but without evidence to be de novo? "" ""What is the furthest branch that it has orthologs?"" ) nong = ( ""Is the gene aligned to non-genic syntenic regions "" ""in furthest aligned branch?"" ) sub = df[ df[nong].astype(str).str.strip().eq(""Yes"") ].copy() print(""=""*70) print(""PART 25C.10"
/content/drive/MyDrive/Colab Notebooks/Untitled111.ipynb,Untitled111.ipynb,2,REFERENCE_OR_ANALYSIS,2,0,0,0,0,0,0,0,0,0,0,866," tab = pd.crosstab( data[""cluster""], data[""CACTUS_SEQUENCE_TRANSITION""] ) # Ensure both columns exist for col in [False, True]: if col not in tab.columns: tab[col] = 0 # Ensure both clusters (1.0 and 2.0) are present in the index # Get all unique cluster IDs from the original data all_expected_clusters = sorted(data[""cluster""].dropna().unique().tolist()) tab = tab.reindex(all_expected_clusters, fill_value=0) tab = tab[[False, True]] odds, fisher_p = fisher_exact(tab) transition_result = pd.DataFrame([{ "
/content/drive/MyDrive/Colab Notebooks/Untitled111.ipynb,Untitled111.ipynb,36,REFERENCE_OR_ANALYSIS,2,0,0,0,0,0,0,0,0,0,0,8033," # ================================================================ # PART 26.9 — MOESM6 BRANCH SCORE COLUMN + ORIGINAL CODE DECODING # ================================================================ from google.colab import drive drive.mount('/content/drive') import os import re import pandas as pd print(""=""*70) print(""PART 26.9 — MOESM6 BRANCH SCORE / ORIGINAL CODE DECODING"") print(""=""*70) ROOT = ""/content/drive/MyDrive/GENE"" MOESM6 = os.path.join( ROOT, ""00_RAW"", ""PART_20E_PUBLIC_FILES"", ""41467_2024_45028_MOESM6_ESM.csv"" ) # -------------------------------------------"
/content/drive/MyDrive/Colab Notebooks/Untitled111.ipynb,Untitled111.ipynb,50,REFERENCE_OR_ANALYSIS,2,0,0,0,0,0,0,0,0,0,0,6795," # ================================================================ # PART 26.21 — ACTUAL BRANCH_LEN 10-LINE PAYLOAD EXTRACTION # ================================================================ from google.colab import drive drive.mount('/content/drive') import os import re import pandas as pd print(""=""*70) print(""PART 26.21 — ACTUAL BRANCH_LEN 10-LINE PAYLOAD EXTRACTION"") print(""=""*70) INPUT = ( ""/content/drive/MyDrive/GENE/11_RESULTS/"" ""PART_29_MECHANISTIC_GENE_BIRTH/"" ""PART_29R_BRANCH_LEN_RECOVERY/"" ""PART_29R_EXACT_BRANCH_L0_L9_HITS.csv"" ) OUTDIR = ( ""/content/driv"
/content/drive/MyDrive/Colab Notebooks/Untitled111.ipynb,Untitled111.ipynb,55,REFERENCE_OR_ANALYSIS,2,0,0,0,0,0,0,0,0,0,0,8631," # ================================================================ # PART 26.27 — TRUE L0–L9 GROUP MEMBERSHIP RECOVERY # ================================================================ from google.colab import drive drive.mount('/content/drive') import os import re import json import glob import pandas as pd from collections import defaultdict BASE = ""/content/drive/MyDrive/GENE/11_RESULTS"" GENE = ""/content/drive/MyDrive/GENE"" OUT = os.path.join( BASE, ""PART_26_GENE_EMERGENCE_RECONSTRUCTION"", ""PART_26_27_TRUE_LGROUP_MEMBERSHIP"" ) os.makedirs(OUT, exist_ok=True) print(""=""*70)"
/content/drive/MyDrive/Colab Notebooks/Untitled112.ipynb,Untitled112.ipynb,42,REFERENCE_OR_ANALYSIS,2,0,0,0,0,0,0,0,0,0,0,1971,"ID_COL_IN_ARCH = ""FBgn_master"" if ID_COL_IN_ARCH not in arch.columns: raise ValueError( f""{ID_COL_IN_ARCH} not found in architecture table."" ) component_features = [ ""delta_stop_density"", ""delta_start_density"", ""delta_dinucleotide_entropy"", ""delta_longest_homopolymer"", ""delta_longest_complete_orf"" ] # These are the columns to select from 'arch' cols_to_select_from_arch = [ ID_COL_IN_ARCH, ""mean_length_master"", # Use correct column name from arch ""mean_gc_master"" # Use correct column name from arch ] + component_features missing = [ c"
/content/drive/MyDrive/Colab Notebooks/Untitled115.ipynb,Untitled115.ipynb,72,REFERENCE_OR_ANALYSIS,2,0,0,0,0,0,0,0,0,0,0,12855," # ============================================================ # PART 31.94K — UNWEIGHTED vs MUTATION-WEIGHTED COMPARISON # ============================================================ from google.colab import drive drive.mount('/content/drive') import os import json import numpy as np import pandas as pd print(""=""*100) print(""PART 31.94K — UNWEIGHTED vs MUTATION-WEIGHTED COMPARISON"") print(""=""*100) # ------------------------------------------------------------ # 1. PATHS # ------------------------------------------------------------ BASE = ""/content/drive/MyDrive/GENE"" P33_FILE = ( "
/content/drive/MyDrive/Colab Notebooks/Untitled120.ipynb,Untitled120.ipynb,0,REFERENCE_OR_ANALYSIS,2,0,0,0,0,0,0,0,0,0,0,1643," # ============================================================ # HONEY FOLDER — COMPLETE DRIVE INVENTORY # ============================================================ from google.colab import drive drive.mount('/content/drive') import os from pathlib import Path HONEY = Path(""/content/drive/MyDrive/Honey"") print(""="" * 70) print(""HONEY FOLDER INVENTORY"") print(""="" * 70) if not HONEY.exists(): print(""❌ Honey folder not found!"") else: files = [] folders = [] for root, dirs, filenames in os.walk(HONEY): root_path = Path(root) for d in dirs: fold"
/content/drive/MyDrive/Colab Notebooks/Untitled3.ipynb,Untitled3.ipynb,12,REFERENCE_OR_ANALYSIS,2,0,0,0,0,0,0,0,0,0,0,34002, # ============================================================ # STAGE 4E # VERIFIED RESOURCE-ARBITRATED PARALLEL (RAP) ARCHITECTURE # # Self-contained: # - Loads VERIFIED Stage 4C parameters from Drive # - Rebuilds kinetics internally # - Does NOT mount Drive # - Does NOT depend on previous Python variables # # Output: # baseline comparison # arbitration-policy sweep # resource-regime sweep # dual-advantage regimes # plots # # Drive: # /content/drive/MyDrive/AI/Synthetic_Cell/ # ============================================================ import os import numpy as np impor
/content/drive/MyDrive/Colab Notebooks/Untitled30.ipynb,Untitled30.ipynb,5,REFERENCE_OR_ANALYSIS,2,0,0,0,0,0,0,0,0,0,0,6011,"import os import json import hashlib import numpy as np import pandas as pd from scipy.stats import ttest_ind, mannwhitneyu # ============================================================================================================== # [1] PATHS # ============================================================================================================== BASE = ""/content/drive/MyDrive/Dissertation"" R46_DIR = os.path.join(BASE, ""GC_STEP32D_FIX31_FIX1_FIX4_FIX5_TGIF2LY_R11_R46_ACTUAL_GEO_EXPRESSION_RECOVERY"") R46_TABLE_DIR = os.path.join(R46_DIR, ""TABLES"") R46_EXPRESSION = os.path.join(R46"
/content/drive/MyDrive/Colab Notebooks/Untitled57.ipynb,Untitled57.ipynb,4,REFERENCE_OR_ANALYSIS,2,0,0,0,0,0,0,0,0,0,0,9093,"# ================================================================================ # GSE164737 — FIXED BACKGROUND-CONTROLLED FUNCTIONAL ENRICHMENT # g:Profiler current API-compatible version # ================================================================================ import os import requests import pandas as pd import numpy as np OUTDIR = os.path.join( BASE, ""GENOME_WIDE_TRAJECTORY_ANALYSIS"", ""CHICKEN"", ""HES_HEY_FUNCTIONAL_ENRICHMENT"" ) os.makedirs(OUTDIR, exist_ok=True) print(""="" * 80) print(""GSE164737 — FIXED BACKGROUND-CONTROLLED FUNCTIONAL ENRICHMENT"") print(""="" "
/content/drive/MyDrive/Colab Notebooks/Untitled59.ipynb,Untitled59.ipynb,2,REFERENCE_OR_ANALYSIS,2,0,0,0,0,0,0,0,0,0,0,4749,"import os import re import gzip import json import numpy as np import pandas as pd import pyBigWig print(""="" * 80) print(""GSE164737 — H.1 FIX: LOADING ACTUAL METADATA"") print(""="" * 80) # ============================================================================= # 1. PATHS # ============================================================================= CHICKEN_GTF = ( ""/content/drive/MyDrive/thesis/DSD_Project/"" ""02_Limb_RNA_GSE164737/"" ""ANNOTATION_COORDINATE_MATCHED/"" ""GALGAL5_ANNOTATION_VALIDATION/"" ""galGal5.refGene.gtf"" ) MOUSE_GTF = ( ""/content/drive/MyDrive/th"
/content/drive/MyDrive/Colab Notebooks/Untitled67.ipynb,Untitled67.ipynb,13,REFERENCE_OR_ANALYSIS,2,0,0,0,0,0,0,0,0,0,0,14225," # ============================================================================= # GSE164736 / GSE164737 # H26.3 — E-MTAB-8813 HUMAN LIMB SAMPLE IDENTIFICATION + LOOM DOWNLOAD # ============================================================================= import os import re import json import gzip import shutil import requests import pandas as pd from pathlib import Path from urllib.parse import urljoin, unquote # ============================================================================= # 0. PATHS # ============================================================================= H26_DIR ="
/content/drive/MyDrive/Colab Notebooks/Untitled7.ipynb,Untitled7.ipynb,22,REFERENCE_OR_ANALYSIS,2,0,0,0,0,0,0,0,0,0,0,148," print(sample_info.columns.tolist()) for col in sample_info.columns: print(""\n###"", col) print(sample_info[col].value_counts(dropna=False))"
/content/drive/MyDrive/Colab Notebooks/Untitled7.ipynb,Untitled7.ipynb,78,REFERENCE_OR_ANALYSIS,2,0,0,0,0,0,0,0,0,0,0,5014," # ================================================================ # FIND + LOAD QUICKGO FILES FROM COLAB / GOOGLE DRIVE # ================================================================ import os import glob import pandas as pd import numpy as np print(""="" * 80) print(""SEARCHING FOR QUICKGO ANNOTATION FILES"") print(""="" * 80) # ------------------------------------------------ # 1. MOUNT GOOGLE DRIVE # ------------------------------------------------ from google.colab import drive try: drive.mount('/content/drive', force_remount=False) print(""\nGoogle Drive mounted."") except Exce"
/content/drive/MyDrive/Colab Notebooks/Untitled8.ipynb,Untitled8.ipynb,2,REFERENCE_OR_ANALYSIS,2,0,0,0,0,0,0,0,0,0,0,23952, # ============================================================================== # STAGE 4L — CAUSAL R↔M COUPLING ABLATION # ============================================================================== # # PURPOSE # ------- # Determine whether the synergistic dual advantage observed in Stage 4I/4J # is causally dependent on bidirectional R <-> M coupling. # # NO CONTROLLER OPTIMIZATION # NO PARAMETER SEARCH # NO WINNER RE-TUNING # # Four mechanistic architectures: # # 1. FULL_COUPLED # R <-> M coupling intact # # 2. R_TO_M_ABLATED # R -> M coupling removed # # 3. M_TO_R_ABLA
/content/drive/MyDrive/Colab Notebooks/Untitled8.ipynb,Untitled8.ipynb,9,REFERENCE_OR_ANALYSIS,2,0,0,0,0,0,0,0,0,0,0,16575, # ============================================================================= # STAGE 4R — EXACT SYNTHETIC-CELL SIMULATOR LINEAGE & EQUATION RECOVERY # ============================================================================= # # PURPOSE # ------- # Stage 4Q identified: # # /content/drive/MyDrive/Colab Notebooks/Untitled3.ipynb # /content/drive/MyDrive/Colab Notebooks/Untitled8.ipynb # # as the strongest candidates for the actual R↔M synthetic-cell simulator. # # This stage: # # 1. Loads ONLY these candidate notebooks # 2. Extracts all code cells # 3. Identifies simulator func
/content/drive/MyDrive/Colab Notebooks/Untitled82.ipynb,Untitled82.ipynb,5,REFERENCE_OR_ANALYSIS,2,0,0,0,0,0,0,0,0,0,0,24799, # ==================================================================================================== # PAX3 EVOLUTIONARY CONSTRAINT PROJECT # STAGE 4C-3 — INDEPENDENT ENSEMBL CHICKEN × MOUSE ORTHOLOGY SOURCE ACQUISITION # # PURPOSE # ---------------------------------------------------------------------------------------------------- # Obtain an independent Ensembl-based Chicken (Gallus gallus) × Mouse (Mus musculus) # orthology resource suitable for genome-wide 1:1 ortholog validation. # # IMPORTANT # ------------------------------------------------------------------------------------------
/content/drive/MyDrive/Colab Notebooks/Untitled82.ipynb,Untitled82.ipynb,7,REFERENCE_OR_ANALYSIS,2,0,0,0,0,0,0,0,0,0,0,28141, # ==================================================================================================== # PAX3 EVOLUTIONARY CONSTRAINT PROJECT # STAGE 4C-3R-FINAL # INDEPENDENT ENSEMBL GENOME-WIDE CHICKEN × MOUSE ORTHOLOGY ACQUISITION # # SCIENTIFIC PURPOSE # ---------------------------------------------------------------------------------------------------- # Build an independent genome-wide Chicken -> Mouse orthology dataset using # Ensembl REST Compara. # # CRITICAL DESIGN PRINCIPLES # ---------------------------------------------------------------------------------------------------- # 1. 
/content/drive/MyDrive/Colab Notebooks/Untitled84.ipynb,Untitled84.ipynb,15,REFERENCE_OR_ANALYSIS,2,0,0,0,0,0,0,0,0,0,0,13262,"# ============================================================================================================== # STAGE 4C-3R-S4.6 — PAX3 MULTI-SPECIES CDS ALIGNMENT + NUCLEOTIDE CONSERVATION QC # ============================================================================================================== import os import json import re import requests import pandas as pd from Bio import Align from Bio.Align import PairwiseAligner from Bio.Seq import Seq BASE_DIR = ( ""/content/drive/MyDrive/thesis/DSD_Project/02_Limb_RNA_GSE164737/"" ""PAX3_EVOLUTIONARY_CONSTRAINT_ANALYSIS/"" ""STA"
/content/drive/MyDrive/Colab Notebooks/Untitled84.ipynb,Untitled84.ipynb,17,REFERENCE_OR_ANALYSIS,2,0,0,0,0,0,0,0,0,0,0,11213,"# ============================================================================================================== # STAGE 4C-3R-S4.8 — PAX3 MULTI-SPECIES PROTEIN ALIGNMENT + DOMAIN-REGION CONSERVATION QC # ============================================================================================================== import os import re import json import requests import pandas as pd import numpy as np from Bio import Align from Bio.Align import PairwiseAligner from Bio.Seq import Seq BASE_DIR = ( ""/content/drive/MyDrive/thesis/DSD_Project/02_Limb_RNA_GSE164737/"" ""PAX3_EVOLUTIONARY_CON"
/content/drive/MyDrive/Colab Notebooks/Untitled84.ipynb,Untitled84.ipynb,22,REFERENCE_OR_ANALYSIS,2,0,0,0,0,0,0,0,0,0,0,12684, # ============================================================================================================== # STAGE 4C-3R-S4.10R.3 — FINAL CANDIDATE IDENTITY LOCK REPAIR # # Purpose: # Repair stale MYF5-Dog transcript validation flag after successful ortholog recovery. # # IMPORTANT: # NO CDS ALIGNMENT # NO dN/dS # NO PROTEIN CONSERVATION ANALYSIS # NO REGULATORY ANALYSIS # ============================================================================================================== import os import json import pandas as pd import numpy as np import requests # ---------------
/content/drive/MyDrive/Colab Notebooks/Untitled84.ipynb,Untitled84.ipynb,25,REFERENCE_OR_ANALYSIS,2,0,0,0,0,0,0,0,0,0,0,10208," # ============================================================================================================== # STAGE 4C-3R-S4.10R.8 — TARGETED DOG MYF5 CDS START-STATUS REPAIR # ============================================================================================================== import os import json import pandas as pd BASE = ( ""/content/drive/MyDrive/thesis/DSD_Project/"" ""02_Limb_RNA_GSE164737/PAX3_EVOLUTIONARY_CONSTRAINT_ANALYSIS/"" ""STAGE4C_CROSS_SPECIES_1TO1_CONCORDANCE"" ) INPUT = os.path.join( BASE, ""STAGE4C3R_S4_10R5_MYF5_GeneName_Repair.csv"" ) OUT_C"
/content/drive/MyDrive/Colab Notebooks/Untitled84.ipynb,Untitled84.ipynb,27,REFERENCE_OR_ANALYSIS,2,0,0,0,0,0,0,0,0,0,0,7082,# ============================================================================================================== # STAGE 4C-3R-S4.12 — LOCKED CANDIDATE CODON-AWARE CDS ALIGNMENT + ALIGNMENT QC # ============================================================================================================== from google.colab import drive drive.mount('/content/drive') import os import json import pandas as pd from Bio import SeqIO from Bio.Seq import Seq # -------------------------------------------------------------------------------------------------------------- # PATHS # -------------------
/content/drive/MyDrive/Colab Notebooks/Untitled84.ipynb,Untitled84.ipynb,30,REFERENCE_OR_ANALYSIS,2,0,0,0,0,0,0,0,0,0,0,7537," # ============================================================================================================== # STAGE 4C-3R-S4.16 — FINAL CROSS-SPECIES EVOLUTIONARY CONSTRAINT QC # ============================================================================================================== import os import json import pandas as pd import numpy as np BASE = ( ""/content/drive/MyDrive/thesis/DSD_Project/"" ""02_Limb_RNA_GSE164737/PAX3_EVOLUTIONARY_CONSTRAINT_ANALYSIS/"" ""STAGE4C_CROSS_SPECIES_1TO1_CONCORDANCE"" ) S414 = os.path.join( BASE, ""STAGE4C3R_S4_14_Evolutionary_Constra"
/content/drive/MyDrive/Colab Notebooks/Untitled85.ipynb,Untitled85.ipynb,4,REFERENCE_OR_ANALYSIS,2,0,0,0,0,0,0,0,0,0,0,10885," # ============================================================================================================== # STAGE 4C-3R-S4.17E — PAX3 CODON-AWARE CDS ALIGNMENT + ALIGNMENT QC # ============================================================================================================== !pip -q install biopython import os import json import subprocess import pandas as pd from Bio import SeqIO, AlignIO BASE = ( ""/content/drive/MyDrive/thesis/DSD_Project/"" ""02_Limb_RNA_GSE164737/PAX3_EVOLUTIONARY_CONSTRAINT_ANALYSIS/"" ""STAGE4C_CROSS_SPECIES_1TO1_CONCORDANCE"" ) INPUT_FASTA"
/content/drive/MyDrive/Colab Notebooks/Untitled85.ipynb,Untitled85.ipynb,5,REFERENCE_OR_ANALYSIS,2,0,0,0,0,0,0,0,0,0,0,9088," # ============================================================================================================== # STAGE 4C-3R-S4.17E-R — PAX3 TRUE CODON-AWARE CDS ALIGNMENT + QC # ============================================================================================================== !pip -q install biopython import os import json import subprocess import pandas as pd from Bio import SeqIO, AlignIO from Bio.Seq import Seq BASE = ( ""/content/drive/MyDrive/thesis/DSD_Project/"" ""02_Limb_RNA_GSE164736/PAX3_EVOLUTIONARY_CONSTRAINT_ANALYSIS/"" ""STAGE4C_CROSS_SPECIES_1TO1_CONCOR"
/content/drive/MyDrive/Colab Notebooks/Untitled86.ipynb,Untitled86.ipynb,2,REFERENCE_OR_ANALYSIS,2,0,0,0,0,0,0,0,0,0,0,3204,"# ============================================================================================================== # STAGE 4C-3R-S4.17E-FINAL — PAX3 CODON-AWARE CDS ALIGNMENT + STRICT QC # ============================================================================================================== !pip -q install biopython import os import json import shutil import subprocess import pandas as pd from Bio import SeqIO, AlignIO from Bio.Seq import Seq # -------------------------------------------------------------------------------------------------------------- # PATHS # --------------------"
/content/drive/MyDrive/Colab Notebooks/Untitled86.ipynb,Untitled86.ipynb,11,REFERENCE_OR_ANALYSIS,2,0,0,0,0,0,0,0,0,0,0,5065,# ============================================================================================================== # STAGE 4C-3R-S4.23 — PAX3 FINAL CONCORDANCE + EVOLUTIONARY EVIDENCE LOCK # ============================================================================================================== from pathlib import Path import pandas as pd import numpy as np import json # -------------------------------------------------------------------------------------------------------------- # BASE DIRECTORY # ------------------------------------------------------------------------------------------
/content/drive/MyDrive/Colab Notebooks/Untitled86.ipynb,Untitled86.ipynb,13,REFERENCE_OR_ANALYSIS,2,0,0,0,0,0,0,0,0,0,0,18481, # ============================================================================================================== # STAGE 4C-3R-S4.24 — PAX3 DEVELOPMENTAL CONCORDANCE + EVOLUTIONARY CONSTRAINT INTEGRATED EVIDENCE # CORRECTED INPUT RECONCILIATION VERSION # ============================================================================================================== from pathlib import Path import pandas as pd import numpy as np import json # -------------------------------------------------------------------------------------------------------------- # BASE DIRECTORY # -----------------------
/content/drive/MyDrive/Colab Notebooks/Untitled86.ipynb,Untitled86.ipynb,33,REFERENCE_OR_ANALYSIS,2,0,0,0,0,0,0,0,0,0,0,5339, # ============================================================================================================== # FIGURE 2 — PAX3 DOMAIN vs NON-DOMAIN CONSERVATION # No title # 300 DPI PNG + TIFF # Vector PDF # Output ONLY in /content # ============================================================================== import os import pandas as pd import matplotlib.pyplot as plt from google.colab import drive # -------------------------------------------------------------------------------------------------------------- # 1. MOUNT DRIVE — READ SOURCE ONLY # ------------------------------------
/content/drive/MyDrive/Colab Notebooks/Untitled97.ipynb,Untitled97.ipynb,40,REFERENCE_OR_ANALYSIS,2,0,0,0,0,0,0,0,0,0,0,2832," # ============================================================ # FIGURE 5 — COMBINED FINAL VERSION # ============================================================ fig, axes = plt.subplots( 1, 2, figsize=(15, 7.5), gridspec_kw={""width_ratios"": [1.55, 1]} ) # ============================================================ # PANEL A — NETWORK # ============================================================ ax = axes[0] pos = nx.spring_layout( G, seed=42, k=1.35, iterations=500 ) node_sizes = [ 850 + 170 * G.degree(g) if G.degree(g) > 0 else 600 for "
/content/drive/MyDrive/Colab Notebooks/Untitled97.ipynb,Untitled97.ipynb,52,REFERENCE_OR_ANALYSIS,2,0,0,0,0,0,0,0,0,0,0,3817," # ============================================================ # FIGURE 1 # Conceptual Overview of Information Persistence Theory # SAVE LOCATION: Google Colab /content/FINAL_FIGURES # ============================================================ import os import matplotlib.pyplot as plt from matplotlib.patches import FancyBboxPatch, FancyArrowPatch # ------------------------------------------------------------ # OUTPUT DIRECTORY # ------------------------------------------------------------ OUTDIR = ""/content/FINAL_FIGURES"" os.makedirs(OUTDIR, exist_ok=True) print(""Figure output directory"
/content/drive/MyDrive/Colab Notebooks/Untitled97.ipynb,Untitled97.ipynb,53,REFERENCE_OR_ANALYSIS,2,0,0,0,0,0,0,0,0,0,0,3950," # ============================================================ # FIGURE 1 — FINAL CORRECTED VERSION # Conceptual Overview of Information Persistence Theory # ============================================================ import os import matplotlib.pyplot as plt from matplotlib.patches import FancyBboxPatch, FancyArrowPatch # ------------------------------------------------------------ # OUTPUT DIRECTORY — GOOGLE COLAB /content # ------------------------------------------------------------ OUTDIR = ""/content/FINAL_FIGURES"" os.makedirs(OUTDIR, exist_ok=True) # -------------------------------"
/content/drive/MyDrive/Colab Notebooks/Untitled97.ipynb,Untitled97.ipynb,54,REFERENCE_OR_ANALYSIS,2,0,0,0,0,0,0,0,0,0,0,3928," # ============================================================ # FIGURE 1 — FINAL CORRECTED VERSION # Conceptual Overview of Information Persistence Theory # ============================================================ import os import matplotlib.pyplot as plt from matplotlib.patches import FancyBboxPatch, FancyArrowPatch # ------------------------------------------------------------ # OUTPUT DIRECTORY — GOOGLE COLAB /content # ------------------------------------------------------------ OUTDIR = ""/content/FINAL_FIGURES"" os.makedirs(OUTDIR, exist_ok=True) # -------------------------------"
/content/drive/MyDrive/Colab Notebooks/Untitled97.ipynb,Untitled97.ipynb,58,REFERENCE_OR_ANALYSIS,2,0,0,0,0,0,0,0,0,0,0,2938," from google.colab import drive drive.mount('/content/drive') from pathlib import Path ROOT = Path(""/content/drive/MyDrive/MFOS_REVISION"") # ============================================================ # FILES NEEDED TO RECONSTRUCT THE MFOS WORKFLOW # ============================================================ patterns = [ ""*PANCREAS*WORKFLOW*"", ""*KIDNEY*WORKFLOW*"", ""*SEED*REGISTRY*"", ""*DATA*PROVENANCE*"", ""*MFOS*CONFIG*"", ""*RF*CONFIG*"", ""*CLAIM*BOUNDAR*"", ""*REPRODUCIBILITY*STATUS*"", ""*CODE*AVAILABILITY*"", ""*FINAL*STATUS*"" ] # Find matching files ac"
/content/drive/MyDrive/Colab Notebooks/Untitled98.ipynb,Untitled98.ipynb,66,REFERENCE_OR_ANALYSIS,2,8,0,0,1,0,0,0,0,4,0,23490," # ================================================================================ # v13.3E-REPRO-FIX # ================================================================================ # PURPOSE: # Previous audit failed because the selected v13.3C ""metrics"" file was actually # a 25-row factorial summary, not the original 400-network metrics table. # # THIS CELL: # 1. Mounts Google Drive # 2. Searches /Honey recursively for all v13.3C files # 3. Identifies files by shape + columns # 4. Finds the true 400-row network-level C dataset if it exists # 5. Otherwise compares the availab"
/content/drive/MyDrive/Colab Notebooks/Untitled0.ipynb,Untitled0.ipynb,57,REFERENCE_OR_ANALYSIS,1,8,0,1,1,0,0,0,0,0,2,28806, # ============================================================ # PHASE 46F # UPSTREAM STATISTICAL / EXPRESSION-LINEAGE RECONSTRUCTION # # PURPOSE: # Determine how the exact 15-gene reference vector found in # Phase 46E was generated. # # IMPORTANT: # - DO NOT overwrite any existing Drive file # - DO NOT regenerate Figure 3 # - DO NOT modify reference files # - All outputs remain LOCAL in /content/ # ============================================================ import os import re import json import warnings import traceback import numpy as np import pandas as pd from pathlib impo
/content/drive/MyDrive/Colab Notebooks/Untitled102.ipynb,Untitled102.ipynb,32,REFERENCE_OR_ANALYSIS,1,8,0,1,1,0,0,0,1,0,1,19889," # ============================================================ # PART 10E-E3 # DEFINITIVE INTACT AUTHORITATIVE NETWORK RECONSTRUCTION # ============================================================ from google.colab import drive drive.mount(""/content/drive"") import os import glob import re import pandas as pd import numpy as np from collections import defaultdict import networkx as nx # ============================================================ # PATHS # ============================================================ BASE = ""/content/drive/MyDrive/ADHD"" PAGINATION_BASE = os.path.join( "
/content/drive/MyDrive/Colab Notebooks/Untitled102.ipynb,Untitled102.ipynb,83,REFERENCE_OR_ANALYSIS,1,8,0,1,1,0,0,0,1,0,1,23385," # ================================================================ # PART 12C4C1M.15 # ENSP ↔ REFSEQ ↔ UNIPROT PRODUCT IDENTITY RECONCILIATION # ================================================================ from google.colab import drive drive.mount('/content/drive') import json import re import time import requests import pandas as pd from pathlib import Path # ================================================================ # 0. PATHS # ================================================================ BASE = Path( ""/content/drive/MyDrive/ADHD/"" ""12_PERMUTATION_TESTS/MATCHED_N"
/content/drive/MyDrive/Colab Notebooks/Untitled105.ipynb,Untitled105.ipynb,37,REFERENCE_OR_ANALYSIS,1,8,0,1,1,0,0,0,0,0,2,21733," # ================================================================================ # PART 21D.17 — THREE-RECORD DMEL BLOCK STRUCTURE & UPSTREAM GROUP TRACE # ================================================================================ from google.colab import drive drive.mount('/content/drive') import os import re import json import hashlib from collections import defaultdict, Counter import pandas as pd import numpy as np # ================================================================================ # PATHS # ========================================================================"
/content/drive/MyDrive/Colab Notebooks/Untitled105.ipynb,Untitled105.ipynb,67,REFERENCE_OR_ANALYSIS,1,8,0,1,1,0,0,0,0,0,2,19134," # ============================================================================= # PART 23J.8 — NUCLEOTIDE-LEVEL DIFFERENCE-BLOCK FORENSICS # ============================================================================= from google.colab import drive drive.mount('/content/drive') import os import re import hashlib import difflib import pandas as pd print(""="" * 78) print(""PART 23J.8 — NUCLEOTIDE-LEVEL DIFFERENCE-BLOCK FORENSICS"") print(""="" * 78) # ============================================================================= # 0. PATHS # ======================================================"
/content/drive/MyDrive/Colab Notebooks/Untitled106.ipynb,Untitled106.ipynb,38,REFERENCE_OR_ANALYSIS,1,8,0,1,1,0,0,0,2,0,0,15351," # ============================================================================= # PART 29F — CANDIDATE-TO-SPECIES HOMOLOGY RECONSTRUCTION # ============================================================================= # Goal: # For every one of the 555 Dmel candidate genes, identify the most plausible # sequence counterpart in each comparative species using: # # 1. syntenic position in the candidate-centered block # 2. sequence k-mer similarity # 3. reverse-complement similarity # 4. sequence length compatibility # # IMPORTANT: # This is a HOMOLOGY-DISCOVERY layer, not a proof of homo"
/content/drive/MyDrive/Colab Notebooks/Untitled106.ipynb,Untitled106.ipynb,81,REFERENCE_OR_ANALYSIS,1,8,0,1,1,0,0,0,2,0,0,16504,"from google.colab import drive drive.mount('/content/drive') import os import hashlib import pandas as pd import numpy as np print(""=""*80) print(""PART 30AC — G3 ORF ↔ DMEL SEQUENCE CONTINUITY AUDIT"") print(""=""*80) # ================================================================ # VERIFIED INPUTS # ================================================================ BASE = ""/content/drive/MyDrive/GENE/11_RESULTS/PART_29_MECHANISTIC_GENE_BIRTH"" G3_PATH = os.path.join( BASE, ""PART_30AB_G3_ORF_DMEL_ARCHITECTURE"", ""PART_30AB_474_G3_ORF_DMEL_ARCHITECTURE.csv"" ) P29G_PATH = os.path.jo"
/content/drive/MyDrive/Colab Notebooks/Untitled115.ipynb,Untitled115.ipynb,74,REFERENCE_OR_ANALYSIS,1,8,0,1,1,0,0,0,1,0,1,10143," # ================================================================ # PART 31.95C — EXISTING ALIGNMENT RECOVERY & AUDIT # ================================================================ from google.colab import drive drive.mount('/content/drive') import os import pandas as pd import numpy as np import json import re ROOT = ""/content/drive/MyDrive/GENE"" OUT = os.path.join( ROOT, ""11_RESULTS"", ""PART_31_HISTORICAL_RECONSTRUCTION"", ""PART_31_95C_EXISTING_ALIGNMENT_AUDIT"" ) os.makedirs(OUT, exist_ok=True) print(""=""*70) print(""PART 31.95C — EXISTING ALIGNMENT RECOVERY & AUDIT"") p"
/content/drive/MyDrive/Colab Notebooks/Untitled12.ipynb,Untitled12.ipynb,34,REFERENCE_OR_ANALYSIS,1,8,0,1,1,0,0,0,1,0,1,30126, # ============================================================================================================== # STEP 32D-FIX26 — INDEPENDENT UCSC REGULATORY / CHROMATIN TRACK DISCOVERY + TOP-5 DMR ANNOTATION AUDIT # ============================================================================================================== import os import json import time import re import requests import pandas as pd import numpy as np from collections import defaultdict # -------------------------------------------------------------------------------------------------------------- # CONFIGURATION # -
/content/drive/MyDrive/Colab Notebooks/Untitled12.ipynb,Untitled12.ipynb,35,REFERENCE_OR_ANALYSIS,1,8,0,1,1,0,0,0,1,0,1,32687, # ============================================================================================================== # STEP 32D-FIX26-FIX1 — UCSC TRACK RESPONSE FORENSIC REPAIR + SAFE INDEPENDENT AUDIT # ============================================================================================================== import os import json import time import requests import pandas as pd import numpy as np from collections import Counter # ============================================================================================================== # CONFIGURATION # ==================================
/content/drive/MyDrive/Colab Notebooks/Untitled12.ipynb,Untitled12.ipynb,36,REFERENCE_OR_ANALYSIS,1,8,0,1,1,0,0,0,1,0,1,28031,"import os import json import time import requests import pandas as pd import numpy as np # ============================================================================================================== # CONFIGURATION # ============================================================================================================== BASE = ""/content/drive/MyDrive/Dissertation"" FIX22_TOP = os.path.join( BASE, ""GC_STEP32D_FIX22_REGULATORY_CONTEXT_MECHANISTIC_SCORING"", ""STEP32D_FIX22_TOP_MECHANISTIC_CANDIDATES.csv"" ) FIX21_LINKS = os.path.join( BASE, ""GC_STEP32D_FIX21_FIX3_FIX"
/content/drive/MyDrive/Colab Notebooks/Untitled12.ipynb,Untitled12.ipynb,37,REFERENCE_OR_ANALYSIS,1,8,0,1,1,0,0,0,1,0,1,22947,# ============================================================================================================== # STEP 32D-FIX26-FIX3 # UCSC FEATURE-LEVEL PROVENANCE + EXACT DMR OVERLAP AUDIT # ============================================================================================================== import os import json import pandas as pd import numpy as np # ============================================================================================================== # CONFIGURATION # ====================================================================================================
/content/drive/MyDrive/Colab Notebooks/Untitled12.ipynb,Untitled12.ipynb,39,REFERENCE_OR_ANALYSIS,1,8,0,1,1,0,0,0,1,0,1,20173," # ============================================================================================================== # STEP 32D-FIX26-FIX4-FIX2 # JASPAR TF-SPECIFIC DMR DECONVOLUTION + RECURRING TF AUDIT # ============================================================================================================== import os import json import pandas as pd import numpy as np BASE = ""/content/drive/MyDrive/Dissertation"" FIX21_LINKS = os.path.join( BASE, ""GC_STEP32D_FIX21_FIX3_FIX2_DMR_LINKAGE"", ""FIX21_FIX3_FIX2_all_23_candidate_DMR_links.csv"" ) FIX22_TOP = os.path.join( BASE, "
/content/drive/MyDrive/Colab Notebooks/Untitled12.ipynb,Untitled12.ipynb,40,REFERENCE_OR_ANALYSIS,1,8,0,1,1,0,0,0,1,0,1,23450," # ============================================================================================================== # STEP 32D-FIX26-FIX4-FIX3 # JASPAR DMR-ID FORENSIC REPAIR + VERIFIED TF-SPECIFIC DECONVOLUTION # ============================================================================================================== import os import json import pandas as pd import numpy as np BASE = ""/content/drive/MyDrive/Dissertation"" FIX21_LINKS = os.path.join( BASE, ""GC_STEP32D_FIX21_FIX3_FIX2_DMR_LINKAGE"", ""FIX21_FIX3_FIX2_all_23_candidate_DMR_links.csv"" ) FIX22_TOP = os.path.join( "
/content/drive/MyDrive/Colab Notebooks/Untitled120.ipynb,Untitled120.ipynb,18,REFERENCE_OR_ANALYSIS,1,8,0,1,1,0,0,0,0,0,0,5558," from google.colab import drive drive.mount('/content/drive') from pathlib import Path import importlib.util import numpy as np # ================================================================ # v13.3E — CORRECTED SINGLE NETWORK REPRODUCTION TEST # ================================================================ HONEY = ""/content/drive/MyDrive/Honey"" REPO = Path( HONEY + ""/GitHub_Honeybee-Drosophila"" ) MODEL_FILE = ( REPO / ""code"" / ""model_core.py"" ) print(""="" * 80) print(""v13.3E — CORRECTED SINGLE NETWORK REPRODUCTION TEST"") print(""="" * 80) # ---------------------"
/content/drive/MyDrive/Colab Notebooks/Untitled13.ipynb,Untitled13.ipynb,13,REFERENCE_OR_ANALYSIS,1,8,0,1,1,0,0,0,1,0,1,39826, # ============================================================================================================== # STEP 32D-FIX31 # INDEPENDENT ZEBRAFISH EPIGENOMIC INTERVAL-LEVEL OVERLAP AUDIT # # Scientific objective: # Test the 8 verified Top-5 DMRs against independently published zebrafish # epigenomic/regulatory interval resources. # # Priority resources: # 1. ZEPA / danRer11 accessibility + cCRE # 2. GSE256288 H3K9me3 CUT&RUN # 3. GSE134055 ATAC / active histone regulatory peaks # # IMPORTANT: # This script DOES NOT infer: # - TF binding # - DMR -> F1 expression 
/content/drive/MyDrive/Colab Notebooks/Untitled17.ipynb,Untitled17.ipynb,32,REFERENCE_OR_ANALYSIS,1,8,0,1,1,0,0,0,1,0,1,45181, # ============================================================================================================ # STEP 32D-FIX31-FIX1-FIX5-FIX4-FIX3-FIX4-FIX5-FIX7-FIX5-FIX6-FIX8-FIX9-FIX10-FIX11-FIX12-FIX13-FIX14-FIX15-FIX16-FIX17-FIX18-FIX19-FIX20 # TGIF2LY FINAL INTEGRATED MECHANISTIC EVIDENCE RE-AUDIT # # PURPOSE # ------- # Final authoritative integration after FIX19 corrected the composition/dinucleotide artifact resolution. # # Evidence chain: # 1. Locked candidate identity # 2. Point-7 mechanistic evidence # 3. TGIF2LY primary-specific motif # 4. Composition-matched empirical n
/content/drive/MyDrive/Colab Notebooks/Untitled33.ipynb,Untitled33.ipynb,6,REFERENCE_OR_ANALYSIS,1,8,0,1,1,0,0,0,0,0,0,57449," # ============================================================================================================== # FIX22T-R11-R61 # ACTUAL BEFORE/AFTER + COMPARATOR-LEVEL DIRECTIONALITY RECONSTRUCTION # ============================================================================================================== # # R61 PURPOSE # ----------- # R60 showed that 5/11 papers have high-confidence causal-chain signals, but # 10/11 were flagged for manual review because generic direction words can # produce ""mixed/context-dependent"" classifications. # # R61 therefore performs a STRICTER evidence-lev"
/content/drive/MyDrive/Colab Notebooks/Untitled4.ipynb,Untitled4.ipynb,29,REFERENCE_OR_ANALYSIS,1,8,0,1,1,0,0,0,1,0,1,33867, # ================================================================================ # STEP 26 — SEQUENCE-POSITION + V/J + CLONE-ABUNDANCE-INDEPENDENT VALIDATION # ================================================================================ # # PURPOSE # ------- # Independent validation of the Step21 non-redundant motif architecture: # # A. CDR3 motif positional architecture # B. V/J gene architecture # C. Clone-abundance-independent validation # D. Unique-CDR3 level vs cell-weighted comparison # E. Priority motif audit # # IMPORTANT # --------- # H5AD is NOT modified. # All outpu
/content/drive/MyDrive/Colab Notebooks/Untitled66.ipynb,Untitled66.ipynb,3,REFERENCE_OR_ANALYSIS,1,8,0,1,1,0,0,0,2,0,0,36494, # ================================================================================ # GSE164737 — H.14.3 FUNCTIONAL ENRICHMENT + CROSS-SPECIES FUNCTIONAL CONTEXT # ================================================================================ # # INPUT: # H13 final biological interpretation # H14.2 network metrics # H14.2 integrated evidence # H14.2 chicken STRING enrichment # H14.2 mouse STRING enrichment # # PURPOSE: # 1. Identify significant functional terms in chicken and mouse. # 2. Compare functional terms across species. # 3. Quantify functional-context conservation. #
/content/drive/MyDrive/Colab Notebooks/Untitled82.ipynb,Untitled82.ipynb,31,REFERENCE_OR_ANALYSIS,1,8,0,1,1,0,0,0,2,0,0,36409, # ============================================================================================== # PAX3 EVOLUTIONARY CONSTRAINT PROJECT # STAGE 4C-3R-Q4 # # TARGETED INFORMATIVE-FLANK CONSERVED-SYNTENY AUDIT # # WHY THIS STAGE # -------------- # Q2/Q3 generic neighborhood homology calls failed because the tested # Ensembl homology/gene-tree endpoints returned HTTP errors. # # Q4 therefore does NOT treat those failures as biological negatives. # # Instead: # 1. Use independently observed informative flanking genes. # 2. Resolve their orthology through Ensembl REST endpoints that actually #
/content/drive/MyDrive/Colab Notebooks/Untitled87.ipynb,Untitled87.ipynb,3,REFERENCE_OR_ANALYSIS,1,8,0,1,1,0,0,0,0,0,0,30198," # ================================================================================================== # STAGE E57-v2 — MEMORY-SAFE EXPLICIT RESOURCE-FLOW / TURNOVER TEST # VERIFIED E50 SUCCESS CONDITIONS ONLY # ================================================================================================== from google.colab import drive drive.mount(""/content/drive"", force_remount=False) import os import json import numpy as np import pandas as pd print(""="" * 120) print(""STAGE E57-v2 — MEMORY-SAFE EXPLICIT RESOURCE-FLOW / TURNOVER TEST"") print(""="" * 120) # --------------------------------"
/content/drive/MyDrive/Colab Notebooks/Untitled1.ipynb,Untitled1.ipynb,24,REFERENCE_OR_ANALYSIS,1,0,0,0,0,0,0,0,0,0,1,18874," # ============================================================ # STEP 36 — FINAL UNIFIED OPERATING WINDOW # ============================================================ import os import numpy as np import pandas as pd import matplotlib.pyplot as plt BASE = ""/content/drive/MyDrive/Antibody_Engineering"" OUT = os.path.join( BASE, ""Step_36_Final_Unified_Operating_Window"" ) FIG = os.path.join( OUT, ""Figures"" ) os.makedirs(OUT, exist_ok=True) os.makedirs(FIG, exist_ok=True) print(""STEP 36 directory:"") print(OUT) # ============================================================ #"
/content/drive/MyDrive/Colab Notebooks/Untitled100.ipynb,Untitled100.ipynb,32,REFERENCE_OR_ANALYSIS,1,0,0,0,0,0,0,0,0,0,1,3153,"import subprocess from getpass import getpass from pathlib import Path WORKDIR = Path(""/content/MFOS_GITHUB_DEPLOYMENT"") TAG = ""v1.0.0"" EXPECTED_COMMIT = ""08bed40ec7b0435173e07c27f111e10b71b4863e"" def run(cmd, capture=False): print(""\n$"", "" "".join(map(str, cmd))) r = subprocess.run( cmd, cwd=str(WORKDIR), text=True, capture_output=capture, check=True ) if capture: if r.stdout: print(r.stdout) if r.stderr: print(r.stderr) return r print(""="" * 100) print(""MFOS STEP 98D — FINAL GITHUB PUSH + v1."
/content/drive/MyDrive/Colab Notebooks/Untitled100.ipynb,Untitled100.ipynb,35,REFERENCE_OR_ANALYSIS,1,0,0,0,0,0,0,0,0,0,1,6613," # ============================================================ # MFOS STEP 98L — AUTHENTICATED GITHUB PUSH # ============================================================ from google.colab import drive drive.mount('/content/drive') import subprocess from pathlib import Path DEPLOY = Path(""/content/MFOS_GITHUB_DEPLOY"") REMOTE = ""https://github.com/Abhishek499-lab/MFOS-reproducible-analysis.git"" EXPECTED_COMMIT = ""8e4de1a5f9707409cd287677d8f6ed65004c1e11"" TAG = ""v1.0.0"" print(""="" * 100) print(""MFOS STEP 98L — AUTHENTICATED GITHUB PUSH"") print(""="" * 100) assert DEPLOY.exists(), ""FAIL | Depl"
/content/drive/MyDrive/Colab Notebooks/Untitled100.ipynb,Untitled100.ipynb,37,REFERENCE_OR_ANALYSIS,1,0,0,0,0,0,0,0,0,0,1,6404," # ============================================================ # MFOS STEP 98N — CREATE + PUSH v1.0.0 RELEASE TAG # ============================================================ from pathlib import Path import subprocess import os from getpass import getpass REPO = Path(""/content/MFOS_GITHUB_DEPLOYMENT"") EXPECTED_REMOTE = ( ""https://github.com/"" ""Abhishek499-lab/MFOS-reproducible-analysis.git"" ) TAG = ""v1.0.0"" EXPECTED_COMMIT = ""57e273b3877025702b4411517e938c9148f6efac"" assert REPO.exists(), f""Deployment workspace missing: {REPO}"" os.chdir(REPO) # ================================"
/content/drive/MyDrive/Colab Notebooks/Untitled105.ipynb,Untitled105.ipynb,53,REFERENCE_OR_ANALYSIS,1,0,0,0,0,0,0,0,0,0,1,6206," # ============================================================================ # PART 23J.3 — EXACT RAW SYNTAX DEBUG # ============================================================================ from google.colab import drive drive.mount('/content/drive') import os import re BASE = ""/content/drive/MyDrive/GENE"" RAW_CACTUS = os.path.join( BASE, ""00_RAW"", ""Supplementary_Data_1_genome_metadata.txt"" ) print(""="" * 78) print(""PART 23J.3 — EXACT RAW SYNTAX DEBUG"") print(""="" * 78) # ---------------------------------------------------------------------------- # 1. INSPECT KNOWN REGI"
/content/drive/MyDrive/Colab Notebooks/Untitled106.ipynb,Untitled106.ipynb,64,REFERENCE_OR_ANALYSIS,1,8,0,0,1,0,0,0,2,0,1,11989," # ============================================================================= # PART 30M — EXACT 5446-NT SEQUENCE PROVENANCE THROUGH PART29E → 29F → 29G # ============================================================================= from google.colab import drive drive.mount('/content/drive') import os import hashlib import pandas as pd import numpy as np print(""=""*80) print(""PART 30M — EXACT SEQUENCE PROVENANCE CHAIN"") print(""=""*80) # --------------------------------------------------------------------- # AUTHORITATIVE TARGET FROM CURRENT PART29G # -------------------------------------"
/content/drive/MyDrive/Colab Notebooks/Untitled106.ipynb,Untitled106.ipynb,66,REFERENCE_OR_ANALYSIS,1,8,0,0,1,0,0,0,2,0,1,10631," # ============================================================================= # PART 30P — N-BLOCK ARCHITECTURE + EXACT SEQUENCE RECONSTRUCTION # ============================================================================= from google.colab import drive drive.mount('/content/drive') import os import re import hashlib import pandas as pd print(""=""*80) print(""PART 30P — N-BLOCK ARCHITECTURE + EXACT SEQUENCE RECONSTRUCTION"") print(""=""*80) BASE = ""/content/drive/MyDrive/GENE/11_RESULTS/PART_29_MECHANISTIC_GENE_BIRTH"" P29E = os.path.join( BASE, ""PART_29E_SOURCE1_COMPARATIVE_WINDOWS"
/content/drive/MyDrive/Colab Notebooks/Untitled106.ipynb,Untitled106.ipynb,72,REFERENCE_OR_ANALYSIS,1,8,0,0,1,0,0,0,2,0,1,13843," # ============================================================================== # PART 30W — DIRECT RAW ALIGNMENT RECORD SEPARATION # ============================================================================== # Goal: # Separate the three adjacent Dmel genes directly from the original raw # alignment records, without relying on center_FBgn windows. # # Targets: # FBgn0264086 # FBgn0051921 # FBgn0051797 # # We will: # 1. Read the original raw alignment source. # 2. Recover each target's actual Dmel sequence. # 3. Identify its immediate non-Dmel records. # 4. Compare each Dmel sequenc"
/content/drive/MyDrive/Colab Notebooks/Untitled109.ipynb,Untitled109.ipynb,1,REFERENCE_OR_ANALYSIS,1,0,0,0,0,0,0,0,0,0,1,4722," # ================================================================ # PART 25B.26S — SIMPLE FIGURE2 LOCATION + FOUR-GENE TRACE # ================================================================ from google.colab import drive drive.mount('/content/drive') import os import pandas as pd BASE = ""/content/drive/MyDrive/GENE"" RESULT_DIR = os.path.join( BASE, ""11_RESULTS"", ""PART_25B_EMPIRICAL_NULL_TESTING"" ) os.makedirs(RESULT_DIR, exist_ok=True) EXCEPTIONS = [ ""FBgn0032554"", ""FBgn0085263"", ""FBgn0034154"", ""FBgn0051088"" ] print(""="" * 80) print(""PART 25B.26S — FIGURE2"
/content/drive/MyDrive/Colab Notebooks/Untitled109.ipynb,Untitled109.ipynb,3,REFERENCE_OR_ANALYSIS,1,0,0,0,0,0,0,0,0,0,1,3304," # ================================================================ # PART 25B.28 — FIGURE2 PROTEIN-LENGTH PROVENANCE FORENSICS # ================================================================ from google.colab import drive drive.mount('/content/drive', force_remount=True) import os import pandas as pd BASE = ""/content/drive/MyDrive/GENE"" OUT = f""{BASE}/11_RESULTS/PART_25B_EMPIRICAL_NULL_TESTING"" os.makedirs(OUT, exist_ok=True) TARGETS = { ""FBgn0032554"", ""FBgn0051088"", ""FBgn0034154"", ""FBgn0085263"" } # ------------------------------------------------ # 1. Locate Part19 p"
/content/drive/MyDrive/Colab Notebooks/Untitled109.ipynb,Untitled109.ipynb,5,REFERENCE_OR_ANALYSIS,1,0,0,0,0,0,0,0,0,0,1,2067," # ================================================================ # PART 25B.31 — EXACT SOURCE OF FOUR FIGURE2 LENGTH VALUES # ================================================================ from google.colab import drive drive.mount('/content/drive', force_remount=True) import pandas as pd import os BASE = ""/content/drive/MyDrive/GENE"" OUT = f""{BASE}/11_RESULTS/PART_25B_EMPIRICAL_NULL_TESTING"" FILE = f""{OUT}/PART_25B29_FOUR_EXCEPTION_PROTEIN_REPRESENTATIONS.csv"" TARGETS = { ""FBgn0032554"": 164, ""FBgn0051088"": 133, ""FBgn0034154"": 178, ""FBgn0085263"": 116 } df = pd.read_c"
/content/drive/MyDrive/Colab Notebooks/Untitled113.ipynb,Untitled113.ipynb,9,REFERENCE_OR_ANALYSIS,1,0,0,0,0,0,0,0,0,0,1,16944," # ================================================================ # PART 31.47 — FINAL MECHANISTIC FIGURE + MANUSCRIPT EVIDENCE TABLE # ================================================================ from google.colab import drive drive.mount('/content/drive') import os import json import pandas as pd import numpy as np import matplotlib.pyplot as plt ROOT = ""/content/drive/MyDrive/GENE"" BASE = os.path.join( ROOT, ""11_RESULTS"", ""PART_31_NON_GENIC_TO_YOUNG_GENE_RECONSTRUCTION"" ) IN_DIR = os.path.join( BASE, ""PART_31_46_FINAL_MECHANISTIC_EVIDENCE_SYNTHESIS"" ) OUT = o"
/content/drive/MyDrive/Colab Notebooks/Untitled113.ipynb,Untitled113.ipynb,12,REFERENCE_OR_ANALYSIS,1,0,0,0,0,0,0,0,0,0,1,23118, # ================================================================ # PART 31.50 — FINAL MANUSCRIPT DOCX BUILD # ================================================================ # # Purpose: # Convert the validated Part-31 manuscript package into a # publication-style DOCX draft. # # IMPORTANT: # No new biological analysis is performed here. # All scientific claims/numbers are taken from Parts 31.46–31.49. # # ================================================================ from google.colab import drive drive.mount('/content/drive') import os import json import pandas as pd from do
/content/drive/MyDrive/Colab Notebooks/Untitled12.ipynb,Untitled12.ipynb,10,REFERENCE_OR_ANALYSIS,1,0,0,0,0,0,0,0,0,0,1,13074," # ============================================================================================================== # GC ENVIRONMENTAL MEMORY — STEP 32D-FIX13 # TOP NOTEBOOK FORENSIC EXTRACTION — F1 RNA-SEQ SOURCE RECOVERY # ============================================================================================================== import os import re import json import pandas as pd from pathlib import Path BASE = ""/content/drive/MyDrive"" DISSERTATION = os.path.join(BASE, ""Dissertation"") OUT = os.path.join( DISSERTATION, ""GC_STEP32D_FIX13_TOP_NOTEBOOK_FORENSIC"" ) os.makedirs(OUT, e"
/content/drive/MyDrive/Colab Notebooks/Untitled12.ipynb,Untitled12.ipynb,14,REFERENCE_OR_ANALYSIS,1,0,0,0,0,0,0,0,0,0,1,11643," # ============================================================================================================== # STEP 32D-FIX17-FIX2 # ZEBRAFISH GENE ANNOTATION FORENSIC DISCOVERY # ============================================================================================================== import os import re import pandas as pd BASE = ""/content/drive/MyDrive/Dissertation"" OUT = os.path.join( BASE, ""GC_STEP32D_FIX17_FIX2_GENE_ANNOTATION_FORENSIC"" ) os.makedirs(OUT, exist_ok=True) print(""=""*110) print(""STEP 32D-FIX17-FIX2 — ZEBRAFISH GENE ANNOTATION FORENSIC DISCOVERY"") print("
/content/drive/MyDrive/Colab Notebooks/Untitled21.ipynb,Untitled21.ipynb,1,REFERENCE_OR_ANALYSIS,1,0,0,0,0,0,0,0,0,0,1,13439," # ============================================================================================================== # STEP 32D...FIX22T-R11-R1-R2 # TGIF2LY R10 DEEP FILESYSTEM / ARTIFACT RECOVERY # ============================================================================================================== import os import json from pathlib import Path from datetime import datetime, timezone import pandas as pd print(""="" * 110) print(""STEP 32D...FIX22T-R11-R1-R2 TGIF2LY"") print(""R10 DEEP FILESYSTEM / ARTIFACT RECOVERY"") print(""="" * 110) BASE = Path(""/content/drive/MyDrive/Dissertation"") CAN"
/content/drive/MyDrive/Colab Notebooks/Untitled25.ipynb,Untitled25.ipynb,18,REFERENCE_OR_ANALYSIS,1,0,0,0,0,0,0,0,0,0,1,22244, # ============================================================================================================== # STEP 32D...FIX22T-R11-R24 # TGIF2LY SEQUENCE-LEVEL HUMAN → ZEBRAFISH HOMOLOGY FORENSIC # ============================================================================================================== import os import re import json import time import requests import pandas as pd # -------------------------------------------------------------------------------------------------------------- # [1] CONFIGURATION # ------------------------------------------------------------------
/content/drive/MyDrive/Colab Notebooks/Untitled3.ipynb,Untitled3.ipynb,5,REFERENCE_OR_ANALYSIS,1,0,0,0,0,0,0,0,0,0,1,26457, # ============================================================ # STAGE 4 # MULTI-RESOURCE BIOLOGICALIZED MODEL # # Conventional: # Replication + membrane growth simultaneously # # R <-> M: # Replication -> membrane growth -> replication # # Resource pools: # E = energy # N = nucleotide-like resource # L = lipid-like resource # # Also: # switching cost sweep # break-even switching cost # # Google Drive output: # MyDrive/AI/Synthetic_Cell/ # ============================================================ # ============================================================ # GOOGLE DRIV
/content/drive/MyDrive/Colab Notebooks/Untitled66.ipynb,Untitled66.ipynb,4,REFERENCE_OR_ANALYSIS,1,8,0,0,1,0,0,0,3,0,0,27603,"import os import re import json import numpy as np import pandas as pd import matplotlib.pyplot as plt # ================================================================================ # 1. PATHS # ================================================================================ BASE = ( ""/content/drive/MyDrive/thesis/DSD_Project/"" ""02_Limb_RNA_GSE164737/ANNOTATION_COORDINATE_MATCHED"" ) H13_DIR = os.path.join( BASE, ""H13_FINAL_BIOLOGICAL_CANDIDATE_INTERPRETATION"" ) H142_DIR = os.path.join( BASE, ""H14_2_FUNCTIONAL_NETWORK_QUANTIFICATION"" ) H143_DIR = os.path.join( "
/content/drive/MyDrive/Colab Notebooks/Untitled7.ipynb,Untitled7.ipynb,80,REFERENCE_OR_ANALYSIS,1,0,0,0,0,0,0,0,0,0,1,20695," # ===================================================================== # GC ENVIRONMENTAL MEMORY # ROBUST CORE → EPIGENOMIC MECHANISM TEST # OFFICIAL ZEBRAFISH GO ANNOTATION # ===================================================================== import os import re import sys import subprocess import warnings import numpy as np import pandas as pd from scipy.stats import fisher_exact, hypergeom from statsmodels.stats.multitest import multipletests warnings.filterwarnings(""ignore"") print(""=""*80) print(""GC ENVIRONMENTAL MEMORY — EPIGENOMIC MECHANISM TEST"") print(""=""*80) # ==============="
/content/drive/MyDrive/Colab Notebooks/Untitled75.ipynb,Untitled75.ipynb,8,REFERENCE_OR_ANALYSIS,1,0,0,0,0,0,0,0,0,0,1,3083," ==================================================================================================== FILE STRUCTURE ==================================================================================================== Shape: (144, 21) Columns: 0 : Species 1 : Target 2 : Gene_ID 3 : Gene_Name 4 : Annotation 5 : Assembly 6 : GTF_Chromosome 7 : BigWig_Chromosome 8 : Start 9 : End 10 : Strand 11 : GSM 12 : BigWig_Basename 13 : BigWig_File 14 : Mean_Signal 15 : Min_Signal 16 : Max_Signal 17 : Sum_Signal 18 : Covered_Bases 19 : Extraction_Valid 20 : Extraction_Status First 10 rows: SpeciesTargetG"
/content/drive/MyDrive/Colab Notebooks/Untitled84.ipynb,Untitled84.ipynb,7,REFERENCE_OR_ANALYSIS,1,0,0,0,0,0,0,0,0,0,1,13793," # ================================================================================================== # STAGE 4C-3R-S4.3 # EXACT MULTI-SPECIES PAX3 REGULATORY SEQUENCE RETRIEVAL + QC # ================================================================================================== import os import re import json import time import requests import pandas as pd from google.colab import drive drive.mount(""/content/drive"") print(""="" * 110) print(""STAGE 4C-3R-S4.3 — EXACT MULTI-SPECIES PAX3 REGULATORY SEQUENCE RETRIEVAL + QC"") print(""="" * 110) # -----------------------------------------------"
/content/drive/MyDrive/Colab Notebooks/Untitled96.ipynb,Untitled96.ipynb,4,REFERENCE_OR_ANALYSIS,1,0,0,0,0,0,0,0,0,0,1,2793," # ================================================================ # STEP 11 — TRACE THE ACTUAL 29.6% MFOS VALIDATION MODEL # Find the exact code/data that produced Accuracy = 0.295933... # ================================================================ import os import json import re from google.colab import drive drive.mount('/content/drive') # ------------------------------------------------ # Search all likely MFOS notebooks # ------------------------------------------------ search_dirs = [ ""/content/drive/MyDrive/Colab Notebooks"", ""/content/drive/MyDrive/Colab Notebooks (1)"" "
/content/drive/MyDrive/Colab Notebooks/Untitled96.ipynb,Untitled96.ipynb,8,REFERENCE_OR_ANALYSIS,1,0,0,0,0,0,0,0,0,0,1,5157," # ============================================================ # STEP 15 — TRACE EXACT SOURCE OF CellType # ============================================================ from google.colab import drive drive.mount('/content/drive') import os import json import re import pandas as pd # ------------------------------------------------------------ # 1. DIRECTORIES TO SEARCH # ------------------------------------------------------------ SEARCH_DIRS = [ ""/content/drive/MyDrive/Colab Notebooks"", ""/content/drive/MyDrive/Colab Notebooks (1)"" ] OUTPUT_DIR = ""/content/drive/MyDrive/CELLDEC/S"
/content/drive/MyDrive/Colab Notebooks/Untitled96.ipynb,Untitled96.ipynb,9,REFERENCE_OR_ANALYSIS,1,0,0,0,0,0,0,0,0,0,1,5991," # ============================================================ # STEP 15B — RAW NOTEBOOK TRACE # Find exact 29.6% RF model + CellType origin # ============================================================ from google.colab import drive drive.mount('/content/drive') import os import json import re print(""="" * 80) print(""STEP 15B — RAW NOTEBOOK TRACE"") print(""="" * 80) SEARCH_DIRS = [ ""/content/drive/MyDrive/Colab Notebooks"", ""/content/drive/MyDrive/Colab Notebooks (1)"" ] # ------------------------------------------------------------ # 1. COLLECT NOTEBOOKS # -------------------------"
/content/drive/MyDrive/Colab Notebooks/Untitled96.ipynb,Untitled96.ipynb,11,REFERENCE_OR_ANALYSIS,1,0,0,0,0,0,0,0,0,0,1,1935," # ============================================================ # STEP 17 — TRACE EXACT adata OVERWRITE BEFORE CELL 146 # ============================================================ from google.colab import drive drive.mount('/content/drive') import json import re from pathlib import Path # STEP 16 output notebook/document doc_path = Path(""/content/drive/MyDrive/Colab Notebooks/Untitled95.ipynb"") # If this is not the notebook used, change only this path. print(""Checking:"", doc_path) print(""Exists:"", doc_path.exists()) with open(doc_path, ""r"", encoding=""utf-8"") as f: nb = json.load(f)"
/content/drive/MyDrive/Colab Notebooks/Untitled97.ipynb,Untitled97.ipynb,73,REFERENCE_OR_ANALYSIS,1,0,0,0,0,0,0,0,0,0,1,1493," from google.colab import drive drive.mount('/content/drive') import os import pandas as pd BASE = ""/content/drive/MyDrive/MFOS_REVISION/POINT3_STRICT_MATCHED_NULL"" files_to_check = [ ""STEP54_FINAL_SUMMARY.csv"", ""STEP55_FINAL_SUMMARY.csv"", ""STEP55_OneToOne_MFOS_Matches.csv"", ""STEP56_FINAL_SUMMARY.csv"", ""STEP56_Nearest_Matches.csv"", ""STEP57_FINAL_SUMMARY.csv"", ] print(""BASE:"", BASE) print() for fname in files_to_check: path = os.path.join(BASE, fname) print(""="" * 80) print(fname) print(""="" * 80) if not os.path.exists(path): print(""❌ NOT"
/content/drive/MyDrive/Colab Notebooks/Untitled97.ipynb,Untitled97.ipynb,74,REFERENCE_OR_ANALYSIS,1,0,0,0,0,0,0,0,0,0,1,2117," from google.colab import drive drive.mount('/content/drive') import os import pandas as pd import numpy as np ROOT = ""/content/drive/MyDrive/MFOS_REVISION"" TARGETS = { ""mean"": 0.5190, ""sd"": 0.1475, ""p95"": 0.7370, ""p99"": 0.7922, ""p"": 0.001 } TOL = 0.002 hits = [] print(""Searching entire MFOS_REVISION tree..."") print(ROOT) print() for root, dirs, files in os.walk(ROOT): for fname in files: if not fname.lower().endswith("".csv""): continue path = os.path.join(root, fname) try: df = pd.read_csv(path) num"
/content/drive/MyDrive/Colab Notebooks/Untitled97.ipynb,Untitled97.ipynb,80,REFERENCE_OR_ANALYSIS,1,0,0,0,0,0,0,0,0,0,1,1509," from pathlib import Path BASE = Path(""/content/drive/MyDrive"") targets = [ ""STEP37B_Matched_Random_Panel_Identities.csv"", ""STEP37B_Matched_Random_Panel_Distribution.csv"", ""STEP37B_FINAL_REPORT.txt"", ""STEP37B"", ] print(""="" * 110) print(""SEARCHING ENTIRE GOOGLE DRIVE FOR STEP37B HISTORICAL FILES"") print(""="" * 110) found = [] for p in BASE.rglob(""*""): if not p.is_file(): continue name = p.name.lower() if ( ""step37b"" in name or ""matched_random_panel"" in name or ""matchedrandom"" in name ): found.append(p) print(""\nTota"
/content/drive/MyDrive/Colab Notebooks/Untitled98.ipynb,Untitled98.ipynb,93,REFERENCE_OR_ANALYSIS,1,8,0,0,1,0,0,0,1,1,0,21792, # ============================================================ # FIGURE 3 — MECHANISTIC BASIS OF THE BEHAVIOURAL TRANSFORMATION # # A. PN→KC remodeling and behavioural change # B. Top-K vs Random-K counterfactual # C. Concentration of the mechanistic effect # # OUTPUT: # /content/Figure_3.png # /content/Figure_3.tiff # # 300 DPI # NO OVERALL TITLE # NO SIMULATION # NO DRIVE OUTPUT # ============================================================ # ============================================================ # 1. MOUNT GOOGLE DRIVE # =========================================================
