file,filename,extension,status,reason,n_rows,n_columns,n_pn,pattern_column,csplus_index,csminus_index,csplus_active,csminus_active,hamming_distance,active_overlap,jaccard_similarity,matrix_hash,file_md5
/content/drive/MyDrive/Honey/GitHub_Honeybee-Drosophila/results/v13_3E_Condition_Summary.csv,v13_3E_Condition_Summary.csv,.csv,NOT_ANALYZED,Only 0 PN-like columns found,4.0,20.0,,,,,,,,,,,
/content/drive/MyDrive/Honey/GitHub_Honeybee-Drosophila/results/v13_3E_Counterfactual_Mechanism_Decomposition.csv,v13_3E_Counterfactual_Mechanism_Decomposition.csv,.csv,NOT_ANALYZED,Only 0 PN-like columns found,400.0,18.0,,,,,,,,,,,
/content/drive/MyDrive/Honey/GitHub_Honeybee-Drosophila/results/v13_3E_Counterfactual_Summary.csv,v13_3E_Counterfactual_Summary.csv,.csv,NOT_ANALYZED,Only 0 PN-like columns found,32.0,6.0,,,,,,,,,,,
/content/drive/MyDrive/Honey/GitHub_Honeybee-Drosophila/results/v13_3E_KCEN_Permutation_Null.csv,v13_3E_KCEN_Permutation_Null.csv,.csv,NOT_ANALYZED,Only 0 PN-like columns found,400.0,17.0,,,,,,,,,,,
/content/drive/MyDrive/Honey/GitHub_Honeybee-Drosophila/results/v13_3E_KCEN_Permutation_Null_Summary.csv,v13_3E_KCEN_Permutation_Null_Summary.csv,.csv,NOT_ANALYZED,Only 0 PN-like columns found,4.0,14.0,,,,,,,,,,,
/content/drive/MyDrive/Honey/GitHub_Honeybee-Drosophila/results/v13_3E_KCEN_Representation_Correlations.csv,v13_3E_KCEN_Representation_Correlations.csv,.csv,NOT_ANALYZED,Only 0 PN-like columns found,60.0,7.0,,,,,,,,,,,
/content/drive/MyDrive/Honey/GitHub_Honeybee-Drosophila/results/v13_3E_KCEN_Selective_Sampling_Audit.csv,v13_3E_KCEN_Selective_Sampling_Audit.csv,.csv,NOT_ANALYZED,Only 0 PN-like columns found,400.0,19.0,,,,,,,,,,,
/content/drive/MyDrive/Honey/GitHub_Honeybee-Drosophila/results/v13_3E_KCEN_Selective_Sampling_Summary.csv,v13_3E_KCEN_Selective_Sampling_Summary.csv,.csv,NOT_ANALYZED,Only 0 PN-like columns found,60.0,6.0,,,,,,,,,,,
/content/drive/MyDrive/Honey/GitHub_Honeybee-Drosophila/results/v13_3E_KC_Representation.csv,v13_3E_KC_Representation.csv,.csv,NOT_ANALYZED,Only 0 PN-like columns found,40000.0,7.0,,,,,,,,,,,
/content/drive/MyDrive/Honey/GitHub_Honeybee-Drosophila/results/v13_3E_KC_Representation_Summary.csv,v13_3E_KC_Representation_Summary.csv,.csv,NOT_ANALYZED,Only 0 PN-like columns found,4.0,4.0,,,,,,,,,,,
/content/drive/MyDrive/Honey/GitHub_Honeybee-Drosophila/results/v13_3E_Mechanism_Behaviour_Associations.csv,v13_3E_Mechanism_Behaviour_Associations.csv,.csv,NOT_ANALYZED,Only 0 PN-like columns found,58.0,8.0,,,,,,,,,,,
/content/drive/MyDrive/Honey/GitHub_Honeybee-Drosophila/results/v13_3E_Mechanistic_Factorial_Decomposition.csv,v13_3E_Mechanistic_Factorial_Decomposition.csv,.csv,NOT_ANALYZED,Only 0 PN-like columns found,19.0,13.0,,,,,,,,,,,
/content/drive/MyDrive/Honey/GitHub_Honeybee-Drosophila/results/v13_3E_Mechanistic_Forensic_Audit.csv,v13_3E_Mechanistic_Forensic_Audit.csv,.csv,NOT_ANALYZED,Only 0 PN-like columns found,90.0,6.0,,,,,,,,,,,
/content/drive/MyDrive/Honey/GitHub_Honeybee-Drosophila/results/v13_3E_Network_Metrics.csv,v13_3E_Network_Metrics.csv,.csv,NOT_ANALYZED,Only 0 PN-like columns found,400.0,27.0,,,,,,,,,,,
/content/drive/MyDrive/Honey/GitHub_Honeybee-Drosophila/results/v13_3E_Profiles.csv,v13_3E_Profiles.csv,.csv,NOT_ANALYZED,Only 0 PN-like columns found,40000.0,7.0,,,,,,,,,,,
/content/drive/MyDrive/Honey/GitHub_Honeybee-Drosophila/results/v13_3E_Training_Trajectory.csv,v13_3E_Training_Trajectory.csv,.csv,NOT_ANALYZED,Only 0 PN-like columns found,8000.0,8.0,,,,,,,,,,,
/content/drive/MyDrive/Honey/Honeybee_Model_v10_3_Validated_Continuum.csv,Honeybee_Model_v10_3_Validated_Continuum.csv,.csv,VALID_100x100_CONTINUUM,PASS,100.0,103.0,100.0,pattern,50.0,64.0,50.0,50.0,28.0,36.0,0.5625,7a6207dc104413e1a6fa20f4f3fd05dd,d16a15fe7d828f5934228289833e2369
/content/drive/MyDrive/Honey/Honeybee_Model_v10_4_100Networks.csv,Honeybee_Model_v10_4_100Networks.csv,.csv,NOT_ANALYZED,Only 0 PN-like columns found,100.0,113.0,,,,,,,,,,,
/content/drive/MyDrive/Honey/Honeybee_Model_v10_4_PopulationCurve.csv,Honeybee_Model_v10_4_PopulationCurve.csv,.csv,NOT_ANALYZED,Only 0 PN-like columns found,100.0,6.0,,,,,,,,,,,
/content/drive/MyDrive/Honey/Honeybee_Model_v10_4_Summary.csv,Honeybee_Model_v10_4_Summary.csv,.csv,NOT_ANALYZED,Only 0 PN-like columns found,23.0,2.0,,,,,,,,,,,
/content/drive/MyDrive/Honey/Honeybee_Model_v10_4_TrainingHistory.csv,Honeybee_Model_v10_4_TrainingHistory.csv,.csv,NOT_ANALYZED,Only 0 PN-like columns found,2000.0,6.0,,,,,,,,,,,
/content/drive/MyDrive/Honey/Honeybee_Model_v10_5_12x12_Summary.csv,Honeybee_Model_v10_5_12x12_Summary.csv,.csv,NOT_ANALYZED,Only 0 PN-like columns found,144.0,19.0,,,,,,,,,,,
/content/drive/MyDrive/Honey/Honeybee_Model_v10_5_All_1440_Networks.csv,Honeybee_Model_v10_5_All_1440_Networks.csv,.csv,NOT_ANALYZED,Only 0 PN-like columns found,1440.0,14.0,,,,,,,,,,,
/content/drive/MyDrive/Honey/Honeybee_Model_v10_5_Best_Parameters.csv,Honeybee_Model_v10_5_Best_Parameters.csv,.csv,NOT_ANALYZED,Only 0 PN-like columns found,15.0,20.0,,,,,,,,,,,
/content/drive/MyDrive/Honey/Honeybee_Model_v10_5_Final_Summary.csv,Honeybee_Model_v10_5_Final_Summary.csv,.csv,NOT_ANALYZED,Only 0 PN-like columns found,12.0,2.0,,,,,,,,,,,
/content/drive/MyDrive/Honey/Honeybee_Model_v10_5_Heatmap_Data.xlsx,Honeybee_Model_v10_5_Heatmap_Data.xlsx,.xlsx,NOT_ANALYZED,Only 0 PN-like columns found,12.0,13.0,,,,,,,,,,,
/content/drive/MyDrive/Honey/Honeybee_Model_v10_6_2_144_Parameter_Summary.csv,Honeybee_Model_v10_6_2_144_Parameter_Summary.csv,.csv,NOT_ANALYZED,Only 0 PN-like columns found,144.0,20.0,,,,,,,,,,,
/content/drive/MyDrive/Honey/Honeybee_Model_v10_6_2_All_1440_Networks.csv,Honeybee_Model_v10_6_2_All_1440_Networks.csv,.csv,NOT_ANALYZED,Only 0 PN-like columns found,1440.0,12.0,,,,,,,,,,,
/content/drive/MyDrive/Honey/Honeybee_Model_v10_6_2_Best_Directional_Parameters.csv,Honeybee_Model_v10_6_2_Best_Directional_Parameters.csv,.csv,NOT_ANALYZED,Only 0 PN-like columns found,144.0,21.0,,,,,,,,,,,
/content/drive/MyDrive/Honey/Honeybee_Model_v10_6_2_Final_Summary.csv,Honeybee_Model_v10_6_2_Final_Summary.csv,.csv,NOT_ANALYZED,Only 0 PN-like columns found,1.0,22.0,,,,,,,,,,,
/content/drive/MyDrive/Honey/Honeybee_Model_v10_6_2_Heatmap_Data.xlsx,Honeybee_Model_v10_6_2_Heatmap_Data.xlsx,.xlsx,NOT_ANALYZED,Only 0 PN-like columns found,144.0,7.0,,,,,,,,,,,
/content/drive/MyDrive/Honey/Honeybee_Model_v10_7_All_5760_Networks.csv,Honeybee_Model_v10_7_All_5760_Networks.csv,.csv,NOT_ANALYZED,Only 0 PN-like columns found,5760.0,14.0,,,,,,,,,,,
/content/drive/MyDrive/Honey/Honeybee_Model_v10_7_All_576_Parameter_Groups.csv,Honeybee_Model_v10_7_All_576_Parameter_Groups.csv,.csv,NOT_ANALYZED,Only 0 PN-like columns found,576.0,23.0,,,,,,,,,,,
/content/drive/MyDrive/Honey/Honeybee_Model_v10_7_Causal_Ablation_Effects.csv,Honeybee_Model_v10_7_Causal_Ablation_Effects.csv,.csv,NOT_ANALYZED,Only 0 PN-like columns found,3.0,7.0,,,,,,,,,,,
/content/drive/MyDrive/Honey/Honeybee_Model_v10_7_Causal_Ablation_Master.xlsx,Honeybee_Model_v10_7_Causal_Ablation_Master.xlsx,.xlsx,NOT_ANALYZED,Only 0 PN-like columns found,5760.0,14.0,,,,,,,,,,,
/content/drive/MyDrive/Honey/Honeybee_Model_v10_7_Condition_Summary.csv,Honeybee_Model_v10_7_Condition_Summary.csv,.csv,NOT_ANALYZED,Only 0 PN-like columns found,4.0,15.0,,,,,,,,,,,
/content/drive/MyDrive/Honey/Honeybee_Model_v10_7_Final_Summary.csv,Honeybee_Model_v10_7_Final_Summary.csv,.csv,NOT_ANALYZED,Only 0 PN-like columns found,4.0,15.0,,,,,,,,,,,
/content/drive/MyDrive/Honey/Honeybee_Model_v10_7_Full_vs_Ablation_Statistics.csv,Honeybee_Model_v10_7_Full_vs_Ablation_Statistics.csv,.csv,NOT_ANALYZED,Only 0 PN-like columns found,3.0,10.0,,,,,,,,,,,
/content/drive/MyDrive/Honey/Honeybee_Model_v10_8_Condition_Summary.csv,Honeybee_Model_v10_8_Condition_Summary.csv,.csv,NOT_ANALYZED,Only 0 PN-like columns found,4.0,20.0,,,,,,,,,,,
/content/drive/MyDrive/Honey/Honeybee_Model_v10_8_Interaction.csv,Honeybee_Model_v10_8_Interaction.csv,.csv,NOT_ANALYZED,Only 0 PN-like columns found,1440.0,6.0,,,,,,,,,,,
/content/drive/MyDrive/Honey/Honeybee_Model_v10_8_Matched_All_Networks.csv,Honeybee_Model_v10_8_Matched_All_Networks.csv,.csv,NOT_ANALYZED,Only 0 PN-like columns found,5760.0,14.0,,,,,,,,,,,
/content/drive/MyDrive/Honey/Honeybee_Model_v10_8_Matched_Causal_Master.xlsx,Honeybee_Model_v10_8_Matched_Causal_Master.xlsx,.xlsx,NOT_ANALYZED,Only 0 PN-like columns found,4.0,20.0,,,,,,,,,,,
/content/drive/MyDrive/Honey/Honeybee_Model_v10_8_Matched_TrainingHistory.csv,Honeybee_Model_v10_8_Matched_TrainingHistory.csv,.csv,NOT_ANALYZED,Only 0 PN-like columns found,230400.0,10.0,,,,,,,,,,,
/content/drive/MyDrive/Honey/Honeybee_Model_v10_8_Matched_Wide.csv,Honeybee_Model_v10_8_Matched_Wide.csv,.csv,NOT_ANALYZED,Only 0 PN-like columns found,1440.0,25.0,,,,,,,,,,,
/content/drive/MyDrive/Honey/Honeybee_Model_v10_8_Paired_Causal_Effects.csv,Honeybee_Model_v10_8_Paired_Causal_Effects.csv,.csv,NOT_ANALYZED,Only 0 PN-like columns found,3.0,15.0,,,,,,,,,,,
/content/drive/MyDrive/Honey/Honeybee_Model_v10_8_Parameter_Causal_Effects.csv,Honeybee_Model_v10_8_Parameter_Causal_Effects.csv,.csv,NOT_ANALYZED,Only 0 PN-like columns found,144.0,23.0,,,,,,,,,,,
/content/drive/MyDrive/Honey/Honeybee_Model_v10_9_CS_Discrimination.csv,Honeybee_Model_v10_9_CS_Discrimination.csv,.csv,NOT_ANALYZED,Only 0 PN-like columns found,4.0,6.0,,,,,,,,,,,
/content/drive/MyDrive/Honey/Honeybee_Model_v10_9_Causal_Summary.csv,Honeybee_Model_v10_9_Causal_Summary.csv,.csv,NOT_ANALYZED,Only 0 PN-like columns found,400.0,10.0,,,,,,,,,,,
/content/drive/MyDrive/Honey/Honeybee_Model_v10_9_Condition_Summary.csv,Honeybee_Model_v10_9_Condition_Summary.csv,.csv,NOT_ANALYZED,Only 0 PN-like columns found,4.0,8.0,,,,,,,,,,,
/content/drive/MyDrive/Honey/Honeybee_Model_v10_9_Direction_Distribution.csv,Honeybee_Model_v10_9_Direction_Distribution.csv,.csv,NOT_ANALYZED,Only 0 PN-like columns found,4.0,4.0,,,,,,,,,,,
/content/drive/MyDrive/Honey/Honeybee_Model_v10_9_Mechanistic_Causal_Master.xlsx,Honeybee_Model_v10_9_Mechanistic_Causal_Master.xlsx,.xlsx,NOT_ANALYZED,Only 0 PN-like columns found,400.0,10.0,,,,,,,,,,,
/content/drive/MyDrive/Honey/Honeybee_Model_v10_9_Paired_Causal_Effects.csv,Honeybee_Model_v10_9_Paired_Causal_Effects.csv,.csv,NOT_ANALYZED,Only 0 PN-like columns found,3.0,14.0,,,,,,,,,,,
/content/drive/MyDrive/Honey/Honeybee_Model_v10_9_Response_Curves.csv,Honeybee_Model_v10_9_Response_Curves.csv,.csv,NOT_ANALYZED,Only 0 PN-like columns found,40000.0,7.0,,,,,,,,,,,
/content/drive/MyDrive/Honey/Honeybee_Model_v10_9_Weight_Diagnostics.csv,Honeybee_Model_v10_9_Weight_Diagnostics.csv,.csv,NOT_ANALYZED,Only 0 PN-like columns found,100.0,8.0,,,,,,,,,,,
/content/drive/MyDrive/Honey/Honeybee_Model_v11_0_Dose_Response_Statistics.csv,Honeybee_Model_v11_0_Dose_Response_Statistics.csv,.csv,NOT_ANALYZED,Only 0 PN-like columns found,2.0,5.0,,,,,,,,,,,
/content/drive/MyDrive/Honey/Honeybee_Model_v11_0_Graded_Causal_All_Networks.csv,Honeybee_Model_v11_0_Graded_Causal_All_Networks.csv,.csv,NOT_ANALYZED,Only 0 PN-like columns found,1000.0,17.0,,,,,,,,,,,
/content/drive/MyDrive/Honey/Honeybee_Model_v11_0_Graded_Causal_Effects.csv,Honeybee_Model_v11_0_Graded_Causal_Effects.csv,.csv,NOT_ANALYZED,Only 0 PN-like columns found,10.0,8.0,,,,,,,,,,,
/content/drive/MyDrive/Honey/Honeybee_Model_v11_0_Graded_Causal_Master.xlsx,Honeybee_Model_v11_0_Graded_Causal_Master.xlsx,.xlsx,NOT_ANALYZED,Only 0 PN-like columns found,1000.0,17.0,,,,,,,,,,,
/content/drive/MyDrive/Honey/Honeybee_Model_v11_0_Graded_Causal_Summary.csv,Honeybee_Model_v11_0_Graded_Causal_Summary.csv,.csv,NOT_ANALYZED,Only 0 PN-like columns found,10.0,16.0,,,,,,,,,,,
/content/drive/MyDrive/Honey/Honeybee_Model_v11_1_Dose_Response.csv,Honeybee_Model_v11_1_Dose_Response.csv,.csv,NOT_ANALYZED,Only 0 PN-like columns found,2.0,5.0,,,,,,,,,,,
/content/drive/MyDrive/Honey/Honeybee_Model_v11_1_Pattern_Resolved_All_Networks.csv,Honeybee_Model_v11_1_Pattern_Resolved_All_Networks.csv,.csv,NOT_ANALYZED,Only 0 PN-like columns found,1000.0,11.0,,,,,,,,,,,
/content/drive/MyDrive/Honey/Honeybee_Model_v11_1_Pattern_Resolved_Causal_Effects.csv,Honeybee_Model_v11_1_Pattern_Resolved_Causal_Effects.csv,.csv,NOT_ANALYZED,Only 0 PN-like columns found,10.0,9.0,,,,,,,,,,,
/content/drive/MyDrive/Honey/Honeybee_Model_v11_1_Pattern_Resolved_Causal_Master.xlsx,Honeybee_Model_v11_1_Pattern_Resolved_Causal_Master.xlsx,.xlsx,NOT_ANALYZED,Only 0 PN-like columns found,1000.0,11.0,,,,,,,,,,,
/content/drive/MyDrive/Honey/Honeybee_Model_v11_1_Pattern_Resolved_Summary.csv,Honeybee_Model_v11_1_Pattern_Resolved_Summary.csv,.csv,NOT_ANALYZED,Only 0 PN-like columns found,10.0,15.0,,,,,,,,,,,
/content/drive/MyDrive/Honey/Honeybee_Model_v11_2_FAST_All_Networks.csv,Honeybee_Model_v11_2_FAST_All_Networks.csv,.csv,NOT_ANALYZED,Only 0 PN-like columns found,14400.0,14.0,,,,,,,,,,,
/content/drive/MyDrive/Honey/Honeybee_Model_v11_2_FAST_Dose_Response.csv,Honeybee_Model_v11_2_FAST_Dose_Response.csv,.csv,NOT_ANALYZED,Only 0 PN-like columns found,288.0,9.0,,,,,,,,,,,
/content/drive/MyDrive/Honey/Honeybee_Model_v11_2_FAST_Master.xlsx,Honeybee_Model_v11_2_FAST_Master.xlsx,.xlsx,NOT_ANALYZED,Only 0 PN-like columns found,14400.0,14.0,,,,,,,,,,,
/content/drive/MyDrive/Honey/Honeybee_Model_v11_2_FAST_Robustness.csv,Honeybee_Model_v11_2_FAST_Robustness.csv,.csv,NOT_ANALYZED,Only 0 PN-like columns found,2.0,5.0,,,,,,,,,,,
/content/drive/MyDrive/Honey/Honeybee_Model_v11_2_FAST_Summary.csv,Honeybee_Model_v11_2_FAST_Summary.csv,.csv,NOT_ANALYZED,Only 0 PN-like columns found,1440.0,16.0,,,,,,,,,,,
/content/drive/MyDrive/Honey/Honeybee_Model_v11_3_Dose_Response_Audit.csv,Honeybee_Model_v11_3_Dose_Response_Audit.csv,.csv,NOT_ANALYZED,Only 0 PN-like columns found,288.0,16.0,,,,,,,,,,,
/content/drive/MyDrive/Honey/Honeybee_Model_v11_3_Master_Audit.xlsx,Honeybee_Model_v11_3_Master_Audit.xlsx,.xlsx,NOT_ANALYZED,Only 0 PN-like columns found,1440.0,15.0,,,,,,,,,,,
/content/drive/MyDrive/Honey/Honeybee_Model_v11_3_Parameter_Landscape.csv,Honeybee_Model_v11_3_Parameter_Landscape.csv,.csv,NOT_ANALYZED,Only 0 PN-like columns found,288.0,8.0,,,,,,,,,,,
/content/drive/MyDrive/Honey/Honeybee_Model_v11_3_Top_Parameter_Groups.csv,Honeybee_Model_v11_3_Top_Parameter_Groups.csv,.csv,NOT_ANALYZED,Only 0 PN-like columns found,20.0,16.0,,,,,,,,,,,
/content/drive/MyDrive/Honey/Honeybee_Model_v11_4_Focused_All_Networks.csv,Honeybee_Model_v11_4_Focused_All_Networks.csv,.csv,NOT_ANALYZED,Only 0 PN-like columns found,1000.0,21.0,,,,,,,,,,,
/content/drive/MyDrive/Honey/Honeybee_Model_v11_4_Focused_Causal_Master.xlsx,Honeybee_Model_v11_4_Focused_Causal_Master.xlsx,.xlsx,NOT_ANALYZED,Only 0 PN-like columns found,10.0,14.0,,,,,,,,,,,
/content/drive/MyDrive/Honey/Honeybee_Model_v11_4_Focused_Direction_Distribution.csv,Honeybee_Model_v11_4_Focused_Direction_Distribution.csv,.csv,NOT_ANALYZED,Only 0 PN-like columns found,12.0,5.0,,,,,,,,,,,
/content/drive/MyDrive/Honey/Honeybee_Model_v11_4_Focused_Dose_Response.csv,Honeybee_Model_v11_4_Focused_Dose_Response.csv,.csv,NOT_ANALYZED,Only 0 PN-like columns found,2.0,10.0,,,,,,,,,,,
/content/drive/MyDrive/Honey/Honeybee_Model_v11_4_Focused_Endpoint_Effects.csv,Honeybee_Model_v11_4_Focused_Endpoint_Effects.csv,.csv,NOT_ANALYZED,Only 0 PN-like columns found,2.0,16.0,,,,,,,,,,,
/content/drive/MyDrive/Honey/Honeybee_Model_v11_4_Focused_Summary.csv,Honeybee_Model_v11_4_Focused_Summary.csv,.csv,NOT_ANALYZED,Only 0 PN-like columns found,10.0,14.0,,,,,,,,,,,
/content/drive/MyDrive/Honey/Honeybee_Model_v11_4_Focused_Training_Diagnostics.csv,Honeybee_Model_v11_4_Focused_Training_Diagnostics.csv,.csv,NOT_ANALYZED,Only 0 PN-like columns found,1000.0,9.0,,,,,,,,,,,
/content/drive/MyDrive/Honey/Honeybee_Model_v11_5_1_Local_Audit.xlsx,Honeybee_Model_v11_5_1_Local_Audit.xlsx,.xlsx,NOT_ANALYZED,Only 0 PN-like columns found,90.0,12.0,,,,,,,,,,,
/content/drive/MyDrive/Honey/Honeybee_Model_v11_5_1_Local_Dose_Response.csv,Honeybee_Model_v11_5_1_Local_Dose_Response.csv,.csv,NOT_ANALYZED,Only 0 PN-like columns found,18.0,11.0,,,,,,,,,,,
/content/drive/MyDrive/Honey/Honeybee_Model_v11_5_1_Local_Heatmap.csv,Honeybee_Model_v11_5_1_Local_Heatmap.csv,.csv,NOT_ANALYZED,Only 0 PN-like columns found,3.0,4.0,,,,,,,,,,,
/content/drive/MyDrive/Honey/Honeybee_Model_v11_5_1_Local_Robustness.csv,Honeybee_Model_v11_5_1_Local_Robustness.csv,.csv,NOT_ANALYZED,Only 0 PN-like columns found,9.0,11.0,,,,,,,,,,,
/content/drive/MyDrive/Honey/Honeybee_Model_v11_5_1_Local_Summary.csv,Honeybee_Model_v11_5_1_Local_Summary.csv,.csv,NOT_ANALYZED,Only 0 PN-like columns found,90.0,12.0,,,,,,,,,,,
/content/drive/MyDrive/Honey/Honeybee_Model_v11_6_Dose_Reconciliation.csv,Honeybee_Model_v11_6_Dose_Reconciliation.csv,.csv,NOT_ANALYZED,Only 0 PN-like columns found,5.0,8.0,,,,,,,,,,,
/content/drive/MyDrive/Honey/Honeybee_Model_v11_6_Parameter_Audit.csv,Honeybee_Model_v11_6_Parameter_Audit.csv,.csv,NOT_ANALYZED,Only 0 PN-like columns found,144.0,5.0,,,,,,,,,,,
/content/drive/MyDrive/Honey/Honeybee_Model_v11_6_Reconciliation_Summary.csv,Honeybee_Model_v11_6_Reconciliation_Summary.csv,.csv,NOT_ANALYZED,Only 0 PN-like columns found,2.0,1.0,,,,,,,,,,,
/content/drive/MyDrive/Honey/Honeybee_Model_v11_7_Direction_Audit.csv,Honeybee_Model_v11_7_Direction_Audit.csv,.csv,NOT_ANALYZED,Only 0 PN-like columns found,2.0,5.0,,,,,,,,,,,
/content/drive/MyDrive/Honey/Honeybee_Model_v11_7_Dose_Response_Audit.csv,Honeybee_Model_v11_7_Dose_Response_Audit.csv,.csv,NOT_ANALYZED,Only 0 PN-like columns found,4.0,9.0,,,,,,,,,,,
/content/drive/MyDrive/Honey/Honeybee_Model_v11_7_Endpoint_Reconstruction.csv,Honeybee_Model_v11_7_Endpoint_Reconstruction.csv,.csv,NOT_ANALYZED,Only 0 PN-like columns found,4.0,10.0,,,,,,,,,,,
/content/drive/MyDrive/Honey/Honeybee_Model_v11_7_Final_Diagnostic.csv,Honeybee_Model_v11_7_Final_Diagnostic.csv,.csv,NOT_ANALYZED,Only 0 PN-like columns found,4.0,1.0,,,,,,,,,,,
/content/drive/MyDrive/Honey/Honeybee_Model_v11_7_Implementation_Forensic_Audit.xlsx,Honeybee_Model_v11_7_Implementation_Forensic_Audit.xlsx,.xlsx,NOT_ANALYZED,Only 0 PN-like columns found,20.0,14.0,,,,,,,,,,,
/content/drive/MyDrive/Honey/Honeybee_Model_v11_7_Peak_Index_Audit.csv,Honeybee_Model_v11_7_Peak_Index_Audit.csv,.csv,NOT_ANALYZED,Only 0 PN-like columns found,4.0,9.0,,,,,,,,,,,
/content/drive/MyDrive/Honey/Honeybee_Model_v11_7_Perturbation_Invariance_Audit.csv,Honeybee_Model_v11_7_Perturbation_Invariance_Audit.csv,.csv,NOT_ANALYZED,Only 0 PN-like columns found,24.0,7.0,,,,,,,,,,,
/content/drive/MyDrive/Honey/Honeybee_Model_v11_7_Structure_Audit.csv,Honeybee_Model_v11_7_Structure_Audit.csv,.csv,NOT_ANALYZED,Only 0 PN-like columns found,20.0,14.0,,,,,,,,,,,
/content/drive/MyDrive/Honey/Honeybee_Model_v11_7_Version_Comparison.csv,Honeybee_Model_v11_7_Version_Comparison.csv,.csv,NOT_ANALYZED,Only 0 PN-like columns found,2.0,5.0,,,,,,,,,,,
/content/drive/MyDrive/Honey/Honeybee_Model_v11_8_Causal_Sign_Audit.csv,Honeybee_Model_v11_8_Causal_Sign_Audit.csv,.csv,NOT_ANALYZED,Only 0 PN-like columns found,4.0,6.0,,,,,,,,,,,
/content/drive/MyDrive/Honey/Honeybee_Model_v11_8_Cross_Version_Comparison.csv,Honeybee_Model_v11_8_Cross_Version_Comparison.csv,.csv,NOT_ANALYZED,Only 0 PN-like columns found,2.0,9.0,,,,,,,,,,,
/content/drive/MyDrive/Honey/Honeybee_Model_v11_8_Frozen_Response_Audit.csv,Honeybee_Model_v11_8_Frozen_Response_Audit.csv,.csv,NOT_ANALYZED,Only 0 PN-like columns found,24.0,6.0,,,,,,,,,,,
/content/drive/MyDrive/Honey/Honeybee_Model_v11_8_Implementation_Forensic_Master.xlsx,Honeybee_Model_v11_8_Implementation_Forensic_Master.xlsx,.xlsx,NOT_ANALYZED,Only 0 PN-like columns found,20.0,18.0,,,,,,,,,,,
/content/drive/MyDrive/Honey/Honeybee_Model_v11_8_Implementation_Signature.csv,Honeybee_Model_v11_8_Implementation_Signature.csv,.csv,NOT_ANALYZED,Only 0 PN-like columns found,20.0,18.0,,,,,,,,,,,
/content/drive/MyDrive/Honey/Honeybee_Model_v11_8_Perturbation_Transformation_Audit.csv,Honeybee_Model_v11_8_Perturbation_Transformation_Audit.csv,.csv,NOT_ANALYZED,Only 0 PN-like columns found,20.0,13.0,,,,,,,,,,,
/content/drive/MyDrive/Honey/Honeybee_Model_v11_8_Zero_Perturbation_Semantics.csv,Honeybee_Model_v11_8_Zero_Perturbation_Semantics.csv,.csv,NOT_ANALYZED,Only 0 PN-like columns found,4.0,10.0,,,,,,,,,,,
/content/drive/MyDrive/Honey/Honeybee_Model_v11_9_Cross_Version_Sign.csv,Honeybee_Model_v11_9_Cross_Version_Sign.csv,.csv,NOT_ANALYZED,Only 0 PN-like columns found,2.0,7.0,,,,,,,,,,,
/content/drive/MyDrive/Honey/Honeybee_Model_v11_9_Final_Diagnostic.csv,Honeybee_Model_v11_9_Final_Diagnostic.csv,.csv,NOT_ANALYZED,Only 0 PN-like columns found,8.0,1.0,,,,,,,,,,,
/content/drive/MyDrive/Honey/Honeybee_Model_v11_9_Implementation_Flags.csv,Honeybee_Model_v11_9_Implementation_Flags.csv,.csv,NOT_ANALYZED,Only 0 PN-like columns found,7.0,3.0,,,,,,,,,,,
/content/drive/MyDrive/Honey/Honeybee_Model_v11_9_Implementation_Forensic_Master.xlsx,Honeybee_Model_v11_9_Implementation_Forensic_Master.xlsx,.xlsx,NOT_ANALYZED,Only 0 PN-like columns found,20.0,12.0,,,,,,,,,,,
/content/drive/MyDrive/Honey/Honeybee_Model_v11_9_Perturbation_Linearity.csv,Honeybee_Model_v11_9_Perturbation_Linearity.csv,.csv,NOT_ANALYZED,Only 0 PN-like columns found,4.0,5.0,,,,,,,,,,,
/content/drive/MyDrive/Honey/Honeybee_Model_v11_9_Perturbation_Semantics.csv,Honeybee_Model_v11_9_Perturbation_Semantics.csv,.csv,NOT_ANALYZED,Only 0 PN-like columns found,20.0,12.0,,,,,,,,,,,
/content/drive/MyDrive/Honey/Honeybee_Model_v11_9_Response_Decomposition.csv,Honeybee_Model_v11_9_Response_Decomposition.csv,.csv,NOT_ANALYZED,Only 0 PN-like columns found,20.0,9.0,,,,,,,,,,,
/content/drive/MyDrive/Honey/Honeybee_Model_v11_9_Zero_Full_Transformation.csv,Honeybee_Model_v11_9_Zero_Full_Transformation.csv,.csv,NOT_ANALYZED,Only 0 PN-like columns found,4.0,12.0,,,,,,,,,,,
/content/drive/MyDrive/Honey/Honeybee_Model_v12_0_Endpoint_Effects.csv,Honeybee_Model_v12_0_Endpoint_Effects.csv,.csv,NOT_ANALYZED,Only 0 PN-like columns found,6.0,6.0,,,,,,,,,,,
/content/drive/MyDrive/Honey/Honeybee_Model_v12_0_Implementation_Difference.csv,Honeybee_Model_v12_0_Implementation_Difference.csv,.csv,NOT_ANALYZED,Only 0 PN-like columns found,2.0,5.0,,,,,,,,,,,
/content/drive/MyDrive/Honey/Honeybee_Model_v12_0_Implementation_Reconciliation.xlsx,Honeybee_Model_v12_0_Implementation_Reconciliation.xlsx,.xlsx,NOT_ANALYZED,Only 0 PN-like columns found,200.0,22.0,,,,,,,,,,,
/content/drive/MyDrive/Honey/Honeybee_Model_v12_0_Implementation_Reconciliation_All.csv,Honeybee_Model_v12_0_Implementation_Reconciliation_All.csv,.csv,NOT_ANALYZED,Only 0 PN-like columns found,200.0,22.0,,,,,,,,,,,
/content/drive/MyDrive/Honey/Honeybee_Model_v12_0_Implementation_Reconciliation_Summary.csv,Honeybee_Model_v12_0_Implementation_Reconciliation_Summary.csv,.csv,NOT_ANALYZED,Only 0 PN-like columns found,10.0,9.0,,,,,,,,,,,
/content/drive/MyDrive/Honey/Honeybee_Model_v12_0_Monotonicity.csv,Honeybee_Model_v12_0_Monotonicity.csv,.csv,NOT_ANALYZED,Only 0 PN-like columns found,6.0,5.0,,,,,,,,,,,
/content/drive/MyDrive/Honey/Honeybee_Model_v12_2_10B_Landscape/01_Reconstructed_Summary.csv,01_Reconstructed_Summary.csv,.csv,NOT_ANALYZED,Only 0 PN-like columns found,144.0,12.0,,,,,,,,,,,
/content/drive/MyDrive/Honey/Honeybee_Model_v12_2_10B_Landscape/02_Reconstructed_Group_Results.csv,02_Reconstructed_Group_Results.csv,.csv,NOT_ANALYZED,Only 0 PN-like columns found,1440.0,8.0,,,,,,,,,,,
/content/drive/MyDrive/Honey/Honeybee_Model_v12_2_10B_Landscape/03_Candidate_Probability_Matrix.csv,03_Candidate_Probability_Matrix.csv,.csv,NOT_ANALYZED,Only 0 PN-like columns found,12.0,13.0,,,,,,,,,,,
/content/drive/MyDrive/Honey/Honeybee_Model_v12_2_10B_Landscape/04_Successful_Groups_Matrix.csv,04_Successful_Groups_Matrix.csv,.csv,NOT_ANALYZED,Only 0 PN-like columns found,12.0,13.0,,,,,,,,,,,
/content/drive/MyDrive/Honey/Honeybee_Model_v12_2_10B_Landscape/05_Mean_PeakShift_Matrix.csv,05_Mean_PeakShift_Matrix.csv,.csv,NOT_ANALYZED,Only 0 PN-like columns found,12.0,13.0,,,,,,,,,,,
/content/drive/MyDrive/Honey/Honeybee_Model_v12_2_10B_Landscape/06_Mean_PeakPI_Matrix.csv,06_Mean_PeakPI_Matrix.csv,.csv,NOT_ANALYZED,Only 0 PN-like columns found,12.0,13.0,,,,,,,,,,,
/content/drive/MyDrive/Honey/Honeybee_Model_v12_2_10B_Landscape/07_ProfileRange_Matrix.csv,07_ProfileRange_Matrix.csv,.csv,NOT_ANALYZED,Only 0 PN-like columns found,12.0,13.0,,,,,,,,,,,
/content/drive/MyDrive/Honey/Honeybee_Model_v12_2_10B_Landscape/13_Top20_Parameter_Combinations.csv,13_Top20_Parameter_Combinations.csv,.csv,NOT_ANALYZED,Only 0 PN-like columns found,20.0,13.0,,,,,,,,,,,
/content/drive/MyDrive/Honey/Honeybee_Model_v12_2_10B_Landscape/14_High_Performing_Region.csv,14_High_Performing_Region.csv,.csv,NOT_ANALYZED,Only 0 PN-like columns found,14.0,12.0,,,,,,,,,,,
/content/drive/MyDrive/Honey/Honeybee_Model_v12_2_10B_Landscape/15_Annotated_Landscape.csv,15_Annotated_Landscape.csv,.csv,NOT_ANALYZED,Only 0 PN-like columns found,144.0,15.0,,,,,,,,,,,
/content/drive/MyDrive/Honey/Honeybee_Model_v12_2_10B_Landscape/16_Final_Report.csv,16_Final_Report.csv,.csv,NOT_ANALYZED,Only 0 PN-like columns found,13.0,2.0,,,,,,,,,,,
/content/drive/MyDrive/Honey/Honeybee_Model_v12_2_11B_Geometric_PeakShift/01_Network_Level_Geometric_Analysis.csv,01_Network_Level_Geometric_Analysis.csv,.csv,NOT_ANALYZED,Only 0 PN-like columns found,14400.0,23.0,,,,,,,,,,,
/content/drive/MyDrive/Honey/Honeybee_Model_v12_2_11B_Geometric_PeakShift/02_Geometric_Landscape_Summary.csv,02_Geometric_Landscape_Summary.csv,.csv,NOT_ANALYZED,Only 0 PN-like columns found,144.0,16.0,,,,,,,,,,,
/content/drive/MyDrive/Honey/Honeybee_Model_v12_2_11B_Geometric_PeakShift/03_Stimulus_Geometry.csv,03_Stimulus_Geometry.csv,.csv,NOT_ANALYZED,Only 0 PN-like columns found,100.0,11.0,,,,,,,,,,,
/content/drive/MyDrive/Honey/Honeybee_Model_v12_2_11B_Geometric_PeakShift/04_Strict_Geometric_Probability_Matrix.csv,04_Strict_Geometric_Probability_Matrix.csv,.csv,NOT_ANALYZED,Only 0 PN-like columns found,12.0,13.0,,,,,,,,,,,
/content/drive/MyDrive/Honey/Honeybee_Model_v12_2_11B_Geometric_PeakShift/05_Geometric_PeakShift_Probability_Matrix.csv,05_Geometric_PeakShift_Probability_Matrix.csv,.csv,NOT_ANALYZED,Only 0 PN-like columns found,12.0,13.0,,,,,,,,,,,
/content/drive/MyDrive/Honey/Honeybee_Model_v12_2_11B_Geometric_PeakShift/06_Distance_Advantage_Matrix.csv,06_Distance_Advantage_Matrix.csv,.csv,NOT_ANALYZED,Only 0 PN-like columns found,12.0,13.0,,,,,,,,,,,
/content/drive/MyDrive/Honey/Honeybee_Model_v12_2_11B_Geometric_PeakShift/10_Top_Geometric_Parameter_Combinations.csv,10_Top_Geometric_Parameter_Combinations.csv,.csv,NOT_ANALYZED,Only 0 PN-like columns found,20.0,16.0,,,,,,,,,,,
/content/drive/MyDrive/Honey/Honeybee_Model_v12_2_11B_Geometric_PeakShift/11_Final_Geometric_Report.csv,11_Final_Geometric_Report.csv,.csv,NOT_ANALYZED,Only 0 PN-like columns found,21.0,2.0,,,,,,,,,,,
/content/drive/MyDrive/Honey/Honeybee_Model_v12_2_12C_Geometry_Null_Test/01_Network_Geometry_Null_Analysis.csv,01_Network_Geometry_Null_Analysis.csv,.csv,NOT_ANALYZED,Only 0 PN-like columns found,14400.0,23.0,,,,,,,,,,,
/content/drive/MyDrive/Honey/Honeybee_Model_v12_2_12C_Geometry_Null_Test/02_Geometry_Null_Enrichment_Summary.csv,02_Geometry_Null_Enrichment_Summary.csv,.csv,NOT_ANALYZED,Only 0 PN-like columns found,144.0,22.0,,,,,,,,,,,
/content/drive/MyDrive/Honey/Honeybee_Model_v12_2_12C_Geometry_Null_Test/03_Stimulus_Geometry.csv,03_Stimulus_Geometry.csv,.csv,NOT_ANALYZED,Only 0 PN-like columns found,100.0,11.0,,,,,,,,,,,
/content/drive/MyDrive/Honey/Honeybee_Model_v12_2_12C_Geometry_Null_Test/04_Top_Geometric_Enrichment.csv,04_Top_Geometric_Enrichment.csv,.csv,NOT_ANALYZED,Only 0 PN-like columns found,20.0,22.0,,,,,,,,,,,
/content/drive/MyDrive/Honey/Honeybee_Model_v12_2_12C_Geometry_Null_Test/05_Top_Distance_Advantage.csv,05_Top_Distance_Advantage.csv,.csv,NOT_ANALYZED,Only 0 PN-like columns found,20.0,22.0,,,,,,,,,,,
/content/drive/MyDrive/Honey/Honeybee_Model_v12_2_12C_Geometry_Null_Test/06_Published_Default_Point.csv,06_Published_Default_Point.csv,.csv,NOT_ANALYZED,Only 0 PN-like columns found,1.0,22.0,,,,,,,,,,,
/content/drive/MyDrive/Honey/Honeybee_Model_v12_2_12C_Geometry_Null_Test/07_Final_Report.csv,07_Final_Report.csv,.csv,NOT_ANALYZED,Only 0 PN-like columns found,15.0,2.0,,,,,,,,,,,
/content/drive/MyDrive/Honey/Honeybee_Model_v12_2_13_Geometry_Controlled_CSplus_Test/01_Network_CSplus_Geometry_Rank.csv,01_Network_CSplus_Geometry_Rank.csv,.csv,NOT_ANALYZED,Only 0 PN-like columns found,14400.0,28.0,,,,,,,,,,,
/content/drive/MyDrive/Honey/Honeybee_Model_v12_2_13_Geometry_Controlled_CSplus_Test/02_CSplus_Geometry_Controlled_Summary.csv,02_CSplus_Geometry_Controlled_Summary.csv,.csv,NOT_ANALYZED,Only 0 PN-like columns found,144.0,18.0,,,,,,,,,,,
/content/drive/MyDrive/Honey/Honeybee_Model_v12_2_13_Geometry_Controlled_CSplus_Test/03_Geometric_Candidate_Ranking.csv,03_Geometric_Candidate_Ranking.csv,.csv,NOT_ANALYZED,Only 0 PN-like columns found,94.0,10.0,,,,,,,,,,,
/content/drive/MyDrive/Honey/Honeybee_Model_v12_2_13_Geometry_Controlled_CSplus_Test/04_Top_CSplus_Attraction_Conditions.csv,04_Top_CSplus_Attraction_Conditions.csv,.csv,NOT_ANALYZED,Only 0 PN-like columns found,20.0,18.0,,,,,,,,,,,
/content/drive/MyDrive/Honey/Honeybee_Model_v12_2_13_Geometry_Controlled_CSplus_Test/05_Published_Default.csv,05_Published_Default.csv,.csv,NOT_ANALYZED,Only 0 PN-like columns found,1.0,18.0,,,,,,,,,,,
/content/drive/MyDrive/Honey/Honeybee_Model_v12_2_13_Geometry_Controlled_CSplus_Test/06_Final_Report.csv,06_Final_Report.csv,.csv,NOT_ANALYZED,Only 0 PN-like columns found,11.0,2.0,,,,,,,,,,,
/content/drive/MyDrive/Honey/Honeybee_Model_v12_2_14_WithinNetwork_Permutation_Null/01_Network_WithinNetwork_Permutation.csv,01_Network_WithinNetwork_Permutation.csv,.csv,NOT_ANALYZED,Only 0 PN-like columns found,14400.0,27.0,,,,,,,,,,,
/content/drive/MyDrive/Honey/Honeybee_Model_v12_2_14_WithinNetwork_Permutation_Null/02_WithinNetwork_Permutation_Summary.csv,02_WithinNetwork_Permutation_Summary.csv,.csv,NOT_ANALYZED,Only 0 PN-like columns found,144.0,19.0,,,,,,,,,,,
/content/drive/MyDrive/Honey/Honeybee_Model_v12_2_14_WithinNetwork_Permutation_Null/03_Geometric_Candidate_Set.csv,03_Geometric_Candidate_Set.csv,.csv,NOT_ANALYZED,Only 0 PN-like columns found,94.0,9.0,,,,,,,,,,,
/content/drive/MyDrive/Honey/Honeybee_Model_v12_2_14_WithinNetwork_Permutation_Null/04_Published_Default.csv,04_Published_Default.csv,.csv,NOT_ANALYZED,Only 0 PN-like columns found,1.0,19.0,,,,,,,,,,,
/content/drive/MyDrive/Honey/Honeybee_Model_v12_2_14_WithinNetwork_Permutation_Null/05_Top_CSplus_Attraction.csv,05_Top_CSplus_Attraction.csv,.csv,NOT_ANALYZED,Only 0 PN-like columns found,20.0,19.0,,,,,,,,,,,
/content/drive/MyDrive/Honey/Honeybee_Model_v12_2_14_WithinNetwork_Permutation_Null/06_Final_Report.csv,06_Final_Report.csv,.csv,NOT_ANALYZED,Only 0 PN-like columns found,13.0,2.0,,,,,,,,,,,
/content/drive/MyDrive/Honey/Honeybee_Model_v12_2_15_Mechanistic_Decomposition.csv,Honeybee_Model_v12_2_15_Mechanistic_Decomposition.csv,.csv,NOT_ANALYZED,Only 0 PN-like columns found,400.0,34.0,,,,,,,,,,,
/content/drive/MyDrive/Honey/Honeybee_Model_v12_2_15_Paired_Analysis.csv,Honeybee_Model_v12_2_15_Paired_Analysis.csv,.csv,NOT_ANALYZED,Only 0 PN-like columns found,17.0,10.0,,,,,,,,,,,
/content/drive/MyDrive/Honey/Honeybee_Model_v12_2_15_Summary.csv,Honeybee_Model_v12_2_15_Summary.csv,.csv,NOT_ANALYZED,Only 0 PN-like columns found,4.0,16.0,,,,,,,,,,,
/content/drive/MyDrive/Honey/Honeybee_Model_v12_2_16_ConditionSummary.csv,Honeybee_Model_v12_2_16_ConditionSummary.csv,.csv,NOT_ANALYZED,Only 0 PN-like columns found,4.0,13.0,,,,,,,,,,,
/content/drive/MyDrive/Honey/Honeybee_Model_v12_2_16_NetworkSummary.csv,Honeybee_Model_v12_2_16_NetworkSummary.csv,.csv,NOT_ANALYZED,Only 0 PN-like columns found,400.0,24.0,,,,,,,,,,,
/content/drive/MyDrive/Honey/Honeybee_Model_v12_2_16_ResponseProfiles.csv,Honeybee_Model_v12_2_16_ResponseProfiles.csv,.csv,NOT_ANALYZED,Only 0 PN-like columns found,40000.0,10.0,,,,,,,,,,,
/content/drive/MyDrive/Honey/Honeybee_Model_v12_2_17_Geometry_Forensic_Audit.csv,Honeybee_Model_v12_2_17_Geometry_Forensic_Audit.csv,.csv,NOT_ANALYZED,Only 0 PN-like columns found,100.0,11.0,,,,,,,,,,,
/content/drive/MyDrive/Honey/Honeybee_Model_v12_2_18_CorrectedGeometry_ConditionSummary.csv,Honeybee_Model_v12_2_18_CorrectedGeometry_ConditionSummary.csv,.csv,NOT_ANALYZED,Only 0 PN-like columns found,4.0,13.0,,,,,,,,,,,
/content/drive/MyDrive/Honey/Honeybee_Model_v12_2_18_CorrectedGeometry_MeanProfiles.csv,Honeybee_Model_v12_2_18_CorrectedGeometry_MeanProfiles.csv,.csv,NOT_ANALYZED,Only 0 PN-like columns found,400.0,6.0,,,,,,,,,,,
/content/drive/MyDrive/Honey/Honeybee_Model_v12_2_18_CorrectedGeometry_NetworkAnalysis.csv,Honeybee_Model_v12_2_18_CorrectedGeometry_NetworkAnalysis.csv,.csv,NOT_ANALYZED,Only 0 PN-like columns found,400.0,15.0,,,,,,,,,,,
/content/drive/MyDrive/Honey/Honeybee_Model_v12_2_18_CorrectedGeometry_PairedAnalysis.csv,Honeybee_Model_v12_2_18_CorrectedGeometry_PairedAnalysis.csv,.csv,NOT_ANALYZED,Only 0 PN-like columns found,45.0,10.0,,,,,,,,,,,
/content/drive/MyDrive/Honey/Honeybee_Model_v12_2_19_FormalCausal_NetworkAnalysis.csv,Honeybee_Model_v12_2_19_FormalCausal_NetworkAnalysis.csv,.csv,NOT_ANALYZED,Only 0 PN-like columns found,100.0,31.0,,,,,,,,,,,
/content/drive/MyDrive/Honey/Honeybee_Model_v12_2_19_FormalCausal_PairedTests.csv,Honeybee_Model_v12_2_19_FormalCausal_PairedTests.csv,.csv,NOT_ANALYZED,Only 0 PN-like columns found,5.0,9.0,,,,,,,,,,,
/content/drive/MyDrive/Honey/Honeybee_Model_v12_2_19_FormalCausal_Summary.csv,Honeybee_Model_v12_2_19_FormalCausal_Summary.csv,.csv,NOT_ANALYZED,Only 0 PN-like columns found,20.0,2.0,,,,,,,,,,,
/content/drive/MyDrive/Honey/Honeybee_Model_v12_2_19_WithinNetwork_Null.csv,Honeybee_Model_v12_2_19_WithinNetwork_Null.csv,.csv,NOT_ANALYZED,Only 0 PN-like columns found,100.0,4.0,,,,,,,,,,,
/content/drive/MyDrive/Honey/Honeybee_Model_v12_2_20B_Actual_PNKC_Remodeling.csv,Honeybee_Model_v12_2_20B_Actual_PNKC_Remodeling.csv,.csv,NOT_ANALYZED,Only 0 PN-like columns found,100.0,20.0,,,,,,,,,,,
/content/drive/MyDrive/Honey/Honeybee_Model_v12_2_20B_Summary.csv,Honeybee_Model_v12_2_20B_Summary.csv,.csv,NOT_ANALYZED,Only 0 PN-like columns found,17.0,2.0,,,,,,,,,,,
/content/drive/MyDrive/Honey/Honeybee_Model_v12_2_21_RepresentationLevel_Analysis.csv,Honeybee_Model_v12_2_21_RepresentationLevel_Analysis.csv,.csv,NOT_ANALYZED,Only 0 PN-like columns found,100.0,23.0,,,,,,,,,,,
/content/drive/MyDrive/Honey/Honeybee_Model_v12_2_21_RepresentationLevel_Summary.csv,Honeybee_Model_v12_2_21_RepresentationLevel_Summary.csv,.csv,NOT_ANALYZED,Only 0 PN-like columns found,10.0,2.0,,,,,,,,,,,
/content/drive/MyDrive/Honey/Honeybee_Model_v12_2_22_LocalPeak_NetworkAnalysis.csv,Honeybee_Model_v12_2_22_LocalPeak_NetworkAnalysis.csv,.csv,NOT_ANALYZED,Only 0 PN-like columns found,100.0,23.0,,,,,,,,,,,
/content/drive/MyDrive/Honey/Honeybee_Model_v12_2_22_LocalPeak_Summary.csv,Honeybee_Model_v12_2_22_LocalPeak_Summary.csv,.csv,NOT_ANALYZED,Only 0 PN-like columns found,8.0,7.0,,,,,,,,,,,
/content/drive/MyDrive/Honey/Honeybee_Model_v12_2_23_TrueHamming_GeometryAudit.csv,Honeybee_Model_v12_2_23_TrueHamming_GeometryAudit.csv,.csv,NOT_ANALYZED,Only 0 PN-like columns found,100.0,4.0,,,,,,,,,,,
/content/drive/MyDrive/Honey/Honeybee_Model_v12_2_23_TrueHamming_LocalPeak_NetworkAnalysis.csv,Honeybee_Model_v12_2_23_TrueHamming_LocalPeak_NetworkAnalysis.csv,.csv,NOT_ANALYZED,Only 0 PN-like columns found,100.0,28.0,,,,,,,,,,,
/content/drive/MyDrive/Honey/Honeybee_Model_v12_2_23_TrueHamming_LocalPeak_Summary.csv,Honeybee_Model_v12_2_23_TrueHamming_LocalPeak_Summary.csv,.csv,NOT_ANALYZED,Only 0 PN-like columns found,7.0,7.0,,,,,,,,,,,
/content/drive/MyDrive/Honey/Honeybee_Model_v12_2_24_GeometryControlled_NetworkAnalysis.csv,Honeybee_Model_v12_2_24_GeometryControlled_NetworkAnalysis.csv,.csv,NOT_ANALYZED,Only 0 PN-like columns found,100.0,18.0,,,,,,,,,,,
/content/drive/MyDrive/Honey/Honeybee_Model_v12_2_24_GeometryControlled_Null.csv,Honeybee_Model_v12_2_24_GeometryControlled_Null.csv,.csv,NOT_ANALYZED,Only 0 PN-like columns found,100.0,11.0,,,,,,,,,,,
/content/drive/MyDrive/Honey/Honeybee_Model_v12_2_24_GeometryControlled_Summary.csv,Honeybee_Model_v12_2_24_GeometryControlled_Summary.csv,.csv,NOT_ANALYZED,Only 0 PN-like columns found,19.0,2.0,,,,,,,,,,,
/content/drive/MyDrive/Honey/Honeybee_Model_v12_2_25_Counterfactual_NetworkAnalysis.csv,Honeybee_Model_v12_2_25_Counterfactual_NetworkAnalysis.csv,.csv,NOT_ANALYZED,Only 0 PN-like columns found,100.0,19.0,,,,,,,,,,,
/content/drive/MyDrive/Honey/Honeybee_Model_v12_2_25_Counterfactual_Profiles.csv,Honeybee_Model_v12_2_25_Counterfactual_Profiles.csv,.csv,NOT_ANALYZED,Only 0 PN-like columns found,10000.0,11.0,,,,,,,,,,,
/content/drive/MyDrive/Honey/Honeybee_Model_v12_2_25_Counterfactual_Summary.csv,Honeybee_Model_v12_2_25_Counterfactual_Summary.csv,.csv,NOT_ANALYZED,Only 0 PN-like columns found,21.0,2.0,,,,,,,,,,,
/content/drive/MyDrive/Honey/Honeybee_Model_v12_2_26_PeakLocation_NetworkAnalysis.csv,Honeybee_Model_v12_2_26_PeakLocation_NetworkAnalysis.csv,.csv,NOT_ANALYZED,Only 0 PN-like columns found,100.0,23.0,,,,,,,,,,,
/content/drive/MyDrive/Honey/Honeybee_Model_v12_2_26_PeakLocation_ProfileAnalysis.csv,Honeybee_Model_v12_2_26_PeakLocation_ProfileAnalysis.csv,.csv,NOT_ANALYZED,Only 0 PN-like columns found,10000.0,12.0,,,,,,,,,,,
/content/drive/MyDrive/Honey/Honeybee_Model_v12_2_26_PeakLocation_Summary.csv,Honeybee_Model_v12_2_26_PeakLocation_Summary.csv,.csv,NOT_ANALYZED,Only 0 PN-like columns found,31.0,2.0,,,,,,,,,,,
/content/drive/MyDrive/Honey/Honeybee_Model_v12_2_27_ResponseDecomposition_NetworkAnalysis.csv,Honeybee_Model_v12_2_27_ResponseDecomposition_NetworkAnalysis.csv,.csv,NOT_ANALYZED,Only 0 PN-like columns found,100.0,27.0,,,,,,,,,,,
/content/drive/MyDrive/Honey/Honeybee_Model_v12_2_27_ResponseDecomposition_Profiles.csv,Honeybee_Model_v12_2_27_ResponseDecomposition_Profiles.csv,.csv,NOT_ANALYZED,Only 0 PN-like columns found,10000.0,14.0,,,,,,,,,,,
/content/drive/MyDrive/Honey/Honeybee_Model_v12_2_27_ResponseDecomposition_Summary.csv,Honeybee_Model_v12_2_27_ResponseDecomposition_Summary.csv,.csv,NOT_ANALYZED,Only 0 PN-like columns found,35.0,2.0,,,,,,,,,,,
/content/drive/MyDrive/Honey/Honeybee_Model_v12_2_28_Decomposition_NetworkAnalysis.csv,Honeybee_Model_v12_2_28_Decomposition_NetworkAnalysis.csv,.csv,NOT_ANALYZED,Only 0 PN-like columns found,100.0,31.0,,,,,,,,,,,
/content/drive/MyDrive/Honey/Honeybee_Model_v12_2_28_Decomposition_Profiles.csv,Honeybee_Model_v12_2_28_Decomposition_Profiles.csv,.csv,NOT_ANALYZED,Only 0 PN-like columns found,10000.0,19.0,,,,,,,,,,,
/content/drive/MyDrive/Honey/Honeybee_Model_v12_2_28_Decomposition_Summary.csv,Honeybee_Model_v12_2_28_Decomposition_Summary.csv,.csv,NOT_ANALYZED,Only 0 PN-like columns found,46.0,2.0,,,,,,,,,,,
/content/drive/MyDrive/Honey/Honeybee_Model_v12_2_29_SignedComponent_DominanceSummary.csv,Honeybee_Model_v12_2_29_SignedComponent_DominanceSummary.csv,.csv,NOT_ANALYZED,Only 0 PN-like columns found,1.0,3.0,,,,,,,,,,,
/content/drive/MyDrive/Honey/Honeybee_Model_v12_2_29_SignedComponent_GeometryAudit.csv,Honeybee_Model_v12_2_29_SignedComponent_GeometryAudit.csv,.csv,NOT_ANALYZED,Only 0 PN-like columns found,100.0,7.0,,,,,,,,,,,
/content/drive/MyDrive/Honey/Honeybee_Model_v12_2_29_SignedComponent_InteractionSummary.csv,Honeybee_Model_v12_2_29_SignedComponent_InteractionSummary.csv,.csv,NOT_ANALYZED,Only 0 PN-like columns found,1.0,3.0,,,,,,,,,,,
/content/drive/MyDrive/Honey/Honeybee_Model_v12_2_29_SignedComponent_NetworkAnalysis.csv,Honeybee_Model_v12_2_29_SignedComponent_NetworkAnalysis.csv,.csv,NOT_ANALYZED,Only 0 PN-like columns found,100.0,35.0,,,,,,,,,,,
/content/drive/MyDrive/Honey/Honeybee_Model_v12_2_29_SignedComponent_ProfileAnalysis.csv,Honeybee_Model_v12_2_29_SignedComponent_ProfileAnalysis.csv,.csv,NOT_ANALYZED,Only 0 PN-like columns found,10000.0,15.0,,,,,,,,,,,
/content/drive/MyDrive/Honey/Honeybee_Model_v12_2_29_SignedComponent_Summary.csv,Honeybee_Model_v12_2_29_SignedComponent_Summary.csv,.csv,NOT_ANALYZED,Only 0 PN-like columns found,74.0,2.0,,,,,,,,,,,
/content/drive/MyDrive/Honey/Honeybee_Model_v12_2_30_Geometry_Definition_Comparison.csv,Honeybee_Model_v12_2_30_Geometry_Definition_Comparison.csv,.csv,NOT_ANALYZED,Only 0 PN-like columns found,8.0,2.0,,,,,,,,,,,
/content/drive/MyDrive/Honey/Honeybee_Model_v12_2_30_Geometry_Forensic_Audit.csv,Honeybee_Model_v12_2_30_Geometry_Forensic_Audit.csv,.csv,NOT_ANALYZED,Only 0 PN-like columns found,100.0,12.0,,,,,,,,,,,
/content/drive/MyDrive/Honey/Honeybee_Model_v12_2_30_Geometry_SignedComponent_Summary.csv,Honeybee_Model_v12_2_30_Geometry_SignedComponent_Summary.csv,.csv,NOT_ANALYZED,Only 0 PN-like columns found,25.0,2.0,,,,,,,,,,,
/content/drive/MyDrive/Honey/Honeybee_Model_v12_2_31B_GeometryMatched_Control.csv,Honeybee_Model_v12_2_31B_GeometryMatched_Control.csv,.csv,NOT_ANALYZED,Only 0 PN-like columns found,100.0,8.0,,,,,,,,,,,
/content/drive/MyDrive/Honey/Honeybee_Model_v12_2_31B_PeakCausality_NetworkAnalysis.csv,Honeybee_Model_v12_2_31B_PeakCausality_NetworkAnalysis.csv,.csv,NOT_ANALYZED,Only 0 PN-like columns found,100.0,20.0,,,,,,,,,,,
/content/drive/MyDrive/Honey/Honeybee_Model_v12_2_31B_PeakCausality_Summary.csv,Honeybee_Model_v12_2_31B_PeakCausality_Summary.csv,.csv,NOT_ANALYZED,Only 0 PN-like columns found,42.0,2.0,,,,,,,,,,,
/content/drive/MyDrive/Honey/Honeybee_Model_v12_2_31B_ProfileGeometry.csv,Honeybee_Model_v12_2_31B_ProfileGeometry.csv,.csv,NOT_ANALYZED,Only 0 PN-like columns found,10000.0,19.0,,,,,,,,,,,
/content/drive/MyDrive/Honey/Honeybee_Model_v12_2_32_GeometryControlledPermutation_NetworkAnalysis.csv,Honeybee_Model_v12_2_32_GeometryControlledPermutation_NetworkAnalysis.csv,.csv,NOT_ANALYZED,Only 0 PN-like columns found,100.0,14.0,,,,,,,,,,,
/content/drive/MyDrive/Honey/Honeybee_Model_v12_2_32_GeometryControlledPermutation_Null.csv,Honeybee_Model_v12_2_32_GeometryControlledPermutation_Null.csv,.csv,NOT_ANALYZED,Only 0 PN-like columns found,100.0,14.0,,,,,,,,,,,
/content/drive/MyDrive/Honey/Honeybee_Model_v12_2_32_GeometryControlledPermutation_Summary.csv,Honeybee_Model_v12_2_32_GeometryControlledPermutation_Summary.csv,.csv,NOT_ANALYZED,Only 0 PN-like columns found,39.0,2.0,,,,,,,,,,,
/content/drive/MyDrive/Honey/Honeybee_Model_v12_2_33_Interaction_NetworkAnalysis.csv,Honeybee_Model_v12_2_33_Interaction_NetworkAnalysis.csv,.csv,NOT_ANALYZED,Only 0 PN-like columns found,100.0,22.0,,,,,,,,,,,
/content/drive/MyDrive/Honey/Honeybee_Model_v12_2_33_Interaction_ProfileAnalysis.csv,Honeybee_Model_v12_2_33_Interaction_ProfileAnalysis.csv,.csv,NOT_ANALYZED,Only 0 PN-like columns found,10000.0,22.0,,,,,,,,,,,
/content/drive/MyDrive/Honey/Honeybee_Model_v12_2_33_Interaction_Summary.csv,Honeybee_Model_v12_2_33_Interaction_Summary.csv,.csv,NOT_ANALYZED,Only 0 PN-like columns found,58.0,2.0,,,,,,,,,,,
/content/drive/MyDrive/Honey/Honeybee_Model_v12_2_34_Counterfactual_NetworkAnalysis.csv,Honeybee_Model_v12_2_34_Counterfactual_NetworkAnalysis.csv,.csv,NOT_ANALYZED,Only 0 PN-like columns found,100.0,17.0,,,,,,,,,,,
/content/drive/MyDrive/Honey/Honeybee_Model_v12_2_34_Counterfactual_PeakDistributions.csv,Honeybee_Model_v12_2_34_Counterfactual_PeakDistributions.csv,.csv,NOT_ANALYZED,Only 0 PN-like columns found,100000.0,8.0,,,,,,,,,,,
/content/drive/MyDrive/Honey/Honeybee_Model_v12_2_34_Counterfactual_Summary.csv,Honeybee_Model_v12_2_34_Counterfactual_Summary.csv,.csv,NOT_ANALYZED,Only 0 PN-like columns found,1.0,28.0,,,,,,,,,,,
/content/drive/MyDrive/Honey/Honeybee_Model_v12_2_35_AlignmentSweep.csv,Honeybee_Model_v12_2_35_AlignmentSweep.csv,.csv,NOT_ANALYZED,Only 0 PN-like columns found,7.0,12.0,,,,,,,,,,,
/content/drive/MyDrive/Honey/Honeybee_Model_v12_2_35_AlignmentSweep_Summary.csv,Honeybee_Model_v12_2_35_AlignmentSweep_Summary.csv,.csv,NOT_ANALYZED,Only 0 PN-like columns found,1.0,33.0,,,,,,,,,,,
/content/drive/MyDrive/Honey/Honeybee_Model_v12_2_36_GeometryControlled_Alignment.csv,Honeybee_Model_v12_2_36_GeometryControlled_Alignment.csv,.csv,NOT_ANALYZED,Only 0 PN-like columns found,7.0,16.0,,,,,,,,,,,
/content/drive/MyDrive/Honey/Honeybee_Model_v12_2_36_GeometryControlled_NetworkAnalysis.csv,Honeybee_Model_v12_2_36_GeometryControlled_NetworkAnalysis.csv,.csv,NOT_ANALYZED,Only 0 PN-like columns found,100.0,11.0,,,,,,,,,,,
/content/drive/MyDrive/Honey/Honeybee_Model_v12_2_36_GeometryControlled_Summary.csv,Honeybee_Model_v12_2_36_GeometryControlled_Summary.csv,.csv,NOT_ANALYZED,Only 0 PN-like columns found,1.0,45.0,,,,,,,,,,,
/content/drive/MyDrive/Honey/Honeybee_Model_v12_2_37_GeometryMatched_Alignment.csv,Honeybee_Model_v12_2_37_GeometryMatched_Alignment.csv,.csv,NOT_ANALYZED,Only 0 PN-like columns found,7.0,16.0,,,,,,,,,,,
/content/drive/MyDrive/Honey/Honeybee_Model_v12_2_37_GeometryMatched_NetworkAnalysis.csv,Honeybee_Model_v12_2_37_GeometryMatched_NetworkAnalysis.csv,.csv,NOT_ANALYZED,Only 0 PN-like columns found,700.0,11.0,,,,,,,,,,,
/content/drive/MyDrive/Honey/Honeybee_Model_v12_2_37_GeometryMatched_Summary.csv,Honeybee_Model_v12_2_37_GeometryMatched_Summary.csv,.csv,NOT_ANALYZED,Only 0 PN-like columns found,1.0,25.0,,,,,,,,,,,
/content/drive/MyDrive/Honey/Honeybee_Model_v12_2_38B_FinitePair_NetworkAnalysis.csv,Honeybee_Model_v12_2_38B_FinitePair_NetworkAnalysis.csv,.csv,NOT_ANALYZED,Only 0 PN-like columns found,10.0,10.0,,,,,,,,,,,
/content/drive/MyDrive/Honey/Honeybee_Model_v12_2_38B_FinitePair_Summary.csv,Honeybee_Model_v12_2_38B_FinitePair_Summary.csv,.csv,NOT_ANALYZED,Only 0 PN-like columns found,1.0,24.0,,,,,,,,,,,
/content/drive/MyDrive/Honey/Honeybee_Model_v12_2_38_FixedGeometry_Alignment.csv,Honeybee_Model_v12_2_38_FixedGeometry_Alignment.csv,.csv,NOT_ANALYZED,Only 0 PN-like columns found,7.0,17.0,,,,,,,,,,,
/content/drive/MyDrive/Honey/Honeybee_Model_v12_2_38_FixedGeometry_NetworkAnalysis.csv,Honeybee_Model_v12_2_38_FixedGeometry_NetworkAnalysis.csv,.csv,NOT_ANALYZED,Only 0 PN-like columns found,203.0,12.0,,,,,,,,,,,
/content/drive/MyDrive/Honey/Honeybee_Model_v12_2_38_FixedGeometry_Summary.csv,Honeybee_Model_v12_2_38_FixedGeometry_Summary.csv,.csv,NOT_ANALYZED,Only 0 PN-like columns found,1.0,37.0,,,,,,,,,,,
/content/drive/MyDrive/Honey/Honeybee_Model_v12_2_39_StrictAlignmentSweep.csv,Honeybee_Model_v12_2_39_StrictAlignmentSweep.csv,.csv,NOT_ANALYZED,Only 0 PN-like columns found,7.0,22.0,,,,,,,,,,,
/content/drive/MyDrive/Honey/Honeybee_Model_v12_2_39_StrictAlignment_NetworkAnalysis.csv,Honeybee_Model_v12_2_39_StrictAlignment_NetworkAnalysis.csv,.csv,NOT_ANALYZED,Only 0 PN-like columns found,700.0,14.0,,,,,,,,,,,
/content/drive/MyDrive/Honey/Honeybee_Model_v12_2_39_StrictAlignment_Summary.csv,Honeybee_Model_v12_2_39_StrictAlignment_Summary.csv,.csv,NOT_ANALYZED,Only 0 PN-like columns found,1.0,34.0,,,,,,,,,,,
/content/drive/MyDrive/Honey/Honeybee_Model_v12_2_40_MultiSeed_AlignmentSummary.csv,Honeybee_Model_v12_2_40_MultiSeed_AlignmentSummary.csv,.csv,NOT_ANALYZED,Only 0 PN-like columns found,7.0,20.0,,,,,,,,,,,
/content/drive/MyDrive/Honey/Honeybee_Model_v12_2_40_MultiSeed_RepeatResults.csv,Honeybee_Model_v12_2_40_MultiSeed_RepeatResults.csv,.csv,NOT_ANALYZED,Only 0 PN-like columns found,20700.0,11.0,,,,,,,,,,,
/content/drive/MyDrive/Honey/Honeybee_Model_v12_2_40_MultiSeed_Summary.csv,Honeybee_Model_v12_2_40_MultiSeed_Summary.csv,.csv,NOT_ANALYZED,Only 0 PN-like columns found,1.0,23.0,,,,,,,,,,,
/content/drive/MyDrive/Honey/Honeybee_Model_v12_2_40_MultiSeed_TrendAnalysis.csv,Honeybee_Model_v12_2_40_MultiSeed_TrendAnalysis.csv,.csv,NOT_ANALYZED,Only 0 PN-like columns found,100.0,8.0,,,,,,,,,,,
/content/drive/MyDrive/Honey/Honeybee_Model_v12_2_8_Group_Results.csv,Honeybee_Model_v12_2_8_Group_Results.csv,.csv,NOT_ANALYZED,Only 0 PN-like columns found,40.0,6.0,,,,,,,,,,,
/content/drive/MyDrive/Honey/Honeybee_Model_v12_2_8_Network_Results.csv,Honeybee_Model_v12_2_8_Network_Results.csv,.csv,NOT_ANALYZED,Only 0 PN-like columns found,400.0,24.0,,,,,,,,,,,
/content/drive/MyDrive/Honey/Honeybee_Model_v12_2_8_Summary.csv,Honeybee_Model_v12_2_8_Summary.csv,.csv,NOT_ANALYZED,Only 0 PN-like columns found,4.0,8.0,,,,,,,,,,,
/content/drive/MyDrive/Honey/Honeybee_Model_v12_2_9_Group_Results.csv,Honeybee_Model_v12_2_9_Group_Results.csv,.csv,NOT_ANALYZED,Only 0 PN-like columns found,1440.0,6.0,,,,,,,,,,,
/content/drive/MyDrive/Honey/Honeybee_Model_v12_2_9_LearningRate_Checkpoint.csv,Honeybee_Model_v12_2_9_LearningRate_Checkpoint.csv,.csv,NOT_ANALYZED,Only 0 PN-like columns found,14400.0,13.0,,,,,,,,,,,
/content/drive/MyDrive/Honey/Honeybee_Model_v12_2_9_Summary.csv,Honeybee_Model_v12_2_9_Summary.csv,.csv,NOT_ANALYZED,Only 0 PN-like columns found,144.0,4.0,,,,,,,,,,,
/content/drive/MyDrive/Honey/Honeybee_Model_v12_3B_Bee_vs_Drosophila_Profiles.csv,Honeybee_Model_v12_3B_Bee_vs_Drosophila_Profiles.csv,.csv,NOT_ANALYZED,Only 0 PN-like columns found,10000.0,5.0,,,,,,,,,,,
/content/drive/MyDrive/Honey/Honeybee_Model_v12_3B_Bee_vs_Drosophila_Summary.csv,Honeybee_Model_v12_3B_Bee_vs_Drosophila_Summary.csv,.csv,NOT_ANALYZED,Only 0 PN-like columns found,100.0,9.0,,,,,,,,,,,
/content/drive/MyDrive/Honey/Honeybee_Model_v12_3C_FullDrosophila_Comparison.csv,Honeybee_Model_v12_3C_FullDrosophila_Comparison.csv,.csv,NOT_ANALYZED,Only 0 PN-like columns found,100.0,12.0,,,,,,,,,,,
/content/drive/MyDrive/Honey/Honeybee_Model_v12_3C_FullDrosophila_Profiles.csv,Honeybee_Model_v12_3C_FullDrosophila_Profiles.csv,.csv,NOT_ANALYZED,Only 0 PN-like columns found,10000.0,5.0,,,,,,,,,,,
/content/drive/MyDrive/Honey/Honeybee_Model_v12_3D_BehaviouralPhenotype_NetworkAnalysis.csv,Honeybee_Model_v12_3D_BehaviouralPhenotype_NetworkAnalysis.csv,.csv,NOT_ANALYZED,Only 0 PN-like columns found,100.0,19.0,,,,,,,,,,,
/content/drive/MyDrive/Honey/Honeybee_Model_v12_3D_BehaviouralPhenotype_Statistics.csv,Honeybee_Model_v12_3D_BehaviouralPhenotype_Statistics.csv,.csv,NOT_ANALYZED,Only 0 PN-like columns found,8.0,8.0,,,,,,,,,,,
/content/drive/MyDrive/Honey/Honeybee_Model_v12_3E_Ablation_NetworkAnalysis.csv,Honeybee_Model_v12_3E_Ablation_NetworkAnalysis.csv,.csv,NOT_ANALYZED,Only 0 PN-like columns found,100.0,25.0,,,,,,,,,,,
/content/drive/MyDrive/Honey/Honeybee_Model_v12_3E_Ablation_Profiles.csv,Honeybee_Model_v12_3E_Ablation_Profiles.csv,.csv,NOT_ANALYZED,Only 0 PN-like columns found,10000.0,6.0,,,,,,,,,,,
/content/drive/MyDrive/Honey/Honeybee_Model_v12_3E_Ablation_Summary.csv,Honeybee_Model_v12_3E_Ablation_Summary.csv,.csv,NOT_ANALYZED,Only 0 PN-like columns found,4.0,10.0,,,,,,,,,,,
/content/drive/MyDrive/Honey/Honeybee_Model_v12_3F_DrosophilaRule_Equations.csv,Honeybee_Model_v12_3F_DrosophilaRule_Equations.csv,.csv,NOT_ANALYZED,Only 0 PN-like columns found,4.0,3.0,,,,,,,,,,,
/content/drive/MyDrive/Honey/Honeybee_Model_v12_3F_DrosophilaRule_ExperimentalDesign.csv,Honeybee_Model_v12_3F_DrosophilaRule_ExperimentalDesign.csv,.csv,NOT_ANALYZED,Only 0 PN-like columns found,4.0,4.0,,,,,,,,,,,
/content/drive/MyDrive/Honey/Honeybee_Model_v12_3F_DrosophilaRule_Formalization.csv,Honeybee_Model_v12_3F_DrosophilaRule_Formalization.csv,.csv,NOT_ANALYZED,Only 0 PN-like columns found,3.0,8.0,,,,,,,,,,,
/content/drive/MyDrive/Honey/Honeybee_Model_v12_3G_Drosophila_KCEN_Transplant_NetworkAnalysis.csv,Honeybee_Model_v12_3G_Drosophila_KCEN_Transplant_NetworkAnalysis.csv,.csv,NOT_ANALYZED,Only 0 PN-like columns found,100.0,16.0,,,,,,,,,,,
/content/drive/MyDrive/Honey/Honeybee_Model_v12_3G_Drosophila_KCEN_Transplant_Profiles.csv,Honeybee_Model_v12_3G_Drosophila_KCEN_Transplant_Profiles.csv,.csv,NOT_ANALYZED,Only 0 PN-like columns found,10000.0,5.0,,,,,,,,,,,
/content/drive/MyDrive/Honey/Honeybee_Model_v12_3G_Drosophila_KCEN_Transplant_Statistics.csv,Honeybee_Model_v12_3G_Drosophila_KCEN_Transplant_Statistics.csv,.csv,NOT_ANALYZED,Only 0 PN-like columns found,5.0,6.0,,,,,,,,,,,
/content/drive/MyDrive/Honey/Honeybee_Model_v12_3G_Drosophila_KCEN_Transplant_Summary.csv,Honeybee_Model_v12_3G_Drosophila_KCEN_Transplant_Summary.csv,.csv,NOT_ANALYZED,Only 0 PN-like columns found,3.0,7.0,,,,,,,,,,,
/content/drive/MyDrive/Honey/Honeybee_Model_v12_3H_ValenceDopamine_NetworkAnalysis.csv,Honeybee_Model_v12_3H_ValenceDopamine_NetworkAnalysis.csv,.csv,NOT_ANALYZED,Only 0 PN-like columns found,100.0,31.0,,,,,,,,,,,
/content/drive/MyDrive/Honey/Honeybee_Model_v12_3H_ValenceDopamine_ProfileCorrelations.csv,Honeybee_Model_v12_3H_ValenceDopamine_ProfileCorrelations.csv,.csv,NOT_ANALYZED,Only 0 PN-like columns found,5.0,5.0,,,,,,,,,,,
/content/drive/MyDrive/Honey/Honeybee_Model_v12_3H_ValenceDopamine_Profiles.csv,Honeybee_Model_v12_3H_ValenceDopamine_Profiles.csv,.csv,NOT_ANALYZED,Only 0 PN-like columns found,10000.0,7.0,,,,,,,,,,,
/content/drive/MyDrive/Honey/Honeybee_Model_v12_3H_ValenceDopamine_Statistics.csv,Honeybee_Model_v12_3H_ValenceDopamine_Statistics.csv,.csv,NOT_ANALYZED,Only 0 PN-like columns found,25.0,7.0,,,,,,,,,,,
/content/drive/MyDrive/Honey/Honeybee_Model_v12_3H_ValenceDopamine_Summary.csv,Honeybee_Model_v12_3H_ValenceDopamine_Summary.csv,.csv,NOT_ANALYZED,Only 0 PN-like columns found,5.0,10.0,,,,,,,,,,,
/content/drive/MyDrive/Honey/Honeybee_Model_v12_3I_BehavioralValence_Classification.csv,Honeybee_Model_v12_3I_BehavioralValence_Classification.csv,.csv,NOT_ANALYZED,Only 0 PN-like columns found,5.0,8.0,,,,,,,,,,,
/content/drive/MyDrive/Honey/Honeybee_Model_v12_3I_BehavioralValence_Correlations.csv,Honeybee_Model_v12_3I_BehavioralValence_Correlations.csv,.csv,NOT_ANALYZED,Only 0 PN-like columns found,5.0,5.0,,,,,,,,,,,
/content/drive/MyDrive/Honey/Honeybee_Model_v12_3I_BehavioralValence_Networks.csv,Honeybee_Model_v12_3I_BehavioralValence_Networks.csv,.csv,NOT_ANALYZED,Only 0 PN-like columns found,100.0,31.0,,,,,,,,,,,
/content/drive/MyDrive/Honey/Honeybee_Model_v12_3I_BehavioralValence_Profiles.csv,Honeybee_Model_v12_3I_BehavioralValence_Profiles.csv,.csv,NOT_ANALYZED,Only 0 PN-like columns found,10000.0,7.0,,,,,,,,,,,
/content/drive/MyDrive/Honey/Honeybee_Model_v12_3I_BehavioralValence_Statistics.csv,Honeybee_Model_v12_3I_BehavioralValence_Statistics.csv,.csv,NOT_ANALYZED,Only 0 PN-like columns found,25.0,8.0,,,,,,,,,,,
/content/drive/MyDrive/Honey/Honeybee_Model_v12_3I_BehavioralValence_Summary.csv,Honeybee_Model_v12_3I_BehavioralValence_Summary.csv,.csv,NOT_ANALYZED,Only 0 PN-like columns found,5.0,14.0,,,,,,,,,,,
/content/drive/MyDrive/Honey/Honeybee_Model_v12_3J_SignCalibrated_ContinuumAudit.csv,Honeybee_Model_v12_3J_SignCalibrated_ContinuumAudit.csv,.csv,NOT_ANALYZED,Only 0 PN-like columns found,11.0,2.0,,,,,,,,,,,
/content/drive/MyDrive/Honey/Honeybee_Model_v12_3J_SignCalibrated_Correlations.csv,Honeybee_Model_v12_3J_SignCalibrated_Correlations.csv,.csv,NOT_ANALYZED,Only 0 PN-like columns found,4.0,2.0,,,,,,,,,,,
/content/drive/MyDrive/Honey/Honeybee_Model_v12_3J_SignCalibrated_Networks.csv,Honeybee_Model_v12_3J_SignCalibrated_Networks.csv,.csv,NOT_ANALYZED,Only 0 PN-like columns found,100.0,16.0,,,,,,,,,,,
/content/drive/MyDrive/Honey/Honeybee_Model_v12_3J_SignCalibrated_Profiles.csv,Honeybee_Model_v12_3J_SignCalibrated_Profiles.csv,.csv,NOT_ANALYZED,Only 0 PN-like columns found,10000.0,5.0,,,,,,,,,,,
/content/drive/MyDrive/Honey/Honeybee_Model_v12_3J_SignCalibrated_Statistics.csv,Honeybee_Model_v12_3J_SignCalibrated_Statistics.csv,.csv,NOT_ANALYZED,Only 0 PN-like columns found,5.0,7.0,,,,,,,,,,,
/content/drive/MyDrive/Honey/Honeybee_Model_v12_3J_SignCalibrated_Summary.csv,Honeybee_Model_v12_3J_SignCalibrated_Summary.csv,.csv,NOT_ANALYZED,Only 0 PN-like columns found,13.0,3.0,,,,,,,,,,,
/content/drive/MyDrive/Honey/Honeybee_Model_v12_3K_BeeRuleAudit_Correlations.csv,Honeybee_Model_v12_3K_BeeRuleAudit_Correlations.csv,.csv,NOT_ANALYZED,Only 0 PN-like columns found,6.0,6.0,,,,,,,,,,,
/content/drive/MyDrive/Honey/Honeybee_Model_v12_3K_BeeRuleAudit_Networks.csv,Honeybee_Model_v12_3K_BeeRuleAudit_Networks.csv,.csv,NOT_ANALYZED,Only 0 PN-like columns found,100.0,41.0,,,,,,,,,,,
/content/drive/MyDrive/Honey/Honeybee_Model_v12_3K_BeeRuleAudit_OutputAudit.csv,Honeybee_Model_v12_3K_BeeRuleAudit_OutputAudit.csv,.csv,NOT_ANALYZED,Only 0 PN-like columns found,4.0,7.0,,,,,,,,,,,
/content/drive/MyDrive/Honey/Honeybee_Model_v12_3K_BeeRuleAudit_Profiles.csv,Honeybee_Model_v12_3K_BeeRuleAudit_Profiles.csv,.csv,NOT_ANALYZED,Only 0 PN-like columns found,10000.0,10.0,,,,,,,,,,,
/content/drive/MyDrive/Honey/Honeybee_Model_v12_3K_BeeRuleAudit_Statistics.csv,Honeybee_Model_v12_3K_BeeRuleAudit_Statistics.csv,.csv,NOT_ANALYZED,Only 0 PN-like columns found,40.0,9.0,,,,,,,,,,,
/content/drive/MyDrive/Honey/Honeybee_Model_v12_3K_BeeRuleAudit_Summary.csv,Honeybee_Model_v12_3K_BeeRuleAudit_Summary.csv,.csv,NOT_ANALYZED,Only 0 PN-like columns found,8.0,12.0,,,,,,,,,,,
/content/drive/MyDrive/Honey/Honeybee_Model_v12_3L_PNKC_DoseSweep_Networks.csv,Honeybee_Model_v12_3L_PNKC_DoseSweep_Networks.csv,.csv,NOT_ANALYZED,Only 0 PN-like columns found,700.0,13.0,,,,,,,,,,,
/content/drive/MyDrive/Honey/Honeybee_Model_v12_3L_PNKC_DoseSweep_Profiles.csv,Honeybee_Model_v12_3L_PNKC_DoseSweep_Profiles.csv,.csv,NOT_ANALYZED,Only 0 PN-like columns found,700.0,102.0,,,,,,,,,,,
/content/drive/MyDrive/Honey/Honeybee_Model_v12_3L_PNKC_DoseSweep_Statistics.csv,Honeybee_Model_v12_3L_PNKC_DoseSweep_Statistics.csv,.csv,NOT_ANALYZED,Only 0 PN-like columns found,6.0,5.0,,,,,,,,,,,
/content/drive/MyDrive/Honey/Honeybee_Model_v12_3L_PNKC_DoseSweep_Summary.csv,Honeybee_Model_v12_3L_PNKC_DoseSweep_Summary.csv,.csv,NOT_ANALYZED,Only 0 PN-like columns found,7.0,15.0,,,,,,,,,,,
/content/drive/MyDrive/Honey/Honeybee_Model_v12_3M_Factorial_Correlations.csv,Honeybee_Model_v12_3M_Factorial_Correlations.csv,.csv,NOT_ANALYZED,Only 0 PN-like columns found,6.0,3.0,,,,,,,,,,,
/content/drive/MyDrive/Honey/Honeybee_Model_v12_3M_Factorial_Effects.csv,Honeybee_Model_v12_3M_Factorial_Effects.csv,.csv,NOT_ANALYZED,Only 0 PN-like columns found,6.0,11.0,,,,,,,,,,,
/content/drive/MyDrive/Honey/Honeybee_Model_v12_3M_Factorial_Networks.csv,Honeybee_Model_v12_3M_Factorial_Networks.csv,.csv,NOT_ANALYZED,Only 0 PN-like columns found,400.0,13.0,,,,,,,,,,,
/content/drive/MyDrive/Honey/Honeybee_Model_v12_3M_Factorial_Profiles.csv,Honeybee_Model_v12_3M_Factorial_Profiles.csv,.csv,NOT_ANALYZED,Only 0 PN-like columns found,400.0,102.0,,,,,,,,,,,
/content/drive/MyDrive/Honey/Honeybee_Model_v12_3M_Factorial_Summary.csv,Honeybee_Model_v12_3M_Factorial_Summary.csv,.csv,NOT_ANALYZED,Only 0 PN-like columns found,4.0,15.0,,,,,,,,,,,
/content/drive/MyDrive/Honey/Honeybee_Model_v12_3N_Dopa_Bee_Dose_Comparison.csv,Honeybee_Model_v12_3N_Dopa_Bee_Dose_Comparison.csv,.csv,NOT_ANALYZED,Only 0 PN-like columns found,7.0,9.0,,,,,,,,,,,
/content/drive/MyDrive/Honey/Honeybee_Model_v12_3N_Dopa_Bee_Dose_Networks.csv,Honeybee_Model_v12_3N_Dopa_Bee_Dose_Networks.csv,.csv,NOT_ANALYZED,Only 0 PN-like columns found,1400.0,14.0,,,,,,,,,,,
/content/drive/MyDrive/Honey/Honeybee_Model_v12_3N_Dopa_Bee_Dose_Profiles.csv,Honeybee_Model_v12_3N_Dopa_Bee_Dose_Profiles.csv,.csv,NOT_ANALYZED,Only 0 PN-like columns found,1400.0,103.0,,,,,,,,,,,
/content/drive/MyDrive/Honey/Honeybee_Model_v12_3N_Dopa_Bee_Dose_Statistics.csv,Honeybee_Model_v12_3N_Dopa_Bee_Dose_Statistics.csv,.csv,NOT_ANALYZED,Only 0 PN-like columns found,12.0,6.0,,,,,,,,,,,
/content/drive/MyDrive/Honey/Honeybee_Model_v12_3N_Dopa_Bee_Dose_Summary.csv,Honeybee_Model_v12_3N_Dopa_Bee_Dose_Summary.csv,.csv,NOT_ANALYZED,Only 0 PN-like columns found,14.0,16.0,,,,,,,,,,,
/content/drive/MyDrive/Honey/Honeybee_Model_v12_3O_TrainingTrajectory_Changes.csv,Honeybee_Model_v12_3O_TrainingTrajectory_Changes.csv,.csv,NOT_ANALYZED,Only 0 PN-like columns found,3.0,17.0,,,,,,,,,,,
/content/drive/MyDrive/Honey/Honeybee_Model_v12_3O_TrainingTrajectory_Networks.csv,Honeybee_Model_v12_3O_TrainingTrajectory_Networks.csv,.csv,NOT_ANALYZED,Only 0 PN-like columns found,6300.0,12.0,,,,,,,,,,,
/content/drive/MyDrive/Honey/Honeybee_Model_v12_3O_TrainingTrajectory_Profiles.csv,Honeybee_Model_v12_3O_TrainingTrajectory_Profiles.csv,.csv,NOT_ANALYZED,Only 0 PN-like columns found,6300.0,103.0,,,,,,,,,,,
/content/drive/MyDrive/Honey/Honeybee_Model_v12_3O_TrainingTrajectory_Slopes.csv,Honeybee_Model_v12_3O_TrainingTrajectory_Slopes.csv,.csv,NOT_ANALYZED,Only 0 PN-like columns found,18.0,4.0,,,,,,,,,,,
/content/drive/MyDrive/Honey/Honeybee_Model_v12_3O_TrainingTrajectory_Summary.csv,Honeybee_Model_v12_3O_TrainingTrajectory_Summary.csv,.csv,NOT_ANALYZED,Only 0 PN-like columns found,63.0,12.0,,,,,,,,,,,
/content/drive/MyDrive/Honey/Honeybee_Model_v12_3P_Critical_PNKC_Threshold_Networks.csv,Honeybee_Model_v12_3P_Critical_PNKC_Threshold_Networks.csv,.csv,NOT_ANALYZED,Only 0 PN-like columns found,900.0,14.0,,,,,,,,,,,
/content/drive/MyDrive/Honey/Honeybee_Model_v12_3P_Critical_PNKC_Threshold_Profiles.csv,Honeybee_Model_v12_3P_Critical_PNKC_Threshold_Profiles.csv,.csv,NOT_ANALYZED,Only 0 PN-like columns found,90000.0,4.0,,,,,,,,,,,
/content/drive/MyDrive/Honey/Honeybee_Model_v12_3P_Critical_PNKC_Threshold_Summary.csv,Honeybee_Model_v12_3P_Critical_PNKC_Threshold_Summary.csv,.csv,NOT_ANALYZED,Only 0 PN-like columns found,9.0,14.0,,,,,,,,,,,
/content/drive/MyDrive/Honey/Honeybee_Model_v12_3P_Critical_PNKC_Threshold_Threshold.csv,Honeybee_Model_v12_3P_Critical_PNKC_Threshold_Threshold.csv,.csv,NOT_ANALYZED,Only 0 PN-like columns found,1.0,11.0,,,,,,,,,,,
/content/drive/MyDrive/Honey/Honeybee_Model_v12_3Q_Reconciliation_Corrected.csv,Honeybee_Model_v12_3Q_Reconciliation_Corrected.csv,.csv,NOT_ANALYZED,Only 0 PN-like columns found,2.0,16.0,,,,,,,,,,,
/content/drive/MyDrive/Honey/Honeybee_Model_v12_3R_Network_Discrepancy_Audit.csv,Honeybee_Model_v12_3R_Network_Discrepancy_Audit.csv,.csv,NOT_ANALYZED,Only 0 PN-like columns found,100.0,35.0,,,,,,,,,,,
/content/drive/MyDrive/Honey/Honeybee_Model_v12_3S_CSminus_Forensic_Audit.csv,Honeybee_Model_v12_3S_CSminus_Forensic_Audit.csv,.csv,NOT_ANALYZED,Only 0 PN-like columns found,100.0,38.0,,,,,,,,,,,
/content/drive/MyDrive/Honey/Honeybee_Model_v12_3T_Source_File_Metadata.csv,Honeybee_Model_v12_3T_Source_File_Metadata.csv,.csv,NOT_ANALYZED,Only 0 PN-like columns found,42.0,3.0,,,,,,,,,,,
/content/drive/MyDrive/Honey/Honeybee_Model_v12_3T_Source_Provenance_Audit.csv,Honeybee_Model_v12_3T_Source_Provenance_Audit.csv,.csv,NOT_ANALYZED,EmptyDataError: No columns to parse from file,,,,,,,,,,,,,
/content/drive/MyDrive/Honey/Honeybee_Model_v12_3U_Exact_Profile_Reconciliation.csv,Honeybee_Model_v12_3U_Exact_Profile_Reconciliation.csv,.csv,NOT_ANALYZED,Only 0 PN-like columns found,20000.0,7.0,,,,,,,,,,,
/content/drive/MyDrive/Honey/Honeybee_Model_v12_3U_Network_Profile_Summary.csv,Honeybee_Model_v12_3U_Network_Profile_Summary.csv,.csv,NOT_ANALYZED,Only 0 PN-like columns found,100.0,8.0,,,,,,,,,,,
/content/drive/MyDrive/Honey/Honeybee_Model_v12_3U_Profile_Correlation.csv,Honeybee_Model_v12_3U_Profile_Correlation.csv,.csv,NOT_ANALYZED,Only 0 PN-like columns found,100.0,7.0,,,,,,,,,,,
/content/drive/MyDrive/Honey/Honeybee_Model_v12_3U_Stimulus_Summary.csv,Honeybee_Model_v12_3U_Stimulus_Summary.csv,.csv,NOT_ANALYZED,Only 0 PN-like columns found,100.0,5.0,,,,,,,,,,,
/content/drive/MyDrive/Honey/Honeybee_Model_v12_3V_N_Rule_Forensic_Audit.csv,Honeybee_Model_v12_3V_N_Rule_Forensic_Audit.csv,.csv,NOT_ANALYZED,Only 0 PN-like columns found,200.0,103.0,,,,,,,,,,,
/content/drive/MyDrive/Honey/Honeybee_Model_v12_3V_N_Rule_Profile_Correlation.csv,Honeybee_Model_v12_3V_N_Rule_Profile_Correlation.csv,.csv,NOT_ANALYZED,Only 0 PN-like columns found,100.0,3.0,,,,,,,,,,,
/content/drive/MyDrive/Honey/Honeybee_Model_v12_3V_N_Within_Rule_Profile_Comparison.csv,Honeybee_Model_v12_3V_N_Within_Rule_Profile_Comparison.csv,.csv,NOT_ANALYZED,Only 0 PN-like columns found,10000.0,6.0,,,,,,,,,,,
/content/drive/MyDrive/Honey/Honeybee_Model_v12_3W_Network_Positioning.csv,Honeybee_Model_v12_3W_Network_Positioning.csv,.csv,NOT_ANALYZED,Only 0 PN-like columns found,100.0,9.0,,,,,,,,,,,
/content/drive/MyDrive/Honey/Honeybee_Model_v12_3W_P_Positioning_Audit.csv,Honeybee_Model_v12_3W_P_Positioning_Audit.csv,.csv,NOT_ANALYZED,Only 0 PN-like columns found,10000.0,11.0,,,,,,,,,,,
/content/drive/MyDrive/Honey/Honeybee_Model_v12_3W_Stimulus_Positioning.csv,Honeybee_Model_v12_3W_Stimulus_Positioning.csv,.csv,NOT_ANALYZED,Only 0 PN-like columns found,100.0,8.0,,,,,,,,,,,
/content/drive/MyDrive/Honey/Honeybee_Model_v12_3X_Regional_Transformation.csv,Honeybee_Model_v12_3X_Regional_Transformation.csv,.csv,NOT_ANALYZED,Only 0 PN-like columns found,6.0,15.0,,,,,,,,,,,
/content/drive/MyDrive/Honey/Honeybee_Model_v12_3X_Stimulus_Transformation.csv,Honeybee_Model_v12_3X_Stimulus_Transformation.csv,.csv,NOT_ANALYZED,Only 0 PN-like columns found,100.0,16.0,,,,,,,,,,,
/content/drive/MyDrive/Honey/Honeybee_Model_v12_3X_Summary.csv,Honeybee_Model_v12_3X_Summary.csv,.csv,NOT_ANALYZED,Only 0 PN-like columns found,1.0,20.0,,,,,,,,,,,
/content/drive/MyDrive/Honey/Honeybee_Model_v12_3Y_CausalPhenotype_Cellwise.csv,Honeybee_Model_v12_3Y_CausalPhenotype_Cellwise.csv,.csv,NOT_ANALYZED,Only 0 PN-like columns found,10000.0,11.0,,,,,,,,,,,
/content/drive/MyDrive/Honey/Honeybee_Model_v12_3Y_CausalPhenotype_Summary.csv,Honeybee_Model_v12_3Y_CausalPhenotype_Summary.csv,.csv,NOT_ANALYZED,Only 0 PN-like columns found,1.0,27.0,,,,,,,,,,,
/content/drive/MyDrive/Honey/Honeybee_Model_v12_3Y_Regional_Decomposition.csv,Honeybee_Model_v12_3Y_Regional_Decomposition.csv,.csv,NOT_ANALYZED,Only 0 PN-like columns found,5.0,12.0,,,,,,,,,,,
/content/drive/MyDrive/Honey/Honeybee_Model_v12_3Z_Response_Landscape_Regions.csv,Honeybee_Model_v12_3Z_Response_Landscape_Regions.csv,.csv,NOT_ANALYZED,Only 0 PN-like columns found,7.0,15.0,,,,,,,,,,,
/content/drive/MyDrive/Honey/Honeybee_Model_v12_3Z_Response_Landscape_Stimulus.csv,Honeybee_Model_v12_3Z_Response_Landscape_Stimulus.csv,.csv,NOT_ANALYZED,Only 0 PN-like columns found,100.0,13.0,,,,,,,,,,,
/content/drive/MyDrive/Honey/Honeybee_Model_v12_3Z_Response_Landscape_Summary.csv,Honeybee_Model_v12_3Z_Response_Landscape_Summary.csv,.csv,NOT_ANALYZED,Only 0 PN-like columns found,1.0,38.0,,,,,,,,,,,
/content/drive/MyDrive/Honey/Honeybee_Model_v12_3_DrosophilaRule_NetworkSummary.csv,Honeybee_Model_v12_3_DrosophilaRule_NetworkSummary.csv,.csv,NOT_ANALYZED,Only 0 PN-like columns found,100.0,5.0,,,,,,,,,,,
/content/drive/MyDrive/Honey/Honeybee_Model_v12_3_DrosophilaRule_ResponseProfiles.csv,Honeybee_Model_v12_3_DrosophilaRule_ResponseProfiles.csv,.csv,NOT_ANALYZED,Only 0 PN-like columns found,100.0,101.0,,,,,,,,,,,
/content/drive/MyDrive/Honey/Honeybee_Model_v12_4_Bootstrap_CI.csv,Honeybee_Model_v12_4_Bootstrap_CI.csv,.csv,NOT_ANALYZED,Only 0 PN-like columns found,8.0,4.0,,,,,,,,,,,
/content/drive/MyDrive/Honey/Honeybee_Model_v12_4_Network_Robustness.csv,Honeybee_Model_v12_4_Network_Robustness.csv,.csv,NOT_ANALYZED,Only 0 PN-like columns found,100.0,26.0,,,,,,,,,,,
/content/drive/MyDrive/Honey/Honeybee_Model_v12_4_Statistical_Tests.csv,Honeybee_Model_v12_4_Statistical_Tests.csv,.csv,NOT_ANALYZED,Only 0 PN-like columns found,8.0,18.0,,,,,,,,,,,
/content/drive/MyDrive/Honey/Honeybee_Model_v12_5_Permutation_Null_Distributions.csv,Honeybee_Model_v12_5_Permutation_Null_Distributions.csv,.csv,NOT_ANALYZED,Only 0 PN-like columns found,20000.0,8.0,,,,,,,,,,,
/content/drive/MyDrive/Honey/Honeybee_Model_v12_5_Permutation_Null_Networks.csv,Honeybee_Model_v12_5_Permutation_Null_Networks.csv,.csv,NOT_ANALYZED,Only 0 PN-like columns found,100.0,10.0,,,,,,,,,,,
/content/drive/MyDrive/Honey/Honeybee_Model_v12_5_Permutation_Null_Summary.csv,Honeybee_Model_v12_5_Permutation_Null_Summary.csv,.csv,NOT_ANALYZED,Only 0 PN-like columns found,7.0,10.0,,,,,,,,,,,
/content/drive/MyDrive/Honey/Honeybee_Model_v12_6_Anchor_Distance_Stimulus.csv,Honeybee_Model_v12_6_Anchor_Distance_Stimulus.csv,.csv,NOT_ANALYZED,Only 0 PN-like columns found,100.0,13.0,,,,,,,,,,,
/content/drive/MyDrive/Honey/Honeybee_Model_v12_6_Anchor_Distance_Summary.csv,Honeybee_Model_v12_6_Anchor_Distance_Summary.csv,.csv,NOT_ANALYZED,Only 0 PN-like columns found,12.0,7.0,,,,,,,,,,,
/content/drive/MyDrive/Honey/Honeybee_Model_v12_6_Anchor_Distance_Tests.csv,Honeybee_Model_v12_6_Anchor_Distance_Tests.csv,.csv,NOT_ANALYZED,Only 0 PN-like columns found,6.0,5.0,,,,,,,,,,,
/content/drive/MyDrive/Honey/Honeybee_Model_v12_6_Anchor_Radius_Windows.csv,Honeybee_Model_v12_6_Anchor_Radius_Windows.csv,.csv,NOT_ANALYZED,Only 0 PN-like columns found,9.0,14.0,,,,,,,,,,,
/content/drive/MyDrive/Honey/Honeybee_Model_v12_6_CSplus_CSminus_Local_Comparison.csv,Honeybee_Model_v12_6_CSplus_CSminus_Local_Comparison.csv,.csv,NOT_ANALYZED,Only 0 PN-like columns found,6.0,6.0,,,,,,,,,,,
/content/drive/MyDrive/Honey/Honeybee_Model_v12_6_Regional_Comparison.csv,Honeybee_Model_v12_6_Regional_Comparison.csv,.csv,NOT_ANALYZED,Only 0 PN-like columns found,3.0,6.0,,,,,,,,,,,
/content/drive/MyDrive/Honey/Honeybee_Model_v12_7_Baseline_Dependence_Audit.csv,Honeybee_Model_v12_7_Baseline_Dependence_Audit.csv,.csv,NOT_ANALYZED,Only 0 PN-like columns found,3.0,5.0,,,,,,,,,,,
/content/drive/MyDrive/Honey/Honeybee_Model_v12_7_Baseline_Normalized_Regions.csv,Honeybee_Model_v12_7_Baseline_Normalized_Regions.csv,.csv,NOT_ANALYZED,Only 0 PN-like columns found,3.0,10.0,,,,,,,,,,,
/content/drive/MyDrive/Honey/Honeybee_Model_v12_7_Baseline_Normalized_Stimulus.csv,Honeybee_Model_v12_7_Baseline_Normalized_Stimulus.csv,.csv,NOT_ANALYZED,Only 0 PN-like columns found,100.0,15.0,,,,,,,,,,,
/content/drive/MyDrive/Honey/Honeybee_Model_v12_7_Baseline_Normalized_Summary.csv,Honeybee_Model_v12_7_Baseline_Normalized_Summary.csv,.csv,NOT_ANALYZED,Only 0 PN-like columns found,8.0,2.0,,,,,,,,,,,
/content/drive/MyDrive/Honey/Honeybee_Model_v12_7_Baseline_Normalized_Tests.csv,Honeybee_Model_v12_7_Baseline_Normalized_Tests.csv,.csv,NOT_ANALYZED,Only 0 PN-like columns found,6.0,5.0,,,,,,,,,,,
/content/drive/MyDrive/Honey/Honeybee_Model_v12_7_Normalized_Local_Neighbourhoods.csv,Honeybee_Model_v12_7_Normalized_Local_Neighbourhoods.csv,.csv,NOT_ANALYZED,Only 0 PN-like columns found,6.0,8.0,,,,,,,,,,,
/content/drive/MyDrive/Honey/Honeybee_Model_v12_8_ANCOVA_Cellwise.csv,Honeybee_Model_v12_8_ANCOVA_Cellwise.csv,.csv,NOT_ANALYZED,Only 0 PN-like columns found,10000.0,8.0,,,,,,,,,,,
/content/drive/MyDrive/Honey/Honeybee_Model_v12_8_ANCOVA_Local_Neighbourhoods.csv,Honeybee_Model_v12_8_ANCOVA_Local_Neighbourhoods.csv,.csv,NOT_ANALYZED,Only 0 PN-like columns found,6.0,9.0,,,,,,,,,,,
/content/drive/MyDrive/Honey/Honeybee_Model_v12_8_ANCOVA_Models.csv,Honeybee_Model_v12_8_ANCOVA_Models.csv,.csv,NOT_ANALYZED,Only 0 PN-like columns found,14.0,9.0,,,,,,,,,,,
/content/drive/MyDrive/Honey/Honeybee_Model_v12_8_ANCOVA_Regions.csv,Honeybee_Model_v12_8_ANCOVA_Regions.csv,.csv,NOT_ANALYZED,Only 0 PN-like columns found,3.0,8.0,,,,,,,,,,,
/content/drive/MyDrive/Honey/Honeybee_Model_v12_9_Drosophila_Alignment_Regions.csv,Honeybee_Model_v12_9_Drosophila_Alignment_Regions.csv,.csv,NOT_ANALYZED,Only 0 PN-like columns found,3.0,9.0,,,,,,,,,,,
/content/drive/MyDrive/Honey/Honeybee_Model_v12_9_Drosophila_Alignment_Stimulus.csv,Honeybee_Model_v12_9_Drosophila_Alignment_Stimulus.csv,.csv,NOT_ANALYZED,Only 0 PN-like columns found,100.0,14.0,,,,,,,,,,,
/content/drive/MyDrive/Honey/Honeybee_Model_v12_9_Drosophila_Alignment_Summary.csv,Honeybee_Model_v12_9_Drosophila_Alignment_Summary.csv,.csv,NOT_ANALYZED,Only 0 PN-like columns found,7.0,2.0,,,,,,,,,,,
/content/drive/MyDrive/Honey/Honeybee_Model_v12_9_Drosophila_Alignment_Tests.csv,Honeybee_Model_v12_9_Drosophila_Alignment_Tests.csv,.csv,NOT_ANALYZED,Only 0 PN-like columns found,3.0,5.0,,,,,,,,,,,
/content/drive/MyDrive/Honey/Honeybee_Model_v13_0_TransferIndex_Networks.csv,Honeybee_Model_v13_0_TransferIndex_Networks.csv,.csv,NOT_ANALYZED,Only 0 PN-like columns found,100.0,12.0,,,,,,,,,,,
/content/drive/MyDrive/Honey/Honeybee_Model_v13_0_TransferIndex_Peak_vs_CSminus.csv,Honeybee_Model_v13_0_TransferIndex_Peak_vs_CSminus.csv,.csv,NOT_ANALYZED,Only 0 PN-like columns found,4.0,6.0,,,,,,,,,,,
/content/drive/MyDrive/Honey/Honeybee_Model_v13_0_TransferIndex_RegionalStatistics.csv,Honeybee_Model_v13_0_TransferIndex_RegionalStatistics.csv,.csv,NOT_ANALYZED,Only 0 PN-like columns found,16.0,9.0,,,,,,,,,,,
/content/drive/MyDrive/Honey/Honeybee_Model_v13_0_TransferIndex_Regions.csv,Honeybee_Model_v13_0_TransferIndex_Regions.csv,.csv,NOT_ANALYZED,Only 0 PN-like columns found,400.0,11.0,,,,,,,,,,,
/content/drive/MyDrive/Honey/Honeybee_Model_v13_0_TransferIndex_Statistics.csv,Honeybee_Model_v13_0_TransferIndex_Statistics.csv,.csv,NOT_ANALYZED,Only 0 PN-like columns found,5.0,8.0,,,,,,,,,,,
/content/drive/MyDrive/Honey/Honeybee_Model_v13_0_TransferIndex_Summary.csv,Honeybee_Model_v13_0_TransferIndex_Summary.csv,.csv,NOT_ANALYZED,Only 0 PN-like columns found,1.0,10.0,,,,,,,,,,,
/content/drive/MyDrive/Honey/Honeybee_Model_v13_1_Anchor_Response.csv,Honeybee_Model_v13_1_Anchor_Response.csv,.csv,NOT_ANALYZED,Only 0 PN-like columns found,200.0,5.0,,,,,,,,,,,
/content/drive/MyDrive/Honey/Honeybee_Model_v13_1_Final_Summary.csv,Honeybee_Model_v13_1_Final_Summary.csv,.csv,NOT_ANALYZED,Only 0 PN-like columns found,5.0,4.0,,,,,,,,,,,
/content/drive/MyDrive/Honey/Honeybee_Model_v13_1_Observed_Drosophila_Transfer.csv,Honeybee_Model_v13_1_Observed_Drosophila_Transfer.csv,.csv,NOT_ANALYZED,Only 0 PN-like columns found,100.0,8.0,,,,,,,,,,,
/content/drive/MyDrive/Honey/Honeybee_Model_v13_1_Observed_vs_Random_Drosophila.csv,Honeybee_Model_v13_1_Observed_vs_Random_Drosophila.csv,.csv,NOT_ANALYZED,Only 0 PN-like columns found,3.0,6.0,,,,,,,,,,,
/content/drive/MyDrive/Honey/Honeybee_Model_v13_1_Observed_vs_Random_Transfer.csv,Honeybee_Model_v13_1_Observed_vs_Random_Transfer.csv,.csv,NOT_ANALYZED,Only 0 PN-like columns found,4.0,6.0,,,,,,,,,,,
/content/drive/MyDrive/Honey/Honeybee_Model_v13_1_Random_Null_Summary.csv,Honeybee_Model_v13_1_Random_Null_Summary.csv,.csv,NOT_ANALYZED,Only 0 PN-like columns found,100.0,4.0,,,,,,,,,,,
/content/drive/MyDrive/Honey/Honeybee_Model_v13_1_Random_Shuffled_Drosophila_Direction.csv,Honeybee_Model_v13_1_Random_Shuffled_Drosophila_Direction.csv,.csv,NOT_ANALYZED,Only 0 PN-like columns found,10000.0,6.0,,,,,,,,,,,
/content/drive/MyDrive/Honey/Honeybee_Model_v13_1_Random_Shuffled_Transfer.csv,Honeybee_Model_v13_1_Random_Shuffled_Transfer.csv,.csv,NOT_ANALYZED,Only 0 PN-like columns found,10000.0,9.0,,,,,,,,,,,
/content/drive/MyDrive/Honey/Honeybee_Model_v13_2A_Corrected_Audit_Flags.csv,Honeybee_Model_v13_2A_Corrected_Audit_Flags.csv,.csv,NOT_ANALYZED,Only 0 PN-like columns found,9.0,2.0,,,,,,,,,,,
/content/drive/MyDrive/Honey/Honeybee_Model_v13_2A_Corrected_Stimulus_Audit.csv,Honeybee_Model_v13_2A_Corrected_Stimulus_Audit.csv,.csv,NOT_ANALYZED,Only 0 PN-like columns found,100.0,7.0,,,,,,,,,,,
/content/drive/MyDrive/Honey/Honeybee_Model_v13_2B_Corrected_NetworkMetrics.csv,Honeybee_Model_v13_2B_Corrected_NetworkMetrics.csv,.csv,NOT_ANALYZED,Only 0 PN-like columns found,2100.0,15.0,,,,,,,,,,,
/content/drive/MyDrive/Honey/Honeybee_Model_v13_2B_Corrected_Profiles.csv,Honeybee_Model_v13_2B_Corrected_Profiles.csv,.csv,NOT_ANALYZED,Only 0 PN-like columns found,210000.0,5.0,,,,,,,,,,,
/content/drive/MyDrive/Honey/Honeybee_Model_v13_2B_Corrected_RuleAudit.csv,Honeybee_Model_v13_2B_Corrected_RuleAudit.csv,.csv,NOT_ANALYZED,Only 0 PN-like columns found,8.0,8.0,,,,,,,,,,,
/content/drive/MyDrive/Honey/Honeybee_Model_v13_2B_Corrected_Summary.csv,Honeybee_Model_v13_2B_Corrected_Summary.csv,.csv,NOT_ANALYZED,Only 0 PN-like columns found,2.0,15.0,,,,,,,,,,,
/content/drive/MyDrive/Honey/Honeybee_Model_v13_2C_Clustered_Statistics.csv,Honeybee_Model_v13_2C_Clustered_Statistics.csv,.csv,NOT_ANALYZED,Only 0 PN-like columns found,11.0,12.0,,,,,,,,,,,
/content/drive/MyDrive/Honey/Honeybee_Model_v13_2C_NetworkBootstrap_CI.csv,Honeybee_Model_v13_2C_NetworkBootstrap_CI.csv,.csv,NOT_ANALYZED,Only 0 PN-like columns found,9.0,6.0,,,,,,,,,,,
/content/drive/MyDrive/Honey/Honeybee_Model_v13_2C_NetworkClustered_Audit.csv,Honeybee_Model_v13_2C_NetworkClustered_Audit.csv,.csv,NOT_ANALYZED,Only 0 PN-like columns found,100.0,17.0,,,,,,,,,,,
/content/drive/MyDrive/Honey/Honeybee_Model_v13_2C_SpatialClustered_Audit.csv,Honeybee_Model_v13_2C_SpatialClustered_Audit.csv,.csv,NOT_ANALYZED,Only 0 PN-like columns found,4.0,12.0,,,,,,,,,,,
/content/drive/MyDrive/Honey/Honeybee_Model_v13_2C_Spatial_Correlations.csv,Honeybee_Model_v13_2C_Spatial_Correlations.csv,.csv,NOT_ANALYZED,Only 0 PN-like columns found,4.0,6.0,,,,,,,,,,,
/content/drive/MyDrive/Honey/Honeybee_Model_v13_2D_BalancedRandom_NetworkMetrics.csv,Honeybee_Model_v13_2D_BalancedRandom_NetworkMetrics.csv,.csv,NOT_ANALYZED,Only 0 PN-like columns found,2100.0,15.0,,,,,,,,,,,
/content/drive/MyDrive/Honey/Honeybee_Model_v13_2D_BalancedRandom_Profiles.csv,Honeybee_Model_v13_2D_BalancedRandom_Profiles.csv,.csv,NOT_ANALYZED,Only 0 PN-like columns found,210000.0,5.0,,,,,,,,,,,
/content/drive/MyDrive/Honey/Honeybee_Model_v13_2D_BalancedRandom_RuleAudit.csv,Honeybee_Model_v13_2D_BalancedRandom_RuleAudit.csv,.csv,NOT_ANALYZED,Only 0 PN-like columns found,2000.0,6.0,,,,,,,,,,,
/content/drive/MyDrive/Honey/Honeybee_Model_v13_2D_BalancedRandom_Statistics.csv,Honeybee_Model_v13_2D_BalancedRandom_Statistics.csv,.csv,NOT_ANALYZED,Only 0 PN-like columns found,8.0,11.0,,,,,,,,,,,
/content/drive/MyDrive/Honey/Honeybee_Model_v13_2D_BalancedRandom_Summary.csv,Honeybee_Model_v13_2D_BalancedRandom_Summary.csv,.csv,NOT_ANALYZED,Only 0 PN-like columns found,100.0,15.0,,,,,,,,,,,
/content/drive/MyDrive/Honey/Honeybee_Model_v13_2E_Mechanistic_Comparisons.csv,Honeybee_Model_v13_2E_Mechanistic_Comparisons.csv,.csv,NOT_ANALYZED,Only 0 PN-like columns found,28.0,9.0,,,,,,,,,,,
/content/drive/MyDrive/Honey/Honeybee_Model_v13_2E_Mechanistic_NetworkMetrics.csv,Honeybee_Model_v13_2E_Mechanistic_NetworkMetrics.csv,.csv,NOT_ANALYZED,Only 0 PN-like columns found,400.0,14.0,,,,,,,,,,,
/content/drive/MyDrive/Honey/Honeybee_Model_v13_2E_Mechanistic_ProfileCorrelations.csv,Honeybee_Model_v13_2E_Mechanistic_ProfileCorrelations.csv,.csv,NOT_ANALYZED,Only 0 PN-like columns found,4.0,6.0,,,,,,,,,,,
/content/drive/MyDrive/Honey/Honeybee_Model_v13_2E_Mechanistic_Profiles.csv,Honeybee_Model_v13_2E_Mechanistic_Profiles.csv,.csv,NOT_ANALYZED,Only 0 PN-like columns found,40000.0,5.0,,,,,,,,,,,
/content/drive/MyDrive/Honey/Honeybee_Model_v13_2E_Mechanistic_ScheduleAudit.csv,Honeybee_Model_v13_2E_Mechanistic_ScheduleAudit.csv,.csv,NOT_ANALYZED,Only 0 PN-like columns found,400.0,5.0,,,,,,,,,,,
/content/drive/MyDrive/Honey/Honeybee_Model_v13_2E_Mechanistic_SpatialEffects.csv,Honeybee_Model_v13_2E_Mechanistic_SpatialEffects.csv,.csv,NOT_ANALYZED,Only 0 PN-like columns found,12.0,7.0,,,,,,,,,,,
/content/drive/MyDrive/Honey/Honeybee_Model_v13_2E_Mechanistic_Summary.csv,Honeybee_Model_v13_2E_Mechanistic_Summary.csv,.csv,NOT_ANALYZED,Only 0 PN-like columns found,4.0,14.0,,,,,,,,,,,
/content/drive/MyDrive/Honey/Honeybee_Model_v13_2F_comparisons.csv,Honeybee_Model_v13_2F_comparisons.csv,.csv,NOT_ANALYZED,Only 0 PN-like columns found,49.0,9.0,,,,,,,,,,,
/content/drive/MyDrive/Honey/Honeybee_Model_v13_2F_network_metrics.csv,Honeybee_Model_v13_2F_network_metrics.csv,.csv,NOT_ANALYZED,Only 0 PN-like columns found,500.0,14.0,,,,,,,,,,,
/content/drive/MyDrive/Honey/Honeybee_Model_v13_2F_profile_correlations.csv,Honeybee_Model_v13_2F_profile_correlations.csv,.csv,NOT_ANALYZED,Only 0 PN-like columns found,7.0,7.0,,,,,,,,,,,
/content/drive/MyDrive/Honey/Honeybee_Model_v13_2F_profiles.csv,Honeybee_Model_v13_2F_profiles.csv,.csv,NOT_ANALYZED,Only 0 PN-like columns found,50000.0,5.0,,,,,,,,,,,
/content/drive/MyDrive/Honey/Honeybee_Model_v13_2F_schedule_audit.csv,Honeybee_Model_v13_2F_schedule_audit.csv,.csv,NOT_ANALYZED,Only 0 PN-like columns found,500.0,7.0,,,,,,,,,,,
/content/drive/MyDrive/Honey/Honeybee_Model_v13_2F_spatial_effects.csv,Honeybee_Model_v13_2F_spatial_effects.csv,.csv,NOT_ANALYZED,Only 0 PN-like columns found,21.0,7.0,,,,,,,,,,,
/content/drive/MyDrive/Honey/Honeybee_Model_v13_2F_summary.csv,Honeybee_Model_v13_2F_summary.csv,.csv,NOT_ANALYZED,Only 0 PN-like columns found,5.0,14.0,,,,,,,,,,,
/content/drive/MyDrive/Honey/Honeybee_Model_v13_2G_alternating_vs_blocked.csv,Honeybee_Model_v13_2G_alternating_vs_blocked.csv,.csv,NOT_ANALYZED,Only 0 PN-like columns found,5.0,7.0,,,,,,,,,,,
/content/drive/MyDrive/Honey/Honeybee_Model_v13_2G_network_correlations.csv,Honeybee_Model_v13_2G_network_correlations.csv,.csv,NOT_ANALYZED,Only 0 PN-like columns found,218.0,4.0,,,,,,,,,,,
/content/drive/MyDrive/Honey/Honeybee_Model_v13_2G_network_metrics.csv,Honeybee_Model_v13_2G_network_metrics.csv,.csv,NOT_ANALYZED,Only 0 PN-like columns found,2000.0,21.0,,,,,,,,,,,
/content/drive/MyDrive/Honey/Honeybee_Model_v13_2G_profiles.csv,Honeybee_Model_v13_2G_profiles.csv,.csv,NOT_ANALYZED,Only 0 PN-like columns found,200000.0,5.0,,,,,,,,,,,
/content/drive/MyDrive/Honey/Honeybee_Model_v13_2G_schedule_library.csv,Honeybee_Model_v13_2G_schedule_library.csv,.csv,NOT_ANALYZED,Only 0 PN-like columns found,20.0,8.0,,,,,,,,,,,
/content/drive/MyDrive/Honey/Honeybee_Model_v13_2G_schedule_summary.csv,Honeybee_Model_v13_2G_schedule_summary.csv,.csv,NOT_ANALYZED,Only 0 PN-like columns found,20.0,13.0,,,,,,,,,,,
/content/drive/MyDrive/Honey/Honeybee_Model_v13_2G_temporal_correlations.csv,Honeybee_Model_v13_2G_temporal_correlations.csv,.csv,NOT_ANALYZED,Only 0 PN-like columns found,6.0,5.0,,,,,,,,,,,
/content/drive/MyDrive/Honey/Honeybee_Model_v13_2H_FINAL_Audit.csv,Honeybee_Model_v13_2H_FINAL_Audit.csv,.csv,NOT_ANALYZED,Only 0 PN-like columns found,20.0,16.0,,,,,,,,,,,
/content/drive/MyDrive/Honey/Honeybee_Model_v13_2H_FINAL_Correlations.csv,Honeybee_Model_v13_2H_FINAL_Correlations.csv,.csv,NOT_ANALYZED,Only 0 PN-like columns found,126.0,6.0,,,,,,,,,,,
/content/drive/MyDrive/Honey/Honeybee_Model_v13_2H_FINAL_LeaveOneOut.csv,Honeybee_Model_v13_2H_FINAL_LeaveOneOut.csv,.csv,NOT_ANALYZED,Only 0 PN-like columns found,5.0,4.0,,,,,,,,,,,
/content/drive/MyDrive/Honey/Honeybee_Model_v13_2H_FINAL_Nested_R2.csv,Honeybee_Model_v13_2H_FINAL_Nested_R2.csv,.csv,NOT_ANALYZED,Only 0 PN-like columns found,8.0,3.0,,,,,,,,,,,
/content/drive/MyDrive/Honey/Honeybee_Model_v13_2H_FINAL_Partial_Correlations.csv,Honeybee_Model_v13_2H_FINAL_Partial_Correlations.csv,.csv,NOT_ANALYZED,Only 0 PN-like columns found,8.0,4.0,,,,,,,,,,,
/content/drive/MyDrive/Honey/Honeybee_Model_v13_2H_FINAL_Schedule_Ranking.csv,Honeybee_Model_v13_2H_FINAL_Schedule_Ranking.csv,.csv,NOT_ANALYZED,Only 0 PN-like columns found,20.0,19.0,,,,,,,,,,,
/content/drive/MyDrive/Honey/Honeybee_Model_v13_2H_FINAL_Temporal_Features.csv,Honeybee_Model_v13_2H_FINAL_Temporal_Features.csv,.csv,NOT_ANALYZED,Only 0 PN-like columns found,20.0,23.0,,,,,,,,,,,
/content/drive/MyDrive/Honey/Honeybee_Model_v13_2I_CORRECTED_Alternating_vs_Blocked.csv,Honeybee_Model_v13_2I_CORRECTED_Alternating_vs_Blocked.csv,.csv,NOT_ANALYZED,Only 0 PN-like columns found,8.0,10.0,,,,,,,,,,,
/content/drive/MyDrive/Honey/Honeybee_Model_v13_2I_CORRECTED_C_Strict_Order_Audit.csv,Honeybee_Model_v13_2I_CORRECTED_C_Strict_Order_Audit.csv,.csv,NOT_ANALYZED,Only 0 PN-like columns found,47.0,12.0,,,,,,,,,,,
/content/drive/MyDrive/Honey/Honeybee_Model_v13_2I_CORRECTED_C_Strict_Order_Network_Summary.csv,Honeybee_Model_v13_2I_CORRECTED_C_Strict_Order_Network_Summary.csv,.csv,NOT_ANALYZED,Only 0 PN-like columns found,8.0,11.0,,,,,,,,,,,
/content/drive/MyDrive/Honey/Honeybee_Model_v13_2I_CORRECTED_C_Strict_Order_Pairwise.csv,Honeybee_Model_v13_2I_CORRECTED_C_Strict_Order_Pairwise.csv,.csv,NOT_ANALYZED,Only 0 PN-like columns found,376.0,15.0,,,,,,,,,,,
/content/drive/MyDrive/Honey/Honeybee_Model_v13_2I_CORRECTED_C_Strict_Order_Summary.csv,Honeybee_Model_v13_2I_CORRECTED_C_Strict_Order_Summary.csv,.csv,NOT_ANALYZED,Only 0 PN-like columns found,8.0,11.0,,,,,,,,,,,
/content/drive/MyDrive/Honey/Honeybee_Model_v13_2I_CORRECTED_Controlled_Pairs.csv,Honeybee_Model_v13_2I_CORRECTED_Controlled_Pairs.csv,.csv,NOT_ANALYZED,Only 0 PN-like columns found,352.0,3.0,,,,,,,,,,,
/content/drive/MyDrive/Honey/Honeybee_Model_v13_2I_CORRECTED_D_UltraStrict_Pairs.csv,Honeybee_Model_v13_2I_CORRECTED_D_UltraStrict_Pairs.csv,.csv,NOT_ANALYZED,EmptyDataError: No columns to parse from file,,,,,,,,,,,,,
/content/drive/MyDrive/Honey/Honeybee_Model_v13_2I_CORRECTED_E_SummaryHistory_Control_Pairs.csv,Honeybee_Model_v13_2I_CORRECTED_E_SummaryHistory_Control_Pairs.csv,.csv,NOT_ANALYZED,Only 0 PN-like columns found,2.0,10.0,,,,,,,,,,,
/content/drive/MyDrive/Honey/Honeybee_Model_v13_2I_CORRECTED_Eplus_All_184756_Schedules.csv,Honeybee_Model_v13_2I_CORRECTED_Eplus_All_184756_Schedules.csv,.csv,NOT_ANALYZED,Only 0 PN-like columns found,184756.0,6.0,,,,,,,,,,,
/content/drive/MyDrive/Honey/Honeybee_Model_v13_2I_CORRECTED_Eplus_Exact_Match_Groups.csv,Honeybee_Model_v13_2I_CORRECTED_Eplus_Exact_Match_Groups.csv,.csv,NOT_ANALYZED,Only 0 PN-like columns found,1158.0,5.0,,,,,,,,,,,
/content/drive/MyDrive/Honey/Honeybee_Model_v13_2I_CORRECTED_Eplus_Final_Audit.csv,Honeybee_Model_v13_2I_CORRECTED_Eplus_Final_Audit.csv,.csv,NOT_ANALYZED,Only 0 PN-like columns found,100.0,12.0,,,,,,,,,,,
/content/drive/MyDrive/Honey/Honeybee_Model_v13_2I_CORRECTED_Eplus_Network_Level_Statistics.csv,Honeybee_Model_v13_2I_CORRECTED_Eplus_Network_Level_Statistics.csv,.csv,NOT_ANALYZED,Only 0 PN-like columns found,8.0,11.0,,,,,,,,,,,
/content/drive/MyDrive/Honey/Honeybee_Model_v13_2I_CORRECTED_Eplus_Network_Paired_Differences.csv,Honeybee_Model_v13_2I_CORRECTED_Eplus_Network_Paired_Differences.csv,.csv,NOT_ANALYZED,Only 0 PN-like columns found,800.0,9.0,,,,,,,,,,,
/content/drive/MyDrive/Honey/Honeybee_Model_v13_2I_CORRECTED_Eplus_Pair_Level_Statistics.csv,Honeybee_Model_v13_2I_CORRECTED_Eplus_Pair_Level_Statistics.csv,.csv,NOT_ANALYZED,Only 0 PN-like columns found,8.0,11.0,,,,,,,,,,,
/content/drive/MyDrive/Honey/Honeybee_Model_v13_2I_CORRECTED_Eplus_Profiles.csv,Honeybee_Model_v13_2I_CORRECTED_Eplus_Profiles.csv,.csv,NOT_ANALYZED,Only 0 PN-like columns found,1000000.0,7.0,,,,,,,,,,,
/content/drive/MyDrive/Honey/Honeybee_Model_v13_2I_CORRECTED_Eplus_Representative_Pairs.csv,Honeybee_Model_v13_2I_CORRECTED_Eplus_Representative_Pairs.csv,.csv,NOT_ANALYZED,Only 0 PN-like columns found,1158.0,9.0,,,,,,,,,,,
/content/drive/MyDrive/Honey/Honeybee_Model_v13_2I_CORRECTED_Eplus_Run_Metrics.csv,Honeybee_Model_v13_2I_CORRECTED_Eplus_Run_Metrics.csv,.csv,NOT_ANALYZED,Only 0 PN-like columns found,20000.0,15.0,,,,,,,,,,,
/content/drive/MyDrive/Honey/Honeybee_Model_v13_2I_CORRECTED_Eplus_Selected_Matched_Pairs.csv,Honeybee_Model_v13_2I_CORRECTED_Eplus_Selected_Matched_Pairs.csv,.csv,NOT_ANALYZED,Only 0 PN-like columns found,100.0,9.0,,,,,,,,,,,
/content/drive/MyDrive/Honey/Honeybee_Model_v13_2I_CORRECTED_Eplus_Selected_Schedule_Library.csv,Honeybee_Model_v13_2I_CORRECTED_Eplus_Selected_Schedule_Library.csv,.csv,NOT_ANALYZED,Only 0 PN-like columns found,200.0,8.0,,,,,,,,,,,
/content/drive/MyDrive/Honey/Honeybee_Model_v13_2I_CORRECTED_Network_Metrics.csv,Honeybee_Model_v13_2I_CORRECTED_Network_Metrics.csv,.csv,NOT_ANALYZED,Only 0 PN-like columns found,4600.0,13.0,,,,,,,,,,,
/content/drive/MyDrive/Honey/Honeybee_Model_v13_2I_CORRECTED_Pairwise_Statistics.csv,Honeybee_Model_v13_2I_CORRECTED_Pairwise_Statistics.csv,.csv,NOT_ANALYZED,Only 0 PN-like columns found,2112.0,10.0,,,,,,,,,,,
/content/drive/MyDrive/Honey/Honeybee_Model_v13_2I_CORRECTED_Profiles.csv,Honeybee_Model_v13_2I_CORRECTED_Profiles.csv,.csv,NOT_ANALYZED,Only 0 PN-like columns found,460000.0,5.0,,,,,,,,,,,
/content/drive/MyDrive/Honey/Honeybee_Model_v13_2I_CORRECTED_Schedule_Library.csv,Honeybee_Model_v13_2I_CORRECTED_Schedule_Library.csv,.csv,NOT_ANALYZED,Only 0 PN-like columns found,46.0,13.0,,,,,,,,,,,
/content/drive/MyDrive/Honey/Honeybee_Model_v13_2I_CORRECTED_Schedule_Summary.csv,Honeybee_Model_v13_2I_CORRECTED_Schedule_Summary.csv,.csv,NOT_ANALYZED,Only 0 PN-like columns found,46.0,22.0,,,,,,,,,,,
/content/drive/MyDrive/Honey/Honeybee_Model_v13_2I_CORRECTED_Temporal_Correlations.csv,Honeybee_Model_v13_2I_CORRECTED_Temporal_Correlations.csv,.csv,NOT_ANALYZED,Only 0 PN-like columns found,66.0,6.0,,,,,,,,,,,
/content/drive/MyDrive/Honey/Honeybee_Model_v13_2I_FAST_Controlled_Pairs.csv,Honeybee_Model_v13_2I_FAST_Controlled_Pairs.csv,.csv,NOT_ANALYZED,Only 0 PN-like columns found,26.0,4.0,,,,,,,,,,,
/content/drive/MyDrive/Honey/Honeybee_Model_v13_2I_FAST_Network_Metrics.csv,Honeybee_Model_v13_2I_FAST_Network_Metrics.csv,.csv,NOT_ANALYZED,Only 0 PN-like columns found,4600.0,18.0,,,,,,,,,,,
/content/drive/MyDrive/Honey/Honeybee_Model_v13_2I_FAST_Pair_Summary.csv,Honeybee_Model_v13_2I_FAST_Pair_Summary.csv,.csv,NOT_ANALYZED,Only 0 PN-like columns found,26.0,16.0,,,,,,,,,,,
/content/drive/MyDrive/Honey/Honeybee_Model_v13_2I_FAST_Pairwise_Statistics.csv,Honeybee_Model_v13_2I_FAST_Pairwise_Statistics.csv,.csv,NOT_ANALYZED,Only 0 PN-like columns found,208.0,12.0,,,,,,,,,,,
/content/drive/MyDrive/Honey/Honeybee_Model_v13_2I_FAST_Profiles.csv,Honeybee_Model_v13_2I_FAST_Profiles.csv,.csv,NOT_ANALYZED,Only 0 PN-like columns found,460000.0,4.0,,,,,,,,,,,
/content/drive/MyDrive/Honey/Honeybee_Model_v13_2I_FAST_Schedule_Library.csv,Honeybee_Model_v13_2I_FAST_Schedule_Library.csv,.csv,NOT_ANALYZED,Only 0 PN-like columns found,46.0,14.0,,,,,,,,,,,
/content/drive/MyDrive/Honey/Honeybee_Model_v13_2_RandomRule_NetworkMetrics.csv,Honeybee_Model_v13_2_RandomRule_NetworkMetrics.csv,.csv,NOT_ANALYZED,Only 0 PN-like columns found,2000.0,12.0,,,,,,,,,,,
/content/drive/MyDrive/Honey/Honeybee_Model_v13_2_RandomRule_NetworkSummary.csv,Honeybee_Model_v13_2_RandomRule_NetworkSummary.csv,.csv,NOT_ANALYZED,Only 0 PN-like columns found,100.0,8.0,,,,,,,,,,,
/content/drive/MyDrive/Honey/Honeybee_Model_v13_2_RandomRule_Profiles.csv,Honeybee_Model_v13_2_RandomRule_Profiles.csv,.csv,NOT_ANALYZED,Only 0 PN-like columns found,220000.0,5.0,,,,,,,,,,,
/content/drive/MyDrive/Honey/Honeybee_Model_v13_2_RandomRule_SpatialMetrics.csv,Honeybee_Model_v13_2_RandomRule_SpatialMetrics.csv,.csv,NOT_ANALYZED,Only 0 PN-like columns found,2000.0,5.0,,,,,,,,,,,
/content/drive/MyDrive/Honey/Honeybee_Model_v13_2_RandomRule_ZeroTests.csv,Honeybee_Model_v13_2_RandomRule_ZeroTests.csv,.csv,NOT_ANALYZED,Only 0 PN-like columns found,5.0,6.0,,,,,,,,,,,
/content/drive/MyDrive/Honey/Honeybee_Model_v13_3A_Bidirectional_Transfer_Audit.csv,Honeybee_Model_v13_3A_Bidirectional_Transfer_Audit.csv,.csv,NOT_ANALYZED,Only 0 PN-like columns found,14.0,2.0,,,,,,,,,,,
/content/drive/MyDrive/Honey/Honeybee_Model_v13_3A_Bidirectional_Transfer_Contrasts.csv,Honeybee_Model_v13_3A_Bidirectional_Transfer_Contrasts.csv,.csv,NOT_ANALYZED,Only 0 PN-like columns found,5.0,2.0,,,,,,,,,,,
/content/drive/MyDrive/Honey/Honeybee_Model_v13_3A_Bidirectional_Transfer_Design.csv,Honeybee_Model_v13_3A_Bidirectional_Transfer_Design.csv,.csv,NOT_ANALYZED,Only 0 PN-like columns found,4.0,3.0,,,,,,,,,,,
/content/drive/MyDrive/Honey/Honeybee_Model_v13_3A_Bidirectional_Transfer_Phenotypes.csv,Honeybee_Model_v13_3A_Bidirectional_Transfer_Phenotypes.csv,.csv,NOT_ANALYZED,Only 0 PN-like columns found,9.0,3.0,,,,,,,,,,,
/content/drive/MyDrive/Honey/Honeybee_Model_v13_3B_Sanity_Factorial_Effects.csv,Honeybee_Model_v13_3B_Sanity_Factorial_Effects.csv,.csv,NOT_ANALYZED,Only 0 PN-like columns found,5.0,6.0,,,,,,,,,,,
/content/drive/MyDrive/Honey/Honeybee_Model_v13_3B_Sanity_Network_Metrics.csv,Honeybee_Model_v13_3B_Sanity_Network_Metrics.csv,.csv,NOT_ANALYZED,Only 0 PN-like columns found,12.0,14.0,,,,,,,,,,,
/content/drive/MyDrive/Honey/Honeybee_Model_v13_3B_Sanity_Profiles.csv,Honeybee_Model_v13_3B_Sanity_Profiles.csv,.csv,NOT_ANALYZED,Only 0 PN-like columns found,1200.0,6.0,,,,,,,,,,,
/content/drive/MyDrive/Honey/Honeybee_Model_v13_3B_Sanity_Summary.csv,Honeybee_Model_v13_3B_Sanity_Summary.csv,.csv,NOT_ANALYZED,Only 0 PN-like columns found,4.0,12.0,,,,,,,,,,,
/content/drive/MyDrive/Honey/Honeybee_Model_v13_3C_Full_Factorial_Mean_Profile_Comparisons_FIXED.csv,Honeybee_Model_v13_3C_Full_Factorial_Mean_Profile_Comparisons_FIXED.csv,.csv,NOT_ANALYZED,Only 0 PN-like columns found,6.0,8.0,,,,,,,,,,,
/content/drive/MyDrive/Honey/Honeybee_Model_v13_3C_Full_Factorial_Paired_Factorial_Effects_FIXED.csv,Honeybee_Model_v13_3C_Full_Factorial_Paired_Factorial_Effects_FIXED.csv,.csv,NOT_ANALYZED,Only 0 PN-like columns found,25.0,9.0,,,,,,,,,,,
/content/drive/MyDrive/Honey/Honeybee_Model_v13_3C_Full_Factorial_Summary_FIXED.csv,Honeybee_Model_v13_3C_Full_Factorial_Summary_FIXED.csv,.csv,NOT_ANALYZED,Only 0 PN-like columns found,4.0,12.0,,,,,,,,,,,
/content/drive/MyDrive/Honey/Honeybee_Model_v13_3D_Interaction_Decomposition_Factorial.csv,Honeybee_Model_v13_3D_Interaction_Decomposition_Factorial.csv,.csv,NOT_ANALYZED,Only 0 PN-like columns found,5.0,6.0,,,,,,,,,,,
/content/drive/MyDrive/Honey/Honeybee_Model_v13_3D_Interaction_Decomposition_Network_Regional_Interaction.csv,Honeybee_Model_v13_3D_Interaction_Decomposition_Network_Regional_Interaction.csv,.csv,NOT_ANALYZED,Only 0 PN-like columns found,300.0,3.0,,,,,,,,,,,
/content/drive/MyDrive/Honey/Honeybee_Model_v13_3D_Interaction_Decomposition_Profile_Magnitude.csv,Honeybee_Model_v13_3D_Interaction_Decomposition_Profile_Magnitude.csv,.csv,NOT_ANALYZED,Only 0 PN-like columns found,4.0,5.0,,,,,,,,,,,
/content/drive/MyDrive/Honey/Honeybee_Model_v13_3D_Interaction_Decomposition_Regional_Interaction.csv,Honeybee_Model_v13_3D_Interaction_Decomposition_Regional_Interaction.csv,.csv,NOT_ANALYZED,Only 0 PN-like columns found,3.0,8.0,,,,,,,,,,,
/content/drive/MyDrive/Honey/Honeybee_Model_v13_3D_Interaction_Decomposition_Stimulus_Interaction.csv,Honeybee_Model_v13_3D_Interaction_Decomposition_Stimulus_Interaction.csv,.csv,NOT_ANALYZED,Only 0 PN-like columns found,100.0,5.0,,,,,,,,,,,
/content/drive/MyDrive/Honey/Honeybee_Model_v13_3E_Mechanistic_Condition_Summary.csv,Honeybee_Model_v13_3E_Mechanistic_Condition_Summary.csv,.csv,NOT_ANALYZED,Only 0 PN-like columns found,4.0,20.0,,,,,,,,,,,
/content/drive/MyDrive/Honey/Honeybee_Model_v13_3E_Mechanistic_KC_Representation.csv,Honeybee_Model_v13_3E_Mechanistic_KC_Representation.csv,.csv,NOT_ANALYZED,Only 0 PN-like columns found,40000.0,7.0,,,,,,,,,,,
/content/drive/MyDrive/Honey/Honeybee_Model_v13_3E_Mechanistic_KC_Representation_Summary.csv,Honeybee_Model_v13_3E_Mechanistic_KC_Representation_Summary.csv,.csv,NOT_ANALYZED,Only 0 PN-like columns found,4.0,4.0,,,,,,,,,,,
/content/drive/MyDrive/Honey/Honeybee_Model_v13_3E_Mechanistic_Mechanism_Behaviour_Associations.csv,Honeybee_Model_v13_3E_Mechanistic_Mechanism_Behaviour_Associations.csv,.csv,NOT_ANALYZED,Only 0 PN-like columns found,32.0,7.0,,,,,,,,,,,
/content/drive/MyDrive/Honey/Honeybee_Model_v13_3E_Mechanistic_Mechanistic_Factorial_Decomposition.csv,Honeybee_Model_v13_3E_Mechanistic_Mechanistic_Factorial_Decomposition.csv,.csv,NOT_ANALYZED,Only 0 PN-like columns found,9.0,8.0,,,,,,,,,,,
/content/drive/MyDrive/Honey/Honeybee_Model_v13_3E_Mechanistic_Network_Metrics.csv,Honeybee_Model_v13_3E_Mechanistic_Network_Metrics.csv,.csv,NOT_ANALYZED,Only 0 PN-like columns found,400.0,27.0,,,,,,,,,,,
/content/drive/MyDrive/Honey/Honeybee_Model_v13_3E_Mechanistic_Profiles.csv,Honeybee_Model_v13_3E_Mechanistic_Profiles.csv,.csv,NOT_ANALYZED,Only 0 PN-like columns found,40000.0,7.0,,,,,,,,,,,
/content/drive/MyDrive/Honey/Honeybee_Model_v13_3E_Mechanistic_Training_Trajectory.csv,Honeybee_Model_v13_3E_Mechanistic_Training_Trajectory.csv,.csv,NOT_ANALYZED,Only 0 PN-like columns found,8000.0,8.0,,,,,,,,,,,
/content/drive/MyDrive/Honey/Honeybee_Model_v13_3E_Repro_FIX3_Condition_Comparison.csv,Honeybee_Model_v13_3E_Repro_FIX3_Condition_Comparison.csv,.csv,NOT_ANALYZED,Only 0 PN-like columns found,36.0,5.0,,,,,,,,,,,
/content/drive/MyDrive/Honey/Honeybee_Model_v13_3E_Repro_FIX3_Direction_Check.csv,Honeybee_Model_v13_3E_Repro_FIX3_Direction_Check.csv,.csv,NOT_ANALYZED,Only 0 PN-like columns found,9.0,4.0,,,,,,,,,,,
/content/drive/MyDrive/Honey/Honeybee_Model_v13_3E_Repro_FIX3_E_Summary_Check.csv,Honeybee_Model_v13_3E_Repro_FIX3_E_Summary_Check.csv,.csv,NOT_ANALYZED,Only 0 PN-like columns found,36.0,5.0,,,,,,,,,,,
/content/drive/MyDrive/Honey/Honeybee_Model_v13_3E_Repro_FIX3_Factorial_Comparison.csv,Honeybee_Model_v13_3E_Repro_FIX3_Factorial_Comparison.csv,.csv,NOT_ANALYZED,Only 0 PN-like columns found,9.0,12.0,,,,,,,,,,,
/content/drive/MyDrive/Honey/Honeybee_Model_v2_Odor_Discrimination_Summary.csv,Honeybee_Model_v2_Odor_Discrimination_Summary.csv,.csv,NOT_ANALYZED,Only 0 PN-like columns found,1.0,16.0,,,,,,,,,,,
/content/drive/MyDrive/Honey/Honeybee_Model_v2_Odor_Discrimination_Training.csv,Honeybee_Model_v2_Odor_Discrimination_Training.csv,.csv,NOT_ANALYZED,Only 0 PN-like columns found,20.0,9.0,,,,,,,,,,,
/content/drive/MyDrive/Honey/Honeybee_Model_v3_All_Networks.csv,Honeybee_Model_v3_All_Networks.csv,.csv,NOT_ANALYZED,Only 0 PN-like columns found,2000.0,23.0,,,,,,,,,,,
/content/drive/MyDrive/Honey/Honeybee_Model_v3_Final_Results.csv,Honeybee_Model_v3_Final_Results.csv,.csv,NOT_ANALYZED,Only 0 PN-like columns found,100.0,23.0,,,,,,,,,,,
/content/drive/MyDrive/Honey/Honeybee_Model_v3_Learning_Curve.csv,Honeybee_Model_v3_Learning_Curve.csv,.csv,NOT_ANALYZED,Only 0 PN-like columns found,20.0,10.0,,,,,,,,,,,
/content/drive/MyDrive/Honey/Honeybee_Model_v3_Summary.csv,Honeybee_Model_v3_Summary.csv,.csv,NOT_ANALYZED,Only 0 PN-like columns found,1.0,14.0,,,,,,,,,,,
/content/drive/MyDrive/Honey/Honeybee_Model_v3_Weight_Dynamics.csv,Honeybee_Model_v3_Weight_Dynamics.csv,.csv,NOT_ANALYZED,Only 0 PN-like columns found,20.0,7.0,,,,,,,,,,,
/content/drive/MyDrive/Honey/Honeybee_Model_v4_PeakShift_Generalization.csv,Honeybee_Model_v4_PeakShift_Generalization.csv,.csv,NOT_ANALYZED,Only 0 PN-like columns found,3300.0,5.0,,,,,,,,,,,
/content/drive/MyDrive/Honey/Honeybee_Model_v4_PeakShift_Network_Summary.csv,Honeybee_Model_v4_PeakShift_Network_Summary.csv,.csv,NOT_ANALYZED,Only 0 PN-like columns found,100.0,10.0,,,,,,,,,,,
/content/drive/MyDrive/Honey/Honeybee_Model_v4_PeakShift_PopulationCurve.csv,Honeybee_Model_v4_PeakShift_PopulationCurve.csv,.csv,NOT_ANALYZED,Only 0 PN-like columns found,33.0,4.0,,,,,,,,,,,
/content/drive/MyDrive/Honey/Honeybee_Model_v4_PeakShift_Training.csv,Honeybee_Model_v4_PeakShift_Training.csv,.csv,NOT_ANALYZED,Only 0 PN-like columns found,2000.0,5.0,,,,,,,,,,,
/content/drive/MyDrive/Honey/Honeybee_Model_v5_Differential_Summary.csv,Honeybee_Model_v5_Differential_Summary.csv,.csv,NOT_ANALYZED,Only 0 PN-like columns found,100.0,9.0,,,,,,,,,,,
/content/drive/MyDrive/Honey/Honeybee_Model_v5_Differential_Test.csv,Honeybee_Model_v5_Differential_Test.csv,.csv,NOT_ANALYZED,Only 0 PN-like columns found,10000.0,5.0,,,,,,,,,,,
/content/drive/MyDrive/Honey/Honeybee_Model_v5_Population_Curve.csv,Honeybee_Model_v5_Population_Curve.csv,.csv,NOT_ANALYZED,Only 0 PN-like columns found,100.0,4.0,,,,,,,,,,,
/content/drive/MyDrive/Honey/Honeybee_Model_v6_All_Test_Responses.csv,Honeybee_Model_v6_All_Test_Responses.csv,.csv,NOT_ANALYZED,Only 0 PN-like columns found,10000.0,5.0,,,,,,,,,,,
/content/drive/MyDrive/Honey/Honeybee_Model_v6_Network_Summary.csv,Honeybee_Model_v6_Network_Summary.csv,.csv,NOT_ANALYZED,Only 0 PN-like columns found,100.0,12.0,,,,,,,,,,,
/content/drive/MyDrive/Honey/Honeybee_Model_v6_Population_Curve.csv,Honeybee_Model_v6_Population_Curve.csv,.csv,NOT_ANALYZED,Only 0 PN-like columns found,100.0,4.0,,,,,,,,,,,
/content/drive/MyDrive/Honey/Honeybee_Model_v7_Absolute_Responses.csv,Honeybee_Model_v7_Absolute_Responses.csv,.csv,NOT_ANALYZED,Only 0 PN-like columns found,10000.0,7.0,,,,,,,,,,,
/content/drive/MyDrive/Honey/Honeybee_Model_v7_Continuum.csv,Honeybee_Model_v7_Continuum.csv,.csv,NOT_ANALYZED,Only 0 PN-like columns found,100.0,100.0,,,,,,,,,,,
/content/drive/MyDrive/Honey/Honeybee_Model_v7_Differential_Responses.csv,Honeybee_Model_v7_Differential_Responses.csv,.csv,NOT_ANALYZED,Only 0 PN-like columns found,10000.0,7.0,,,,,,,,,,,
/content/drive/MyDrive/Honey/Honeybee_Model_v7_Group_Statistics.csv,Honeybee_Model_v7_Group_Statistics.csv,.csv,NOT_ANALYZED,Only 0 PN-like columns found,10.0,7.0,,,,,,,,,,,
/content/drive/MyDrive/Honey/Honeybee_Model_v7_Peak_Summary.csv,Honeybee_Model_v7_Peak_Summary.csv,.csv,NOT_ANALYZED,Only 0 PN-like columns found,100.0,8.0,,,,,,,,,,,
/content/drive/MyDrive/Honey/Honeybee_Model_v7_Population_Curve.csv,Honeybee_Model_v7_Population_Curve.csv,.csv,NOT_ANALYZED,Only 0 PN-like columns found,100.0,4.0,,,,,,,,,,,
/content/drive/MyDrive/Honey/Honeybee_Model_v8_Continuum.csv,Honeybee_Model_v8_Continuum.csv,.csv,NOT_ANALYZED,Only 0 PN-like columns found,100.0,100.0,,,,,,,,,,,
/content/drive/MyDrive/Honey/Honeybee_Model_v8_Default_100Networks.csv,Honeybee_Model_v8_Default_100Networks.csv,.csv,NOT_ANALYZED,Only 0 PN-like columns found,100.0,6.0,,,,,,,,,,,
/content/drive/MyDrive/Honey/Honeybee_Model_v8_Default_GroupStats.csv,Honeybee_Model_v8_Default_GroupStats.csv,.csv,NOT_ANALYZED,Only 0 PN-like columns found,10.0,5.0,,,,,,,,,,,
/content/drive/MyDrive/Honey/Honeybee_Model_v8_KCEN_RateSweep.csv,Honeybee_Model_v8_KCEN_RateSweep.csv,.csv,NOT_ANALYZED,Only 0 PN-like columns found,7.0,8.0,,,,,,,,,,,
/content/drive/MyDrive/Honey/Honeybee_Model_v8_Single_Trial_History.csv,Honeybee_Model_v8_Single_Trial_History.csv,.csv,NOT_ANALYZED,Only 0 PN-like columns found,20.0,9.0,,,,,,,,,,,
/content/drive/MyDrive/Honey/Honeybee_Model_v9_12x12_Heatmap.csv,Honeybee_Model_v9_12x12_Heatmap.csv,.csv,NOT_ANALYZED,Only 0 PN-like columns found,12.0,13.0,,,,,,,,,,,
/content/drive/MyDrive/Honey/Honeybee_Model_v9_Corrected_Continuum.csv,Honeybee_Model_v9_Corrected_Continuum.csv,.csv,NOT_ANALYZED,Only 0 PN-like columns found,100.0,100.0,,,,,,,,,,,
/content/drive/MyDrive/Honey/Honeybee_Model_v9_PNKC_Ablation.csv,Honeybee_Model_v9_PNKC_Ablation.csv,.csv,NOT_ANALYZED,Only 0 PN-like columns found,100.0,4.0,,,,,,,,,,,
/content/drive/MyDrive/Honey/Honeybee_Model_v9_Rate_Summary.csv,Honeybee_Model_v9_Rate_Summary.csv,.csv,NOT_ANALYZED,Only 0 PN-like columns found,144.0,9.0,,,,,,,,,,,
/content/drive/MyDrive/Honey/results/capacity_sweep.csv,capacity_sweep.csv,.csv,NOT_ANALYZED,Only 0 PN-like columns found,220.0,4.0,,,,,,,,,,,
/content/drive/MyDrive/Honey/results/dropout_sweep.csv,dropout_sweep.csv,.csv,NOT_ANALYZED,Only 0 PN-like columns found,240.0,5.0,,,,,,,,,,,
/content/drive/MyDrive/Honey/results/noise_sweep.csv,noise_sweep.csv,.csv,NOT_ANALYZED,Only 0 PN-like columns found,280.0,5.0,,,,,,,,,,,
/content/drive/MyDrive/Honey/results/random_control.csv,random_control.csv,.csv,NOT_ANALYZED,Only 0 PN-like columns found,40.0,3.0,,,,,,,,,,,
/content/drive/MyDrive/Honey/results/stimulus_audit.csv,stimulus_audit.csv,.csv,NOT_ANALYZED,Only 0 PN-like columns found,20.0,5.0,,,,,,,,,,,
/content/drive/MyDrive/Honey/results/stress_test.csv,stress_test.csv,.csv,NOT_ANALYZED,Only 0 PN-like columns found,260.0,6.0,,,,,,,,,,,
/content/drive/MyDrive/Honey/results/temporal_persistence.csv,temporal_persistence.csv,.csv,NOT_ANALYZED,Only 0 PN-like columns found,200.0,4.0,,,,,,,,,,,
/content/drive/MyDrive/Honey/v12_1_Statistical_Causal_Validation/v12_1_MASTER_RESULTS.xlsx,v12_1_MASTER_RESULTS.xlsx,.xlsx,NOT_ANALYZED,Only 0 PN-like columns found,1000.0,7.0,,,,,,,,,,,
/content/drive/MyDrive/Honey/v12_1_Statistical_Causal_Validation/v12_1_bootstrap_CI.csv,v12_1_bootstrap_CI.csv,.csv,NOT_ANALYZED,Only 0 PN-like columns found,2.0,4.0,,,,,,,,,,,
/content/drive/MyDrive/Honey/v12_1_Statistical_Causal_Validation/v12_1_dose_response_trend.csv,v12_1_dose_response_trend.csv,.csv,NOT_ANALYZED,Only 0 PN-like columns found,2.0,6.0,,,,,,,,,,,
/content/drive/MyDrive/Honey/v12_1_Statistical_Causal_Validation/v12_1_network_level_results.csv,v12_1_network_level_results.csv,.csv,NOT_ANALYZED,Only 0 PN-like columns found,1000.0,7.0,,,,,,,,,,,
/content/drive/MyDrive/Honey/v12_1_Statistical_Causal_Validation/v12_1_network_variability.csv,v12_1_network_variability.csv,.csv,NOT_ANALYZED,Only 0 PN-like columns found,10.0,5.0,,,,,,,,,,,
/content/drive/MyDrive/Honey/v12_1_Statistical_Causal_Validation/v12_1_permutation_test.csv,v12_1_permutation_test.csv,.csv,NOT_ANALYZED,Only 0 PN-like columns found,2.0,3.0,,,,,,,,,,,
/content/drive/MyDrive/Honey/v12_1_Statistical_Causal_Validation/v12_1_summary_statistics.csv,v12_1_summary_statistics.csv,.csv,NOT_ANALYZED,Only 0 PN-like columns found,10.0,11.0,,,,,,,,,,,
/content/drive/MyDrive/Honey/v12_1_Statistical_Causal_Validation/v12_1_zero_vs_full_statistics.csv,v12_1_zero_vs_full_statistics.csv,.csv,NOT_ANALYZED,Only 0 PN-like columns found,2.0,8.0,,,,,,,,,,,
/content/drive/MyDrive/Honey/v12_2_4_FAST_Exact_Continuum_Replication/v12_2_4_MASTER_RESULTS.xlsx,v12_2_4_MASTER_RESULTS.xlsx,.xlsx,NOT_ANALYZED,Only 0 PN-like columns found,1000.0,7.0,,,,,,,,,,,
/content/drive/MyDrive/Honey/v12_2_4_FAST_Exact_Continuum_Replication/v12_2_4_dose_response.csv,v12_2_4_dose_response.csv,.csv,NOT_ANALYZED,Only 0 PN-like columns found,2.0,6.0,,,,,,,,,,,
/content/drive/MyDrive/Honey/v12_2_4_FAST_Exact_Continuum_Replication/v12_2_4_peak_consistency.csv,v12_2_4_peak_consistency.csv,.csv,NOT_ANALYZED,Only 0 PN-like columns found,10.0,5.0,,,,,,,,,,,
/content/drive/MyDrive/Honey/v12_2_4_FAST_Exact_Continuum_Replication/v12_2_4_raw_network_results.csv,v12_2_4_raw_network_results.csv,.csv,NOT_ANALYZED,Only 0 PN-like columns found,1000.0,7.0,,,,,,,,,,,
/content/drive/MyDrive/Honey/v12_2_4_FAST_Exact_Continuum_Replication/v12_2_4_summary.csv,v12_2_4_summary.csv,.csv,NOT_ANALYZED,Only 0 PN-like columns found,10.0,11.0,,,,,,,,,,,
/content/drive/MyDrive/Honey/v12_2_4_FAST_Exact_Continuum_Replication/v12_2_4_zero_vs_full.csv,v12_2_4_zero_vs_full.csv,.csv,NOT_ANALYZED,Only 0 PN-like columns found,2.0,8.0,,,,,,,,,,,
/content/drive/MyDrive/Honey/v12_2_5B_Forensic_Response_Audit/v12_2_5B_KC_OVERLAP.csv,v12_2_5B_KC_OVERLAP.csv,.csv,NOT_ANALYZED,Only 0 PN-like columns found,40.0,8.0,,,,,,,,,,,
/content/drive/MyDrive/Honey/v12_2_5B_Forensic_Response_Audit/v12_2_5B_MASTER_RESULTS.xlsx,v12_2_5B_MASTER_RESULTS.xlsx,.xlsx,NOT_ANALYZED,Only 0 PN-like columns found,40.0,19.0,,,,,,,,,,,
/content/drive/MyDrive/Honey/v12_2_5B_Forensic_Response_Audit/v12_2_5B_RESPONSE_RESULTS.csv,v12_2_5B_RESPONSE_RESULTS.csv,.csv,NOT_ANALYZED,Only 0 PN-like columns found,40.0,19.0,,,,,,,,,,,
/content/drive/MyDrive/Honey/v12_2_5B_Forensic_Response_Audit/v12_2_5B_WEIGHT_DIAGNOSTICS.csv,v12_2_5B_WEIGHT_DIAGNOSTICS.csv,.csv,NOT_ANALYZED,Only 0 PN-like columns found,40.0,10.0,,,,,,,,,,,
/content/drive/MyDrive/Honey/v12_2_5_Strict_Null_Mechanism_Control/v12_2_5_DOSE_RESPONSE.csv,v12_2_5_DOSE_RESPONSE.csv,.csv,NOT_ANALYZED,Only 0 PN-like columns found,4.0,6.0,,,,,,,,,,,
/content/drive/MyDrive/Honey/v12_2_5_Strict_Null_Mechanism_Control/v12_2_5_FINAL_CONTROL_TABLE.csv,v12_2_5_FINAL_CONTROL_TABLE.csv,.csv,NOT_ANALYZED,Only 0 PN-like columns found,4.0,6.0,,,,,,,,,,,
/content/drive/MyDrive/Honey/v12_2_5_Strict_Null_Mechanism_Control/v12_2_5_MASTER_RESULTS.xlsx,v12_2_5_MASTER_RESULTS.xlsx,.xlsx,NOT_ANALYZED,Only 0 PN-like columns found,2000.0,9.0,,,,,,,,,,,
/content/drive/MyDrive/Honey/v12_2_5_Strict_Null_Mechanism_Control/v12_2_5_PEAK_CONSISTENCY.csv,v12_2_5_PEAK_CONSISTENCY.csv,.csv,NOT_ANALYZED,Only 0 PN-like columns found,20.0,5.0,,,,,,,,,,,
/content/drive/MyDrive/Honey/v12_2_5_Strict_Null_Mechanism_Control/v12_2_5_PN_KC_vs_KC_EN.csv,v12_2_5_PN_KC_vs_KC_EN.csv,.csv,NOT_ANALYZED,Only 0 PN-like columns found,1.0,6.0,,,,,,,,,,,
/content/drive/MyDrive/Honey/v12_2_5_Strict_Null_Mechanism_Control/v12_2_5_RAW_RESULTS.csv,v12_2_5_RAW_RESULTS.csv,.csv,NOT_ANALYZED,Only 0 PN-like columns found,2000.0,9.0,,,,,,,,,,,
/content/drive/MyDrive/Honey/v12_2_5_Strict_Null_Mechanism_Control/v12_2_5_SUMMARY.csv,v12_2_5_SUMMARY.csv,.csv,NOT_ANALYZED,Only 0 PN-like columns found,20.0,8.0,,,,,,,,,,,
/content/drive/MyDrive/Honey/v12_2_5_Strict_Null_Mechanism_Control/v12_2_5_ZERO_vs_FULL.csv,v12_2_5_ZERO_vs_FULL.csv,.csv,NOT_ANALYZED,Only 0 PN-like columns found,4.0,8.0,,,,,,,,,,,
/content/drive/MyDrive/Honey/v12_2_6_Exact_5Percent_KC_Audit/v12_2_6_MASTER_RESULTS.xlsx,v12_2_6_MASTER_RESULTS.xlsx,.xlsx,NOT_ANALYZED,Only 0 PN-like columns found,40.0,19.0,,,,,,,,,,,
/content/drive/MyDrive/Honey/v12_2_6_Exact_5Percent_KC_Audit/v12_2_6_OVERLAP_RAW.csv,v12_2_6_OVERLAP_RAW.csv,.csv,NOT_ANALYZED,Only 0 PN-like columns found,40.0,8.0,,,,,,,,,,,
/content/drive/MyDrive/Honey/v12_2_6_Exact_5Percent_KC_Audit/v12_2_6_RESPONSE_RAW.csv,v12_2_6_RESPONSE_RAW.csv,.csv,NOT_ANALYZED,Only 0 PN-like columns found,40.0,19.0,,,,,,,,,,,
/content/drive/MyDrive/Honey/v12_2_6_Exact_5Percent_KC_Audit/v12_2_6_WEIGHT_RAW.csv,v12_2_6_WEIGHT_RAW.csv,.csv,NOT_ANALYZED,Only 0 PN-like columns found,40.0,10.0,,,,,,,,,,,
/content/drive/MyDrive/Honey/v12_2_7_Published_Architecture_Audit/v12_2_7_KC_SIMILARITY.csv,v12_2_7_KC_SIMILARITY.csv,.csv,NOT_ANALYZED,Only 0 PN-like columns found,5.0,4.0,,,,,,,,,,,
/content/drive/MyDrive/Honey/v12_2_7_Published_Architecture_Audit/v12_2_7_MASTER_RESULTS.xlsx,v12_2_7_MASTER_RESULTS.xlsx,.xlsx,NOT_ANALYZED,Only 0 PN-like columns found,5.0,26.0,,,,,,,,,,,
/content/drive/MyDrive/Honey/v12_2_7_Published_Architecture_Audit/v12_2_7_NETWORK_AUDIT.csv,v12_2_7_NETWORK_AUDIT.csv,.csv,NOT_ANALYZED,Only 0 PN-like columns found,5.0,26.0,,,,,,,,,,,
/content/drive/MyDrive/Honey/v12_2_7_Published_Architecture_Audit/v12_2_7_PROFILE_DATA.csv,v12_2_7_PROFILE_DATA.csv,.csv,NOT_ANALYZED,Only 0 PN-like columns found,500.0,6.0,,,,,,,,,,,
/content/drive/MyDrive/Honey/v13_3_Bee_Rule_Audit/Actual_Model_Code_Windows.csv,Actual_Model_Code_Windows.csv,.csv,NOT_ANALYZED,Only 0 PN-like columns found,34.0,10.0,,,,,,,,,,,
/content/drive/MyDrive/Honey/v13_3_Bee_Rule_Audit/Actual_Model_Source_Candidates.csv,Actual_Model_Source_Candidates.csv,.csv,NOT_ANALYZED,Only 0 PN-like columns found,5.0,24.0,,,,,,,,,,,
/content/drive/MyDrive/Honey/v13_3_Bee_Rule_Audit/Advanced_Indexing_Audit.csv,Advanced_Indexing_Audit.csv,.csv,NOT_ANALYZED,Only 0 PN-like columns found,1.0,4.0,,,,,,,,,,,
/content/drive/MyDrive/Honey/v13_3_Bee_Rule_Audit/Bee_Update_Equation_Candidates.csv,Bee_Update_Equation_Candidates.csv,.csv,NOT_ANALYZED,Only 0 PN-like columns found,24.0,3.0,,,,,,,,,,,
/content/drive/MyDrive/Honey/v13_3_Bee_Rule_Audit/Bee_vs_Dopa_Discrepancy.csv,Bee_vs_Dopa_Discrepancy.csv,.csv,NOT_ANALYZED,Only 0 PN-like columns found,8.0,5.0,,,,,,,,,,,
/content/drive/MyDrive/Honey/v13_3_Bee_Rule_Audit/C_to_E_Scale_Offset_Diagnostic.csv,C_to_E_Scale_Offset_Diagnostic.csv,.csv,NOT_ANALYZED,Only 0 PN-like columns found,4.0,5.0,,,,,,,,,,,
/content/drive/MyDrive/Honey/v13_3_Bee_Rule_Audit/C_vs_E_Discrepancy_Diagnosis.csv,C_vs_E_Discrepancy_Diagnosis.csv,.csv,NOT_ANALYZED,Only 0 PN-like columns found,36.0,5.0,,,,,,,,,,,
/content/drive/MyDrive/Honey/v13_3_Bee_Rule_Audit/C_vs_E_Factorial_Diagnosis.csv,C_vs_E_Factorial_Diagnosis.csv,.csv,NOT_ANALYZED,Only 0 PN-like columns found,20.0,6.0,,,,,,,,,,,
/content/drive/MyDrive/Honey/v13_3_Bee_Rule_Audit/Colab_Notebook_Model_Search.csv,Colab_Notebook_Model_Search.csv,.csv,NOT_ANALYZED,Only 0 PN-like columns found,121.0,21.0,,,,,,,,,,,
/content/drive/MyDrive/Honey/v13_3_Bee_Rule_Audit/Critical_Code_Features.csv,Critical_Code_Features.csv,.csv,NOT_ANALYZED,EmptyDataError: No columns to parse from file,,,,,,,,,,,,,
/content/drive/MyDrive/Honey/v13_3_Bee_Rule_Audit/Critical_v13_3_Code_Lines.csv,Critical_v13_3_Code_Lines.csv,.csv,NOT_ANALYZED,Only 0 PN-like columns found,185.0,4.0,,,,,,,,,,,
/content/drive/MyDrive/Honey/v13_3_Bee_Rule_Audit/Current_Colab_Indexing_Audit.csv,Current_Colab_Indexing_Audit.csv,.csv,NOT_ANALYZED,Only 0 PN-like columns found,5.0,4.0,,,,,,,,,,,
/content/drive/MyDrive/Honey/v13_3_Bee_Rule_Audit/E_Mechanism_Behaviour_Associations.csv,E_Mechanism_Behaviour_Associations.csv,.csv,NOT_ANALYZED,Only 0 PN-like columns found,80.0,7.0,,,,,,,,,,,
/content/drive/MyDrive/Honey/v13_3_Bee_Rule_Audit/E_Mechanistic_Variability.csv,E_Mechanistic_Variability.csv,.csv,NOT_ANALYZED,Only 0 PN-like columns found,32.0,6.0,,,,,,,,,,,
/content/drive/MyDrive/Honey/v13_3_Bee_Rule_Audit/E_Network_Variability.csv,E_Network_Variability.csv,.csv,NOT_ANALYZED,Only 0 PN-like columns found,16.0,7.0,,,,,,,,,,,
/content/drive/MyDrive/Honey/v13_3_Bee_Rule_Audit/Potential_Bee_Update_Equations.csv,Potential_Bee_Update_Equations.csv,.csv,NOT_ANALYZED,EmptyDataError: No columns to parse from file,,,,,,,,,,,,,
/content/drive/MyDrive/Honey/v13_3_Bee_Rule_Audit/Relevant_Code_Windows.csv,Relevant_Code_Windows.csv,.csv,NOT_ANALYZED,EmptyDataError: No columns to parse from file,,,,,,,,,,,,,
/content/drive/MyDrive/Honey/v13_3_Bee_Rule_Audit/Source_File_Index.csv,Source_File_Index.csv,.csv,NOT_ANALYZED,Only 0 PN-like columns found,1.0,4.0,,,,,,,,,,,
/content/drive/MyDrive/Honey/v13_3_Bee_Rule_Audit/Untitled98_Model_Cell_Index.csv,Untitled98_Model_Cell_Index.csv,.csv,NOT_ANALYZED,Only 0 PN-like columns found,95.0,11.0,,,,,,,,,,,
/content/drive/MyDrive/Honey/v13_3_Bee_Rule_Audit/v13_3E_Bee_KCEN_Accounting_Audit.csv,v13_3E_Bee_KCEN_Accounting_Audit.csv,.csv,NOT_ANALYZED,Only 0 PN-like columns found,4.0,7.0,,,,,,,,,,,
/content/drive/MyDrive/Honey/v13_3_Bee_Rule_Audit/v13_3E_Bee_Readout_Sign_Audit.csv,v13_3E_Bee_Readout_Sign_Audit.csv,.csv,NOT_ANALYZED,Only 0 PN-like columns found,4.0,9.0,,,,,,,,,,,
/content/drive/MyDrive/Honey/v13_3_Bee_Rule_Audit/v13_3E_Behaviour_Polarity_Audit.csv,v13_3E_Behaviour_Polarity_Audit.csv,.csv,NOT_ANALYZED,Only 0 PN-like columns found,4.0,8.0,,,,,,,,,,,
/content/drive/MyDrive/Honey/v13_3_Bee_Rule_Audit/v13_3E_Corrected_Valence_Condition_Means.csv,v13_3E_Corrected_Valence_Condition_Means.csv,.csv,NOT_ANALYZED,Only 0 PN-like columns found,4.0,10.0,,,,,,,,,,,
/content/drive/MyDrive/Honey/v13_3_Bee_Rule_Audit/v13_3E_Corrected_Valence_Factorial_Effects.csv,v13_3E_Corrected_Valence_Factorial_Effects.csv,.csv,NOT_ANALYZED,Only 0 PN-like columns found,20.0,3.0,,,,,,,,,,,
/content/drive/MyDrive/Honey/v13_3_Bee_Rule_Audit/v13_3E_Corrected_Valence_Factorial_Tests.csv,v13_3E_Corrected_Valence_Factorial_Tests.csv,.csv,NOT_ANALYZED,Only 0 PN-like columns found,4.0,10.0,,,,,,,,,,,
/content/drive/MyDrive/Honey/v13_3_Bee_Rule_Audit/v13_3E_EN_Channel_Observed_Changes.csv,v13_3E_EN_Channel_Observed_Changes.csv,.csv,NOT_ANALYZED,Only 0 PN-like columns found,4.0,6.0,,,,,,,,,,,
/content/drive/MyDrive/Honey/v13_3_Bee_Rule_Audit/v13_3E_KCEN_Rule_Effect.csv,v13_3E_KCEN_Rule_Effect.csv,.csv,NOT_ANALYZED,Only 0 PN-like columns found,4.0,4.0,,,,,,,,,,,
/content/drive/MyDrive/Honey/v13_3_Bee_Rule_Audit/v13_3E_KC_Representation_Rule_Effect.csv,v13_3E_KC_Representation_Rule_Effect.csv,.csv,NOT_ANALYZED,Only 0 PN-like columns found,3.0,4.0,,,,,,,,,,,
/content/drive/MyDrive/Honey/v13_3_Bee_Rule_Audit/v13_3E_Mechanistic_Bootstrap_CI.csv,v13_3E_Mechanistic_Bootstrap_CI.csv,.csv,NOT_ANALYZED,Only 0 PN-like columns found,8.0,5.0,,,,,,,,,,,
/content/drive/MyDrive/Honey/v13_3_Bee_Rule_Audit/v13_3E_Mechanistic_Chain.csv,v13_3E_Mechanistic_Chain.csv,.csv,NOT_ANALYZED,Only 0 PN-like columns found,4.0,7.0,,,,,,,,,,,
/content/drive/MyDrive/Honey/v13_3_Bee_Rule_Audit/v13_3E_Mechanistic_Condition_Means.csv,v13_3E_Mechanistic_Condition_Means.csv,.csv,NOT_ANALYZED,Only 0 PN-like columns found,4.0,15.0,,,,,,,,,,,
/content/drive/MyDrive/Honey/v13_3_Bee_Rule_Audit/v13_3E_Mechanistic_Effect_Hierarchy.csv,v13_3E_Mechanistic_Effect_Hierarchy.csv,.csv,NOT_ANALYZED,Only 0 PN-like columns found,14.0,6.0,,,,,,,,,,,
/content/drive/MyDrive/Honey/v13_3_Bee_Rule_Audit/v13_3E_Mechanistic_Factorial_Effects.csv,v13_3E_Mechanistic_Factorial_Effects.csv,.csv,NOT_ANALYZED,Only 0 PN-like columns found,70.0,3.0,,,,,,,,,,,
/content/drive/MyDrive/Honey/v13_3_Bee_Rule_Audit/v13_3E_Mechanistic_Linkage_Correlations.csv,v13_3E_Mechanistic_Linkage_Correlations.csv,.csv,NOT_ANALYZED,Only 0 PN-like columns found,28.0,7.0,,,,,,,,,,,
/content/drive/MyDrive/Honey/v13_3_Bee_Rule_Audit/v13_3E_Mechanistic_Paired_Rule_Effects.csv,v13_3E_Mechanistic_Paired_Rule_Effects.csv,.csv,NOT_ANALYZED,Only 0 PN-like columns found,18.0,11.0,,,,,,,,,,,
/content/drive/MyDrive/Honey/v13_3_Bee_Rule_Audit/v13_3E_Mechanistic_Rule_Switch_Tests.csv,v13_3E_Mechanistic_Rule_Switch_Tests.csv,.csv,NOT_ANALYZED,Only 0 PN-like columns found,14.0,10.0,,,,,,,,,,,
/content/drive/MyDrive/Honey/v13_3_Bee_Rule_Audit/v13_3E_Network_Level_Audit.csv,v13_3E_Network_Level_Audit.csv,.csv,NOT_ANALYZED,Only 0 PN-like columns found,5.0,2.0,,,,,,,,,,,
/content/drive/MyDrive/Honey/v13_3_Bee_Rule_Audit/v13_3E_Network_Level_Bootstrap_CI.csv,v13_3E_Network_Level_Bootstrap_CI.csv,.csv,NOT_ANALYZED,Only 0 PN-like columns found,10.0,5.0,,,,,,,,,,,
/content/drive/MyDrive/Honey/v13_3_Bee_Rule_Audit/v13_3E_Network_Level_Condition_Summary.csv,v13_3E_Network_Level_Condition_Summary.csv,.csv,NOT_ANALYZED,Only 0 PN-like columns found,6.0,29.0,,,,,,,,,,,
/content/drive/MyDrive/Honey/v13_3_Bee_Rule_Audit/v13_3E_Network_Level_Interactions.csv,v13_3E_Network_Level_Interactions.csv,.csv,NOT_ANALYZED,Only 0 PN-like columns found,8.0,4.0,,,,,,,,,,,
/content/drive/MyDrive/Honey/v13_3_Bee_Rule_Audit/v13_3E_Network_Level_KCEN_Fingerprint.csv,v13_3E_Network_Level_KCEN_Fingerprint.csv,.csv,NOT_ANALYZED,Only 0 PN-like columns found,4.0,5.0,,,,,,,,,,,
/content/drive/MyDrive/Honey/v13_3_Bee_Rule_Audit/v13_3E_Network_Level_KC_Representation.csv,v13_3E_Network_Level_KC_Representation.csv,.csv,NOT_ANALYZED,Only 0 PN-like columns found,6.0,11.0,,,,,,,,,,,
/content/drive/MyDrive/Honey/v13_3_Bee_Rule_Audit/v13_3E_Network_Level_Mechanistic_Dataset.csv,v13_3E_Network_Level_Mechanistic_Dataset.csv,.csv,NOT_ANALYZED,Only 0 PN-like columns found,400.0,34.0,,,,,,,,,,,
/content/drive/MyDrive/Honey/v13_3_Bee_Rule_Audit/v13_3E_Network_Level_Paired_Rule_Effects.csv,v13_3E_Network_Level_Paired_Rule_Effects.csv,.csv,NOT_ANALYZED,Only 0 PN-like columns found,20.0,11.0,,,,,,,,,,,
/content/drive/MyDrive/Honey/v13_3_Bee_Rule_Audit/v13_3E_PNKC_Remodeling_Summary.csv,v13_3E_PNKC_Remodeling_Summary.csv,.csv,NOT_ANALYZED,Only 0 PN-like columns found,4.0,7.0,,,,,,,,,,,
/content/drive/MyDrive/Honey/v13_3_Bee_Rule_Audit/v13_3E_PNKC_Rule_Effect.csv,v13_3E_PNKC_Rule_Effect.csv,.csv,NOT_ANALYZED,Only 0 PN-like columns found,6.0,4.0,,,,,,,,,,,
/content/drive/MyDrive/Honey/v13_3_Bee_Rule_Audit/v13_3E_Representation_Rule_Effect.csv,v13_3E_Representation_Rule_Effect.csv,.csv,NOT_ANALYZED,Only 0 PN-like columns found,2.0,5.0,,,,,,,,,,,
/content/drive/MyDrive/Honey/v13_3_Bee_Rule_Audit/v13_3E_Rule_Channel_Behaviour_Truth_Table.csv,v13_3E_Rule_Channel_Behaviour_Truth_Table.csv,.csv,NOT_ANALYZED,Only 0 PN-like columns found,4.0,9.0,,,,,,,,,,,
/content/drive/MyDrive/Honey/v13_3_Bee_Rule_Audit/v13_3E_Rule_EN_Truth_Table_Definition.csv,v13_3E_Rule_EN_Truth_Table_Definition.csv,.csv,NOT_ANALYZED,Only 0 PN-like columns found,2.0,8.0,,,,,,,,,,,
/content/drive/MyDrive/Honey/v13_3_Bee_Rule_Audit/v13_3E_Rule_Swap_Polarity_Test.csv,v13_3E_Rule_Swap_Polarity_Test.csv,.csv,NOT_ANALYZED,Only 0 PN-like columns found,2.0,9.0,,,,,,,,,,,
/content/drive/MyDrive/Honey/v13_3_Bee_Rule_Audit/v13_3E_Rule_x_Readout_Sign_Table.csv,v13_3E_Rule_x_Readout_Sign_Table.csv,.csv,NOT_ANALYZED,Only 0 PN-like columns found,4.0,10.0,,,,,,,,,,,
/content/drive/MyDrive/Honey/v13_3_Bee_Rule_Audit/v13_3E_Synaptic_Matrix_NPZ_Inventory.csv,v13_3E_Synaptic_Matrix_NPZ_Inventory.csv,.csv,NOT_ANALYZED,Only 0 PN-like columns found,2400.0,8.0,,,,,,,,,,,
/content/drive/MyDrive/Honey/v13_3_Bee_Rule_Audit/v13_3E_Synaptic_Matrix_Shape_Hits.csv,v13_3E_Synaptic_Matrix_Shape_Hits.csv,.csv,NOT_ANALYZED,Only 0 PN-like columns found,2400.0,4.0,,,,,,,,,,,
/content/drive/MyDrive/Honey/v13_3_Bee_Rule_Audit/v13_3E_True_Matrix_Architecture_Effects.csv,v13_3E_True_Matrix_Architecture_Effects.csv,.csv,NOT_ANALYZED,Only 0 PN-like columns found,22.0,9.0,,,,,,,,,,,
/content/drive/MyDrive/Honey/v13_3_Bee_Rule_Audit/v13_3E_True_Matrix_Interactions.csv,v13_3E_True_Matrix_Interactions.csv,.csv,NOT_ANALYZED,Only 0 PN-like columns found,11.0,10.0,,,,,,,,,,,
/content/drive/MyDrive/Honey/v13_3_Bee_Rule_Audit/v13_3E_True_Matrix_Level_Metrics.csv,v13_3E_True_Matrix_Level_Metrics.csv,.csv,NOT_ANALYZED,Only 0 PN-like columns found,400.0,19.0,,,,,,,,,,,
/content/drive/MyDrive/Honey/v13_3_Bee_Rule_Audit/v13_3E_True_Matrix_Rule_Effects.csv,v13_3E_True_Matrix_Rule_Effects.csv,.csv,NOT_ANALYZED,Only 0 PN-like columns found,22.0,11.0,,,,,,,,,,,
/content/drive/MyDrive/Honey/v13_3_Bee_Rule_Audit/v13_3F_Readout_Reconstruction.csv,v13_3F_Readout_Reconstruction.csv,.csv,NOT_ANALYZED,Only 0 PN-like columns found,400.0,14.0,,,,,,,,,,,
/content/drive/MyDrive/Honey/v13_3_Bee_Rule_Audit/v13_3G_Exact_Readout_Validation_Networks.csv,v13_3G_Exact_Readout_Validation_Networks.csv,.csv,NOT_ANALYZED,Only 0 PN-like columns found,400.0,20.0,,,,,,,,,,,
/content/drive/MyDrive/Honey/v13_3_Bee_Rule_Audit/v13_3G_Exact_Readout_Validation_Summary.csv,v13_3G_Exact_Readout_Validation_Summary.csv,.csv,NOT_ANALYZED,Only 0 PN-like columns found,4.0,6.0,,,,,,,,,,,
/content/drive/MyDrive/Honey/v13_3_Bee_Rule_Audit/v13_3H_Matrix_Counterfactual_Effects.csv,v13_3H_Matrix_Counterfactual_Effects.csv,.csv,NOT_ANALYZED,Only 0 PN-like columns found,36.0,12.0,,,,,,,,,,,
/content/drive/MyDrive/Honey/v13_3_Bee_Rule_Audit/v13_3H_Matrix_Counterfactual_Interactions.csv,v13_3H_Matrix_Counterfactual_Interactions.csv,.csv,NOT_ANALYZED,Only 0 PN-like columns found,12.0,10.0,,,,,,,,,,,
/content/drive/MyDrive/Honey/v13_3_Bee_Rule_Audit/v13_3H_Matrix_Counterfactual_Metrics.csv,v13_3H_Matrix_Counterfactual_Metrics.csv,.csv,NOT_ANALYZED,Only 0 PN-like columns found,800.0,12.0,,,,,,,,,,,
/content/drive/MyDrive/Honey/v13_3_Bee_Rule_Audit/v13_3H_Matrix_Counterfactual_Peak_Distributions.csv,v13_3H_Matrix_Counterfactual_Peak_Distributions.csv,.csv,NOT_ANALYZED,Only 0 PN-like columns found,46.0,4.0,,,,,,,,,,,
/content/drive/MyDrive/Honey/v13_3_Bee_Rule_Audit/v13_3H_Matrix_Counterfactual_Profile_Comparisons.csv,v13_3H_Matrix_Counterfactual_Profile_Comparisons.csv,.csv,NOT_ANALYZED,Only 0 PN-like columns found,10.0,7.0,,,,,,,,,,,
/content/drive/MyDrive/Honey/v13_3_Bee_Rule_Audit/v13_3H_Matrix_Counterfactual_Profiles.csv,v13_3H_Matrix_Counterfactual_Profiles.csv,.csv,NOT_ANALYZED,Only 0 PN-like columns found,80000.0,5.0,,,,,,,,,,,
/content/drive/MyDrive/Honey/v13_3_Bee_Rule_Audit/v13_3H_Matrix_Counterfactual_Summary.csv,v13_3H_Matrix_Counterfactual_Summary.csv,.csv,NOT_ANALYZED,Only 0 PN-like columns found,8.0,12.0,,,,,,,,,,,
/content/drive/MyDrive/Honey/v13_3_Bee_Rule_Audit/v13_3I_KC_Level_Network_Attribution.csv,v13_3I_KC_Level_Network_Attribution.csv,.csv,NOT_ANALYZED,Only 0 PN-like columns found,200.0,16.0,,,,,,,,,,,
/content/drive/MyDrive/Honey/v13_3_Bee_Rule_Audit/v13_3I_KC_Level_Regional_Contrasts.csv,v13_3I_KC_Level_Regional_Contrasts.csv,.csv,NOT_ANALYZED,Only 0 PN-like columns found,2.0,6.0,,,,,,,,,,,
/content/drive/MyDrive/Honey/v13_3_Bee_Rule_Audit/v13_3I_KC_Level_Regional_Summary.csv,v13_3I_KC_Level_Regional_Summary.csv,.csv,NOT_ANALYZED,Only 0 PN-like columns found,8.0,7.0,,,,,,,,,,,
/content/drive/MyDrive/Honey/v13_3_Bee_Rule_Audit/v13_3I_KC_Level_Regional_Tests.csv,v13_3I_KC_Level_Regional_Tests.csv,.csv,NOT_ANALYZED,Only 0 PN-like columns found,6.0,9.0,,,,,,,,,,,
/content/drive/MyDrive/Honey/v13_3_Bee_Rule_Audit/v13_3I_KC_Level_Spatial_Attribution.csv,v13_3I_KC_Level_Spatial_Attribution.csv,.csv,NOT_ANALYZED,Only 0 PN-like columns found,20000.0,8.0,,,,,,,,,,,
/content/drive/MyDrive/Honey/v13_3_Bee_Rule_Audit/v13_3I_Top_Remodeled_KCs.csv,v13_3I_Top_Remodeled_KCs.csv,.csv,NOT_ANALYZED,Only 0 PN-like columns found,40.0,4.0,,,,,,,,,,,
/content/drive/MyDrive/Honey/v13_3_Bee_Rule_Audit/v13_3J_CLOSE_Evidence_Scorecard.csv,v13_3J_CLOSE_Evidence_Scorecard.csv,.csv,NOT_ANALYZED,Only 0 PN-like columns found,8.0,4.0,,,,,,,,,,,
/content/drive/MyDrive/Honey/v13_3_Bee_Rule_Audit/v13_3J_CLOSE_Final_Mechanistic_Model.csv,v13_3J_CLOSE_Final_Mechanistic_Model.csv,.csv,NOT_ANALYZED,Only 0 PN-like columns found,5.0,4.0,,,,,,,,,,,
/content/drive/MyDrive/Honey/v13_3_Bee_Rule_Audit/v13_3J_CLOSE_Final_Mechanistic_Table.csv,v13_3J_CLOSE_Final_Mechanistic_Table.csv,.csv,NOT_ANALYZED,Only 0 PN-like columns found,6.0,4.0,,,,,,,,,,,
/content/drive/MyDrive/Honey/v13_3_Bee_Rule_Audit/v13_3J_CLOSE_Input_Audit.csv,v13_3J_CLOSE_Input_Audit.csv,.csv,NOT_ANALYZED,Only 0 PN-like columns found,10.0,4.0,,,,,,,,,,,
/content/drive/MyDrive/Honey/v13_3_Bee_Rule_Audit/v13_3J_CLOSE_Limitations.csv,v13_3J_CLOSE_Limitations.csv,.csv,NOT_ANALYZED,Only 0 PN-like columns found,5.0,3.0,,,,,,,,,,,
/content/drive/MyDrive/Honey/v13_3_Bee_Rule_Audit/v13_3J_CLOSE_Paper_Quantitative_Summary.csv,v13_3J_CLOSE_Paper_Quantitative_Summary.csv,.csv,NOT_ANALYZED,Only 0 PN-like columns found,6.0,8.0,,,,,,,,,,,
/content/drive/MyDrive/Honey/v13_3_Bee_Rule_Audit/v13_3J_CLOSE_TopK_vs_RandomK_Headline.csv,v13_3J_CLOSE_TopK_vs_RandomK_Headline.csv,.csv,NOT_ANALYZED,Only 0 PN-like columns found,6.0,10.0,,,,,,,,,,,
/content/drive/MyDrive/Honey/v13_3_Bee_Rule_Audit/v13_3J_KC_Remodeling_Concentration.csv,v13_3J_KC_Remodeling_Concentration.csv,.csv,NOT_ANALYZED,Only 0 PN-like columns found,12.0,4.0,,,,,,,,,,,
/content/drive/MyDrive/Honey/v13_3_Bee_Rule_Audit/v13_3J_KC_Remodeling_Rankings.csv,v13_3J_KC_Remodeling_Rankings.csv,.csv,NOT_ANALYZED,Only 0 PN-like columns found,800000.0,9.0,,,,,,,,,,,
/content/drive/MyDrive/Honey/v13_3_Bee_Rule_Audit/v13_3J_KC_Reversion_10pct_Test.csv,v13_3J_KC_Reversion_10pct_Test.csv,.csv,NOT_ANALYZED,Only 0 PN-like columns found,2.0,8.0,,,,,,,,,,,
/content/drive/MyDrive/Honey/v13_3_Bee_Rule_Audit/v13_3J_KC_Reversion_Fraction_Effect_Removed.csv,v13_3J_KC_Reversion_Fraction_Effect_Removed.csv,.csv,NOT_ANALYZED,Only 0 PN-like columns found,16.0,4.0,,,,,,,,,,,
/content/drive/MyDrive/Honey/v13_3_Bee_Rule_Audit/v13_3J_KC_Reversion_Metrics.csv,v13_3J_KC_Reversion_Metrics.csv,.csv,NOT_ANALYZED,Only 0 PN-like columns found,1600.0,17.0,,,,,,,,,,,
/content/drive/MyDrive/Honey/v13_3_Bee_Rule_Audit/v13_3J_KC_Reversion_Peak_Summary.csv,v13_3J_KC_Reversion_Peak_Summary.csv,.csv,NOT_ANALYZED,Only 0 PN-like columns found,16.0,6.0,,,,,,,,,,,
/content/drive/MyDrive/Honey/v13_3_Bee_Rule_Audit/v13_3J_KC_Reversion_Summary.csv,v13_3J_KC_Reversion_Summary.csv,.csv,NOT_ANALYZED,Only 0 PN-like columns found,16.0,12.0,,,,,,,,,,,
/content/drive/MyDrive/Honey/v13_3_Bee_Rule_Audit/v13_3J_R_TopK_Concentration_FIXED.csv,v13_3J_R_TopK_Concentration_FIXED.csv,.csv,NOT_ANALYZED,Only 0 PN-like columns found,16.0,5.0,,,,,,,,,,,
/content/drive/MyDrive/Honey/v13_3_Bee_Rule_Audit/v13_3J_R_TopK_vs_RandomK_Comparison_FIXED.csv,v13_3J_R_TopK_vs_RandomK_Comparison_FIXED.csv,.csv,NOT_ANALYZED,Only 0 PN-like columns found,16.0,15.0,,,,,,,,,,,
/content/drive/MyDrive/Honey/v13_3_Bee_Rule_Audit/v13_3J_R_TopK_vs_RandomK_Raw_FIXED.csv,v13_3J_R_TopK_vs_RandomK_Raw_FIXED.csv,.csv,NOT_ANALYZED,Only 0 PN-like columns found,33600.0,12.0,,,,,,,,,,,
/content/drive/MyDrive/Honey/v13_3_Bee_Rule_Audit/v13_3J_R_TopK_vs_RandomK_Summary_FIXED.csv,v13_3J_R_TopK_vs_RandomK_Summary_FIXED.csv,.csv,NOT_ANALYZED,Only 0 PN-like columns found,32.0,11.0,,,,,,,,,,,
