network,condition,architecture,rule,CSplus_behavior,CSminus_behavior,discrimination,response_range,peak_stimulus,peak_behavior,distance_peak_to_CSplus,distance_peak_to_CSminus,peak_advantage,both_correct,PNKC_mean_delta,PNKC_mean_abs_delta,PNKC_std_delta,PNKC_positive_fraction,PNKC_negative_fraction,PNKC_changed_fraction,PNKC_max_abs_delta,KCEN_EPLUS_mean_delta,KCEN_EMINUS_mean_delta,KCEN_EPLUS_mean_abs_delta,KCEN_EMINUS_mean_abs_delta,KCEN_EPLUS_final_mean,KCEN_EMINUS_final_mean
0,HONEYBEE__BEE,HONEYBEE,BEE,-2.6399974822998047,8.980003356933594,-11.620000839233398,11.620000839233398,65,8.980003356933594,14,0,-14,0,0.0026066347490996122,0.002845860319212079,0.015218506567180157,0.03947,0.0025725,0.0420425,0.12000010907649994,-0.00299999862909317,-0.00400000112131238,0.00299999862909317,0.00400000112131238,0.19700002670288086,0.19600002467632294
1,HONEYBEE__BEE,HONEYBEE,BEE,-1.0399971008300781,7.780000686645508,-8.819997787475586,8.819997787475586,65,7.780000686645508,14,0,-14,0,0.002566420240327716,0.002792170736938715,0.01551806926727295,0.03767,0.002245,0.039915,0.12000010907649994,-0.00299999862909317,-0.0040000006556510925,0.00299999862909317,0.0040000006556510925,0.19700001180171967,0.19600000977516174
2,HONEYBEE__BEE,HONEYBEE,BEE,-1.5199966430664062,8.139999389648438,-9.659996032714844,9.659996032714844,65,8.139999389648438,14,0,-14,0,0.002578495070338249,0.002808445366099477,0.01543069165199995,0.03821,0.002325,0.040535,0.12000010907649994,-0.00299999862909317,-0.00400000112131238,0.00299999862909317,0.00400000112131238,0.19700002670288086,0.19600000977516174
3,HONEYBEE__BEE,HONEYBEE,BEE,-1.6799964904785156,8.260002136230469,-9.939998626708984,9.939998626708984,65,8.260002136230469,14,0,-14,0,0.0025848387740552425,0.002811289392411709,0.01539559941738844,0.03839,0.0023125,0.0407025,0.12000010907649994,-0.00299999862909317,-0.0040000006556510925,0.00299999862909317,0.0040000006556510925,0.19700002670288086,0.19600002467632294
4,HONEYBEE__BEE,HONEYBEE,BEE,-1.7599964141845703,8.320003509521484,-10.079999923706055,10.079999923706055,65,8.320003509521484,14,0,-14,0,0.00258977385237813,0.0028111489955335855,0.015374314971268177,0.03848,0.00228,0.04076,0.12000010907649994,-0.00299999862909317,-0.00400000112131238,0.00299999862909317,0.00400000112131238,0.19700002670288086,0.19600002467632294
5,HONEYBEE__BEE,HONEYBEE,BEE,-1.4399948120117188,8.080001831054688,-9.519996643066406,9.519996643066406,65,8.080001831054688,14,0,-14,0,0.002577821258455515,0.0028042711783200502,0.015441125258803368,0.03812,0.0023,0.04042,0.12000010907649994,-0.00299999862909317,-0.0040000006556510925,0.00299999862909317,0.0040000006556510925,0.19700002670288086,0.19600002467632294
6,HONEYBEE__BEE,HONEYBEE,BEE,-1.839996337890625,8.3800048828125,-10.220001220703125,10.220001220703125,65,8.3800048828125,14,0,-14,0,0.0025838324800133705,0.002821657806634903,0.015374667942523956,0.03857,0.0024575,0.0410275,0.12000010907649994,-0.00299999862909317,-0.00400000112131238,0.00299999862909317,0.00400000112131238,0.19700002670288086,0.19600002467632294
7,HONEYBEE__BEE,HONEYBEE,BEE,-2.2399978637695312,8.680000305175781,-10.919998168945312,10.919998168945312,65,8.680000305175781,14,0,-14,0,0.002598077990114689,0.0028306525200605392,0.015288269147276878,0.03902,0.002485,0.041505,0.12000010907649994,-0.00299999862909317,-0.00400000112131238,0.00299999862909317,0.00400000112131238,0.19700002670288086,0.19600002467632294
8,HONEYBEE__BEE,HONEYBEE,BEE,-1.9199962615966797,8.44000244140625,-10.35999870300293,10.35999870300293,65,8.44000244140625,14,0,-14,0,0.0025915061123669147,0.0028186559211462736,0.015346802771091461,0.03866,0.00238,0.04104,0.12000010907649994,-0.00299999862909317,-0.00400000112131238,0.00299999862909317,0.00400000112131238,0.19700002670288086,0.19600002467632294
9,HONEYBEE__BEE,HONEYBEE,BEE,-1.7599983215332031,8.320003509521484,-10.080001831054688,10.080001831054688,65,8.320003509521484,14,0,-14,0,0.0025924602523446083,0.0028084106743335724,0.015366742387413979,0.03848,0.0022525,0.0407325,0.12000010907649994,-0.00299999862909317,-0.00400000112131238,0.00299999862909317,0.00400000112131238,0.19700002670288086,0.19600002467632294
10,HONEYBEE__BEE,HONEYBEE,BEE,-1.839996337890625,8.380001068115234,-10.21999740600586,10.21999740600586,65,8.380001068115234,14,0,-14,0,0.002580507891252637,0.0028253330383449793,0.01538270153105259,0.03857,0.0025175,0.0410875,0.12000010907649994,-0.00299999862909317,-0.0040000006556510925,0.00299999862909317,0.0040000006556510925,0.19700002670288086,0.19600002467632294
11,HONEYBEE__BEE,HONEYBEE,BEE,-1.7599964141845703,8.319999694824219,-10.079996109008789,10.079996109008789,65,8.319999694824219,14,0,-14,0,0.002583027584478259,0.0028184023685753345,0.015388633124530315,0.03848,0.00242,0.0409,0.12000010907649994,-0.00299999862909317,-0.00400000112131238,0.00299999862909317,0.00400000112131238,0.19700002670288086,0.19600002467632294
12,HONEYBEE__BEE,HONEYBEE,BEE,-1.599996566772461,8.200004577636719,-9.80000114440918,9.80000114440918,65,8.200004577636719,14,0,-14,0,0.0025827388744801283,0.0028088390827178955,0.015407350845634937,0.0383,0.002345,0.040645,0.12000010907649994,-0.00299999862909317,-0.00400000112131238,0.00299999862909317,0.00400000112131238,0.19700002670288086,0.19600002467632294
13,HONEYBEE__BEE,HONEYBEE,BEE,-0.7999954223632812,7.600002288818359,-8.39999771118164,8.39999771118164,65,7.600002288818359,14,0,-14,0,0.0025623429100960493,0.002782317576929927,0.015556635335087776,0.0374,0.0021875,0.0395875,0.12000010907649994,-0.00299999862909317,-0.0040000006556510925,0.00299999862909317,0.0040000006556510925,0.19700002670288086,0.19600000977516174
14,HONEYBEE__BEE,HONEYBEE,BEE,-1.2799968719482422,7.960002899169922,-9.239999771118164,9.239999771118164,65,7.960002899169922,14,0,-14,0,0.0025725977029651403,0.0027999228332191706,0.015471339225769043,0.03794,0.00231,0.04025,0.12000010907649994,-0.00299999862909317,-0.00400000112131238,0.00299999862909317,0.00400000112131238,0.19700002670288086,0.19600002467632294
15,HONEYBEE__BEE,HONEYBEE,BEE,-1.7599964141845703,8.320003509521484,-10.079999923706055,10.079999923706055,65,8.320003509521484,14,0,-14,0,0.0025861605536192656,0.002814360661432147,0.015381244011223316,0.03848,0.0023425,0.0408225,0.12000010907649994,-0.00299999862909317,-0.00400000112131238,0.00299999862909317,0.00400000112131238,0.19700002670288086,0.19600002467632294
16,HONEYBEE__BEE,HONEYBEE,BEE,-0.7999954223632812,7.600004196166992,-8.399999618530273,8.399999618530273,65,7.600004196166992,14,0,-14,0,0.0025598143693059683,0.002785388845950365,0.015565390698611736,0.0374,0.0022075,0.0396075,0.12000010907649994,-0.00299999862909317,-0.00400000112131238,0.00299999862909317,0.00400000112131238,0.19700002670288086,0.19600002467632294
17,HONEYBEE__BEE,HONEYBEE,BEE,-1.4399986267089844,8.080005645751953,-9.520004272460938,9.520004272460938,65,8.080005645751953,14,0,-14,0,0.002571381162852049,0.002810605801641941,0.015452714636921883,0.03812,0.00244,0.04056,0.12000010907649994,-0.00299999862909317,-0.0040000006556510925,0.00299999862909317,0.0040000006556510925,0.19700002670288086,0.19600000977516174
18,HONEYBEE__BEE,HONEYBEE,BEE,-2.1599960327148438,8.620002746582031,-10.779998779296875,10.779998779296875,65,8.620002746582031,14,0,-14,0,0.0025947000831365585,0.0028295505326241255,0.015306685119867325,0.03893,0.002495,0.041425,0.12000010907649994,-0.00299999862909317,-0.00400000112131238,0.00299999862909317,0.00400000112131238,0.19700002670288086,0.19600002467632294
19,HONEYBEE__BEE,HONEYBEE,BEE,-1.9999980926513672,8.500003814697266,-10.500001907348633,10.500001907348633,65,8.500003814697266,14,0,-14,0,0.002590237418189645,0.002824562368914485,0.015338942408561707,0.03875,0.0024525,0.0412025,0.12000010907649994,-0.00299999862909317,-0.00400000112131238,0.00299999862909317,0.00400000112131238,0.19700002670288086,0.19600002467632294
20,HONEYBEE__BEE,HONEYBEE,BEE,-1.1199970245361328,7.840003967285156,-8.960000991821289,8.960000991821289,65,7.840003967285156,14,0,-14,0,0.002567120362073183,0.0027965453919023275,0.015508963726460934,0.03776,0.00226,0.04002,0.12000010907649994,-0.00299999862909317,-0.0040000006556510925,0.00299999862909317,0.0040000006556510925,0.19700002670288086,0.19600000977516174
21,HONEYBEE__BEE,HONEYBEE,BEE,-1.6799964904785156,8.260002136230469,-9.939998626708984,9.939998626708984,65,8.260002136230469,14,0,-14,0,0.002581811510026455,0.00281403586268425,0.015398947522044182,0.03839,0.0023975,0.0407875,0.12000010907649994,-0.00299999862909317,-0.00400000112131238,0.00299999862909317,0.00400000112131238,0.19700002670288086,0.19600002467632294
22,HONEYBEE__BEE,HONEYBEE,BEE,-0.9599971771240234,7.720005035400391,-8.680002212524414,8.680002212524414,65,7.720005035400391,14,0,-14,0,0.002558299805969,0.002795774955302477,0.015547006390988827,0.03758,0.00233,0.03991,0.12000010907649994,-0.00299999862909317,-0.00400000112131238,0.00299999862909317,0.00400000112131238,0.19700002670288086,0.19600002467632294
23,HONEYBEE__BEE,HONEYBEE,BEE,-1.9199981689453125,8.44000244140625,-10.360000610351562,10.360000610351562,65,8.44000244140625,14,0,-14,0,0.002586221555247903,0.0028242215048521757,0.015358109958469868,0.03866,0.002485,0.041145,0.12000010907649994,-0.00299999862909317,-0.0040000006556510925,0.00299999862909317,0.0040000006556510925,0.19700002670288086,0.19600002467632294
24,HONEYBEE__BEE,HONEYBEE,BEE,-1.1199970245361328,7.840003967285156,-8.960000991821289,8.960000991821289,65,7.840003967285156,14,0,-14,0,0.002568660071119666,0.0027947607450187206,0.015503066591918468,0.03776,0.0022575,0.0400175,0.12000010907649994,-0.00299999862909317,-0.0040000006556510925,0.00299999862909317,0.0040000006556510925,0.19700002670288086,0.19600002467632294
25,HONEYBEE__BEE,HONEYBEE,BEE,-1.1199970245361328,7.840002059936523,-8.959999084472656,8.959999084472656,65,7.840002059936523,14,0,-14,0,0.0025687043089419603,0.0027948040515184402,0.015504121780395508,0.03776,0.002245,0.040005,0.12000010907649994,-0.00299999862909317,-0.00400000112131238,0.00299999862909317,0.00400000112131238,0.19700002670288086,0.19600002467632294
26,HONEYBEE__BEE,HONEYBEE,BEE,-0.9599971771240234,7.720003128051758,-8.680000305175781,8.680000305175781,65,7.720003128051758,14,0,-14,0,0.0025550799909979105,0.0027990301605314016,0.015553967095911503,0.03758,0.0023875,0.0399675,0.12000010907649994,-0.00299999862909317,-0.0040000006556510925,0.00299999862909317,0.0040000006556510925,0.19700002670288086,0.19600002467632294
27,HONEYBEE__BEE,HONEYBEE,BEE,-2.1599960327148438,8.620002746582031,-10.779998779296875,10.779998779296875,65,8.620002746582031,14,0,-14,0,0.002597229089587927,0.002827004063874483,0.015303540043532848,0.03893,0.00242,0.04135,0.12000010907649994,-0.00299999862909317,-0.0040000006556510925,0.00299999862909317,0.0040000006556510925,0.19700002670288086,0.19600002467632294
28,HONEYBEE__BEE,HONEYBEE,BEE,-2.4799976348876953,8.860004425048828,-11.340002059936523,11.340002059936523,65,8.860004425048828,14,0,-14,0,0.002599310828372836,0.0028436114080250263,0.015255952253937721,0.03929,0.0025925,0.0418825,0.12000010907649994,-0.00299999862909317,-0.0040000006556510925,0.00299999862909317,0.0040000006556510925,0.19700002670288086,0.19600002467632294
29,HONEYBEE__BEE,HONEYBEE,BEE,-2.1599960327148438,8.620002746582031,-10.779998779296875,10.779998779296875,65,8.620002746582031,14,0,-14,0,0.0025948488619178534,0.002829174278303981,0.01530816126614809,0.03893,0.0024625,0.0413925,0.12000010907649994,-0.00299999862909317,-0.00400000112131238,0.00299999862909317,0.00400000112131238,0.19700002670288086,0.19600002467632294
30,HONEYBEE__BEE,HONEYBEE,BEE,-1.9199981689453125,8.44000244140625,-10.360000610351562,10.360000610351562,65,8.44000244140625,14,0,-14,0,0.0025877004954963923,0.0028225502464920282,0.015357892028987408,0.03866,0.002415,0.041075,0.12000010907649994,-0.00299999862909317,-0.00400000112131238,0.00299999862909317,0.00400000112131238,0.19700002670288086,0.19600002467632294
31,HONEYBEE__BEE,HONEYBEE,BEE,-0.9599971771240234,7.720003128051758,-8.680000305175781,8.680000305175781,65,7.720003128051758,14,0,-14,0,0.002559236716479063,0.0027947863563895226,0.015541980974376202,0.03758,0.00235,0.03993,0.12000010907649994,-0.00299999862909317,-0.0040000006556510925,0.00299999862909317,0.0040000006556510925,0.19700002670288086,0.19600002467632294
32,HONEYBEE__BEE,HONEYBEE,BEE,-0.7999973297119141,7.600004196166992,-8.400001525878906,8.400001525878906,65,7.600004196166992,14,0,-14,0,0.0025596823543310165,0.002784907817840576,0.015564884059131145,0.0374,0.0022,0.0396,0.12000010907649994,-0.00299999862909317,-0.0040000006556510925,0.00299999862909317,0.0040000006556510925,0.19700002670288086,0.19600002467632294
33,HONEYBEE__BEE,HONEYBEE,BEE,-0.07999610900878906,7.060001373291016,-7.139997482299805,7.139997482299805,65,7.060001373291016,14,0,-14,0,0.002540511079132557,0.0027618869207799435,0.015698393806815147,0.03659,0.00209,0.03868,0.12000010907649994,-0.00299999862909317,-0.00400000112131238,0.00299999862909317,0.00400000112131238,0.19700002670288086,0.19600002467632294
34,HONEYBEE__BEE,HONEYBEE,BEE,-1.839996337890625,8.3800048828125,-10.220001220703125,10.220001220703125,65,8.3800048828125,14,0,-14,0,0.002586668124422431,0.002818893175572157,0.01536747720092535,0.03857,0.0024225,0.0409925,0.12000010907649994,-0.00299999862909317,-0.00400000112131238,0.00299999862909317,0.00400000112131238,0.19700002670288086,0.19600002467632294
35,HONEYBEE__BEE,HONEYBEE,BEE,-3.039997100830078,9.280006408691406,-12.320003509521484,12.320003509521484,65,9.280006408691406,14,0,-14,0,0.002616636687889695,0.0028590115252882242,0.015141764655709267,0.03992,0.0026575,0.0425775,0.12000010907649994,-0.00299999862909317,-0.0040000006556510925,0.00299999862909317,0.0040000006556510925,0.19700002670288086,0.19600002467632294
36,HONEYBEE__BEE,HONEYBEE,BEE,-2.9599971771240234,9.220001220703125,-12.179998397827148,12.179998397827148,65,9.220001220703125,14,0,-14,0,0.002613722812384367,0.0028573230374604464,0.015157750807702541,0.03983,0.002675,0.042505,0.12000010907649994,-0.00299999862909317,-0.00400000112131238,0.00299999862909317,0.00400000112131238,0.19700002670288086,0.19600002467632294
37,HONEYBEE__BEE,HONEYBEE,BEE,-1.2799968719482422,7.960002899169922,-9.239999771118164,9.239999771118164,65,7.960002899169922,14,0,-14,0,0.002574067795649171,0.0027985922060906887,0.015469432808458805,0.03794,0.0022725,0.0402125,0.12000010907649994,-0.00299999862909317,-0.0040000006556510925,0.00299999862909317,0.0040000006556510925,0.19700002670288086,0.19600002467632294
38,HONEYBEE__BEE,HONEYBEE,BEE,-1.5199966430664062,8.140003204345703,-9.65999984741211,9.65999984741211,65,8.140003204345703,14,0,-14,0,0.002578818704932928,0.002807718701660633,0.015425724908709526,0.03821,0.00236,0.04057,0.12000010907649994,-0.00299999862909317,-0.00400000112131238,0.00299999862909317,0.00400000112131238,0.19700002670288086,0.19600002467632294
39,HONEYBEE__BEE,HONEYBEE,BEE,-2.079998016357422,8.560005187988281,-10.640003204345703,10.640003204345703,65,8.560005187988281,14,0,-14,0,0.002591795055195689,0.0028278701938688755,0.015323907136917114,0.03884,0.002495,0.041335,0.12000010907649994,-0.00299999862909317,-0.0040000006556510925,0.00299999862909317,0.0040000006556510925,0.19700002670288086,0.19600002467632294
40,HONEYBEE__BEE,HONEYBEE,BEE,-1.1999969482421875,7.900003433227539,-9.100000381469727,9.100000381469727,65,7.900003433227539,14,0,-14,0,0.002567881718277931,0.0028001058381050825,0.015490598045289516,0.03785,0.002365,0.040215,0.12000010907649994,-0.00299999862909317,-0.00400000112131238,0.00299999862909317,0.00400000112131238,0.19700002670288086,0.19600002467632294
41,HONEYBEE__BEE,HONEYBEE,BEE,-1.1199970245361328,7.840003967285156,-8.960000991821289,8.960000991821289,65,7.840003967285156,14,0,-14,0,0.002569797681644559,0.0027934482786804438,0.015501542016863823,0.03776,0.00222,0.03998,0.12000010907649994,-0.00299999862909317,-0.0040000006556510925,0.00299999862909317,0.0040000006556510925,0.19700002670288086,0.19600002467632294
42,HONEYBEE__BEE,HONEYBEE,BEE,-1.0399971008300781,7.780002593994141,-8.819999694824219,8.819999694824219,65,7.780002593994141,14,0,-14,0,0.0025613452307879925,0.0027972455136477947,0.01552955899387598,0.03767,0.0023275,0.0399975,0.12000010907649994,-0.00299999862909317,-0.0040000006556510925,0.00299999862909317,0.0040000006556510925,0.19700002670288086,0.19600002467632294
43,HONEYBEE__BEE,HONEYBEE,BEE,-1.8399982452392578,8.3800048828125,-10.220003128051758,10.220003128051758,65,8.3800048828125,14,0,-14,0,0.0025831060484051704,0.002822506707161665,0.01537419855594635,0.03857,0.0025,0.04107,0.12000010907649994,-0.00299999862909317,-0.00400000112131238,0.00299999862909317,0.00400000112131238,0.19700002670288086,0.19600002467632294
44,HONEYBEE__BEE,HONEYBEE,BEE,-1.5199966430664062,8.140003204345703,-9.65999984741211,9.65999984741211,65,8.140003204345703,14,0,-14,0,0.0025758701376616955,0.002810894977301359,0.015434449538588524,0.03821,0.00239,0.0406,0.12000010907649994,-0.00299999862909317,-0.0040000006556510925,0.00299999862909317,0.0040000006556510925,0.19700002670288086,0.19600002467632294
45,HONEYBEE__BEE,HONEYBEE,BEE,-1.5999984741210938,8.200004577636719,-9.800003051757812,9.800003051757812,65,8.200004577636719,14,0,-14,0,0.002576220314949751,0.002815095940604806,0.015421824529767036,0.0383,0.0024475,0.0407475,0.12000010907649994,-0.00299999862909317,-0.00400000112131238,0.00299999862909317,0.00400000112131238,0.19700002670288086,0.19600002467632294
46,HONEYBEE__BEE,HONEYBEE,BEE,-1.3599967956542969,8.020004272460938,-9.380001068115234,9.380001068115234,65,8.020004272460938,14,0,-14,0,0.0025703664869070053,0.002807141514495015,0.015467864461243153,0.03803,0.0023825,0.0404125,0.12000010907649994,-0.00299999862909317,-0.00400000112131238,0.00299999862909317,0.00400000112131238,0.19700002670288086,0.19600002467632294
47,HONEYBEE__BEE,HONEYBEE,BEE,-1.1199970245361328,7.840003967285156,-8.960000991821289,8.960000991821289,65,7.840003967285156,14,0,-14,0,0.002564101479947567,0.0027991263195872307,0.015512244775891304,0.03776,0.00234,0.0401,0.12000010907649994,-0.00299999862909317,-0.00400000112131238,0.00299999862909317,0.00400000112131238,0.19700002670288086,0.19600002467632294
48,HONEYBEE__BEE,HONEYBEE,BEE,-2.3999977111816406,8.800003051757812,-11.200000762939453,11.200000762939453,65,8.800003051757812,14,0,-14,0,0.0025991015136241913,0.002839552005752921,0.015266532078385353,0.0392,0.002565,0.041765,0.12000010907649994,-0.00299999862909317,-0.00400000112131238,0.00299999862909317,0.00400000112131238,0.19700002670288086,0.19600002467632294
49,HONEYBEE__BEE,HONEYBEE,BEE,-1.1199970245361328,7.840003967285156,-8.960000991821289,8.960000991821289,65,7.840003967285156,14,0,-14,0,0.0025687036104500294,0.002794453641399741,0.015502833761274815,0.03776,0.00225,0.04001,0.12000010907649994,-0.00299999862909317,-0.00400000112131238,0.00299999862909317,0.00400000112131238,0.19700002670288086,0.19600002467632294
50,HONEYBEE__BEE,HONEYBEE,BEE,-2.2399978637695312,8.680004119873047,-10.920001983642578,10.920001983642578,65,8.680004119873047,14,0,-14,0,0.0025919002946466208,0.0028372500091791153,0.015305198729038239,0.03902,0.002565,0.041585,0.12000010907649994,-0.00299999862909317,-0.00400000112131238,0.00299999862909317,0.00400000112131238,0.19700002670288086,0.19600002467632294
51,HONEYBEE__BEE,HONEYBEE,BEE,-1.6799964904785156,8.260002136230469,-9.939998626708984,9.939998626708984,65,8.260002136230469,14,0,-14,0,0.0025798773858696222,0.0028163024690002203,0.015404530800879002,0.03839,0.002425,0.040815,0.12000010907649994,-0.00299999862909317,-0.00400000112131238,0.00299999862909317,0.00400000112131238,0.19700002670288086,0.19600002467632294
52,HONEYBEE__BEE,HONEYBEE,BEE,-1.5199966430664062,8.139999389648438,-9.659996032714844,9.659996032714844,65,8.139999389648438,14,0,-14,0,0.0025785216130316257,0.0028081212658435106,0.01542983390390873,0.03821,0.002325,0.040535,0.12000010907649994,-0.00299999862909317,-0.00400000112131238,0.00299999862909317,0.00400000112131238,0.19700002670288086,0.19600002467632294
53,HONEYBEE__BEE,HONEYBEE,BEE,-0.8799972534179688,7.660003662109375,-8.540000915527344,8.540000915527344,65,7.660003662109375,14,0,-14,0,0.0025574422907084227,0.0027919430285692215,0.015558808110654354,0.03749,0.0023,0.03979,0.12000010907649994,-0.00299999862909317,-0.0040000006556510925,0.00299999862909317,0.0040000006556510925,0.19700002670288086,0.19600002467632294
54,HONEYBEE__BEE,HONEYBEE,BEE,-0.8799972534179688,7.660003662109375,-8.540000915527344,8.540000915527344,65,7.660003662109375,14,0,-14,0,0.0025684237480163574,0.002780698938295245,0.015535005368292332,0.03749,0.0021,0.03959,0.12000010907649994,-0.00299999862909317,-0.0040000006556510925,0.00299999862909317,0.0040000006556510925,0.19700002670288086,0.19600002467632294
55,HONEYBEE__BEE,HONEYBEE,BEE,-0.7199954986572266,7.540002822875977,-8.259998321533203,8.259998321533203,65,7.540002822875977,14,0,-14,0,0.002554100239649415,0.002785975579172373,0.01558987982571125,0.03731,0.00222,0.03953,0.12000010907649994,-0.00299999862909317,-0.00400000112131238,0.00299999862909317,0.00400000112131238,0.19700002670288086,0.19600002467632294
56,HONEYBEE__BEE,HONEYBEE,BEE,-1.7599983215332031,8.320003509521484,-10.080001831054688,10.080001831054688,65,8.320003509521484,14,0,-14,0,0.0025883913040161133,0.002812216756865382,0.015375269576907158,0.03848,0.00232,0.0408,0.12000010907649994,-0.00299999862909317,-0.0040000006556510925,0.00299999862909317,0.0040000006556510925,0.19700002670288086,0.19600002467632294
57,HONEYBEE__BEE,HONEYBEE,BEE,-0.9599971771240234,7.720003128051758,-8.680000305175781,8.680000305175781,65,7.720003128051758,14,0,-14,0,0.002566087758168578,0.0027881625574082136,0.015529711730778217,0.03758,0.002205,0.039785,0.12000010907649994,-0.00299999862909317,-0.00400000112131238,0.00299999862909317,0.00400000112131238,0.19700002670288086,0.19600002467632294
58,HONEYBEE__BEE,HONEYBEE,BEE,-1.9999961853027344,8.500003814697266,-10.5,10.5,65,8.500003814697266,14,0,-14,0,0.002592512872070074,0.0028222878463566303,0.015333966352045536,0.03875,0.0024125,0.0411625,0.12000010907649994,-0.00299999862909317,-0.00400000112131238,0.00299999862909317,0.00400000112131238,0.19700002670288086,0.19600002467632294
59,HONEYBEE__BEE,HONEYBEE,BEE,-1.6799964904785156,8.260002136230469,-9.939998626708984,9.939998626708984,65,8.260002136230469,14,0,-14,0,0.002584173809736967,0.0028118486516177654,0.01539572048932314,0.03839,0.0023375,0.0407275,0.12000010907649994,-0.00299999862909317,-0.0040000006556510925,0.00299999862909317,0.0040000006556510925,0.19700002670288086,0.19600002467632294
60,HONEYBEE__BEE,HONEYBEE,BEE,-1.7599983215332031,8.320003509521484,-10.080001831054688,10.080001831054688,65,8.320003509521484,14,0,-14,0,0.002588356379419565,0.002812181366607547,0.015373820438981056,0.03848,0.0023375,0.0408175,0.12000010907649994,-0.00299999862909317,-0.00400000112131238,0.00299999862909317,0.00400000112131238,0.19700002670288086,0.19600002467632294
61,HONEYBEE__BEE,HONEYBEE,BEE,-1.4399967193603516,8.080001831054688,-9.519998550415039,9.519998550415039,65,8.080001831054688,14,0,-14,0,0.002572090132161975,0.0028099152259528637,0.015451422892510891,0.03812,0.002425,0.040545,0.12000010907649994,-0.00299999862909317,-0.00400000112131238,0.00299999862909317,0.00400000112131238,0.19700002670288086,0.19600000977516174
62,HONEYBEE__BEE,HONEYBEE,BEE,-1.9999961853027344,8.500003814697266,-10.5,10.5,65,8.500003814697266,14,0,-14,0,0.002588452771306038,0.0028266285080462694,0.015344677492976189,0.03875,0.00247,0.04122,0.12000010907649994,-0.00299999862909317,-0.0040000006556510925,0.00299999862909317,0.0040000006556510925,0.19700002670288086,0.19600002467632294
63,HONEYBEE__BEE,HONEYBEE,BEE,-1.2799968719482422,7.9600067138671875,-9.24000358581543,9.24000358581543,65,7.9600067138671875,14,0,-14,0,0.0025683012790977955,0.002804375719279051,0.015480102971196175,0.03794,0.0023975,0.0403375,0.12000010907649994,-0.00299999862909317,-0.00400000112131238,0.00299999862909317,0.00400000112131238,0.19700002670288086,0.19600002467632294
64,HONEYBEE__BEE,HONEYBEE,BEE,-2.3999977111816406,8.800003051757812,-11.200000762939453,11.200000762939453,65,8.800003051757812,14,0,-14,0,0.0026030302979052067,0.002835254417732358,0.01525861769914627,0.0392,0.002475,0.041675,0.12000010907649994,-0.00299999862909317,-0.0040000006556510925,0.00299999862909317,0.0040000006556510925,0.19700002670288086,0.19600002467632294
65,HONEYBEE__BEE,HONEYBEE,BEE,-0.8799972534179688,7.660003662109375,-8.540000915527344,8.540000915527344,65,7.660003662109375,14,0,-14,0,0.0025647925212979317,0.0027845927979797125,0.015542431734502316,0.03749,0.0021775,0.0396675,0.12000010907649994,-0.00299999862909317,-0.00400000112131238,0.00299999862909317,0.00400000112131238,0.19700002670288086,0.19600002467632294
66,HONEYBEE__BEE,HONEYBEE,BEE,-2.4799976348876953,8.860004425048828,-11.340002059936523,11.340002059936523,65,8.860004425048828,14,0,-14,0,0.002604482928290963,0.002838107291609049,0.015245440416038036,0.03929,0.00248,0.04177,0.12000010907649994,-0.00299999862909317,-0.00400000112131238,0.00299999862909317,0.00400000112131238,0.19700002670288086,0.19600002467632294
67,HONEYBEE__BEE,HONEYBEE,BEE,-1.4399967193603516,8.080001831054688,-9.519998550415039,9.519998550415039,65,8.080001831054688,14,0,-14,0,0.0025779004208743572,0.002804175019264221,0.015442784875631332,0.03812,0.002275,0.040395,0.12000010907649994,-0.00299999862909317,-0.00400000112131238,0.00299999862909317,0.00400000112131238,0.19700002670288086,0.19600002467632294
68,HONEYBEE__BEE,HONEYBEE,BEE,-0.8799972534179688,7.660001754760742,-8.539999008178711,8.539999008178711,65,7.660001754760742,14,0,-14,0,0.002568485215306282,0.002780585316941142,0.015535244718194008,0.03749,0.0020925,0.0395825,0.12000010907649994,-0.00299999862909317,-0.00400000112131238,0.00299999862909317,0.00400000112131238,0.19700002670288086,0.19600002467632294
69,HONEYBEE__BEE,HONEYBEE,BEE,-1.5199966430664062,8.140003204345703,-9.65999984741211,9.65999984741211,65,8.140003204345703,14,0,-14,0,0.0025800701696425676,0.0028065198566764593,0.015425360761582851,0.03821,0.00231,0.04052,0.12000010907649994,-0.00299999862909317,-0.0040000006556510925,0.00299999862909317,0.0040000006556510925,0.19700004160404205,0.19600000977516174
70,HONEYBEE__BEE,HONEYBEE,BEE,-2.1599960327148438,8.620002746582031,-10.779998779296875,10.779998779296875,65,8.620002746582031,14,0,-14,0,0.0025958640035241842,0.002828438999131322,0.015306834131479263,0.03893,0.0024425,0.0413725,0.12000010907649994,-0.00299999862909317,-0.0040000006556510925,0.00299999862909317,0.0040000006556510925,0.19700002670288086,0.19600000977516174
71,HONEYBEE__BEE,HONEYBEE,BEE,-1.1999969482421875,7.900005340576172,-9.10000228881836,9.10000228881836,65,7.900005340576172,14,0,-14,0,0.0025712500791996717,0.0027970001101493835,0.015486608259379864,0.03785,0.0022725,0.0401225,0.12000010907649994,-0.00299999862909317,-0.00400000112131238,0.00299999862909317,0.00400000112131238,0.19700002670288086,0.19600000977516174
72,HONEYBEE__BEE,HONEYBEE,BEE,-1.599996566772461,8.200004577636719,-9.80000114440918,9.80000114440918,65,8.200004577636719,14,0,-14,0,0.0025869302917271852,0.0028042804915457964,0.015399766154587269,0.0383,0.00224,0.04054,0.12000010907649994,-0.00299999862909317,-0.00400000112131238,0.00299999862909317,0.00400000112131238,0.19700002670288086,0.19600002467632294
73,HONEYBEE__BEE,HONEYBEE,BEE,-1.5199966430664062,8.140007019042969,-9.660003662109375,9.660003662109375,65,8.140007019042969,14,0,-14,0,0.0025787490885704756,0.0028083480428904295,0.015429197810590267,0.03821,0.0023375,0.0405475,0.12000010907649994,-0.00299999862909317,-0.0040000006556510925,0.00299999862909317,0.0040000006556510925,0.19700002670288086,0.19600002467632294
74,HONEYBEE__BEE,HONEYBEE,BEE,-1.7599983215332031,8.320003509521484,-10.080001831054688,10.080001831054688,65,8.320003509521484,14,0,-14,0,0.0025788366328924894,0.0028219111263751984,0.015395506285130978,0.03848,0.0025,0.04098,0.12000010907649994,-0.00299999862909317,-0.0040000006556510925,0.00299999862909317,0.0040000006556510925,0.19700002670288086,0.19600002467632294
75,HONEYBEE__BEE,HONEYBEE,BEE,-1.2799968719482422,7.960002899169922,-9.239999771118164,9.239999771118164,65,7.960002899169922,14,0,-14,0,0.0025701038539409637,0.0028026788495481014,0.01547752134501934,0.03794,0.0023525,0.0402925,0.12000010907649994,-0.00299999862909317,-0.0040000006556510925,0.00299999862909317,0.0040000006556510925,0.19700002670288086,0.19600002467632294
76,HONEYBEE__BEE,HONEYBEE,BEE,-0.8799972534179688,7.660001754760742,-8.539999008178711,8.539999008178711,65,7.660001754760742,14,0,-14,0,0.0025613976176828146,0.002788197947666049,0.015551446937024593,0.03749,0.0022225,0.0397125,0.12000010907649994,-0.00299999862909317,-0.00400000112131238,0.00299999862909317,0.00400000112131238,0.19700002670288086,0.19600002467632294
77,HONEYBEE__BEE,HONEYBEE,BEE,-1.1999969482421875,7.900005340576172,-9.10000228881836,9.10000228881836,65,7.900005340576172,14,0,-14,0,0.002569281728938222,0.002798881148919463,0.01549160573631525,0.03785,0.002295,0.040145,0.12000010907649994,-0.00299999862909317,-0.0040000006556510925,0.00299999862909317,0.0040000006556510925,0.19700002670288086,0.19600002467632294
78,HONEYBEE__BEE,HONEYBEE,BEE,-1.3599967956542969,8.020004272460938,-9.380001068115234,9.380001068115234,65,8.020004272460938,14,0,-14,0,0.0025737001560628414,0.0028038257732987404,0.015461384318768978,0.03803,0.002315,0.040345,0.12000010907649994,-0.00299999862909317,-0.00400000112131238,0.00299999862909317,0.00400000112131238,0.19700002670288086,0.19600002467632294
79,HONEYBEE__BEE,HONEYBEE,BEE,-2.1599979400634766,8.620002746582031,-10.780000686645508,10.780000686645508,65,8.620002746582031,14,0,-14,0,0.002594525460153818,0.00282990001142025,0.01530956756323576,0.03893,0.0024725,0.0414025,0.12000010907649994,-0.00299999862909317,-0.0040000006556510925,0.00299999862909317,0.0040000006556510925,0.19700002670288086,0.19600002467632294
80,HONEYBEE__BEE,HONEYBEE,BEE,-1.5199966430664062,8.140003204345703,-9.65999984741211,9.65999984741211,65,8.140003204345703,14,0,-14,0,0.0025778389535844326,0.0028091887943446636,0.015430083498358727,0.03821,0.002365,0.040575,0.12000010907649994,-0.00299999862909317,-0.00400000112131238,0.00299999862909317,0.00400000112131238,0.19700002670288086,0.19600002467632294
81,HONEYBEE__BEE,HONEYBEE,BEE,-2.079998016357422,8.560005187988281,-10.640003204345703,10.640003204345703,65,8.560005187988281,14,0,-14,0,0.0025927494280040264,0.002826898591592908,0.015322231687605381,0.03884,0.0024725,0.0413125,0.12000010907649994,-0.00299999862909317,-0.00400000112131238,0.00299999862909317,0.00400000112131238,0.19700002670288086,0.19600002467632294
82,HONEYBEE__BEE,HONEYBEE,BEE,-0.9599971771240234,7.720005035400391,-8.680002212524414,8.680002212524414,65,7.720005035400391,14,0,-14,0,0.0025648188311606646,0.0027891690842807293,0.015529399737715721,0.03758,0.0022575,0.0398375,0.12000010907649994,-0.00299999862909317,-0.00400000112131238,0.00299999862909317,0.00400000112131238,0.19700002670288086,0.19600000977516174
83,HONEYBEE__BEE,HONEYBEE,BEE,-1.4399986267089844,8.080001831054688,-9.520000457763672,9.520000457763672,65,8.080001831054688,14,0,-14,0,0.0025797116104513407,0.002802486764267087,0.015438818372786045,0.03812,0.0022475,0.0403675,0.12000010907649994,-0.00299999862909317,-0.0040000006556510925,0.00299999862909317,0.0040000006556510925,0.19700002670288086,0.19600000977516174
84,HONEYBEE__BEE,HONEYBEE,BEE,-1.3599967956542969,8.020004272460938,-9.380001068115234,9.380001068115234,65,8.020004272460938,14,0,-14,0,0.002571644028648734,0.002805793657898903,0.01546591054648161,0.03803,0.0023475,0.0403775,0.12000010907649994,-0.00299999862909317,-0.00400000112131238,0.00299999862909317,0.00400000112131238,0.19700002670288086,0.19600002467632294
85,HONEYBEE__BEE,HONEYBEE,BEE,-0.9599952697753906,7.720001220703125,-8.679996490478516,8.679996490478516,65,7.720001220703125,14,0,-14,0,0.0025644260458648205,0.002789475489407778,0.015532937832176685,0.03758,0.0022275,0.0398075,0.12000010907649994,-0.00299999862909317,-0.00400000112131238,0.00299999862909317,0.00400000112131238,0.19700002670288086,0.19600002467632294
86,HONEYBEE__BEE,HONEYBEE,BEE,-1.5999984741210938,8.200004577636719,-9.800003051757812,9.800003051757812,65,8.200004577636719,14,0,-14,0,0.0025774978566914797,0.002813922706991434,0.01541911717504263,0.0383,0.0024275,0.0407275,0.12000010907649994,-0.00299999862909317,-0.00400000112131238,0.00299999862909317,0.00400000112131238,0.19700002670288086,0.19600000977516174
87,HONEYBEE__BEE,HONEYBEE,BEE,-1.839996337890625,8.3800048828125,-10.220001220703125,10.220001220703125,65,8.3800048828125,14,0,-14,0,0.0025814964901655912,0.0028240466490387917,0.015380185097455978,0.03857,0.002495,0.041065,0.12000010907649994,-0.00299999862909317,-0.00400000112131238,0.00299999862909317,0.00400000112131238,0.19700002670288086,0.19600002467632294
88,HONEYBEE__BEE,HONEYBEE,BEE,-1.5999984741210938,8.200004577636719,-9.800003051757812,9.800003051757812,65,8.200004577636719,14,0,-14,0,0.002577410079538822,0.002814535517245531,0.015422369353473186,0.0383,0.0024075,0.0407075,0.12000010907649994,-0.00299999862909317,-0.00400000112131238,0.00299999862909317,0.00400000112131238,0.19700002670288086,0.19600002467632294
89,HONEYBEE__BEE,HONEYBEE,BEE,-1.2799968719482422,7.960002899169922,-9.239999771118164,9.239999771118164,65,7.960002899169922,14,0,-14,0,0.002572982804849744,0.0027999579906463623,0.015473812818527222,0.03794,0.002275,0.040215,0.12000010907649994,-0.00299999862909317,-0.00400000112131238,0.00299999862909317,0.00400000112131238,0.19700002670288086,0.19600002467632294
90,HONEYBEE__BEE,HONEYBEE,BEE,-3.119997024536133,9.340003967285156,-12.460000991821289,12.460000991821289,65,9.340003967285156,14,0,-14,0,0.0026197603438049555,0.002860560081899166,0.015123961493372917,0.04001,0.002655,0.042665,0.12000010907649994,-0.00299999862909317,-0.00400000112131238,0.00299999862909317,0.00400000112131238,0.19700002670288086,0.19600000977516174
91,HONEYBEE__BEE,HONEYBEE,BEE,-1.5199966430664062,8.140007019042969,-9.660003662109375,9.660003662109375,65,8.140007019042969,14,0,-14,0,0.002574452431872487,0.002812102669849992,0.015436985529959202,0.03821,0.002415,0.040625,0.12000010907649994,-0.00299999862909317,-0.0040000006556510925,0.00299999862909317,0.0040000006556510925,0.19700002670288086,0.19600002467632294
92,HONEYBEE__BEE,HONEYBEE,BEE,-1.4399967193603516,8.080001831054688,-9.519998550415039,9.519998550415039,65,8.080001831054688,14,0,-14,0,0.002573787933215499,0.002808462595567107,0.015450561419129372,0.03812,0.0023675,0.0404875,0.12000010907649994,-0.00299999862909317,-0.0040000006556510925,0.00299999862909317,0.0040000006556510925,0.19700002670288086,0.19600002467632294
93,HONEYBEE__BEE,HONEYBEE,BEE,-0.55999755859375,7.420001983642578,-7.979999542236328,7.979999542236328,65,7.420001983642578,14,0,-14,0,0.002552288817241788,0.00277821347117424,0.015613063238561153,0.03713,0.0021625,0.0392925,0.12000010907649994,-0.00299999862909317,-0.00400000112131238,0.00299999862909317,0.00400000112131238,0.19700002670288086,0.19600002467632294
94,HONEYBEE__BEE,HONEYBEE,BEE,-1.5999984741210938,8.200004577636719,-9.800003051757812,9.800003051757812,65,8.200004577636719,14,0,-14,0,0.0025791164953261614,0.0028125662356615067,0.015416791662573814,0.0383,0.0023925,0.0406925,0.12000010907649994,-0.00299999862909317,-0.00400000112131238,0.00299999862909317,0.00400000112131238,0.19700001180171967,0.19600002467632294
95,HONEYBEE__BEE,HONEYBEE,BEE,-1.9199981689453125,8.44000244140625,-10.360000610351562,10.360000610351562,65,8.44000244140625,14,0,-14,0,0.0025879540480673313,0.0028222789987921715,0.0153549425303936,0.03866,0.00244,0.0411,0.12000010907649994,-0.00299999862909317,-0.00400000112131238,0.00299999862909317,0.00400000112131238,0.19700002670288086,0.19600002467632294
96,HONEYBEE__BEE,HONEYBEE,BEE,-1.599996566772461,8.200004577636719,-9.80000114440918,9.80000114440918,65,8.200004577636719,14,0,-14,0,0.0025783816818147898,0.00281340628862381,0.015417701564729214,0.0383,0.0024175,0.0407175,0.12000010907649994,-0.00299999862909317,-0.00400000112131238,0.00299999862909317,0.00400000112131238,0.19700002670288086,0.19600002467632294
97,HONEYBEE__BEE,HONEYBEE,BEE,-1.6799964904785156,8.260002136230469,-9.939998626708984,9.939998626708984,65,8.260002136230469,14,0,-14,0,0.002582345623522997,0.002813869621604681,0.01539698801934719,0.03839,0.00241,0.0408,0.12000010907649994,-0.00299999862909317,-0.00400000112131238,0.00299999862909317,0.00400000112131238,0.19700002670288086,0.19600002467632294
98,HONEYBEE__BEE,HONEYBEE,BEE,-1.5199966430664062,8.140003204345703,-9.65999984741211,9.65999984741211,65,8.140003204345703,14,0,-14,0,0.002581549109891057,0.0028051987756043673,0.015421081334352493,0.03821,0.0023025,0.0405125,0.12000010907649994,-0.00299999862909317,-0.0040000006556510925,0.00299999862909317,0.0040000006556510925,0.19700002670288086,0.19600002467632294
99,HONEYBEE__BEE,HONEYBEE,BEE,-1.4399967193603516,8.080001831054688,-9.519998550415039,9.519998550415039,65,8.080001831054688,14,0,-14,0,0.0025712414644658566,0.002810991834849119,0.015456021763384342,0.03812,0.0024125,0.0405325,0.12000010907649994,-0.00299999862909317,-0.00400000112131238,0.00299999862909317,0.00400000112131238,0.19700002670288086,0.19600002467632294
0,HONEYBEE__DROSOPHILA,HONEYBEE,DROSOPHILA,7.680000305175781,-7.680000305175781,15.360000610351562,15.360000610351562,49,7.680000305175781,2,16,14,1,0.0018295740010216832,0.001977774780243635,0.009664293378591537,0.04352,0.00322,0.04674,0.08000000566244125,-0.00299999862909317,-0.00299999862909317,0.00299999862909317,0.00299999862909317,0.19700002670288086,0.19700002670288086
1,HONEYBEE__DROSOPHILA,HONEYBEE,DROSOPHILA,7.200000762939453,-7.200000762939453,14.400001525878906,14.400001525878906,49,7.200000762939453,2,16,14,1,0.0018202844075858593,0.0019654848147183657,0.009751190431416035,0.0428,0.0031025,0.0459025,0.08000000566244125,-0.00299999862909317,-0.00299999862909317,0.00299999862909317,0.00299999862909317,0.19700002670288086,0.19700001180171967
2,HONEYBEE__DROSOPHILA,HONEYBEE,DROSOPHILA,7.379997253417969,-7.380001068115234,14.759998321533203,14.759998321533203,49,7.379997253417969,2,16,14,1,0.0018233846640214324,0.00197058473713696,0.009720607660710812,0.04307,0.0031375,0.0462075,0.08000000566244125,-0.00299999862909317,-0.00299999862909317,0.00299999862909317,0.00299999862909317,0.19700002670288086,0.19700002670288086
3,HONEYBEE__DROSOPHILA,HONEYBEE,DROSOPHILA,7.319999694824219,-7.319999694824219,14.639999389648438,14.639999389648438,48,7.319999694824219,3,17,14,1,0.0018240695353597403,0.0019670696929097176,0.009727337397634983,0.04298,0.0030675,0.0460475,0.08000000566244125,-0.00299999862909317,-0.00299999862909317,0.00299999862909317,0.00299999862909317,0.19700002670288086,0.19700002670288086
4,HONEYBEE__DROSOPHILA,HONEYBEE,DROSOPHILA,7.200000762939453,-7.200000762939453,14.400001525878906,14.400001525878906,49,7.200000762939453,2,16,14,1,0.0018229247070848942,0.001962925074622035,0.009748116135597229,0.0428,0.0029725,0.0457725,0.08000000566244125,-0.00299999862909317,-0.00299999862909317,0.00299999862909317,0.00299999862909317,0.19700002670288086,0.19700002670288086
5,HONEYBEE__DROSOPHILA,HONEYBEE,DROSOPHILA,7.140003204345703,-7.1399993896484375,14.28000259399414,14.28000259399414,49,7.140003204345703,2,16,14,1,0.0018214043229818344,0.0019617045763880014,0.009757845662534237,0.04271,0.00301,0.04572,0.08000000566244125,-0.00299999862909317,-0.00299999862909317,0.00299999862909317,0.00299999862909317,0.19700002670288086,0.19700002670288086
6,HONEYBEE__DROSOPHILA,HONEYBEE,DROSOPHILA,7.380001068115234,-7.380001068115234,14.760002136230469,14.760002136230469,49,7.380001068115234,2,16,14,1,0.0018240545177832246,0.001969754695892334,0.009717890992760658,0.04307,0.00314,0.04621,0.08000000566244125,-0.00299999862909317,-0.00299999862909317,0.00299999862909317,0.00299999862909317,0.19700002670288086,0.19700002670288086
7,HONEYBEE__DROSOPHILA,HONEYBEE,DROSOPHILA,6.899997711181641,-6.899997711181641,13.799995422363281,13.799995422363281,49,6.899997711181641,2,16,14,1,0.0018153745913878083,0.001956974621862173,0.00980376172810793,0.04235,0.002995,0.045345,0.08000000566244125,-0.00299999862909317,-0.00299999862909317,0.00299999862909317,0.00299999862909317,0.19700002670288086,0.19700002670288086
8,HONEYBEE__DROSOPHILA,HONEYBEE,DROSOPHILA,6.959999084472656,-6.959999084472656,13.919998168945312,13.919998168945312,48,6.959999084472656,3,17,14,1,0.00181667972356081,0.001958479406312108,0.009793426841497421,0.04244,0.002995,0.045435,0.08000000566244125,-0.00299999862909317,-0.00299999862909317,0.00299999862909317,0.00299999862909317,0.19700002670288086,0.19700002670288086
9,HONEYBEE__DROSOPHILA,HONEYBEE,DROSOPHILA,6.479999542236328,-6.479999542236328,12.959999084472656,12.959999084472656,49,6.479999542236328,2,16,14,1,0.0018096991116181016,0.001944099785760045,0.009875745512545109,0.04172,0.0027925,0.0445125,0.08000000566244125,-0.00299999862909317,-0.00299999862909317,0.00299999862909317,0.00299999862909317,0.19700002670288086,0.19700002670288086
10,HONEYBEE__DROSOPHILA,HONEYBEE,DROSOPHILA,7.320003509521484,-7.319999694824219,14.640003204345703,14.640003204345703,47,7.320003509521484,4,18,14,1,0.0018213946605101228,0.0019698950927704573,0.009732265956699848,0.04298,0.00317,0.04615,0.08000000566244125,-0.00299999862909317,-0.00299999862909317,0.00299999862909317,0.00299999862909317,0.19700002670288086,0.19700002670288086
11,HONEYBEE__DROSOPHILA,HONEYBEE,DROSOPHILA,7.859996795654297,-7.8600006103515625,15.71999740600586,15.71999740600586,49,7.859996795654297,2,16,14,1,0.0018340895185247064,0.0019812898244708776,0.009629033505916595,0.04379,0.0032375,0.0470275,0.08000000566244125,-0.00299999862909317,-0.00299999862909317,0.00299999862909317,0.00299999862909317,0.19700002670288086,0.19700002670288086
12,HONEYBEE__DROSOPHILA,HONEYBEE,DROSOPHILA,7.020000457763672,-7.020000457763672,14.040000915527344,14.040000915527344,48,7.020000457763672,3,17,14,1,0.001818229677155614,0.001959629822522402,0.009781588800251484,0.04253,0.003005,0.045535,0.08000000566244125,-0.00299999862909317,-0.00299999862909317,0.00299999862909317,0.00299999862909317,0.19700002670288086,0.19700002670288086
13,HONEYBEE__DROSOPHILA,HONEYBEE,DROSOPHILA,6.840000152587891,-6.840000152587891,13.680000305175781,13.680000305175781,49,6.840000152587891,2,16,14,1,0.001814484247006476,0.001955284969881177,0.009814356453716755,0.04226,0.00297,0.04523,0.08000000566244125,-0.00299999862909317,-0.00299999862909317,0.00299999862909317,0.00299999862909317,0.19700002670288086,0.19700002670288086
14,HONEYBEE__DROSOPHILA,HONEYBEE,DROSOPHILA,7.200000762939453,-7.200000762939453,14.400001525878906,14.400001525878906,49,7.200000762939453,2,16,14,1,0.0018202245701104403,0.001965525094419718,0.00975092314183712,0.0428,0.0031125,0.0459125,0.08000000566244125,-0.00299999862909317,-0.00299999862909317,0.00299999862909317,0.00299999862909317,0.19700002670288086,0.19700002670288086
15,HONEYBEE__DROSOPHILA,HONEYBEE,DROSOPHILA,6.959999084472656,-6.960002899169922,13.920001983642578,13.920001983642578,48,6.959999084472656,3,17,14,1,0.0018158797174692154,0.001959180226549506,0.009795969352126122,0.04244,0.00299,0.04543,0.08000000566244125,-0.00299999862909317,-0.00299999862909317,0.00299999862909317,0.00299999862909317,0.19700002670288086,0.19700002670288086
16,HONEYBEE__DROSOPHILA,HONEYBEE,DROSOPHILA,6.840000152587891,-6.840000152587891,13.680000305175781,13.680000305175781,49,6.840000152587891,2,16,14,1,0.0018137946026399732,0.0019561948720365763,0.009817264974117279,0.04226,0.0029675,0.0452275,0.08000000566244125,-0.00299999862909317,-0.00299999862909317,0.00299999862909317,0.00299999862909317,0.19700002670288086,0.19700002670288086
17,HONEYBEE__DROSOPHILA,HONEYBEE,DROSOPHILA,7.079998016357422,-7.079998016357422,14.159996032714844,14.159996032714844,49,7.079998016357422,2,16,14,1,0.0018144292989745736,0.0019661295227706432,0.00977947749197483,0.04262,0.0032025,0.0458225,0.08000000566244125,-0.00299999862909317,-0.00299999862909317,0.00299999862909317,0.00299999862909317,0.19700002670288086,0.19700002670288086
18,HONEYBEE__DROSOPHILA,HONEYBEE,DROSOPHILA,7.079998016357422,-7.079998016357422,14.159996032714844,14.159996032714844,49,7.079998016357422,2,16,14,1,0.0018180543556809425,0.001962454756721854,0.009772970341145992,0.04262,0.00307,0.04569,0.08000000566244125,-0.00299999862909317,-0.00299999862909317,0.00299999862909317,0.00299999862909317,0.19700002670288086,0.19700002670288086
19,HONEYBEE__DROSOPHILA,HONEYBEE,DROSOPHILA,7.200000762939453,-7.200000762939453,14.400001525878906,14.400001525878906,49,7.200000762939453,2,16,14,1,0.0018210394773632288,0.001964739989489317,0.00974988006055355,0.0428,0.003075,0.045875,0.08000000566244125,-0.00299999862909317,-0.00299999862909317,0.00299999862909317,0.00299999862909317,0.19700002670288086,0.19700002670288086
20,HONEYBEE__DROSOPHILA,HONEYBEE,DROSOPHILA,7.1399993896484375,-7.1399993896484375,14.279998779296875,14.279998779296875,49,7.1399993896484375,2,16,14,1,0.0018201293423771858,0.001963030081242323,0.00976264663040638,0.04271,0.0029975,0.0457075,0.08000000566244125,-0.00299999862909317,-0.00299999862909317,0.00299999862909317,0.00299999862909317,0.19700002670288086,0.19700002670288086
21,HONEYBEE__DROSOPHILA,HONEYBEE,DROSOPHILA,6.840000152587891,-6.840000152587891,13.680000305175781,13.680000305175781,49,6.840000152587891,2,16,14,1,0.0018124192720279098,0.0019573199097067118,0.009818526916205883,0.04226,0.00303,0.04529,0.08000000566244125,-0.00299999862909317,-0.00299999862909317,0.00299999862909317,0.00299999862909317,0.19700002670288086,0.19700002670288086
22,HONEYBEE__DROSOPHILA,HONEYBEE,DROSOPHILA,6.840000152587891,-6.840000152587891,13.680000305175781,13.680000305175781,49,6.840000152587891,2,16,14,1,0.001812244881875813,0.001957444939762354,0.00981865730136633,0.04226,0.0030375,0.0452975,0.08000000566244125,-0.00299999862909317,-0.00299999862909317,0.00299999862909317,0.00299999862909317,0.19700002670288086,0.19700002670288086
23,HONEYBEE__DROSOPHILA,HONEYBEE,DROSOPHILA,7.319999694824219,-7.320003509521484,14.640003204345703,14.640003204345703,48,7.319999694824219,3,17,14,1,0.0018219843041151762,0.001969284610822797,0.009731207974255085,0.04298,0.0031475,0.0461275,0.08000000566244125,-0.00299999862909317,-0.00299999862909317,0.00299999862909317,0.00299999862909317,0.19700002670288086,0.19700002670288086
24,HONEYBEE__DROSOPHILA,HONEYBEE,DROSOPHILA,6.720001220703125,-6.720001220703125,13.44000244140625,13.44000244140625,49,6.720001220703125,2,16,14,1,0.0018118394073098898,0.0019526398973539472,0.009836853481829166,0.04208,0.0029475,0.0450275,0.08000000566244125,-0.00299999862909317,-0.00299999862909317,0.00299999862909317,0.00299999862909317,0.19700002670288086,0.19700002670288086
25,HONEYBEE__DROSOPHILA,HONEYBEE,DROSOPHILA,7.200000762939453,-7.200000762939453,14.400001525878906,14.400001525878906,49,7.200000762939453,2,16,14,1,0.0018225593958050013,0.001963259419426322,0.00974830612540245,0.0428,0.002995,0.045795,0.08000000566244125,-0.00299999862909317,-0.00299999862909317,0.00299999862909317,0.00299999862909317,0.19700002670288086,0.19700002670288086
26,HONEYBEE__DROSOPHILA,HONEYBEE,DROSOPHILA,6.840000152587891,-6.839996337890625,13.679996490478516,13.679996490478516,49,6.840000152587891,2,16,14,1,0.0018087896751239896,0.0019610899034887552,0.009825454093515873,0.04226,0.0031575,0.0454175,0.08000000566244125,-0.00299999862909317,-0.00299999862909317,0.00299999862909317,0.00299999862909317,0.19700002670288086,0.19700002670288086
27,HONEYBEE__DROSOPHILA,HONEYBEE,DROSOPHILA,7.1399993896484375,-7.140003204345703,14.28000259399414,14.28000259399414,48,7.1399993896484375,3,17,14,1,0.0018202795181423426,0.001962879905477166,0.009760621003806591,0.04271,0.003035,0.045745,0.08000000566244125,-0.00299999862909317,-0.00299999862909317,0.00299999862909317,0.00299999862909317,0.19700002670288086,0.19700002670288086
28,HONEYBEE__DROSOPHILA,HONEYBEE,DROSOPHILA,7.319999694824219,-7.320003509521484,14.640003204345703,14.640003204345703,49,7.319999694824219,2,16,14,1,0.0018206796376034617,0.001970479730516672,0.00973251648247242,0.04298,0.0032125,0.0461925,0.08000000566244125,-0.00299999862909317,-0.00299999862909317,0.00299999862909317,0.00299999862909317,0.19700002670288086,0.19700002670288086
29,HONEYBEE__DROSOPHILA,HONEYBEE,DROSOPHILA,7.200000762939453,-7.200000762939453,14.400001525878906,14.400001525878906,49,7.200000762939453,2,16,14,1,0.0018202145583927631,0.0019655150827020407,0.009752032347023487,0.0428,0.003085,0.045885,0.08000000566244125,-0.00299999862909317,-0.00299999862909317,0.00299999862909317,0.00299999862909317,0.19700002670288086,0.19700002670288086
30,HONEYBEE__DROSOPHILA,HONEYBEE,DROSOPHILA,7.079998016357422,-7.079998016357422,14.159996032714844,14.159996032714844,48,7.079998016357422,3,17,14,1,0.0018179300241172314,0.0019626293797045946,0.009774736128747463,0.04262,0.00304,0.04566,0.08000000566244125,-0.00299999862909317,-0.00299999862909317,0.00299999862909317,0.00299999862909317,0.19700002670288086,0.19700002670288086
31,HONEYBEE__DROSOPHILA,HONEYBEE,DROSOPHILA,6.299999237060547,-6.299999237060547,12.599998474121094,12.599998474121094,49,6.299999237060547,2,16,14,1,0.0018012693617492914,0.0019444694044068456,0.009916851297020912,0.04145,0.0029175,0.0443675,0.08000000566244125,-0.00299999862909317,-0.00299999862909317,0.00299999862909317,0.00299999862909317,0.19700002670288086,0.19700002670288086
32,HONEYBEE__DROSOPHILA,HONEYBEE,DROSOPHILA,6.119998931884766,-6.119998931884766,12.239997863769531,12.239997863769531,49,6.119998931884766,2,16,14,1,0.00179869937710464,0.0019389999797567725,0.009948254562914371,0.04118,0.002815,0.043995,0.08000000566244125,-0.00299999862909317,-0.00299999862909317,0.00299999862909317,0.00299999862909317,0.19700002670288086,0.19700002670288086
33,HONEYBEE__DROSOPHILA,HONEYBEE,DROSOPHILA,6.0,-6.0,12.0,12.0,48,6.0,3,17,14,1,0.0017970445333048701,0.00193514465354383,0.009966624900698662,0.041,0.002795,0.043795,0.08000000566244125,-0.00299999862909317,-0.00299999862909317,0.00299999862909317,0.00299999862909317,0.19700002670288086,0.19700002670288086
34,HONEYBEE__DROSOPHILA,HONEYBEE,DROSOPHILA,7.380001068115234,-7.380001068115234,14.760002136230469,14.760002136230469,48,7.380001068115234,3,17,14,1,0.0018247795524075627,0.001969079952687025,0.00971647072583437,0.04307,0.00312,0.04619,0.08000000566244125,-0.00299999862909317,-0.00299999862909317,0.00299999862909317,0.00299999862909317,0.19700002670288086,0.19700002670288086
35,HONEYBEE__DROSOPHILA,HONEYBEE,DROSOPHILA,7.619998931884766,-7.619998931884766,15.239997863769531,15.239997863769531,49,7.619998931884766,2,16,14,1,0.001827784231863916,0.001976784784346819,0.009676339104771614,0.04343,0.0032225,0.0466525,0.08000000566244125,-0.00299999862909317,-0.00299999862909317,0.00299999862909317,0.00299999862909317,0.19700002670288086,0.19700002670288086
36,HONEYBEE__DROSOPHILA,HONEYBEE,DROSOPHILA,7.319999694824219,-7.320003509521484,14.640003204345703,14.640003204345703,49,7.319999694824219,2,16,14,1,0.001821764511987567,0.001969464821740985,0.009730693884193897,0.04298,0.003175,0.046155,0.08000000566244125,-0.00299999862909317,-0.00299999862909317,0.00299999862909317,0.00299999862909317,0.19700002670288086,0.19700002670288086
37,HONEYBEE__DROSOPHILA,HONEYBEE,DROSOPHILA,6.960002899169922,-6.960002899169922,13.920005798339844,13.920005798339844,49,6.960002899169922,2,16,14,1,0.0018166794907301664,0.0019584798719733953,0.00979322288185358,0.04244,0.003,0.04544,0.08000000566244125,-0.00299999862909317,-0.00299999862909317,0.00299999862909317,0.00299999862909317,0.19700002670288086,0.19700002670288086
38,HONEYBEE__DROSOPHILA,HONEYBEE,DROSOPHILA,6.299999237060547,-6.299999237060547,12.599998474121094,12.599998474121094,49,6.299999237060547,2,16,14,1,0.0018024547025561333,0.0019431550754234195,0.009914027526974678,0.04145,0.002885,0.044335,0.08000000566244125,-0.00299999862909317,-0.00299999862909317,0.00299999862909317,0.00299999862909317,0.19700002670288086,0.19700002670288086
39,HONEYBEE__DROSOPHILA,HONEYBEE,DROSOPHILA,6.900001525878906,-6.899997711181641,13.799999237060547,13.799999237060547,49,6.900001525878906,2,16,14,1,0.0018148946110159159,0.001957594184204936,0.009804866276681423,0.04235,0.003015,0.045365,0.08000000566244125,-0.00299999862909317,-0.00299999862909317,0.00299999862909317,0.00299999862909317,0.19700002670288086,0.19700002670288086
40,HONEYBEE__DROSOPHILA,HONEYBEE,DROSOPHILA,6.540000915527344,-6.539997100830078,13.079998016357422,13.079998016357422,48,6.540000915527344,3,17,14,1,0.0018056994304060936,0.0019506997196003795,0.009872416965663433,0.04181,0.00303,0.04484,0.08000000566244125,-0.00299999862909317,-0.00299999862909317,0.00299999862909317,0.00299999862909317,0.19700002670288086,0.19700002670288086
41,HONEYBEE__DROSOPHILA,HONEYBEE,DROSOPHILA,6.840000152587891,-6.840000152587891,13.680000305175781,13.680000305175781,49,6.840000152587891,2,16,14,1,0.0018144199857488275,0.00195521954447031,0.009815452620387077,0.04226,0.00294,0.0452,0.08000000566244125,-0.00299999862909317,-0.00299999862909317,0.00299999862909317,0.00299999862909317,0.19700002670288086,0.19700002670288086
42,HONEYBEE__DROSOPHILA,HONEYBEE,DROSOPHILA,6.840000152587891,-6.840000152587891,13.680000305175781,13.680000305175781,48,6.840000152587891,3,17,14,1,0.001810764311812818,0.00195896509103477,0.009821111336350441,0.04226,0.0030975,0.0453575,0.08000000566244125,-0.00299999862909317,-0.00299999862909317,0.00299999862909317,0.00299999862909317,0.19700002670288086,0.19700002670288086
43,HONEYBEE__DROSOPHILA,HONEYBEE,DROSOPHILA,6.540000915527344,-6.540000915527344,13.080001831054688,13.080001831054688,49,6.540000915527344,2,16,14,1,0.0018058742862194777,0.0019505751552060246,0.009873299859464169,0.04181,0.0029975,0.0448075,0.08000000566244125,-0.00299999862909317,-0.00299999862909317,0.00299999862909317,0.00299999862909317,0.19700002670288086,0.19700002670288086
44,HONEYBEE__DROSOPHILA,HONEYBEE,DROSOPHILA,7.679996490478516,-7.680000305175781,15.359996795654297,15.359996795654297,49,7.679996490478516,2,16,14,1,0.001828924403525889,0.0019782246090471745,0.009666115045547485,0.04352,0.003215,0.046735,0.08000000566244125,-0.00299999862909317,-0.00299999862909317,0.00299999862909317,0.00299999862909317,0.19700002670288086,0.19700002670288086
45,HONEYBEE__DROSOPHILA,HONEYBEE,DROSOPHILA,7.619998931884766,-7.619998931884766,15.239997863769531,15.239997863769531,49,7.619998931884766,2,16,14,1,0.0018264895770698786,0.0019779899157583714,0.009676950983703136,0.04343,0.003305,0.046735,0.08000000566244125,-0.00299999862909317,-0.00299999862909317,0.00299999862909317,0.00299999862909317,0.19700002670288086,0.19700002670288086
46,HONEYBEE__DROSOPHILA,HONEYBEE,DROSOPHILA,6.840000152587891,-6.840000152587891,13.680000305175781,13.680000305175781,49,6.840000152587891,2,16,14,1,0.0018124943599104881,0.001957294763997197,0.009818514809012413,0.04226,0.0030275,0.0452875,0.08000000566244125,-0.00299999862909317,-0.00299999862909317,0.00299999862909317,0.00299999862909317,0.19700002670288086,0.19700002670288086
47,HONEYBEE__DROSOPHILA,HONEYBEE,DROSOPHILA,7.5,-7.5,15.0,15.0,49,7.5,2,16,14,1,0.0018252795562148094,0.0019737796392291784,0.009696988388895988,0.04325,0.0032275,0.0464775,0.08000000566244125,-0.00299999862909317,-0.00299999862909317,0.00299999862909317,0.00299999862909317,0.19700002670288086,0.19700002670288086
48,HONEYBEE__DROSOPHILA,HONEYBEE,DROSOPHILA,8.040000915527344,-8.039997100830078,16.079998016357422,16.079998016357422,49,8.040000915527344,2,16,14,1,0.0018377196975052357,0.0019856200087815523,0.009596806019544601,0.04406,0.003245,0.047305,0.08000000566244125,-0.00299999862909317,-0.00299999862909317,0.00299999862909317,0.00299999862909317,0.19700002670288086,0.19700002670288086
49,HONEYBEE__DROSOPHILA,HONEYBEE,DROSOPHILA,6.840000152587891,-6.840000152587891,13.680000305175781,13.680000305175781,47,6.840000152587891,4,18,14,1,0.0018146294169127941,0.0019550302531570196,0.009813702665269375,0.04226,0.0029675,0.0452275,0.08000000566244125,-0.00299999862909317,-0.00299999862909317,0.00299999862909317,0.00299999862909317,0.19700001180171967,0.19700002670288086
50,HONEYBEE__DROSOPHILA,HONEYBEE,DROSOPHILA,7.979999542236328,-7.979999542236328,15.959999084472656,15.959999084472656,49,7.979999542236328,2,16,14,1,0.0018343946430832148,0.0019862945191562176,0.009610934183001518,0.04397,0.00333,0.0473,0.08000000566244125,-0.00299999862909317,-0.00299999862909317,0.00299999862909317,0.00299999862909317,0.19700002670288086,0.19700002670288086
51,HONEYBEE__DROSOPHILA,HONEYBEE,DROSOPHILA,6.899997711181641,-6.900001525878906,13.799999237060547,13.799999237060547,49,6.899997711181641,2,16,14,1,0.0018144493224099278,0.001957949949428439,0.00980577152222395,0.04235,0.0030225,0.0453725,0.08000000566244125,-0.00299999862909317,-0.00299999862909317,0.00299999862909317,0.00299999862909317,0.19700002670288086,0.19700002670288086
52,HONEYBEE__DROSOPHILA,HONEYBEE,DROSOPHILA,7.079998016357422,-7.0800018310546875,14.15999984741211,14.15999984741211,49,7.079998016357422,2,16,14,1,0.0018188644899055362,0.0019614645279943943,0.009772831574082375,0.04262,0.0029975,0.0456175,0.08000000566244125,-0.00299999862909317,-0.00299999862909317,0.00299999862909317,0.00299999862909317,0.19700002670288086,0.19700002670288086
53,HONEYBEE__DROSOPHILA,HONEYBEE,DROSOPHILA,6.479999542236328,-6.479999542236328,12.959999084472656,12.959999084472656,48,6.479999542236328,3,17,14,1,0.0018045393517240882,0.0019492395222187042,0.009884512983262539,0.04172,0.002985,0.044705,0.08000000566244125,-0.00299999862909317,-0.00299999862909317,0.00299999862909317,0.00299999862909317,0.19700002670288086,0.19700002670288086
54,HONEYBEE__DROSOPHILA,HONEYBEE,DROSOPHILA,7.319999694824219,-7.320003509521484,14.640003204345703,14.640003204345703,47,7.319999694824219,4,18,14,1,0.0018258997006341815,0.001965200062841177,0.009724843315780163,0.04298,0.00298,0.04596,0.08000000566244125,-0.00299999862909317,-0.00299999862909317,0.00299999862909317,0.00299999862909317,0.19700002670288086,0.19700002670288086
55,HONEYBEE__DROSOPHILA,HONEYBEE,DROSOPHILA,7.319999694824219,-7.319999694824219,14.639999389648438,14.639999389648438,48,7.319999694824219,3,17,14,1,0.001821639365516603,0.001969639677554369,0.009732876904308796,0.04298,0.003135,0.046115,0.08000000566244125,-0.00299999862909317,-0.00299999862909317,0.00299999862909317,0.00299999862909317,0.19700002670288086,0.19700002670288086
56,HONEYBEE__DROSOPHILA,HONEYBEE,DROSOPHILA,6.899997711181641,-6.899997711181641,13.799995422363281,13.799995422363281,48,6.899997711181641,3,17,14,1,0.0018162843771278858,0.0019560849759727716,0.009803716093301773,0.04235,0.002925,0.045275,0.08000000566244125,-0.00299999862909317,-0.00299999862909317,0.00299999862909317,0.00299999862909317,0.19700002670288086,0.19700002670288086
57,HONEYBEE__DROSOPHILA,HONEYBEE,DROSOPHILA,7.320003509521484,-7.320003509521484,14.640007019042969,14.640007019042969,49,7.320003509521484,2,16,14,1,0.0018246048130095005,0.0019666049629449844,0.009726488962769508,0.04298,0.00305,0.04603,0.08000000566244125,-0.00299999862909317,-0.00299999862909317,0.00299999862909317,0.00299999862909317,0.19700002670288086,0.19700002670288086
58,HONEYBEE__DROSOPHILA,HONEYBEE,DROSOPHILA,7.799999237060547,-7.799999237060547,15.599998474121094,15.599998474121094,49,7.799999237060547,2,16,14,1,0.0018325889250263572,0.0019799896981567144,0.009640321135520935,0.0437,0.003235,0.046935,0.08000000566244125,-0.00299999862909317,-0.00299999862909317,0.00299999862909317,0.00299999862909317,0.19700002670288086,0.19700002670288086
59,HONEYBEE__DROSOPHILA,HONEYBEE,DROSOPHILA,7.439998626708984,-7.439998626708984,14.879997253417969,14.879997253417969,48,7.439998626708984,3,17,14,1,0.0018248895648866892,0.001971589867025614,0.009707709774374962,0.04316,0.0031625,0.0463225,0.08000000566244125,-0.00299999862909317,-0.00299999862909317,0.00299999862909317,0.00299999862909317,0.19700002670288086,0.19700002670288086
60,HONEYBEE__DROSOPHILA,HONEYBEE,DROSOPHILA,7.079998016357422,-7.079998016357422,14.159996032714844,14.159996032714844,49,7.079998016357422,2,16,14,1,0.0018205094384029508,0.0019598095677793026,0.009767754003405571,0.04262,0.00299,0.04561,0.08000000566244125,-0.00299999862909317,-0.00299999862909317,0.00299999862909317,0.00299999862909317,0.19700002670288086,0.19700002670288086
61,HONEYBEE__DROSOPHILA,HONEYBEE,DROSOPHILA,6.600002288818359,-6.600002288818359,13.200004577636719,13.200004577636719,49,6.600002288818359,2,16,14,1,0.0018071491504088044,0.001951849553734064,0.009862259961664677,0.0419,0.0030025,0.0449025,0.08000000566244125,-0.00299999862909317,-0.00299999862909317,0.00299999862909317,0.00299999862909317,0.19700002670288086,0.19700002670288086
62,HONEYBEE__DROSOPHILA,HONEYBEE,DROSOPHILA,7.259998321533203,-7.259998321533203,14.519996643066406,14.519996643066406,48,7.259998321533203,3,17,14,1,0.0018203594954684377,0.001968259224668145,0.009743278846144676,0.04289,0.0031425,0.0460325,0.08000000566244125,-0.00299999862909317,-0.00299999862909317,0.00299999862909317,0.00299999862909317,0.19700002670288086,0.19700002670288086
63,HONEYBEE__DROSOPHILA,HONEYBEE,DROSOPHILA,6.659999847412109,-6.659999847412109,13.319999694824219,13.319999694824219,48,6.659999847412109,3,17,14,1,0.0018073745304718614,0.0019544747192412615,0.009853852912783623,0.04199,0.003045,0.045035,0.08000000566244125,-0.00299999862909317,-0.00299999862909317,0.00299999862909317,0.00299999862909317,0.19700002670288086,0.19700002670288086
64,HONEYBEE__DROSOPHILA,HONEYBEE,DROSOPHILA,7.259998321533203,-7.260002136230469,14.520000457763672,14.520000457763672,48,7.259998321533203,3,17,14,1,0.0018229397246614099,0.001965539762750268,0.009738383814692497,0.04289,0.0030475,0.0459375,0.08000000566244125,-0.00299999862909317,-0.00299999862909317,0.00299999862909317,0.00299999862909317,0.19700002670288086,0.19700002670288086
65,HONEYBEE__DROSOPHILA,HONEYBEE,DROSOPHILA,6.719997406005859,-6.720001220703125,13.439998626708984,13.439998626708984,49,6.719997406005859,2,16,14,1,0.0018143493216484785,0.0019499497720971704,0.009832842275500298,0.04208,0.002835,0.044915,0.08000000566244125,-0.00299999862909317,-0.00299999862909317,0.00299999862909317,0.00299999862909317,0.19700002670288086,0.19700002670288086
66,HONEYBEE__DROSOPHILA,HONEYBEE,DROSOPHILA,7.079998016357422,-7.079998016357422,14.159996032714844,14.159996032714844,47,7.079998016357422,4,18,14,1,0.0018184849759563804,0.001961885020136833,0.009773354977369308,0.04262,0.0030175,0.0456375,0.08000000566244125,-0.00299999862909317,-0.00299999862909317,0.00299999862909317,0.00299999862909317,0.19700002670288086,0.19700002670288086
67,HONEYBEE__DROSOPHILA,HONEYBEE,DROSOPHILA,6.719997406005859,-6.720001220703125,13.439998626708984,13.439998626708984,47,6.719997406005859,4,18,14,1,0.0018121247412636876,0.0019523246446624398,0.009837583638727665,0.04208,0.002905,0.044985,0.08000000566244125,-0.00299999862909317,-0.00299999862909317,0.00299999862909317,0.00299999862909317,0.19700002670288086,0.19700002670288086
68,HONEYBEE__DROSOPHILA,HONEYBEE,DROSOPHILA,6.3600006103515625,-6.359996795654297,12.71999740600586,12.71999740600586,49,6.3600006103515625,2,16,14,1,0.00180665438529104,0.0019416548311710358,0.009899377822875977,0.04154,0.0027575,0.0442975,0.08000000566244125,-0.00299999862909317,-0.00299999862909317,0.00299999862909317,0.00299999862909317,0.19700002670288086,0.19700002670288086
69,HONEYBEE__DROSOPHILA,HONEYBEE,DROSOPHILA,6.960002899169922,-6.959999084472656,13.920001983642578,13.920001983642578,49,6.960002899169922,2,16,14,1,0.001816749107092619,0.0019582496024668217,0.00979308970272541,0.04244,0.0029875,0.0454275,0.08000000566244125,-0.00299999862909317,-0.00299999862909317,0.00299999862909317,0.00299999862909317,0.19700002670288086,0.19700004160404205
70,HONEYBEE__DROSOPHILA,HONEYBEE,DROSOPHILA,7.0800018310546875,-7.0800018310546875,14.160003662109375,14.160003662109375,49,7.0800018310546875,2,16,14,1,0.001819939585402608,0.001960539957508445,0.009770234115421772,0.04262,0.002985,0.045605,0.08000000566244125,-0.00299999862909317,-0.00299999862909317,0.00299999862909317,0.00299999862909317,0.19700002670288086,0.19700002670288086
71,HONEYBEE__DROSOPHILA,HONEYBEE,DROSOPHILA,7.0800018310546875,-7.0800018310546875,14.160003662109375,14.160003662109375,49,7.0800018310546875,2,16,14,1,0.0018207792891189456,0.0019596796482801437,0.009767957031726837,0.04262,0.0029725,0.0455925,0.08000000566244125,-0.00299999862909317,-0.00299999862909317,0.00299999862909317,0.00299999862909317,0.19700002670288086,0.19700002670288086
72,HONEYBEE__DROSOPHILA,HONEYBEE,DROSOPHILA,6.720001220703125,-6.720001220703125,13.44000244140625,13.44000244140625,49,6.720001220703125,2,16,14,1,0.0018153847195208073,0.001948884571902454,0.009830128401517868,0.04208,0.0028175,0.0448975,0.08000000566244125,-0.00299999862909317,-0.00299999862909317,0.00299999862909317,0.00299999862909317,0.19700002670288086,0.19700002670288086
73,HONEYBEE__DROSOPHILA,HONEYBEE,DROSOPHILA,7.319995880126953,-7.319999694824219,14.639995574951172,14.639995574951172,49,7.319995880126953,2,16,14,1,0.001823669532313943,0.0019676703959703445,0.009728861972689629,0.04298,0.003075,0.046055,0.08000000566244125,-0.00299999862909317,-0.00299999862909317,0.00299999862909317,0.00299999862909317,0.19700002670288086,0.19700002670288086
74,HONEYBEE__DROSOPHILA,HONEYBEE,DROSOPHILA,7.200000762939453,-7.200000762939453,14.400001525878906,14.400001525878906,48,7.200000762939453,3,17,14,1,0.0018185542430728674,0.0019672545604407787,0.009754683822393417,0.0428,0.0031575,0.0459575,0.08000000566244125,-0.00299999862909317,-0.00299999862909317,0.00299999862909317,0.00299999862909317,0.19700002670288086,0.19700002670288086
75,HONEYBEE__DROSOPHILA,HONEYBEE,DROSOPHILA,6.899997711181641,-6.900001525878906,13.799999237060547,13.799999237060547,48,6.899997711181641,3,17,14,1,0.0018126191571354866,0.0019598198123276234,0.009809975512325764,0.04235,0.0030675,0.0454175,0.08000000566244125,-0.00299999862909317,-0.00299999862909317,0.00299999862909317,0.00299999862909317,0.19700002670288086,0.19700002670288086
76,HONEYBEE__DROSOPHILA,HONEYBEE,DROSOPHILA,7.200000762939453,-7.200000762939453,14.400001525878906,14.400001525878906,49,7.200000762939453,2,16,14,1,0.0018214996671304107,0.0019644000567495823,0.00975043699145317,0.0428,0.0030325,0.0458325,0.08000000566244125,-0.00299999862909317,-0.00299999862909317,0.00299999862909317,0.00299999862909317,0.19700002670288086,0.19700002670288086
77,HONEYBEE__DROSOPHILA,HONEYBEE,DROSOPHILA,6.779998779296875,-6.779998779296875,13.55999755859375,13.55999755859375,48,6.779998779296875,3,17,14,1,0.0018116494175046682,0.0019553496968001127,0.00982819963246584,0.04217,0.0030075,0.0451775,0.08000000566244125,-0.00299999862909317,-0.00299999862909317,0.00299999862909317,0.00299999862909317,0.19700002670288086,0.19700002670288086
78,HONEYBEE__DROSOPHILA,HONEYBEE,DROSOPHILA,7.380001068115234,-7.380001068115234,14.760002136230469,14.760002136230469,49,7.380001068115234,2,16,14,1,0.001824084436520934,0.001969784963876009,0.009718465618789196,0.04307,0.0031275,0.0461975,0.08000000566244125,-0.00299999862909317,-0.00299999862909317,0.00299999862909317,0.00299999862909317,0.19700002670288086,0.19700002670288086
79,HONEYBEE__DROSOPHILA,HONEYBEE,DROSOPHILA,7.439998626708984,-7.439998626708984,14.879997253417969,14.879997253417969,49,7.439998626708984,2,16,14,1,0.0018242293735966086,0.0019724296871572733,0.009710964746773243,0.04316,0.0031475,0.0463075,0.08000000566244125,-0.00299999862909317,-0.00299999862909317,0.00299999862909317,0.00299999862909317,0.19700002670288086,0.19700002670288086
80,HONEYBEE__DROSOPHILA,HONEYBEE,DROSOPHILA,7.380001068115234,-7.380001068115234,14.760002136230469,14.760002136230469,49,7.380001068115234,2,16,14,1,0.001824064296670258,0.001969865057617426,0.009719716385006905,0.04307,0.0031025,0.0461725,0.08000000566244125,-0.00299999862909317,-0.00299999862909317,0.00299999862909317,0.00299999862909317,0.19700002670288086,0.19700002670288086
81,HONEYBEE__DROSOPHILA,HONEYBEE,DROSOPHILA,7.319999694824219,-7.319999694824219,14.639999389648438,14.639999389648438,49,7.319999694824219,2,16,14,1,0.0018232044531032443,0.0019680047407746315,0.009728089906275272,0.04298,0.0031225,0.0461025,0.08000000566244125,-0.00299999862909317,-0.00299999862909317,0.00299999862909317,0.00299999862909317,0.19700002670288086,0.19700002670288086
82,HONEYBEE__DROSOPHILA,HONEYBEE,DROSOPHILA,6.179996490478516,-6.180000305175781,12.359996795654297,12.359996795654297,48,6.179996490478516,3,17,14,1,0.0017992493230849504,0.0019411497050896287,0.009936884045600891,0.04127,0.0028975,0.0441675,0.08000000566244125,-0.00299999862909317,-0.00299999862909317,0.00299999862909317,0.00299999862909317,0.19700002670288086,0.19700002670288086
83,HONEYBEE__DROSOPHILA,HONEYBEE,DROSOPHILA,6.299999237060547,-6.299999237060547,12.599998474121094,12.599998474121094,49,6.299999237060547,2,16,14,1,0.0018053596140816808,0.001940359827131033,0.00991074088960886,0.04145,0.0027425,0.0441925,0.08000000566244125,-0.00299999862909317,-0.00299999862909317,0.00299999862909317,0.00299999862909317,0.19700002670288086,0.19700002670288086
84,HONEYBEE__DROSOPHILA,HONEYBEE,DROSOPHILA,7.560001373291016,-7.560001373291016,15.120002746582031,15.120002746582031,49,7.560001373291016,2,16,14,1,0.0018267148407176137,0.0019751146901398897,0.009688173420727253,0.04334,0.003175,0.046515,0.08000000566244125,-0.00299999862909317,-0.00299999862909317,0.00299999862909317,0.00299999862909317,0.19700004160404205,0.19700002670288086
85,HONEYBEE__DROSOPHILA,HONEYBEE,DROSOPHILA,6.779998779296875,-6.780002593994141,13.560001373291016,13.560001373291016,49,6.779998779296875,2,16,14,1,0.0018126245122402906,0.001954424660652876,0.009826903231441975,0.04217,0.002965,0.045135,0.08000000566244125,-0.00299999862909317,-0.00299999862909317,0.00299999862909317,0.00299999862909317,0.19700002670288086,0.19700002670288086
86,HONEYBEE__DROSOPHILA,HONEYBEE,DROSOPHILA,7.680000305175781,-7.680000305175781,15.360000610351562,15.360000610351562,48,7.680000305175781,3,17,14,1,0.0018286446575075388,0.001978544518351555,0.00966548640280962,0.04352,0.003255,0.046775,0.08000000566244125,-0.00299999862909317,-0.00299999862909317,0.00299999862909317,0.00299999862909317,0.19700002670288086,0.19700002670288086
87,HONEYBEE__DROSOPHILA,HONEYBEE,DROSOPHILA,6.780002593994141,-6.780002593994141,13.560005187988281,13.560005187988281,49,6.780002593994141,2,16,14,1,0.0018095946870744228,0.0019574949983507395,0.009833048097789288,0.04217,0.0030575,0.0452275,0.08000000566244125,-0.00299999862909317,-0.00299999862909317,0.00299999862909317,0.00299999862909317,0.19700002670288086,0.19700002670288086
88,HONEYBEE__DROSOPHILA,HONEYBEE,DROSOPHILA,7.380001068115234,-7.379997253417969,14.759998321533203,14.759998321533203,48,7.380001068115234,3,17,14,1,0.00182307418435812,0.0019709744956344366,0.009721832349896431,0.04307,0.0031375,0.0462075,0.08000000566244125,-0.00299999862909317,-0.00299999862909317,0.00299999862909317,0.00299999862909317,0.19700002670288086,0.19700002670288086
89,HONEYBEE__DROSOPHILA,HONEYBEE,DROSOPHILA,7.259998321533203,-7.259998321533203,14.519996643066406,14.519996643066406,48,7.259998321533203,3,17,14,1,0.0018219093326479197,0.0019667099695652723,0.009740885347127914,0.04289,0.0030775,0.0459675,0.08000000566244125,-0.00299999862909317,-0.00299999862909317,0.00299999862909317,0.00299999862909317,0.19700002670288086,0.19700002670288086
90,HONEYBEE__DROSOPHILA,HONEYBEE,DROSOPHILA,7.920001983642578,-7.920001983642578,15.840003967285156,15.840003967285156,49,7.920001983642578,2,16,14,1,0.0018345046555623412,0.0019834048580378294,0.009619256481528282,0.04388,0.0032725,0.0471525,0.08000000566244125,-0.002999998861923814,-0.00299999862909317,0.002999998861923814,0.00299999862909317,0.19700002670288086,0.19700002670288086
91,HONEYBEE__DROSOPHILA,HONEYBEE,DROSOPHILA,7.140003204345703,-7.1399993896484375,14.28000259399414,14.28000259399414,49,7.140003204345703,2,16,14,1,0.0018176996381953359,0.0019652999471873045,0.009764820337295532,0.04271,0.0031275,0.0458375,0.08000000566244125,-0.00299999862909317,-0.00299999862909317,0.00299999862909317,0.00299999862909317,0.19700002670288086,0.19700002670288086
92,HONEYBEE__DROSOPHILA,HONEYBEE,DROSOPHILA,7.979999542236328,-7.979999542236328,15.959999084472656,15.959999084472656,49,7.979999542236328,2,16,14,1,0.0018349646124988794,0.001985664712265134,0.009609615430235863,0.04397,0.0033125,0.0472825,0.08000000566244125,-0.00299999862909317,-0.00299999862909317,0.00299999862909317,0.00299999862909317,0.19700002670288086,0.19700002670288086
93,HONEYBEE__DROSOPHILA,HONEYBEE,DROSOPHILA,5.999996185302734,-6.0,11.999996185302734,11.999996185302734,49,5.999996185302734,2,16,14,1,0.0017978193936869502,0.0019344198517501354,0.009967892430722713,0.041,0.002705,0.043705,0.08000000566244125,-0.00299999862909317,-0.00299999862909317,0.00299999862909317,0.00299999862909317,0.19700002670288086,0.19700002670288086
94,HONEYBEE__DROSOPHILA,HONEYBEE,DROSOPHILA,6.840000152587891,-6.840000152587891,13.680000305175781,13.680000305175781,48,6.840000152587891,3,17,14,1,0.0018121597822755575,0.0019577594939619303,0.00981952901929617,0.04226,0.0030375,0.0452975,0.08000000566244125,-0.00299999862909317,-0.00299999862909317,0.00299999862909317,0.00299999862909317,0.19700002670288086,0.19700001180171967
95,HONEYBEE__DROSOPHILA,HONEYBEE,DROSOPHILA,7.439998626708984,-7.439998626708984,14.879997253417969,14.879997253417969,48,7.439998626708984,3,17,14,1,0.0018249343847855926,0.001971634803339839,0.009707799181342125,0.04316,0.0031625,0.0463225,0.08000000566244125,-0.00299999862909317,-0.00299999862909317,0.00299999862909317,0.00299999862909317,0.19700002670288086,0.19700002670288086
96,HONEYBEE__DROSOPHILA,HONEYBEE,DROSOPHILA,7.319999694824219,-7.319999694824219,14.639999389648438,14.639999389648438,49,7.319999694824219,2,16,14,1,0.0018207092070952058,0.0019706098828464746,0.00973335187882185,0.04298,0.0032,0.04618,0.08000000566244125,-0.00299999862909317,-0.00299999862909317,0.00299999862909317,0.00299999862909317,0.19700002670288086,0.19700002670288086
97,HONEYBEE__DROSOPHILA,HONEYBEE,DROSOPHILA,7.259998321533203,-7.259998321533203,14.519996643066406,14.519996643066406,49,7.259998321533203,2,16,14,1,0.0018221392529085279,0.001966339536011219,0.009739048779010773,0.04289,0.003095,0.045985,0.08000000566244125,-0.002999998861923814,-0.00299999862909317,0.002999998861923814,0.00299999862909317,0.19700002670288086,0.19700002670288086
98,HONEYBEE__DROSOPHILA,HONEYBEE,DROSOPHILA,7.140003204345703,-7.1399993896484375,14.28000259399414,14.28000259399414,49,7.140003204345703,2,16,14,1,0.0018224145751446486,0.0019606146961450577,0.009756290353834629,0.04271,0.0029625,0.0456725,0.08000000566244125,-0.00299999862909317,-0.00299999862909317,0.00299999862909317,0.00299999862909317,0.19700002670288086,0.19700002670288086
99,HONEYBEE__DROSOPHILA,HONEYBEE,DROSOPHILA,6.600002288818359,-6.600002288818359,13.200004577636719,13.200004577636719,49,6.600002288818359,2,16,14,1,0.0018070394871756434,0.0019520396599546075,0.009863532148301601,0.0419,0.002985,0.044885,0.08000000566244125,-0.00299999862909317,-0.00299999862909317,0.00299999862909317,0.00299999862909317,0.19700002670288086,0.19700002670288086
0,DROSOPHILA_TRANSFER__BEE,DROSOPHILA_TRANSFER,BEE,-4.719997406005859,10.540000915527344,-15.259998321533203,15.259998321533203,65,10.540000915527344,14,0,-14,0,0.002736669033765793,0.002838168991729617,0.014674562029540539,0.04181,0.0012525,0.0430625,0.12000010907649994,-0.00299999862909317,-0.00400000112131238,0.00299999862909317,0.00400000112131238,0.19700002670288086,0.19600002467632294
1,DROSOPHILA_TRANSFER__BEE,DROSOPHILA_TRANSFER,BEE,-4.799995422363281,10.600006103515625,-15.400001525878906,15.400001525878906,65,10.600006103515625,14,0,-14,0,0.002735662506893277,0.002843987662345171,0.014667093753814697,0.0419,0.00131,0.04321,0.12000010907649994,-0.00299999862909317,-0.00400000112131238,0.00299999862909317,0.00400000112131238,0.19700002670288086,0.19600002467632294
2,DROSOPHILA_TRANSFER__BEE,DROSOPHILA_TRANSFER,BEE,-4.719997406005859,10.540000915527344,-15.259998321533203,15.259998321533203,65,10.540000915527344,14,0,-14,0,0.0027321891393512487,0.002843138761818409,0.01468794234097004,0.04181,0.00131,0.04312,0.12000010907649994,-0.00299999862909317,-0.0040000006556510925,0.00299999862909317,0.0040000006556510925,0.19700002670288086,0.19600002467632294
3,DROSOPHILA_TRANSFER__BEE,DROSOPHILA_TRANSFER,BEE,-4.239997863769531,10.180000305175781,-14.419998168945312,14.419998168945312,65,10.180000305175781,14,0,-14,0,0.0027205606456846,0.0028264359571039677,0.014776558615267277,0.04127,0.00125,0.04252,0.12000010907649994,-0.00299999862909317,-0.00400000112131238,0.00299999862909317,0.00400000112131238,0.19700002670288086,0.19600002467632294
4,DROSOPHILA_TRANSFER__BEE,DROSOPHILA_TRANSFER,BEE,-3.9199962615966797,9.94000244140625,-13.85999870300293,13.85999870300293,65,9.94000244140625,14,0,-14,0,0.0027126409113407135,0.002815891755744815,0.014838123694062233,0.04091,0.0011975,0.0421075,0.12000010907649994,-0.00299999862909317,-0.00400000112131238,0.00299999862909317,0.00400000112131238,0.19700002670288086,0.19600002467632294
5,DROSOPHILA_TRANSFER__BEE,DROSOPHILA_TRANSFER,BEE,-4.799999237060547,10.60000228881836,-15.400001525878906,15.400001525878906,65,10.60000228881836,14,0,-14,0,0.0027398013044148684,0.002839901717379689,0.0146595798432827,0.0419,0.001215,0.043115,0.12000010907649994,-0.00299999862909317,-0.00400000112131238,0.00299999862909317,0.00400000112131238,0.19700002670288086,0.19600002467632294
6,DROSOPHILA_TRANSFER__BEE,DROSOPHILA_TRANSFER,BEE,-3.9999961853027344,10.000003814697266,-14.0,14.0,65,10.000003814697266,14,0,-14,0,0.002712466986849904,0.0028207912109792233,0.014827406965196133,0.041,0.001255,0.042255,0.12000010907649994,-0.002999998861923814,-0.0040000006556510925,0.002999998861923814,0.0040000006556510925,0.19700002670288086,0.19600002467632294
7,DROSOPHILA_TRANSFER__BEE,DROSOPHILA_TRANSFER,BEE,-4.959999084472656,10.72000503540039,-15.680004119873047,15.680004119873047,65,10.72000503540039,14,0,-14,0,0.0027408688329160213,0.0028483187779784203,0.014634297229349613,0.04208,0.00131,0.04339,0.12000010907649994,-0.00299999862909317,-0.0040000006556510925,0.00299999862909317,0.0040000006556510925,0.19700002670288086,0.19600002467632294
8,DROSOPHILA_TRANSFER__BEE,DROSOPHILA_TRANSFER,BEE,-5.519996643066406,11.140003204345703,-16.65999984741211,16.65999984741211,65,11.140003204345703,14,0,-14,0,0.002755481982603669,0.0028662565164268017,0.014525948092341423,0.04271,0.0013625,0.0440725,0.12000010907649994,-0.00299999862909317,-0.00400000112131238,0.00299999862909317,0.00400000112131238,0.19700002670288086,0.19600002467632294
9,DROSOPHILA_TRANSFER__BEE,DROSOPHILA_TRANSFER,BEE,-4.959995269775391,10.72000503540039,-15.680000305175781,15.680000305175781,65,10.72000503540039,14,0,-14,0,0.0027404576539993286,0.0028487825766205788,0.014635573141276836,0.04208,0.001315,0.043395,0.12000010907649994,-0.00299999862909317,-0.00400000112131238,0.00299999862909317,0.00400000112131238,0.19700002670288086,0.19600002467632294
10,DROSOPHILA_TRANSFER__BEE,DROSOPHILA_TRANSFER,BEE,-5.1199951171875,10.840003967285156,-15.959999084472656,15.959999084472656,65,10.840003967285156,14,0,-14,0,0.002746031852439046,0.00285260658711195,0.014602611772716045,0.04226,0.001295,0.043555,0.12000010907649994,-0.00299999862909317,-0.00400000112131238,0.00299999862909317,0.00400000112131238,0.19700002670288086,0.19600002467632294
11,DROSOPHILA_TRANSFER__BEE,DROSOPHILA_TRANSFER,BEE,-5.359996795654297,11.020004272460938,-16.380001068115234,16.380001068115234,65,11.020004272460938,14,0,-14,0,0.0027503101155161858,0.002862135414034128,0.01455994974821806,0.04253,0.0013575,0.0438875,0.12000010907649994,-0.00299999862909317,-0.00400000112131238,0.00299999862909317,0.00400000112131238,0.19700002670288086,0.19600002467632294
12,DROSOPHILA_TRANSFER__BEE,DROSOPHILA_TRANSFER,BEE,-4.879997253417969,10.660003662109375,-15.540000915527344,15.540000915527344,65,10.660003662109375,14,0,-14,0,0.002738594077527523,0.0028460437897592783,0.014651940204203129,0.04199,0.0012875,0.0432775,0.12000010907649994,-0.00299999862909317,-0.00400000112131238,0.00299999862909317,0.00400000112131238,0.19700002670288086,0.19600002467632294
13,DROSOPHILA_TRANSFER__BEE,DROSOPHILA_TRANSFER,BEE,-3.9999961853027344,10.000003814697266,-14.0,14.0,65,10.000003814697266,14,0,-14,0,0.002716194838285446,0.002816818654537201,0.014819272793829441,0.041,0.0011775,0.0421775,0.12000010907649994,-0.00299999862909317,-0.00400000112131238,0.00299999862909317,0.00400000112131238,0.19700002670288086,0.19600002467632294
14,DROSOPHILA_TRANSFER__BEE,DROSOPHILA_TRANSFER,BEE,-4.399997711181641,10.300003051757812,-14.700000762939453,14.700000762939453,65,10.300003051757812,14,0,-14,0,0.002726326696574688,0.0028301014099270105,0.014742876403033733,0.04145,0.001235,0.042685,0.12000010907649994,-0.00299999862909317,-0.0040000006556510925,0.00299999862909317,0.0040000006556510925,0.19700002670288086,0.19600002467632294
15,DROSOPHILA_TRANSFER__BEE,DROSOPHILA_TRANSFER,BEE,-4.719997406005859,10.540000915527344,-15.259998321533203,15.259998321533203,65,10.540000915527344,14,0,-14,0,0.0027319961227476597,0.0028431210666894913,0.014686431735754013,0.04181,0.00133,0.04314,0.12000010907649994,-0.00299999862909317,-0.0040000006556510925,0.00299999862909317,0.0040000006556510925,0.19700002670288086,0.19600002467632294
16,DROSOPHILA_TRANSFER__BEE,DROSOPHILA_TRANSFER,BEE,-4.239994049072266,10.180000305175781,-14.419994354248047,14.419994354248047,65,10.180000305175781,14,0,-14,0,0.0027220125775784254,0.002825087169185281,0.01477369200438261,0.04127,0.0012225,0.0424925,0.12000010907649994,-0.00299999862909317,-0.00400000112131238,0.00299999862909317,0.00400000112131238,0.19700002670288086,0.19600002467632294
17,DROSOPHILA_TRANSFER__BEE,DROSOPHILA_TRANSFER,BEE,-4.55999755859375,10.420005798339844,-14.980003356933594,14.980003356933594,65,10.420005798339844,14,0,-14,0,0.0027299404609948397,0.002835815539583564,0.014712335541844368,0.04163,0.001275,0.042905,0.12000010907649994,-0.00299999862909317,-0.00400000112131238,0.00299999862909317,0.00400000112131238,0.19700002670288086,0.19600002467632294
18,DROSOPHILA_TRANSFER__BEE,DROSOPHILA_TRANSFER,BEE,-3.6799983978271484,9.760002136230469,-13.440000534057617,13.440000534057617,65,9.760002136230469,14,0,-14,0,0.002705063670873642,0.0028093643486499786,0.01488586701452732,0.04064,0.0012025,0.0418425,0.12000010907649994,-0.00299999862909317,-0.00400000112131238,0.00299999862909317,0.00400000112131238,0.19700002670288086,0.19600002467632294
19,DROSOPHILA_TRANSFER__BEE,DROSOPHILA_TRANSFER,BEE,-4.239997863769531,10.180000305175781,-14.419998168945312,14.419998168945312,65,10.180000305175781,14,0,-14,0,0.00271903770044446,0.002828237833455205,0.014781338162720203,0.04127,0.00127,0.04254,0.12000010907649994,-0.00299999862909317,-0.0040000006556510925,0.00299999862909317,0.0040000006556510925,0.19700002670288086,0.19600002467632294
20,DROSOPHILA_TRANSFER__BEE,DROSOPHILA_TRANSFER,BEE,-4.319995880126953,10.240005493164062,-14.560001373291016,14.560001373291016,65,10.240005493164062,14,0,-14,0,0.002722756238654256,0.002829156117513776,0.014761177822947502,0.04136,0.0012625,0.0426225,0.12000010907649994,-0.00299999862909317,-0.00400000112131238,0.00299999862909317,0.00400000112131238,0.19700002670288086,0.19600002467632294
21,DROSOPHILA_TRANSFER__BEE,DROSOPHILA_TRANSFER,BEE,-4.4799957275390625,10.360000610351562,-14.839996337890625,14.839996337890625,65,10.360000610351562,14,0,-14,0,0.002728592837229371,0.00283236731775105,0.014726370573043823,0.04154,0.001245,0.042785,0.12000010907649994,-0.00299999862909317,-0.0040000006556510925,0.00299999862909317,0.0040000006556510925,0.19700002670288086,0.19600002467632294
22,DROSOPHILA_TRANSFER__BEE,DROSOPHILA_TRANSFER,BEE,-3.5199966430664062,9.640003204345703,-13.15999984741211,13.15999984741211,65,9.640003204345703,14,0,-14,0,0.0027010038029402494,0.0028042541816830635,0.014916062355041504,0.04046,0.0011875,0.0416475,0.12000010907649994,-0.00299999862909317,-0.00400000112131238,0.00299999862909317,0.00400000112131238,0.19700002670288086,0.19600002467632294
23,DROSOPHILA_TRANSFER__BEE,DROSOPHILA_TRANSFER,BEE,-4.959999084472656,10.720001220703125,-15.680000305175781,15.680000305175781,65,10.720001220703125,14,0,-14,0,0.0027401165571063757,0.002849141601473093,0.014638164080679417,0.04208,0.0013,0.04338,0.12000010907649994,-0.00299999862909317,-0.00400000112131238,0.00299999862909317,0.00400000112131238,0.19700002670288086,0.19600002467632294
24,DROSOPHILA_TRANSFER__BEE,DROSOPHILA_TRANSFER,BEE,-4.4799957275390625,10.360000610351562,-14.839996337890625,14.839996337890625,65,10.360000610351562,14,0,-14,0,0.00272588012740016,0.0028352553490549326,0.014733269810676575,0.04154,0.00129,0.04283,0.12000010907649994,-0.00299999862909317,-0.00400000112131238,0.00299999862909317,0.00400000112131238,0.19700002670288086,0.19600002467632294
25,DROSOPHILA_TRANSFER__BEE,DROSOPHILA_TRANSFER,BEE,-4.719997406005859,10.54000473022461,-15.260002136230469,15.260002136230469,65,10.54000473022461,14,0,-14,0,0.0027374648489058018,0.0028377408161759377,0.014676940627396107,0.04181,0.0012,0.04301,0.12000010907649994,-0.00299999862909317,-0.00400000112131238,0.00299999862909317,0.00400000112131238,0.19700002670288086,0.19600002467632294
26,DROSOPHILA_TRANSFER__BEE,DROSOPHILA_TRANSFER,BEE,-5.119998931884766,10.840003967285156,-15.960002899169922,15.960002899169922,65,10.840003967285156,14,0,-14,0,0.0027445093728601933,0.002854058751836419,0.01460629515349865,0.04226,0.0013175,0.0435775,0.12000010907649994,-0.00299999862909317,-0.00400000112131238,0.00299999862909317,0.00400000112131238,0.19700002670288086,0.19600000977516174
27,DROSOPHILA_TRANSFER__BEE,DROSOPHILA_TRANSFER,BEE,-4.799999237060547,10.600006103515625,-15.400005340576172,15.400005340576172,65,10.600006103515625,14,0,-14,0,0.0027363626286387444,0.0028436370193958282,0.014667491428554058,0.0419,0.001285,0.043185,0.12000010907649994,-0.00299999862909317,-0.0040000006556510925,0.00299999862909317,0.0040000006556510925,0.19700002670288086,0.19600002467632294
28,DROSOPHILA_TRANSFER__BEE,DROSOPHILA_TRANSFER,BEE,-5.279994964599609,10.960002899169922,-16.23999786376953,16.23999786376953,65,10.960002899169922,14,0,-14,0,0.002748332917690277,0.0028596329502761364,0.014574435539543629,0.04244,0.0013625,0.0438025,0.12000010907649994,-0.00299999862909317,-0.00400000112131238,0.00299999862909317,0.00400000112131238,0.19700002670288086,0.19600002467632294
29,DROSOPHILA_TRANSFER__BEE,DROSOPHILA_TRANSFER,BEE,-4.639995574951172,10.480003356933594,-15.119998931884766,15.119998931884766,65,10.480003356933594,14,0,-14,0,0.002731453627347946,0.0028390793595463037,0.014700115658342838,0.04172,0.001275,0.042995,0.12000010907649994,-0.00299999862909317,-0.0040000006556510925,0.00299999862909317,0.0040000006556510925,0.19700002670288086,0.19600002467632294
30,DROSOPHILA_TRANSFER__BEE,DROSOPHILA_TRANSFER,BEE,-4.399997711181641,10.300003051757812,-14.700000762939453,14.700000762939453,65,10.300003051757812,14,0,-14,0,0.002728365594521165,0.0028281151317059994,0.01473787147551775,0.04145,0.001205,0.042655,0.12000010907649994,-0.00299999862909317,-0.00400000112131238,0.00299999862909317,0.00400000112131238,0.19700002670288086,0.19600002467632294
31,DROSOPHILA_TRANSFER__BEE,DROSOPHILA_TRANSFER,BEE,-4.079998016357422,10.060005187988281,-14.140003204345703,14.140003204345703,65,10.060005187988281,14,0,-14,0,0.0027196325827389956,0.0028179821092635393,0.014800941571593285,0.04109,0.00116,0.04225,0.12000010907649994,-0.00299999862909317,-0.0040000006556510925,0.00299999862909317,0.0040000006556510925,0.19700002670288086,0.19600002467632294
32,DROSOPHILA_TRANSFER__BEE,DROSOPHILA_TRANSFER,BEE,-3.1999969482421875,9.400001525878906,-12.599998474121094,12.599998474121094,65,9.400001525878906,14,0,-14,0,0.0026926740538328886,0.002793998457491398,0.014978441409766674,0.0401,0.0011325,0.0412325,0.12000010907649994,-0.00299999862909317,-0.0040000006556510925,0.00299999862909317,0.0040000006556510925,0.19700002670288086,0.19600000977516174
33,DROSOPHILA_TRANSFER__BEE,DROSOPHILA_TRANSFER,BEE,-5.599998474121094,11.200004577636719,-16.800003051757812,16.800003051757812,65,11.200004577636719,14,0,-14,0,0.0027609067037701607,0.002865556627511978,0.014503594487905502,0.0428,0.0013025,0.0441025,0.12000010907649994,-0.00299999862909317,-0.00400000112131238,0.00299999862909317,0.00400000112131238,0.19700002670288086,0.19600002467632294
34,DROSOPHILA_TRANSFER__BEE,DROSOPHILA_TRANSFER,BEE,-4.239997863769531,10.180004119873047,-14.420001983642578,14.420001983642578,65,10.180004119873047,14,0,-14,0,0.002723211422562599,0.0028240114916116,0.014772233553230762,0.04127,0.00119,0.04246,0.12000010907649994,-0.00299999862909317,-0.00400000112131238,0.00299999862909317,0.00400000112131238,0.19700002670288086,0.19600002467632294
35,DROSOPHILA_TRANSFER__BEE,DROSOPHILA_TRANSFER,BEE,-4.959995269775391,10.720001220703125,-15.679996490478516,15.679996490478516,65,10.720001220703125,14,0,-14,0,0.002739468589425087,0.0028497185558080673,0.014637907035648823,0.04208,0.00133,0.04341,0.12000010907649994,-0.00299999862909317,-0.00400000112131238,0.00299999862909317,0.00400000112131238,0.19700002670288086,0.19600002467632294
36,DROSOPHILA_TRANSFER__BEE,DROSOPHILA_TRANSFER,BEE,-4.639995574951172,10.480003356933594,-15.119998931884766,15.119998931884766,65,10.480003356933594,14,0,-14,0,0.002733352594077587,0.002837302628904581,0.014696854166686535,0.04172,0.0012325,0.0429525,0.12000010907649994,-0.00299999862909317,-0.0040000006556510925,0.00299999862909317,0.0040000006556510925,0.19700002670288086,0.19600002467632294
37,DROSOPHILA_TRANSFER__BEE,DROSOPHILA_TRANSFER,BEE,-4.879993438720703,10.660003662109375,-15.539997100830078,15.539997100830078,65,10.660003662109375,14,0,-14,0,0.0027361875399947166,0.0028483623173087835,0.014655967243015766,0.04199,0.001345,0.043335,0.12000010907649994,-0.00299999862909317,-0.00400000112131238,0.00299999862909317,0.00400000112131238,0.19700002670288086,0.19600002467632294
38,DROSOPHILA_TRANSFER__BEE,DROSOPHILA_TRANSFER,BEE,-5.1999969482421875,10.900001525878906,-16.099998474121094,16.099998474121094,65,10.900001525878906,14,0,-14,0,0.0027470027562230825,0.0028562024235725403,0.014588635414838791,0.04235,0.0013325,0.0436825,0.12000010907649994,-0.00299999862909317,-0.0040000006556510925,0.00299999862909317,0.0040000006556510925,0.19700002670288086,0.19600002467632294
39,DROSOPHILA_TRANSFER__BEE,DROSOPHILA_TRANSFER,BEE,-5.279998779296875,10.960006713867188,-16.240005493164062,16.240005493164062,65,10.960006713867188,14,0,-14,0,0.0027477636467665434,0.0028601137455552816,0.014576144516468048,0.04244,0.001365,0.043805,0.12000010907649994,-0.00299999862909317,-0.00400000112131238,0.00299999862909317,0.00400000112131238,0.19700002670288086,0.19600002467632294
40,DROSOPHILA_TRANSFER__BEE,DROSOPHILA_TRANSFER,BEE,-3.5999984741210938,9.700004577636719,-13.300003051757812,13.300003051757812,65,9.700004577636719,14,0,-14,0,0.0027053351514041424,0.002804560586810112,0.01489731390029192,0.04055,0.0011375,0.0416875,0.12000010907649994,-0.00299999862909317,-0.0040000006556510925,0.00299999862909317,0.0040000006556510925,0.19700002670288086,0.19600002467632294
41,DROSOPHILA_TRANSFER__BEE,DROSOPHILA_TRANSFER,BEE,-3.9999961853027344,10.000003814697266,-14.0,14.0,65,10.000003814697266,14,0,-14,0,0.0027133063413202763,0.0028198815416544676,0.01482471078634262,0.041,0.0012475,0.0422475,0.12000010907649994,-0.00299999862909317,-0.00400000112131238,0.00299999862909317,0.00400000112131238,0.19700002670288086,0.19600002467632294
42,DROSOPHILA_TRANSFER__BEE,DROSOPHILA_TRANSFER,BEE,-4.319995880126953,10.240005493164062,-14.560001373291016,14.560001373291016,65,10.240005493164062,14,0,-14,0,0.0027213040739297867,0.0028305042069405317,0.014765082858502865,0.04136,0.0012775,0.0426375,0.12000010907649994,-0.00299999862909317,-0.0040000006556510925,0.00299999862909317,0.0040000006556510925,0.19700002670288086,0.19600002467632294
43,DROSOPHILA_TRANSFER__BEE,DROSOPHILA_TRANSFER,BEE,-4.959995269775391,10.720001220703125,-15.679996490478516,15.679996490478516,65,10.720001220703125,14,0,-14,0,0.0027421899139881134,0.002846839837729931,0.014634115621447563,0.04208,0.0012475,0.0433275,0.12000010907649994,-0.00299999862909317,-0.0040000006556510925,0.00299999862909317,0.0040000006556510925,0.19700002670288086,0.19600002467632294
44,DROSOPHILA_TRANSFER__BEE,DROSOPHILA_TRANSFER,BEE,-5.279998779296875,10.960006713867188,-16.240005493164062,16.240005493164062,65,10.960006713867188,14,0,-14,0,0.002750362968072295,0.0028574627358466387,0.014569930732250214,0.04244,0.00132,0.04376,0.12000010907649994,-0.00299999862909317,-0.0040000006556510925,0.00299999862909317,0.0040000006556510925,0.19700002670288086,0.19600002467632294
45,DROSOPHILA_TRANSFER__BEE,DROSOPHILA_TRANSFER,BEE,-4.239994049072266,10.180004119873047,-14.419998168945312,14.419998168945312,65,10.180004119873047,14,0,-14,0,0.002720831660553813,0.0028263558633625507,0.014776474796235561,0.04127,0.001245,0.042515,0.12000010907649994,-0.00299999862909317,-0.00400000112131238,0.00299999862909317,0.00400000112131238,0.19700002670288086,0.19600002467632294
46,DROSOPHILA_TRANSFER__BEE,DROSOPHILA_TRANSFER,BEE,-3.7599964141845703,9.819999694824219,-13.579996109008789,13.579996109008789,65,9.819999694824219,14,0,-14,0,0.002709920285269618,0.0028091452550143003,0.0148643022403121,0.04073,0.0011625,0.0418925,0.12000010907649994,-0.00299999862909317,-0.0040000006556510925,0.00299999862909317,0.0040000006556510925,0.19700002670288086,0.19600000977516174
47,DROSOPHILA_TRANSFER__BEE,DROSOPHILA_TRANSFER,BEE,-4.079998016357422,10.060005187988281,-14.140003204345703,14.140003204345703,65,10.060005187988281,14,0,-14,0,0.0027163608465343714,0.002821710193529725,0.014810021035373211,0.04109,0.0012125,0.0423025,0.12000010907649994,-0.00299999862909317,-0.0040000006556510925,0.00299999862909317,0.0040000006556510925,0.19700002670288086,0.19600000977516174
48,DROSOPHILA_TRANSFER__BEE,DROSOPHILA_TRANSFER,BEE,-3.1999969482421875,9.400001525878906,-12.599998474121094,12.599998474121094,65,9.400001525878906,14,0,-14,0,0.002693829359486699,0.002792704151943326,0.014974633231759071,0.0401,0.0011225,0.0412225,0.12000010907649994,-0.00299999862909317,-0.00400000112131238,0.00299999862909317,0.00400000112131238,0.19700002670288086,0.19600002467632294
49,DROSOPHILA_TRANSFER__BEE,DROSOPHILA_TRANSFER,BEE,-4.159996032714844,10.120006561279297,-14.28000259399414,14.28000259399414,65,10.120006561279297,14,0,-14,0,0.002721260068938136,0.0028211853932589293,0.01478706207126379,0.04118,0.0011775,0.0423575,0.12000010907649994,-0.00299999862909317,-0.00400000112131238,0.00299999862909317,0.00400000112131238,0.19700002670288086,0.19600002467632294
50,DROSOPHILA_TRANSFER__BEE,DROSOPHILA_TRANSFER,BEE,-3.119997024536133,9.340003967285156,-12.460000991821289,12.460000991821289,65,9.340003967285156,14,0,-14,0,0.0026939434465020895,0.002787742530927062,0.0149847362190485,0.04001,0.00107,0.04108,0.12000010907649994,-0.00299999862909317,-0.00400000112131238,0.00299999862909317,0.00400000112131238,0.19700002670288086,0.19600002467632294
51,DROSOPHILA_TRANSFER__BEE,DROSOPHILA_TRANSFER,BEE,-5.519996643066406,11.140003204345703,-16.65999984741211,16.65999984741211,65,11.140003204345703,14,0,-14,0,0.0027548514772206545,0.0028670262545347214,0.014528305269777775,0.04271,0.0013675,0.0440775,0.12000010907649994,-0.00299999862909317,-0.0040000006556510925,0.00299999862909317,0.0040000006556510925,0.19700002670288086,0.19600002467632294
52,DROSOPHILA_TRANSFER__BEE,DROSOPHILA_TRANSFER,BEE,-4.159999847412109,10.120002746582031,-14.28000259399414,14.28000259399414,65,10.120002746582031,14,0,-14,0,0.002720131305977702,0.002822156297042966,0.014789197593927383,0.04118,0.0011975,0.0423775,0.12000010907649994,-0.00299999862909317,-0.00400000112131238,0.00299999862909317,0.00400000112131238,0.19700002670288086,0.19600002467632294
53,DROSOPHILA_TRANSFER__BEE,DROSOPHILA_TRANSFER,BEE,-4.319995880126953,10.240005493164062,-14.560001373291016,14.560001373291016,65,10.240005493164062,14,0,-14,0,0.002721873577684164,0.002830022480338812,0.014762983657419682,0.04136,0.00128,0.04264,0.12000010907649994,-0.00299999862909317,-0.0040000006556510925,0.00299999862909317,0.0040000006556510925,0.19700002670288086,0.19600002467632294
54,DROSOPHILA_TRANSFER__BEE,DROSOPHILA_TRANSFER,BEE,-4.559993743896484,10.420001983642578,-14.979995727539062,14.979995727539062,65,10.420001983642578,14,0,-14,0,0.002732897875830531,0.0028328225016593933,0.014706967398524284,0.04163,0.001205,0.042835,0.12000010907649994,-0.00299999862909317,-0.00400000112131238,0.00299999862909317,0.00400000112131238,0.19700002670288086,0.19600000977516174
55,DROSOPHILA_TRANSFER__BEE,DROSOPHILA_TRANSFER,BEE,-3.6799964904785156,9.760002136230469,-13.439998626708984,13.439998626708984,65,9.760002136230469,14,0,-14,0,0.0027042676229029894,0.002810318022966385,0.014888827688992023,0.04064,0.0012075,0.0418475,0.12000010907649994,-0.00299999862909317,-0.00400000112131238,0.00299999862909317,0.00400000112131238,0.19700002670288086,0.19600000977516174
56,DROSOPHILA_TRANSFER__BEE,DROSOPHILA_TRANSFER,BEE,-3.119997024536133,9.340003967285156,-12.460000991821289,12.460000991821289,65,9.340003967285156,14,0,-14,0,0.00269012781791389,0.002791802631691098,0.01499391533434391,0.04001,0.0011375,0.0411475,0.12000010907649994,-0.00299999862909317,-0.00400000112131238,0.00299999862909317,0.00400000112131238,0.19700002670288086,0.19600002467632294
57,DROSOPHILA_TRANSFER__BEE,DROSOPHILA_TRANSFER,BEE,-4.239994049072266,10.180004119873047,-14.419998168945312,14.419998168945312,65,10.180004119873047,14,0,-14,0,0.0027195715811103582,0.002827371470630169,0.014777625910937786,0.04127,0.00128,0.04255,0.12000010907649994,-0.00299999862909317,-0.0040000006556510925,0.00299999862909317,0.0040000006556510925,0.19700002670288086,0.19600002467632294
58,DROSOPHILA_TRANSFER__BEE,DROSOPHILA_TRANSFER,BEE,-4.55999755859375,10.420005798339844,-14.980003356933594,14.980003356933594,65,10.420005798339844,14,0,-14,0,0.0027285574469715357,0.0028372330125421286,0.01471678540110588,0.04163,0.001285,0.042915,0.12000010907649994,-0.00299999862909317,-0.0040000006556510925,0.00299999862909317,0.0040000006556510925,0.19700002670288086,0.19600000977516174
59,DROSOPHILA_TRANSFER__BEE,DROSOPHILA_TRANSFER,BEE,-5.279998779296875,10.960006713867188,-16.240005493164062,16.240005493164062,65,10.960006713867188,14,0,-14,0,0.002748604165390134,0.0028593784663826227,0.014574927277863026,0.04244,0.001345,0.043785,0.12000010907649994,-0.00299999862909317,-0.00400000112131238,0.00299999862909317,0.00400000112131238,0.19700002670288086,0.19600002467632294
60,DROSOPHILA_TRANSFER__BEE,DROSOPHILA_TRANSFER,BEE,-4.719997406005859,10.540000915527344,-15.259998321533203,15.259998321533203,65,10.540000915527344,14,0,-14,0,0.0027343062683939934,0.002840881934389472,0.014682728797197342,0.04181,0.0012725,0.0430825,0.12000010907649994,-0.00299999862909317,-0.0040000006556510925,0.00299999862909317,0.0040000006556510925,0.19700002670288086,0.19600002467632294
61,DROSOPHILA_TRANSFER__BEE,DROSOPHILA_TRANSFER,BEE,-4.959995269775391,10.720001220703125,-15.679996490478516,15.679996490478516,65,10.720001220703125,14,0,-14,0,0.0027435380034148693,0.002845562994480133,0.014629427343606949,0.04208,0.001245,0.043325,0.12000010907649994,-0.00299999862909317,-0.0040000006556510925,0.00299999862909317,0.0040000006556510925,0.19700002670288086,0.19600002467632294
62,DROSOPHILA_TRANSFER__BEE,DROSOPHILA_TRANSFER,BEE,-4.239997863769531,10.180004119873047,-14.420001983642578,14.420001983642578,65,10.180004119873047,14,0,-14,0,0.0027192654088139534,0.0028279402758926153,0.014781128615140915,0.04127,0.00126,0.04253,0.12000010907649994,-0.00299999862909317,-0.00400000112131238,0.00299999862909317,0.00400000112131238,0.19700002670288086,0.19600002467632294
63,DROSOPHILA_TRANSFER__BEE,DROSOPHILA_TRANSFER,BEE,-4.399997711181641,10.300003051757812,-14.700000762939453,14.700000762939453,65,10.300003051757812,14,0,-14,0,0.002722493838518858,0.0028341440483927727,0.014752809889614582,0.04145,0.001295,0.042745,0.12000010907649994,-0.00299999862909317,-0.00400000112131238,0.00299999862909317,0.00400000112131238,0.19700002670288086,0.19600002467632294
64,DROSOPHILA_TRANSFER__BEE,DROSOPHILA_TRANSFER,BEE,-5.1999969482421875,10.900005340576172,-16.10000228881836,16.10000228881836,65,10.900005340576172,14,0,-14,0,0.002749233739450574,0.002854058751836419,0.014585459604859352,0.04235,0.0012725,0.0436225,0.12000010907649994,-0.00299999862909317,-0.00400000112131238,0.00299999862909317,0.00400000112131238,0.19700002670288086,0.19600002467632294
65,DROSOPHILA_TRANSFER__BEE,DROSOPHILA_TRANSFER,BEE,-4.399997711181641,10.300003051757812,-14.700000762939453,14.700000762939453,65,10.300003051757812,14,0,-14,0,0.0027242086362093687,0.0028321845456957817,0.014746351167559624,0.04145,0.0012875,0.0427375,0.12000010907649994,-0.00299999862909317,-0.0040000006556510925,0.00299999862909317,0.0040000006556510925,0.19700002670288086,0.19600002467632294
66,DROSOPHILA_TRANSFER__BEE,DROSOPHILA_TRANSFER,BEE,-4.799999237060547,10.600006103515625,-15.400005340576172,15.400005340576172,65,10.600006103515625,14,0,-14,0,0.002736608264967799,0.0028431827668100595,0.014665999449789524,0.0419,0.001285,0.043185,0.12000010907649994,-0.00299999862909317,-0.00400000112131238,0.00299999862909317,0.00400000112131238,0.19700002670288086,0.19600002467632294
67,DROSOPHILA_TRANSFER__BEE,DROSOPHILA_TRANSFER,BEE,-5.119998931884766,10.840003967285156,-15.960002899169922,15.960002899169922,65,10.840003967285156,14,0,-14,0,0.0027455587405711412,0.0028528340626507998,0.014603313989937305,0.04226,0.0013,0.04356,0.12000010907649994,-0.00299999862909317,-0.00400000112131238,0.00299999862909317,0.00400000112131238,0.19700002670288086,0.19600002467632294
68,DROSOPHILA_TRANSFER__BEE,DROSOPHILA_TRANSFER,BEE,-4.079998016357422,10.060005187988281,-14.140003204345703,14.140003204345703,65,10.060005187988281,14,0,-14,0,0.0027184775099158287,0.00281945220194757,0.014804231934249401,0.04109,0.0011825,0.0422725,0.12000010907649994,-0.00299999862909317,-0.00400000112131238,0.00299999862909317,0.00400000112131238,0.19700002670288086,0.19600002467632294
69,DROSOPHILA_TRANSFER__BEE,DROSOPHILA_TRANSFER,BEE,-4.879997253417969,10.660003662109375,-15.540000915527344,15.540000915527344,65,10.660003662109375,14,0,-14,0,0.00273888255469501,0.002845457987859845,0.014649000950157642,0.04199,0.0013,0.04329,0.12000010907649994,-0.00299999862909317,-0.00400000112131238,0.00299999862909317,0.00400000112131238,0.19700002670288086,0.19600002467632294
70,DROSOPHILA_TRANSFER__BEE,DROSOPHILA_TRANSFER,BEE,-4.799999237060547,10.60000228881836,-15.400001525878906,15.400001525878906,65,10.60000228881836,14,0,-14,0,0.0027370804455131292,0.0028427797369658947,0.014665035530924797,0.0419,0.0012775,0.0431775,0.12000010907649994,-0.00299999862909317,-0.0040000006556510925,0.00299999862909317,0.0040000006556510925,0.19700002670288086,0.19600002467632294
71,DROSOPHILA_TRANSFER__BEE,DROSOPHILA_TRANSFER,BEE,-3.6799964904785156,9.760002136230469,-13.439998626708984,13.439998626708984,65,9.760002136230469,14,0,-14,0,0.0027067086193710566,0.002807858632877469,0.014884048141539097,0.04064,0.001155,0.041795,0.12000010907649994,-0.00299999862909317,-0.0040000006556510925,0.00299999862909317,0.0040000006556510925,0.19700002670288086,0.19600002467632294
72,DROSOPHILA_TRANSFER__BEE,DROSOPHILA_TRANSFER,BEE,-4.239994049072266,10.180004119873047,-14.419998168945312,14.419998168945312,65,10.180004119873047,14,0,-14,0,0.0027237539179623127,0.002823503687977791,0.01477050594985485,0.04127,0.0011875,0.0424575,0.12000010907649994,-0.00299999862909317,-0.00400000112131238,0.00299999862909317,0.00400000112131238,0.19700002670288086,0.19600002467632294
73,DROSOPHILA_TRANSFER__BEE,DROSOPHILA_TRANSFER,BEE,-3.359996795654297,9.520004272460938,-12.880001068115234,12.880001068115234,65,9.520004272460938,14,0,-14,0,0.0026987639721482992,0.0027969388756901026,0.014941118657588959,0.04028,0.00114,0.04142,0.12000010907649994,-0.00299999862909317,-0.00400000112131238,0.00299999862909317,0.00400000112131238,0.19700002670288086,0.19600002467632294
74,DROSOPHILA_TRANSFER__BEE,DROSOPHILA_TRANSFER,BEE,-3.9999961853027344,10.000003814697266,-14.0,14.0,65,10.000003814697266,14,0,-14,0,0.0027168679516762495,0.0028164421673864126,0.014819622971117496,0.041,0.0011525,0.0421525,0.12000010907649994,-0.00299999862909317,-0.00400000112131238,0.00299999862909317,0.00400000112131238,0.19700002670288086,0.19600002467632294
75,DROSOPHILA_TRANSFER__BEE,DROSOPHILA_TRANSFER,BEE,-4.399997711181641,10.300003051757812,-14.700000762939453,14.700000762939453,65,10.300003051757812,14,0,-14,0,0.0027249609120190144,0.002831536578014493,0.014745685271918774,0.04145,0.001265,0.042715,0.12000010907649994,-0.00299999862909317,-0.0040000006556510925,0.00299999862909317,0.0040000006556510925,0.19700002670288086,0.19600002467632294
76,DROSOPHILA_TRANSFER__BEE,DROSOPHILA_TRANSFER,BEE,-4.159999847412109,10.120002746582031,-14.28000259399414,14.28000259399414,65,10.120002746582031,14,0,-14,0,0.002720578107982874,0.002821902744472027,0.014788460917770863,0.04118,0.0011925,0.0423725,0.12000010907649994,-0.00299999862909317,-0.00400000112131238,0.00299999862909317,0.00400000112131238,0.19700002670288086,0.19600002467632294
77,DROSOPHILA_TRANSFER__BEE,DROSOPHILA_TRANSFER,BEE,-4.55999755859375,10.420005798339844,-14.980003356933594,14.980003356933594,65,10.420005798339844,14,0,-14,0,0.0027299048379063606,0.002835955237969756,0.014713373966515064,0.04163,0.0012675,0.0428975,0.12000010907649994,-0.00299999862909317,-0.0040000006556510925,0.00299999862909317,0.0040000006556510925,0.19700002670288086,0.19600002467632294
78,DROSOPHILA_TRANSFER__BEE,DROSOPHILA_TRANSFER,BEE,-5.759998321533203,11.320003509521484,-17.080001831054688,17.080001831054688,65,11.320003509521484,14,0,-14,0,0.002762919059023261,0.0028729941695928574,0.01447729766368866,0.04298,0.0013625,0.0443425,0.12000010907649994,-0.00299999862909317,-0.00400000112131238,0.00299999862909317,0.00400000112131238,0.19700002670288086,0.19600002467632294
79,DROSOPHILA_TRANSFER__BEE,DROSOPHILA_TRANSFER,BEE,-5.039997100830078,10.78000259399414,-15.819999694824219,15.819999694824219,65,10.78000259399414,14,0,-14,0,0.0027447454631328583,0.0028490456752479076,0.014614912681281567,0.04217,0.0012825,0.0434525,0.12000010907649994,-0.00299999862909317,-0.00400000112131238,0.00299999862909317,0.00400000112131238,0.19700002670288086,0.19600000977516174
80,DROSOPHILA_TRANSFER__BEE,DROSOPHILA_TRANSFER,BEE,-5.119998931884766,10.840003967285156,-15.960002899169922,15.960002899169922,65,10.840003967285156,14,0,-14,0,0.0027442113496363163,0.002854286227375269,0.014606600627303123,0.04226,0.001325,0.043585,0.12000010907649994,-0.00299999862909317,-0.00400000112131238,0.00299999862909317,0.00400000112131238,0.19700002670288086,0.19600002467632294
81,DROSOPHILA_TRANSFER__BEE,DROSOPHILA_TRANSFER,BEE,-3.5199966430664062,9.640003204345703,-13.15999984741211,13.15999984741211,65,9.640003204345703,14,0,-14,0,0.0026997262611985207,0.002805601106956601,0.014919538982212543,0.04046,0.001205,0.041665,0.12000010907649994,-0.00299999862909317,-0.00400000112131238,0.00299999862909317,0.00400000112131238,0.19700002670288086,0.19600002467632294
82,DROSOPHILA_TRANSFER__BEE,DROSOPHILA_TRANSFER,BEE,-5.439998626708984,11.080005645751953,-16.520004272460938,16.520004272460938,65,11.080005645751953,14,0,-14,0,0.0027528824284672737,0.002864182461053133,0.014541884884238243,0.04262,0.0013725,0.0439925,0.12000010907649994,-0.00299999862909317,-0.00400000112131238,0.00299999862909317,0.00400000112131238,0.19700002670288086,0.19600000977516174
83,DROSOPHILA_TRANSFER__BEE,DROSOPHILA_TRANSFER,BEE,-4.159996032714844,10.120002746582031,-14.279998779296875,14.279998779296875,65,10.120002746582031,14,0,-14,0,0.0027200609911233187,0.002822436857968569,0.014789193868637085,0.04118,0.0012075,0.0423875,0.12000010907649994,-0.00299999862909317,-0.0040000006556510925,0.00299999862909317,0.0040000006556510925,0.19700002670288086,0.19600002467632294
84,DROSOPHILA_TRANSFER__BEE,DROSOPHILA_TRANSFER,BEE,-3.9199962615966797,9.940006256103516,-13.860002517700195,13.860002517700195,65,9.940006256103516,14,0,-14,0,0.00271201110444963,0.0028163110837340355,0.014838049188256264,0.04091,0.00122,0.04213,0.12000010907649994,-0.00299999862909317,-0.00400000112131238,0.00299999862909317,0.00400000112131238,0.19700002670288086,0.19600002467632294
85,DROSOPHILA_TRANSFER__BEE,DROSOPHILA_TRANSFER,BEE,-4.079998016357422,10.060005187988281,-14.140003204345703,14.140003204345703,65,10.060005187988281,14,0,-14,0,0.002718819072470069,0.0028190938755869865,0.014803119003772736,0.04109,0.00118,0.04227,0.12000010907649994,-0.00299999862909317,-0.00400000112131238,0.00299999862909317,0.00400000112131238,0.19700002670288086,0.19600002467632294
86,DROSOPHILA_TRANSFER__BEE,DROSOPHILA_TRANSFER,BEE,-5.359996795654297,11.020004272460938,-16.380001068115234,16.380001068115234,65,11.020004272460938,14,0,-14,0,0.002754474990069866,0.0028578999917954206,0.014551102183759212,0.04253,0.0012725,0.0438025,0.12000010907649994,-0.00299999862909317,-0.00400000112131238,0.00299999862909317,0.00400000112131238,0.19700002670288086,0.19600002467632294
87,DROSOPHILA_TRANSFER__BEE,DROSOPHILA_TRANSFER,BEE,-5.1999969482421875,10.900005340576172,-16.10000228881836,16.10000228881836,65,10.900005340576172,14,0,-14,0,0.00274420203641057,0.0028591775335371494,0.014595301821827888,0.04235,0.001385,0.043735,0.12000010907649994,-0.00299999862909317,-0.00400000112131238,0.00299999862909317,0.00400000112131238,0.19700002670288086,0.19600002467632294
88,DROSOPHILA_TRANSFER__BEE,DROSOPHILA_TRANSFER,BEE,-4.399997711181641,10.300003051757812,-14.700000762939453,14.700000762939453,65,10.300003051757812,14,0,-14,0,0.0027256524190306664,0.002830827608704567,0.014744918793439865,0.04145,0.0012425,0.0426925,0.12000010907649994,-0.00299999862909317,-0.0040000006556510925,0.00299999862909317,0.0040000006556510925,0.19700002670288086,0.19600002467632294
89,DROSOPHILA_TRANSFER__BEE,DROSOPHILA_TRANSFER,BEE,-4.399997711181641,10.300003051757812,-14.700000762939453,14.700000762939453,65,10.300003051757812,14,0,-14,0,0.002724777441471815,0.0028318774420768023,0.014747210778295994,0.04145,0.00126,0.04271,0.12000010907649994,-0.00299999862909317,-0.00400000112131238,0.00299999862909317,0.00400000112131238,0.19700002670288086,0.19600002467632294
90,DROSOPHILA_TRANSFER__BEE,DROSOPHILA_TRANSFER,BEE,-5.119998931884766,10.840007781982422,-15.960006713867188,15.960006713867188,65,10.840007781982422,14,0,-14,0,0.0027439577970653772,0.0028545577079057693,0.014606770128011703,0.04226,0.001335,0.043595,0.12000010907649994,-0.00299999862909317,-0.0040000006556510925,0.00299999862909317,0.0040000006556510925,0.19700002670288086,0.19600002467632294
91,DROSOPHILA_TRANSFER__BEE,DROSOPHILA_TRANSFER,BEE,-5.279998779296875,10.960002899169922,-16.240001678466797,16.240001678466797,65,10.960002899169922,14,0,-14,0,0.0027489715721458197,0.002858871826902032,0.014573152177035809,0.04244,0.001345,0.043785,0.12000010907649994,-0.00299999862909317,-0.0040000006556510925,0.00299999862909317,0.0040000006556510925,0.19700002670288086,0.19600000977516174
92,DROSOPHILA_TRANSFER__BEE,DROSOPHILA_TRANSFER,BEE,-3.599996566772461,9.700004577636719,-13.30000114440918,13.30000114440918,65,9.700004577636719,14,0,-14,0,0.0027052126824855804,0.0028046120423823595,0.014896552078425884,0.04055,0.00115,0.0417,0.12000010907649994,-0.00299999862909317,-0.00400000112131238,0.00299999862909317,0.00400000112131238,0.19700002670288086,0.19600002467632294
93,DROSOPHILA_TRANSFER__BEE,DROSOPHILA_TRANSFER,BEE,-5.599998474121094,11.200004577636719,-16.800003051757812,16.800003051757812,65,11.200004577636719,14,0,-14,0,0.002758771413937211,0.0028676220681518316,0.01450794842094183,0.0428,0.001345,0.044145,0.12000010907649994,-0.00299999862909317,-0.00400000112131238,0.00299999862909317,0.00400000112131238,0.19700002670288086,0.19600002467632294
94,DROSOPHILA_TRANSFER__BEE,DROSOPHILA_TRANSFER,BEE,-4.799999237060547,10.600006103515625,-15.400005340576172,15.400005340576172,65,10.600006103515625,14,0,-14,0,0.002732810564339161,0.002846910385414958,0.01467363815754652,0.0419,0.0013625,0.0432625,0.12000010907649994,-0.00299999862909317,-0.00400000112131238,0.00299999862909317,0.00400000112131238,0.19700002670288086,0.19600002467632294
95,DROSOPHILA_TRANSFER__BEE,DROSOPHILA_TRANSFER,BEE,-4.319995880126953,10.240005493164062,-14.560001373291016,14.560001373291016,65,10.240005493164062,14,0,-14,0,0.002722126431763172,0.0028297509998083115,0.0147628178820014,0.04136,0.00127,0.04263,0.12000010907649994,-0.00299999862909317,-0.00400000112131238,0.00299999862909317,0.00400000112131238,0.19700002670288086,0.19600002467632294
96,DROSOPHILA_TRANSFER__BEE,DROSOPHILA_TRANSFER,BEE,-4.639995574951172,10.480003356933594,-15.119998931884766,15.119998931884766,65,10.480003356933594,14,0,-14,0,0.0027323111426085234,0.002838186686858535,0.014697838574647903,0.04172,0.0012625,0.0429825,0.12000010907649994,-0.00299999862909317,-0.00400000112131238,0.00299999862909317,0.00400000112131238,0.19700002670288086,0.19600002467632294
97,DROSOPHILA_TRANSFER__BEE,DROSOPHILA_TRANSFER,BEE,-4.239997863769531,10.180004119873047,-14.420001983642578,14.420001983642578,65,10.180004119873047,14,0,-14,0,0.0027178304735571146,0.0028293051291257143,0.014782161451876163,0.04127,0.00131,0.04258,0.12000010907649994,-0.00299999862909317,-0.00400000112131238,0.00299999862909317,0.00400000112131238,0.19700002670288086,0.19600002467632294
98,DROSOPHILA_TRANSFER__BEE,DROSOPHILA_TRANSFER,BEE,-4.159996032714844,10.120002746582031,-14.279998779296875,14.279998779296875,65,10.120002746582031,14,0,-14,0,0.002719361335039139,0.002822961425408721,0.014790096320211887,0.04118,0.0012225,0.0424025,0.12000010907649994,-0.00299999862909317,-0.00400000112131238,0.00299999862909317,0.00400000112131238,0.19700002670288086,0.19600002467632294
99,DROSOPHILA_TRANSFER__BEE,DROSOPHILA_TRANSFER,BEE,-4.479999542236328,10.360004425048828,-14.840003967285156,14.840003967285156,65,10.360004425048828,14,0,-14,0,0.002727682702243328,0.002833382925018668,0.014729233458638191,0.04154,0.001255,0.042795,0.12000010907649994,-0.00299999862909317,-0.00400000112131238,0.00299999862909317,0.00400000112131238,0.19700002670288086,0.19600002467632294
0,DROSOPHILA_TRANSFER__DROSOPHILA,DROSOPHILA_TRANSFER,DROSOPHILA,7.740001678466797,-7.739997863769531,15.479999542236328,15.479999542236328,49,7.740001678466797,2,16,14,1,0.0018735044868662953,0.0019370048539713025,0.009588559158146381,0.04361,0.0014175,0.0450275,0.08000000566244125,-0.00299999862909317,-0.00299999862909317,0.00299999862909317,0.00299999862909317,0.19700002670288086,0.19700002670288086
1,DROSOPHILA_TRANSFER__DROSOPHILA,DROSOPHILA_TRANSFER,DROSOPHILA,8.34000015258789,-8.34000015258789,16.68000030517578,16.68000030517578,48,8.34000015258789,3,17,14,1,0.0018847247119992971,0.001952524995431304,0.009479917585849762,0.04451,0.0015325,0.0460425,0.08000000566244125,-0.002999998861923814,-0.00299999862909317,0.002999998861923814,0.00299999862909317,0.19700002670288086,0.19700002670288086
2,DROSOPHILA_TRANSFER__DROSOPHILA,DROSOPHILA_TRANSFER,DROSOPHILA,7.380001068115234,-7.379997253417969,14.759998321533203,14.759998321533203,47,7.380001068115234,4,18,14,1,0.0018640594789758325,0.001930659986101091,0.00965991523116827,0.04307,0.0014175,0.0444875,0.08000000566244125,-0.00299999862909317,-0.00299999862909317,0.00299999862909317,0.00299999862909317,0.19700002670288086,0.19700002670288086
3,DROSOPHILA_TRANSFER__DROSOPHILA,DROSOPHILA_TRANSFER,DROSOPHILA,8.220001220703125,-8.21999740600586,16.439998626708984,16.439998626708984,48,8.220001220703125,3,17,14,1,0.0018832695204764605,0.0019485699012875557,0.009499963372945786,0.04433,0.001485,0.045815,0.08000000566244125,-0.00299999862909317,-0.00299999862909317,0.00299999862909317,0.00299999862909317,0.19700002670288086,0.19700002670288086
4,DROSOPHILA_TRANSFER__DROSOPHILA,DROSOPHILA_TRANSFER,DROSOPHILA,8.820003509521484,-8.819999694824219,17.640003204345703,17.640003204345703,48,8.820003509521484,3,17,14,1,0.0018962046597152948,0.0019624042324721813,0.009387842379510403,0.04523,0.0015225,0.0467525,0.08000000566244125,-0.00299999862909317,-0.00299999862909317,0.00299999862909317,0.00299999862909317,0.19700002670288086,0.19700002670288086
5,DROSOPHILA_TRANSFER__DROSOPHILA,DROSOPHILA_TRANSFER,DROSOPHILA,8.28000259399414,-8.28000259399414,16.56000518798828,16.56000518798828,48,8.28000259399414,3,17,14,1,0.0018856546375900507,0.0019489541882649064,0.009487871080636978,0.04442,0.00143,0.04585,0.08000000566244125,-0.00299999862909317,-0.00299999862909317,0.00299999862909317,0.00299999862909317,0.19700002670288086,0.19700002670288086
6,DROSOPHILA_TRANSFER__DROSOPHILA,DROSOPHILA_TRANSFER,DROSOPHILA,8.640003204345703,-8.639999389648438,17.28000259399414,17.28000259399414,48,8.640003204345703,3,17,14,1,0.0018910845974460244,0.0019595848862081766,0.009423993527889252,0.04496,0.00156,0.04652,0.08000000566244125,-0.00299999862909317,-0.002999998861923814,0.00299999862909317,0.002999998861923814,0.19700002670288086,0.19700002670288086
7,DROSOPHILA_TRANSFER__DROSOPHILA,DROSOPHILA_TRANSFER,DROSOPHILA,7.140003204345703,-7.1399993896484375,14.28000259399414,14.28000259399414,49,7.140003204345703,2,16,14,1,0.0018602398922666907,0.0019237399101257324,0.009700355120003223,0.04271,0.0013725,0.0440825,0.08000000566244125,-0.00299999862909317,-0.00299999862909317,0.00299999862909317,0.00299999862909317,0.19700002670288086,0.19700002670288086
8,DROSOPHILA_TRANSFER__DROSOPHILA,DROSOPHILA_TRANSFER,DROSOPHILA,8.939998626708984,-8.939998626708984,17.87999725341797,17.87999725341797,48,8.939998626708984,3,17,14,1,0.0018977598519995809,0.001966160023584962,0.009366515092551708,0.04541,0.00158,0.04699,0.08000000566244125,-0.00299999862909317,-0.00299999862909317,0.00299999862909317,0.00299999862909317,0.19700002670288086,0.19700002670288086
9,DROSOPHILA_TRANSFER__DROSOPHILA,DROSOPHILA_TRANSFER,DROSOPHILA,9.240001678466797,-9.240001678466797,18.480003356933594,18.480003356933594,49,9.240001678466797,2,16,14,1,0.0019045495428144932,0.0019727498292922974,0.009308639913797379,0.04586,0.0016,0.04746,0.08000000566244125,-0.00299999862909317,-0.00299999862909317,0.00299999862909317,0.00299999862909317,0.19700002670288086,0.19700002670288086
10,DROSOPHILA_TRANSFER__DROSOPHILA,DROSOPHILA_TRANSFER,DROSOPHILA,9.299999237060547,-9.299999237060547,18.599998474121094,18.599998474121094,48,9.299999237060547,3,17,14,1,0.001906584482640028,0.001973384991288185,0.009296358563005924,0.04595,0.001565,0.047515,0.08000000566244125,-0.00299999862909317,-0.00299999862909317,0.00299999862909317,0.00299999862909317,0.19700002670288086,0.19700002670288086
11,DROSOPHILA_TRANSFER__DROSOPHILA,DROSOPHILA_TRANSFER,DROSOPHILA,8.819999694824219,-8.820003509521484,17.640003204345703,17.640003204345703,48,8.819999694824219,3,17,14,1,0.0018943846225738525,0.0019642848055809736,0.009391313418745995,0.04523,0.00159,0.04682,0.08000000566244125,-0.002999998861923814,-0.00299999862909317,0.002999998861923814,0.00299999862909317,0.19700002670288086,0.19700002670288086
12,DROSOPHILA_TRANSFER__DROSOPHILA,DROSOPHILA_TRANSFER,DROSOPHILA,8.819999694824219,-8.819999694824219,17.639999389648438,17.639999389648438,48,8.819999694824219,3,17,14,1,0.0018960743909701705,0.0019625744316726923,0.009388179518282413,0.04523,0.0015275,0.0467575,0.08000000566244125,-0.00299999862909317,-0.00299999862909317,0.00299999862909317,0.00299999862909317,0.19700002670288086,0.19700002670288086
13,DROSOPHILA_TRANSFER__DROSOPHILA,DROSOPHILA_TRANSFER,DROSOPHILA,9.0,-9.000003814697266,18.000003814697266,18.000003814697266,48,9.0,3,17,14,1,0.0019004647620022297,0.0019660647958517075,0.009352825582027435,0.0455,0.0015225,0.0470225,0.08000000566244125,-0.00299999862909317,-0.00299999862909317,0.00299999862909317,0.00299999862909317,0.19700002670288086,0.19700002670288086
14,DROSOPHILA_TRANSFER__DROSOPHILA,DROSOPHILA_TRANSFER,DROSOPHILA,9.060001373291016,-9.060001373291016,18.12000274658203,18.12000274658203,47,9.060001373291016,4,18,14,1,0.0019011341501027346,0.001968134893104434,0.00934235192835331,0.04559,0.00156,0.04715,0.08000000566244125,-0.00299999862909317,-0.00299999862909317,0.00299999862909317,0.00299999862909317,0.19700002670288086,0.19700002670288086
15,DROSOPHILA_TRANSFER__DROSOPHILA,DROSOPHILA_TRANSFER,DROSOPHILA,8.880001068115234,-8.880001068115234,17.76000213623047,17.76000213623047,49,8.880001068115234,2,16,14,1,0.001894794637337327,0.0019665949512273073,0.009381392039358616,0.04532,0.001635,0.046955,0.08000000566244125,-0.00299999862909317,-0.00299999862909317,0.00299999862909317,0.00299999862909317,0.19700002670288086,0.19700002670288086
16,DROSOPHILA_TRANSFER__DROSOPHILA,DROSOPHILA_TRANSFER,DROSOPHILA,7.8600006103515625,-7.859996795654297,15.71999740600586,15.71999740600586,48,7.8600006103515625,3,17,14,1,0.0018751195166260004,0.0019409197848290205,0.009569009765982628,0.04379,0.0014525,0.0452425,0.08000000566244125,-0.00299999862909317,-0.00299999862909317,0.00299999862909317,0.00299999862909317,0.19700002670288086,0.19700002670288086
17,DROSOPHILA_TRANSFER__DROSOPHILA,DROSOPHILA_TRANSFER,DROSOPHILA,8.520000457763672,-8.520000457763672,17.040000915527344,17.040000915527344,45,8.520000457763672,6,20,14,1,0.001889279461465776,0.0019559795036911964,0.009444811381399632,0.04478,0.001525,0.046305,0.08000000566244125,-0.00299999862909317,-0.00299999862909317,0.00299999862909317,0.00299999862909317,0.19700002670288086,0.19700002670288086
18,DROSOPHILA_TRANSFER__DROSOPHILA,DROSOPHILA_TRANSFER,DROSOPHILA,8.459999084472656,-8.459999084472656,16.919998168945312,16.919998168945312,45,8.459999084472656,6,20,14,1,0.0018878895789384842,0.0019546898547559977,0.00945659726858139,0.04469,0.001515,0.046205,0.08000000566244125,-0.002999998861923814,-0.00299999862909317,0.002999998861923814,0.00299999862909317,0.19700002670288086,0.19700002670288086
19,DROSOPHILA_TRANSFER__DROSOPHILA,DROSOPHILA_TRANSFER,DROSOPHILA,7.859996795654297,-7.8600006103515625,15.71999740600586,15.71999740600586,48,7.859996795654297,3,17,14,1,0.0018741748062893748,0.0019418748561292887,0.009571138769388199,0.04379,0.0014775,0.0452675,0.08000000566244125,-0.00299999862909317,-0.00299999862909317,0.00299999862909317,0.00299999862909317,0.19700002670288086,0.19700002670288086
20,DROSOPHILA_TRANSFER__DROSOPHILA,DROSOPHILA_TRANSFER,DROSOPHILA,8.999996185302734,-9.000003814697266,18.0,18.0,48,8.999996185302734,3,17,14,1,0.0018989896634593606,0.001967689720913768,0.009355591610074043,0.0455,0.001585,0.047085,0.08000000566244125,-0.00299999862909317,-0.00299999862909317,0.00299999862909317,0.00299999862909317,0.19700002670288086,0.19700002670288086
21,DROSOPHILA_TRANSFER__DROSOPHILA,DROSOPHILA_TRANSFER,DROSOPHILA,8.819999694824219,-8.819999694824219,17.639999389648438,17.639999389648438,48,8.819999694824219,3,17,14,1,0.0018960748566314578,0.0019624747801572084,0.009387269616127014,0.04523,0.0015425,0.0467725,0.08000000566244125,-0.00299999862909317,-0.00299999862909317,0.00299999862909317,0.00299999862909317,0.19700002670288086,0.19700002670288086
22,DROSOPHILA_TRANSFER__DROSOPHILA,DROSOPHILA_TRANSFER,DROSOPHILA,8.94000244140625,-8.94000244140625,17.8800048828125,17.8800048828125,48,8.94000244140625,3,17,14,1,0.0018978094449266791,0.001966209849342704,0.009367045015096664,0.04541,0.00157,0.04698,0.08000000566244125,-0.00299999862909317,-0.00299999862909317,0.00299999862909317,0.00299999862909317,0.19700002670288086,0.19700002670288086
23,DROSOPHILA_TRANSFER__DROSOPHILA,DROSOPHILA_TRANSFER,DROSOPHILA,8.28000259399414,-8.28000259399414,16.56000518798828,16.56000518798828,47,8.28000259399414,4,18,14,1,0.001883699675090611,0.0019509997218847275,0.009492047131061554,0.04442,0.0014925,0.0459125,0.08000000566244125,-0.00299999862909317,-0.00299999862909317,0.00299999862909317,0.00299999862909317,0.19700002670288086,0.19700002670288086
24,DROSOPHILA_TRANSFER__DROSOPHILA,DROSOPHILA_TRANSFER,DROSOPHILA,9.299999237060547,-9.299999237060547,18.599998474121094,18.599998474121094,48,9.299999237060547,3,17,14,1,0.0019053445430472493,0.001974544720724225,0.009298134595155716,0.04595,0.0016175,0.0475675,0.08000000566244125,-0.00299999862909317,-0.00299999862909317,0.00299999862909317,0.00299999862909317,0.19700002670288086,0.19700002670288086
25,DROSOPHILA_TRANSFER__DROSOPHILA,DROSOPHILA_TRANSFER,DROSOPHILA,9.479999542236328,-9.479999542236328,18.959999084472656,18.959999084472656,43,9.479999542236328,8,22,14,1,0.0019118047785013914,0.001976104686036706,0.009259572252631187,0.04622,0.0015225,0.0477425,0.08000000566244125,-0.00299999862909317,-0.00299999862909317,0.00299999862909317,0.00299999862909317,0.19700002670288086,0.19700002670288086
26,DROSOPHILA_TRANSFER__DROSOPHILA,DROSOPHILA_TRANSFER,DROSOPHILA,9.720001220703125,-9.71999740600586,19.439998626708984,19.439998626708984,48,9.720001220703125,3,17,14,1,0.0019139895448461175,0.001984689850360155,0.009219126775860786,0.04658,0.001655,0.048235,0.08000000566244125,-0.00299999862909317,-0.00299999862909317,0.00299999862909317,0.00299999862909317,0.19700002670288086,0.19700002670288086
27,DROSOPHILA_TRANSFER__DROSOPHILA,DROSOPHILA_TRANSFER,DROSOPHILA,8.15999984741211,-8.15999984741211,16.31999969482422,16.31999969482422,48,8.15999984741211,3,17,14,1,0.0018813194474205375,0.0019481199560686946,0.009513888508081436,0.04424,0.001485,0.045725,0.08000000566244125,-0.00299999862909317,-0.00299999862909317,0.00299999862909317,0.00299999862909317,0.19700002670288086,0.19700002670288086
28,DROSOPHILA_TRANSFER__DROSOPHILA,DROSOPHILA_TRANSFER,DROSOPHILA,8.040000915527344,-8.039997100830078,16.079998016357422,16.079998016357422,48,8.040000915527344,3,17,14,1,0.0018782296683639288,0.0019458296010270715,0.009536681696772575,0.04406,0.0015025,0.0455625,0.08000000566244125,-0.00299999862909317,-0.00299999862909317,0.00299999862909317,0.00299999862909317,0.19700002670288086,0.19700002670288086
29,DROSOPHILA_TRANSFER__DROSOPHILA,DROSOPHILA_TRANSFER,DROSOPHILA,9.0,-8.999996185302734,17.999996185302734,17.999996185302734,49,9.0,2,16,14,1,0.0018990248208865523,0.0019676245283335447,0.009356031194329262,0.0455,0.00157,0.04707,0.08000000566244125,-0.00299999862909317,-0.00299999862909317,0.00299999862909317,0.00299999862909317,0.19700002670288086,0.19700002670288086
30,DROSOPHILA_TRANSFER__DROSOPHILA,DROSOPHILA_TRANSFER,DROSOPHILA,8.580001831054688,-8.579998016357422,17.15999984741211,17.15999984741211,48,8.580001831054688,3,17,14,1,0.0018914949614554644,0.0019564947579056025,0.00943258311599493,0.04487,0.0014825,0.0463525,0.08000000566244125,-0.00299999862909317,-0.00299999862909317,0.00299999862909317,0.00299999862909317,0.19700002670288086,0.19700002670288086
31,DROSOPHILA_TRANSFER__DROSOPHILA,DROSOPHILA_TRANSFER,DROSOPHILA,9.360000610351562,-9.360000610351562,18.720001220703125,18.720001220703125,47,9.360000610351562,4,18,14,1,0.001908659702166915,0.0019738597329705954,0.009282947517931461,0.04604,0.001545,0.047585,0.08000000566244125,-0.00299999862909317,-0.00299999862909317,0.00299999862909317,0.00299999862909317,0.19700002670288086,0.19700002670288086
32,DROSOPHILA_TRANSFER__DROSOPHILA,DROSOPHILA_TRANSFER,DROSOPHILA,8.040000915527344,-8.040000915527344,16.080001831054688,16.080001831054688,48,8.040000915527344,3,17,14,1,0.001879614545032382,0.001944414689205587,0.009534908458590508,0.04406,0.0014325,0.0454925,0.08000000566244125,-0.00299999862909317,-0.00299999862909317,0.00299999862909317,0.00299999862909317,0.19700002670288086,0.19700002670288086
33,DROSOPHILA_TRANSFER__DROSOPHILA,DROSOPHILA_TRANSFER,DROSOPHILA,8.939998626708984,-8.939998626708984,17.87999725341797,17.87999725341797,47,8.939998626708984,4,18,14,1,0.001899329712614417,0.001964629627764225,0.009364053606987,0.04541,0.001515,0.046925,0.08000000566244125,-0.00299999862909317,-0.00299999862909317,0.00299999862909317,0.00299999862909317,0.19700002670288086,0.19700002670288086
34,DROSOPHILA_TRANSFER__DROSOPHILA,DROSOPHILA_TRANSFER,DROSOPHILA,9.60000228881836,-9.60000228881836,19.20000457763672,19.20000457763672,48,9.60000228881836,3,17,14,1,0.001914054388180375,0.0019791543018072844,0.009236600250005722,0.0464,0.001555,0.047955,0.08000000566244125,-0.00299999862909317,-0.00299999862909317,0.00299999862909317,0.00299999862909317,0.19700002670288086,0.19700002670288086
35,DROSOPHILA_TRANSFER__DROSOPHILA,DROSOPHILA_TRANSFER,DROSOPHILA,6.719997406005859,-6.719997406005859,13.439994812011719,13.439994812011719,47,6.719997406005859,4,18,14,1,0.0018511246889829636,0.001914124470204115,0.009777318686246872,0.04208,0.00133,0.04341,0.08000000566244125,-0.00299999862909317,-0.00299999862909317,0.00299999862909317,0.00299999862909317,0.19700002670288086,0.19700002670288086
36,DROSOPHILA_TRANSFER__DROSOPHILA,DROSOPHILA_TRANSFER,DROSOPHILA,7.319999694824219,-7.320003509521484,14.640003204345703,14.640003204345703,47,7.319999694824219,4,18,14,1,0.0018648698460310698,0.001927169505506754,0.009667081758379936,0.04298,0.0013375,0.0443175,0.08000000566244125,-0.00299999862909317,-0.00299999862909317,0.00299999862909317,0.00299999862909317,0.19700002670288086,0.19700002670288086
37,DROSOPHILA_TRANSFER__DROSOPHILA,DROSOPHILA_TRANSFER,DROSOPHILA,7.380001068115234,-7.380001068115234,14.760002136230469,14.760002136230469,47,7.380001068115234,4,18,14,1,0.0018637945177033544,0.0019308949122205377,0.009659468196332455,0.04307,0.0014475,0.0445175,0.08000000566244125,-0.00299999862909317,-0.00299999862909317,0.00299999862909317,0.00299999862909317,0.19700002670288086,0.19700002670288086
38,DROSOPHILA_TRANSFER__DROSOPHILA,DROSOPHILA_TRANSFER,DROSOPHILA,9.060001373291016,-9.060001373291016,18.12000274658203,18.12000274658203,49,9.060001373291016,2,16,14,1,0.0019000348402187228,0.0019693346694111824,0.009344667196273804,0.04559,0.0016,0.04719,0.08000000566244125,-0.00299999862909317,-0.00299999862909317,0.00299999862909317,0.00299999862909317,0.19700002670288086,0.19700002670288086
39,DROSOPHILA_TRANSFER__DROSOPHILA,DROSOPHILA_TRANSFER,DROSOPHILA,8.640003204345703,-8.640003204345703,17.280006408691406,17.280006408691406,48,8.640003204345703,3,17,14,1,0.001890214392915368,0.0019605145789682865,0.009426036849617958,0.04496,0.001585,0.046545,0.08000000566244125,-0.00299999862909317,-0.00299999862909317,0.00299999862909317,0.00299999862909317,0.19700002670288086,0.19700002670288086
40,DROSOPHILA_TRANSFER__DROSOPHILA,DROSOPHILA_TRANSFER,DROSOPHILA,8.939998626708984,-8.939998626708984,17.87999725341797,17.87999725341797,48,8.939998626708984,3,17,14,1,0.001899614231660962,0.0019643146079033613,0.009363855235278606,0.04541,0.001495,0.046905,0.08000000566244125,-0.00299999862909317,-0.00299999862909317,0.00299999862909317,0.00299999862909317,0.19700002670288086,0.19700002670288086
41,DROSOPHILA_TRANSFER__DROSOPHILA,DROSOPHILA_TRANSFER,DROSOPHILA,7.920001983642578,-7.920001983642578,15.840003967285156,15.840003967285156,47,7.920001983642578,4,18,14,1,0.0018755545606836677,0.0019431549590080976,0.009559266269207,0.04388,0.0014925,0.0453725,0.08000000566244125,-0.00299999862909317,-0.00299999862909317,0.00299999862909317,0.00299999862909317,0.19700002670288086,0.19700002670288086
42,DROSOPHILA_TRANSFER__DROSOPHILA,DROSOPHILA_TRANSFER,DROSOPHILA,7.439998626708984,-7.439998626708984,14.879997253417969,14.879997253417969,48,7.439998626708984,3,17,14,1,0.0018653197912499309,0.0019320199498906732,0.009648134931921959,0.04316,0.00144,0.0446,0.08000000566244125,-0.00299999862909317,-0.00299999862909317,0.00299999862909317,0.00299999862909317,0.19700002670288086,0.19700002670288086
43,DROSOPHILA_TRANSFER__DROSOPHILA,DROSOPHILA_TRANSFER,DROSOPHILA,9.540000915527344,-9.540000915527344,19.080001831054688,19.080001831054688,48,9.540000915527344,3,17,14,1,0.0019123497186228633,0.001978149637579918,0.009248903021216393,0.04631,0.0015625,0.0478725,0.08000000566244125,-0.00299999862909317,-0.00299999862909317,0.00299999862909317,0.00299999862909317,0.19700002670288086,0.19700002670288086
44,DROSOPHILA_TRANSFER__DROSOPHILA,DROSOPHILA_TRANSFER,DROSOPHILA,7.859996795654297,-7.859996795654297,15.719993591308594,15.719993591308594,47,7.859996795654297,4,18,14,1,0.0018756393110379577,0.0019403399201110005,0.009567639790475368,0.04379,0.00144,0.04523,0.08000000566244125,-0.00299999862909317,-0.00299999862909317,0.00299999862909317,0.00299999862909317,0.19700002670288086,0.19700002670288086
45,DROSOPHILA_TRANSFER__DROSOPHILA,DROSOPHILA_TRANSFER,DROSOPHILA,8.099998474121094,-8.10000228881836,16.200000762939453,16.200000762939453,47,8.099998474121094,4,18,14,1,0.0018804698484018445,0.0019461695337668061,0.009523563086986542,0.04415,0.0014725,0.0456225,0.08000000566244125,-0.00299999862909317,-0.00299999862909317,0.00299999862909317,0.00299999862909317,0.19700002670288086,0.19700002670288086
46,DROSOPHILA_TRANSFER__DROSOPHILA,DROSOPHILA_TRANSFER,DROSOPHILA,7.560001373291016,-7.560001373291016,15.120002746582031,15.120002746582031,47,7.560001373291016,4,18,14,1,0.0018694797763600945,0.001933179679326713,0.009623154066503048,0.04334,0.0013925,0.0447325,0.08000000566244125,-0.00299999862909317,-0.00299999862909317,0.00299999862909317,0.00299999862909317,0.19700002670288086,0.19700002670288086
47,DROSOPHILA_TRANSFER__DROSOPHILA,DROSOPHILA_TRANSFER,DROSOPHILA,8.520000457763672,-8.520000457763672,17.040000915527344,17.040000915527344,47,8.520000457763672,4,18,14,1,0.001889299601316452,0.001956099644303322,0.00944649800658226,0.04478,0.0014925,0.0462725,0.08000000566244125,-0.00299999862909317,-0.00299999862909317,0.00299999862909317,0.00299999862909317,0.19700001180171967,0.19700002670288086
48,DROSOPHILA_TRANSFER__DROSOPHILA,DROSOPHILA_TRANSFER,DROSOPHILA,7.8600006103515625,-7.8600006103515625,15.720001220703125,15.720001220703125,48,7.8600006103515625,3,17,14,1,0.0018757045036181808,0.0019403048790991306,0.009568444453179836,0.04379,0.0014175,0.0452075,0.08000000566244125,-0.00299999862909317,-0.00299999862909317,0.00299999862909317,0.00299999862909317,0.19700002670288086,0.19700002670288086
49,DROSOPHILA_TRANSFER__DROSOPHILA,DROSOPHILA_TRANSFER,DROSOPHILA,8.639999389648438,-8.639999389648438,17.279998779296875,17.279998779296875,48,8.639999389648438,3,17,14,1,0.0018936697160825133,0.001956869615241885,0.009419243782758713,0.04496,0.0014575,0.0464175,0.08000000566244125,-0.00299999862909317,-0.00299999862909317,0.00299999862909317,0.00299999862909317,0.19700002670288086,0.19700002670288086
50,DROSOPHILA_TRANSFER__DROSOPHILA,DROSOPHILA_TRANSFER,DROSOPHILA,8.520000457763672,-8.520000457763672,17.040000915527344,17.040000915527344,48,8.520000457763672,3,17,14,1,0.0018916396657004952,0.0019535396713763475,0.009440649300813675,0.04478,0.00143,0.04621,0.08000000566244125,-0.00299999862909317,-0.00299999862909317,0.00299999862909317,0.00299999862909317,0.19700002670288086,0.19700002670288086
51,DROSOPHILA_TRANSFER__DROSOPHILA,DROSOPHILA_TRANSFER,DROSOPHILA,8.700000762939453,-8.700000762939453,17.400001525878906,17.400001525878906,47,8.700000762939453,4,18,14,1,0.0018917947309091687,0.001961594680324197,0.009414472617208958,0.04505,0.0015725,0.0466225,0.08000000566244125,-0.00299999862909317,-0.00299999862909317,0.00299999862909317,0.00299999862909317,0.19700002670288086,0.19700002670288086
52,DROSOPHILA_TRANSFER__DROSOPHILA,DROSOPHILA_TRANSFER,DROSOPHILA,8.639999389648438,-8.640003204345703,17.28000259399414,17.28000259399414,47,8.639999389648438,4,18,14,1,0.001892189378850162,0.001958389999344945,0.009422131814062595,0.04496,0.00151,0.04647,0.08000000566244125,-0.00299999862909317,-0.00299999862909317,0.00299999862909317,0.00299999862909317,0.19700002670288086,0.19700002670288086
53,DROSOPHILA_TRANSFER__DROSOPHILA,DROSOPHILA_TRANSFER,DROSOPHILA,6.840000152587891,-6.840000152587891,13.680000305175781,13.680000305175781,48,6.840000152587891,3,17,14,1,0.001852664747275412,0.001918064896017313,0.009757752530276775,0.04226,0.0013775,0.0436375,0.08000000566244125,-0.00299999862909317,-0.00299999862909317,0.00299999862909317,0.00299999862909317,0.19700002670288086,0.19700002670288086
54,DROSOPHILA_TRANSFER__DROSOPHILA,DROSOPHILA_TRANSFER,DROSOPHILA,8.700000762939453,-8.700000762939453,17.400001525878906,17.400001525878906,47,8.700000762939453,4,18,14,1,0.001894239685498178,0.001959039829671383,0.009409606456756592,0.04505,0.001485,0.046535,0.08000000566244125,-0.00299999862909317,-0.00299999862909317,0.00299999862909317,0.00299999862909317,0.19700002670288086,0.19700002670288086
55,DROSOPHILA_TRANSFER__DROSOPHILA,DROSOPHILA_TRANSFER,DROSOPHILA,9.540000915527344,-9.540000915527344,19.080001831054688,19.080001831054688,48,9.540000915527344,3,17,14,1,0.0019110345747321844,0.0019795342814177275,0.009251361712813377,0.04631,0.001615,0.047925,0.08000000566244125,-0.00299999862909317,-0.00299999862909317,0.00299999862909317,0.00299999862909317,0.19700002670288086,0.19700002670288086
56,DROSOPHILA_TRANSFER__DROSOPHILA,DROSOPHILA_TRANSFER,DROSOPHILA,8.34000015258789,-8.34000015258789,16.68000030517578,16.68000030517578,48,8.34000015258789,3,17,14,1,0.0018861944554373622,0.00195109483320266,0.009477716870605946,0.04451,0.00147,0.04598,0.08000000566244125,-0.00299999862909317,-0.00299999862909317,0.00299999862909317,0.00299999862909317,0.19700002670288086,0.19700002670288086
57,DROSOPHILA_TRANSFER__DROSOPHILA,DROSOPHILA_TRANSFER,DROSOPHILA,7.740001678466797,-7.740001678466797,15.480003356933594,15.480003356933594,48,7.740001678466797,3,17,14,1,0.0018712097080424428,0.0019394101109355688,0.00959314126521349,0.04361,0.0014975,0.0451075,0.08000000566244125,-0.00299999862909317,-0.00299999862909317,0.00299999862909317,0.00299999862909317,0.19700002670288086,0.19700002670288086
58,DROSOPHILA_TRANSFER__DROSOPHILA,DROSOPHILA_TRANSFER,DROSOPHILA,7.500003814697266,-7.5,15.000003814697266,15.000003814697266,49,7.500003814697266,2,16,14,1,0.001867124461568892,0.0019328249618411064,0.009636170230805874,0.04325,0.0014225,0.0446725,0.08000000566244125,-0.00299999862909317,-0.00299999862909317,0.00299999862909317,0.00299999862909317,0.19700002670288086,0.19700002670288086
59,DROSOPHILA_TRANSFER__DROSOPHILA,DROSOPHILA_TRANSFER,DROSOPHILA,9.72000503540039,-9.71999740600586,19.44000244140625,19.44000244140625,48,9.72000503540039,3,17,14,1,0.00191503984387964,0.0019835392013192177,0.009216191247105598,0.04658,0.0016325,0.0482125,0.08000000566244125,-0.00299999862909317,-0.00299999862909317,0.00299999862909317,0.00299999862909317,0.19700002670288086,0.19700002670288086
60,DROSOPHILA_TRANSFER__DROSOPHILA,DROSOPHILA_TRANSFER,DROSOPHILA,8.579998016357422,-8.579998016357422,17.159996032714844,17.159996032714844,48,8.579998016357422,3,17,14,1,0.0018903495511040092,0.0019576498307287693,0.009434890002012253,0.04487,0.00152,0.04639,0.08000000566244125,-0.00299999862909317,-0.00299999862909317,0.00299999862909317,0.00299999862909317,0.19700002670288086,0.19700002670288086
61,DROSOPHILA_TRANSFER__DROSOPHILA,DROSOPHILA_TRANSFER,DROSOPHILA,8.880001068115234,-8.880001068115234,17.76000213623047,17.76000213623047,47,8.880001068115234,4,18,14,1,0.0018985650967806578,0.00196266476996243,0.009374212473630905,0.04532,0.0014925,0.0468125,0.08000000566244125,-0.00299999862909317,-0.00299999862909317,0.00299999862909317,0.00299999862909317,0.19700002670288086,0.19700002670288086
62,DROSOPHILA_TRANSFER__DROSOPHILA,DROSOPHILA_TRANSFER,DROSOPHILA,7.140003204345703,-7.140003204345703,14.280006408691406,14.280006408691406,48,7.140003204345703,3,17,14,1,0.001858774572610855,0.0019252753118053079,0.009704317897558212,0.04271,0.0013975,0.0441075,0.08000000566244125,-0.00299999862909317,-0.00299999862909317,0.00299999862909317,0.00299999862909317,0.19700002670288086,0.19700002670288086
63,DROSOPHILA_TRANSFER__DROSOPHILA,DROSOPHILA_TRANSFER,DROSOPHILA,7.740001678466797,-7.740001678466797,15.480003356933594,15.480003356933594,47,7.740001678466797,4,18,14,1,0.001870744745247066,0.0019400445744395256,0.009595450945198536,0.04361,0.00149,0.0451,0.08000000566244125,-0.00299999862909317,-0.00299999862909317,0.00299999862909317,0.00299999862909317,0.19700002670288086,0.19700002670288086
64,DROSOPHILA_TRANSFER__DROSOPHILA,DROSOPHILA_TRANSFER,DROSOPHILA,7.799999237060547,-7.799999237060547,15.599998474121094,15.599998474121094,49,7.799999237060547,2,16,14,1,0.001875084824860096,0.0019382847240194678,0.009578455239534378,0.0437,0.0013875,0.0450875,0.08000000566244125,-0.00299999862909317,-0.00299999862909317,0.00299999862909317,0.00299999862909317,0.19700002670288086,0.19700002670288086
65,DROSOPHILA_TRANSFER__DROSOPHILA,DROSOPHILA_TRANSFER,DROSOPHILA,8.34000015258789,-8.34000015258789,16.68000030517578,16.68000030517578,47,8.34000015258789,4,18,14,1,0.0018839346012100577,0.0019534346647560596,0.009481631219387054,0.04451,0.0015625,0.0460725,0.08000000566244125,-0.00299999862909317,-0.00299999862909317,0.00299999862909317,0.00299999862909317,0.19700002670288086,0.19700002670288086
66,DROSOPHILA_TRANSFER__DROSOPHILA,DROSOPHILA_TRANSFER,DROSOPHILA,9.119998931884766,-9.119998931884766,18.23999786376953,18.23999786376953,47,9.119998931884766,4,18,14,1,0.0019024345092475414,0.0019694350194185972,0.009330828674137592,0.04568,0.0015625,0.0472425,0.08000000566244125,-0.00299999862909317,-0.00299999862909317,0.00299999862909317,0.00299999862909317,0.19700002670288086,0.19700002670288086
67,DROSOPHILA_TRANSFER__DROSOPHILA,DROSOPHILA_TRANSFER,DROSOPHILA,8.220001220703125,-8.220001220703125,16.44000244140625,16.44000244140625,49,8.220001220703125,2,16,14,1,0.0018823944265022874,0.0019495947053655982,0.009503091685473919,0.04433,0.00149,0.04582,0.08000000566244125,-0.00299999862909317,-0.00299999862909317,0.00299999862909317,0.00299999862909317,0.19700002670288086,0.19700002670288086
68,DROSOPHILA_TRANSFER__DROSOPHILA,DROSOPHILA_TRANSFER,DROSOPHILA,8.880001068115234,-8.880001068115234,17.76000213623047,17.76000213623047,48,8.880001068115234,3,17,14,1,0.0018986648647114635,0.001962565118446946,0.00937440525740385,0.04532,0.00148,0.0468,0.08000000566244125,-0.00299999862909317,-0.00299999862909317,0.00299999862909317,0.00299999862909317,0.19700002670288086,0.19700002670288086
69,DROSOPHILA_TRANSFER__DROSOPHILA,DROSOPHILA_TRANSFER,DROSOPHILA,9.300003051757812,-9.299999237060547,18.60000228881836,18.60000228881836,48,9.300003051757812,3,17,14,1,0.0019048393005505204,0.0019751398358494043,0.009299363009631634,0.04595,0.001635,0.047585,0.08000000566244125,-0.00299999862909317,-0.00299999862909317,0.00299999862909317,0.00299999862909317,0.19700002670288086,0.19700002670288086
70,DROSOPHILA_TRANSFER__DROSOPHILA,DROSOPHILA_TRANSFER,DROSOPHILA,7.5,-7.5,15.0,15.0,48,7.5,3,17,14,1,0.0018679494969546795,0.0019320495193824172,0.009634611196815968,0.04325,0.0013975,0.0446475,0.08000000566244125,-0.00299999862909317,-0.00299999862909317,0.00299999862909317,0.00299999862909317,0.19700002670288086,0.19700002670288086
71,DROSOPHILA_TRANSFER__DROSOPHILA,DROSOPHILA_TRANSFER,DROSOPHILA,8.39999771118164,-8.39999771118164,16.79999542236328,16.79999542236328,48,8.39999771118164,3,17,14,1,0.0018872146029025316,0.0019528151024132967,0.00946778804063797,0.0446,0.00147,0.04607,0.08000000566244125,-0.00299999862909317,-0.00299999862909317,0.00299999862909317,0.00299999862909317,0.19700002670288086,0.19700002670288086
72,DROSOPHILA_TRANSFER__DROSOPHILA,DROSOPHILA_TRANSFER,DROSOPHILA,8.459999084472656,-8.459999084472656,16.919998168945312,16.919998168945312,47,8.459999084472656,4,18,14,1,0.0018895245157182217,0.0019531248835846782,0.00945412740111351,0.04469,0.0014475,0.0461375,0.08000000566244125,-0.00299999862909317,-0.00299999862909317,0.00299999862909317,0.00299999862909317,0.19700002670288086,0.19700002670288086
73,DROSOPHILA_TRANSFER__DROSOPHILA,DROSOPHILA_TRANSFER,DROSOPHILA,8.39999771118164,-8.400001525878906,16.799999237060547,16.799999237060547,48,8.39999771118164,3,17,14,1,0.0018876941176131368,0.0019521948415786028,0.00946558453142643,0.0446,0.001475,0.046075,0.08000000566244125,-0.00299999862909317,-0.00299999862909317,0.00299999862909317,0.00299999862909317,0.19700002670288086,0.19700002670288086
74,DROSOPHILA_TRANSFER__DROSOPHILA,DROSOPHILA_TRANSFER,DROSOPHILA,9.540000915527344,-9.540000915527344,19.080001831054688,19.080001831054688,48,9.540000915527344,3,17,14,1,0.0019132347078993917,0.0019773344974964857,0.009247664362192154,0.04631,0.001525,0.047835,0.08000000566244125,-0.00299999862909317,-0.00299999862909317,0.00299999862909317,0.00299999862909317,0.19700002670288086,0.19700002670288086
75,DROSOPHILA_TRANSFER__DROSOPHILA,DROSOPHILA_TRANSFER,DROSOPHILA,8.759998321533203,-8.760002136230469,17.520000457763672,17.520000457763672,48,8.759998321533203,3,17,14,1,0.0018936594715341926,0.0019623597618192434,0.009401523508131504,0.04514,0.0015675,0.0467075,0.08000000566244125,-0.00299999862909317,-0.00299999862909317,0.00299999862909317,0.00299999862909317,0.19700002670288086,0.19700002670288086
76,DROSOPHILA_TRANSFER__DROSOPHILA,DROSOPHILA_TRANSFER,DROSOPHILA,8.639999389648438,-8.639999389648438,17.279998779296875,17.279998779296875,48,8.639999389648438,3,17,14,1,0.0018921399023383856,0.0019585397094488144,0.009422889910638332,0.04496,0.0015025,0.0464625,0.08000000566244125,-0.00299999862909317,-0.00299999862909317,0.00299999862909317,0.00299999862909317,0.19700002670288086,0.19700002670288086
77,DROSOPHILA_TRANSFER__DROSOPHILA,DROSOPHILA_TRANSFER,DROSOPHILA,8.040000915527344,-8.039997100830078,16.079998016357422,16.079998016357422,48,8.040000915527344,3,17,14,1,0.0018787196604534984,0.001945319352671504,0.00953603908419609,0.04406,0.0014775,0.0455375,0.08000000566244125,-0.00299999862909317,-0.00299999862909317,0.00299999862909317,0.00299999862909317,0.19700002670288086,0.19700002670288086
78,DROSOPHILA_TRANSFER__DROSOPHILA,DROSOPHILA_TRANSFER,DROSOPHILA,9.299999237060547,-9.299999237060547,18.599998474121094,18.599998474121094,47,9.299999237060547,4,18,14,1,0.001906174817122519,0.0019737747497856617,0.009296957403421402,0.04595,0.0015825,0.0475325,0.08000000566244125,-0.00299999862909317,-0.00299999862909317,0.00299999862909317,0.00299999862909317,0.19700002670288086,0.19700002670288086
79,DROSOPHILA_TRANSFER__DROSOPHILA,DROSOPHILA_TRANSFER,DROSOPHILA,7.8600006103515625,-7.8600006103515625,15.720001220703125,15.720001220703125,48,7.8600006103515625,3,17,14,1,0.0018762743566185236,0.001939674373716116,0.00956628005951643,0.04379,0.00142,0.04521,0.08000000566244125,-0.00299999862909317,-0.00299999862909317,0.00299999862909317,0.00299999862909317,0.19700002670288086,0.19700002670288086
80,DROSOPHILA_TRANSFER__DROSOPHILA,DROSOPHILA_TRANSFER,DROSOPHILA,9.240001678466797,-9.240001678466797,18.480003356933594,18.480003356933594,49,9.240001678466797,2,16,14,1,0.0019041845807805657,0.001973085105419159,0.009309808723628521,0.04586,0.0016,0.04746,0.08000000566244125,-0.00299999862909317,-0.00299999862909317,0.00299999862909317,0.00299999862909317,0.19700002670288086,0.19700002670288086
81,DROSOPHILA_TRANSFER__DROSOPHILA,DROSOPHILA_TRANSFER,DROSOPHILA,7.799999237060547,-7.799999237060547,15.599998474121094,15.599998474121094,48,7.799999237060547,3,17,14,1,0.0018728296272456646,0.0019406299106776714,0.009582440368831158,0.0437,0.0014775,0.0451775,0.08000000566244125,-0.00299999862909317,-0.00299999862909317,0.00299999862909317,0.00299999862909317,0.19700002670288086,0.19700002670288086
82,DROSOPHILA_TRANSFER__DROSOPHILA,DROSOPHILA_TRANSFER,DROSOPHILA,8.760002136230469,-8.759998321533203,17.520000457763672,17.520000457763672,49,8.760002136230469,2,16,14,1,0.0018930748337879777,0.001962874783203006,0.009402574971318245,0.04514,0.001585,0.046725,0.08000000566244125,-0.00299999862909317,-0.00299999862909317,0.00299999862909317,0.00299999862909317,0.19700002670288086,0.19700002670288086
83,DROSOPHILA_TRANSFER__DROSOPHILA,DROSOPHILA_TRANSFER,DROSOPHILA,8.639999389648438,-8.640003204345703,17.28000259399414,17.28000259399414,48,8.639999389648438,3,17,14,1,0.0018920396687462926,0.001958639593794942,0.009422698058187962,0.04496,0.001515,0.046475,0.08000000566244125,-0.00299999862909317,-0.00299999862909317,0.00299999862909317,0.00299999862909317,0.19700002670288086,0.19700002670288086
84,DROSOPHILA_TRANSFER__DROSOPHILA,DROSOPHILA_TRANSFER,DROSOPHILA,7.920001983642578,-7.920001983642578,15.840003967285156,15.840003967285156,48,7.920001983642578,3,17,14,1,0.0018760442035272717,0.0019425451755523682,0.009558253921568394,0.04388,0.00147,0.04535,0.08000000566244125,-0.00299999862909317,-0.00299999862909317,0.00299999862909317,0.00299999862909317,0.19700002670288086,0.19700002670288086
85,DROSOPHILA_TRANSFER__DROSOPHILA,DROSOPHILA_TRANSFER,DROSOPHILA,8.94000244140625,-8.939998626708984,17.880001068115234,17.880001068115234,49,8.94000244140625,2,16,14,1,0.0018998547457158566,0.0019640545360744,0.009363196790218353,0.04541,0.00149,0.0469,0.08000000566244125,-0.00299999862909317,-0.00299999862909317,0.00299999862909317,0.00299999862909317,0.19700002670288086,0.19700002670288086
86,DROSOPHILA_TRANSFER__DROSOPHILA,DROSOPHILA_TRANSFER,DROSOPHILA,8.759998321533203,-8.759998321533203,17.519996643066406,17.519996643066406,47,8.759998321533203,4,18,14,1,0.001895369729027152,0.0019605697598308325,0.00939869787544012,0.04514,0.0014925,0.0466325,0.08000000566244125,-0.00299999862909317,-0.00299999862909317,0.00299999862909317,0.00299999862909317,0.19700002670288086,0.19700002670288086
87,DROSOPHILA_TRANSFER__DROSOPHILA,DROSOPHILA_TRANSFER,DROSOPHILA,7.439998626708984,-7.439998626708984,14.879997253417969,14.879997253417969,47,7.439998626708984,4,18,14,1,0.0018648045370355248,0.0019326048204675317,0.00964929535984993,0.04316,0.0014575,0.0446175,0.08000000566244125,-0.00299999862909317,-0.00299999862909317,0.00299999862909317,0.00299999862909317,0.19700002670288086,0.19700002670288086
88,DROSOPHILA_TRANSFER__DROSOPHILA,DROSOPHILA_TRANSFER,DROSOPHILA,8.579998016357422,-8.580001831054688,17.15999984741211,17.15999984741211,48,8.579998016357422,3,17,14,1,0.0018900701543316245,0.0019579699728637934,0.009435415267944336,0.04487,0.0015325,0.0464025,0.08000000566244125,-0.00299999862909317,-0.00299999862909317,0.00299999862909317,0.00299999862909317,0.19700002670288086,0.19700002670288086
89,DROSOPHILA_TRANSFER__DROSOPHILA,DROSOPHILA_TRANSFER,DROSOPHILA,8.880001068115234,-8.880001068115234,17.76000213623047,17.76000213623047,48,8.880001068115234,3,17,14,1,0.0018965797498822212,0.001964779570698738,0.009378653019666672,0.04532,0.001555,0.046875,0.08000000566244125,-0.00299999862909317,-0.00299999862909317,0.00299999862909317,0.00299999862909317,0.19700002670288086,0.19700002670288086
90,DROSOPHILA_TRANSFER__DROSOPHILA,DROSOPHILA_TRANSFER,DROSOPHILA,8.34000015258789,-8.34000015258789,16.68000030517578,16.68000030517578,48,8.34000015258789,3,17,14,1,0.0018842393765226007,0.00195313966833055,0.009481793269515038,0.04451,0.001535,0.046045,0.08000000566244125,-0.00299999862909317,-0.00299999862909317,0.00299999862909317,0.00299999862909317,0.19700002670288086,0.19700002670288086
91,DROSOPHILA_TRANSFER__DROSOPHILA,DROSOPHILA_TRANSFER,DROSOPHILA,8.700000762939453,-8.700000762939453,17.400001525878906,17.400001525878906,47,8.700000762939453,4,18,14,1,0.0018922294257208705,0.0019611294846981764,0.009413129650056362,0.04505,0.0015675,0.0466175,0.08000000566244125,-0.00299999862909317,-0.00299999862909317,0.00299999862909317,0.00299999862909317,0.19700002670288086,0.19700002670288086
92,DROSOPHILA_TRANSFER__DROSOPHILA,DROSOPHILA_TRANSFER,DROSOPHILA,8.220001220703125,-8.21999740600586,16.439998626708984,16.439998626708984,47,8.220001220703125,4,18,14,1,0.001884349389001727,0.0019475497538223863,0.009498816914856434,0.04433,0.00143,0.04576,0.08000000566244125,-0.00299999862909317,-0.00299999862909317,0.00299999862909317,0.00299999862909317,0.19700002670288086,0.19700002670288086
93,DROSOPHILA_TRANSFER__DROSOPHILA,DROSOPHILA_TRANSFER,DROSOPHILA,8.39999771118164,-8.400001525878906,16.799999237060547,16.799999237060547,48,8.39999771118164,3,17,14,1,0.0018866247264668345,0.0019533245358616114,0.009468081407248974,0.0446,0.001505,0.046105,0.08000000566244125,-0.00299999862909317,-0.00299999862909317,0.00299999862909317,0.00299999862909317,0.19700002670288086,0.19700002670288086
94,DROSOPHILA_TRANSFER__DROSOPHILA,DROSOPHILA_TRANSFER,DROSOPHILA,9.0,-9.0,18.0,18.0,48,9.0,3,17,14,1,0.001897254609502852,0.0019693546928465366,0.00935832317918539,0.0455,0.001655,0.047155,0.08000000566244125,-0.00299999862909317,-0.00299999862909317,0.00299999862909317,0.00299999862909317,0.19700002670288086,0.19700002670288086
95,DROSOPHILA_TRANSFER__DROSOPHILA,DROSOPHILA_TRANSFER,DROSOPHILA,9.000003814697266,-9.0,18.000003814697266,18.000003814697266,48,9.000003814697266,3,17,14,1,0.0018990696407854557,0.0019675693474709988,0.00935510266572237,0.0455,0.0015875,0.0470875,0.08000000566244125,-0.00299999862909317,-0.00299999862909317,0.00299999862909317,0.00299999862909317,0.19700002670288086,0.19700002670288086
96,DROSOPHILA_TRANSFER__DROSOPHILA,DROSOPHILA_TRANSFER,DROSOPHILA,8.220001220703125,-8.220001220703125,16.44000244140625,16.44000244140625,47,8.220001220703125,4,18,14,1,0.0018826199229806662,0.0019494193838909268,0.009502471424639225,0.04433,0.00149,0.04582,0.08000000566244125,-0.00299999862909317,-0.00299999862909317,0.00299999862909317,0.00299999862909317,0.19700002670288086,0.19700002670288086
97,DROSOPHILA_TRANSFER__DROSOPHILA,DROSOPHILA_TRANSFER,DROSOPHILA,8.10000228881836,-8.10000228881836,16.20000457763672,16.20000457763672,48,8.10000228881836,3,17,14,1,0.001878249691799283,0.0019484497606754303,0.0095274792984128,0.04415,0.00156,0.04571,0.08000000566244125,-0.00299999862909317,-0.00299999862909317,0.00299999862909317,0.00299999862909317,0.19700002670288086,0.19700002670288086
98,DROSOPHILA_TRANSFER__DROSOPHILA,DROSOPHILA_TRANSFER,DROSOPHILA,7.8600006103515625,-7.8600006103515625,15.720001220703125,15.720001220703125,48,7.8600006103515625,3,17,14,1,0.0018754095071926713,0.0019405096536502242,0.00956803746521473,0.04379,0.001445,0.045235,0.08000000566244125,-0.00299999862909317,-0.00299999862909317,0.00299999862909317,0.00299999862909317,0.19700002670288086,0.19700002670288086
99,DROSOPHILA_TRANSFER__DROSOPHILA,DROSOPHILA_TRANSFER,DROSOPHILA,8.759998321533203,-8.759998321533203,17.519996643066406,17.519996643066406,47,8.759998321533203,4,18,14,1,0.0018943147733807564,0.001961614703759551,0.009400120936334133,0.04514,0.0015425,0.0466825,0.08000000566244125,-0.00299999862909317,-0.00299999862909317,0.00299999862909317,0.00299999862909317,0.19700002670288086,0.19700002670288086
