condition,network,matrix_file,csplus_active_count,csminus_active_count,observed_csplus_BV,observed_csminus_BV,observed_discrimination,global_EPLUS,global_EMINUS,global_KCEN_drive,null_mean_discrimination,null_sd_discrimination,observed_minus_null,null_z,empirical_two_sided_p,abs_effect_from_null
DROSOPHILA_TRANSFER__BEE,0,DROSOPHILA_TRANSFER__BEE_network_000.npz,200,200,-4.719997406005859,10.540000915527344,-15.259998321533203,788.0001220703125,784.0001220703125,4.0,-0.00040012359619140625,0.25242178256572456,-15.259598197937011,-60.45277884829048,0.009900990099009901,15.259598197937011
DROSOPHILA_TRANSFER__BEE,1,DROSOPHILA_TRANSFER__BEE_network_001.npz,200,200,-4.799995422363281,10.600006103515625,-15.400001525878906,788.0001220703125,784.0001220703125,4.0,-0.0736001205444336,0.23566662743336533,-15.326401405334472,-65.0342459271965,0.009900990099009901,15.326401405334472
DROSOPHILA_TRANSFER__BEE,2,DROSOPHILA_TRANSFER__BEE_network_002.npz,200,200,-4.719997406005859,10.540000915527344,-15.259998321533203,788.0001220703125,784.0001220703125,4.0,0.03139942169189453,0.22835832514175797,-15.291397743225097,-66.96229591687826,0.009900990099009901,15.291397743225097
DROSOPHILA_TRANSFER__BEE,3,DROSOPHILA_TRANSFER__BEE_network_003.npz,200,200,-4.239997863769531,10.180000305175781,-14.419998168945312,788.0001220703125,784.0001220703125,4.0,-0.005599861145019531,0.25513046223464053,-14.414398307800292,-56.4981467973179,0.009900990099009901,14.414398307800292
DROSOPHILA_TRANSFER__BEE,4,DROSOPHILA_TRANSFER__BEE_network_004.npz,200,200,-3.9199962615966797,9.94000244140625,-13.85999870300293,788.0001220703125,784.0001220703125,4.0,-0.0102001953125,0.22159198239810732,-13.84979850769043,-62.50135206971606,0.009900990099009901,13.84979850769043
DROSOPHILA_TRANSFER__BEE,5,DROSOPHILA_TRANSFER__BEE_network_005.npz,200,200,-4.799999237060547,10.60000228881836,-15.400001525878906,788.0001220703125,784.0001220703125,4.0,0.040400848388671876,0.24357588161942653,-15.440402374267578,-63.390522376892505,0.009900990099009901,15.440402374267578
DROSOPHILA_TRANSFER__BEE,6,DROSOPHILA_TRANSFER__BEE_network_006.npz,200,200,-3.9999961853027344,10.000003814697266,-14.0,788.0001220703125,784.0001220703125,4.0,0.016399688720703125,0.23804635362715956,-14.016399688720703,-58.88096782475362,0.009900990099009901,14.016399688720703
DROSOPHILA_TRANSFER__BEE,7,DROSOPHILA_TRANSFER__BEE_network_007.npz,200,200,-4.959999084472656,10.72000503540039,-15.680004119873047,788.0001220703125,784.0001220703125,4.0,-0.043599815368652345,0.21023087974195473,-15.636404304504394,-74.3772956841407,0.009900990099009901,15.636404304504394
DROSOPHILA_TRANSFER__BEE,8,DROSOPHILA_TRANSFER__BEE_network_008.npz,200,200,-5.519996643066406,11.140003204345703,-16.65999984741211,788.0001220703125,784.0001220703125,4.0,0.011800117492675781,0.2679225174649235,-16.671799964904785,-62.22619928572245,0.009900990099009901,16.671799964904785
DROSOPHILA_TRANSFER__BEE,9,DROSOPHILA_TRANSFER__BEE_network_009.npz,200,200,-4.959995269775391,10.72000503540039,-15.680000305175781,788.0001220703125,784.0001220703125,4.0,-0.020600662231445313,0.23826771608706487,-15.659399642944337,-65.72186908117368,0.009900990099009901,15.659399642944337
DROSOPHILA_TRANSFER__BEE,10,DROSOPHILA_TRANSFER__BEE_network_010.npz,200,200,-5.1199951171875,10.840003967285156,-15.959999084472656,788.0001220703125,784.0001220703125,4.0,0.022999725341796874,0.2505650974469451,-15.982998809814454,-63.7878099251182,0.009900990099009901,15.982998809814454
DROSOPHILA_TRANSFER__BEE,11,DROSOPHILA_TRANSFER__BEE_network_011.npz,200,200,-5.359996795654297,11.020004272460938,-16.380001068115234,788.0001220703125,784.0001220703125,4.0,-0.037000083923339845,0.26405297858231275,-16.343000984191896,-61.89288631371118,0.009900990099009901,16.343000984191896
DROSOPHILA_TRANSFER__BEE,12,DROSOPHILA_TRANSFER__BEE_network_012.npz,200,200,-4.879997253417969,10.660003662109375,-15.540000915527344,788.0001220703125,784.0001220703125,4.0,0.04320034027099609,0.2660558202392162,-15.58320125579834,-58.57117217652734,0.009900990099009901,15.58320125579834
DROSOPHILA_TRANSFER__BEE,13,DROSOPHILA_TRANSFER__BEE_network_013.npz,200,200,-3.9999961853027344,10.000003814697266,-14.0,788.0001220703125,784.0001220703125,4.0,0.0028003692626953126,0.18986516224562347,-14.002800369262696,-73.75128856523794,0.009900990099009901,14.002800369262696
DROSOPHILA_TRANSFER__BEE,14,DROSOPHILA_TRANSFER__BEE_network_014.npz,200,200,-4.399997711181641,10.300003051757812,-14.700000762939453,788.0001220703125,784.0001220703125,4.0,-0.0358001708984375,0.23570788451117022,-14.664200592041016,-62.21344959441133,0.009900990099009901,14.664200592041016
DROSOPHILA_TRANSFER__BEE,15,DROSOPHILA_TRANSFER__BEE_network_015.npz,200,200,-4.719997406005859,10.540000915527344,-15.259998321533203,788.0001220703125,784.0001220703125,4.0,0.022799835205078126,0.23989947512331808,-15.28279815673828,-63.70500872868647,0.009900990099009901,15.28279815673828
DROSOPHILA_TRANSFER__BEE,16,DROSOPHILA_TRANSFER__BEE_network_016.npz,200,200,-4.239994049072266,10.180000305175781,-14.419994354248047,788.0001220703125,784.0001220703125,4.0,0.02039989471435547,0.24327731301719757,-14.440394248962402,-59.35775132447962,0.009900990099009901,14.440394248962402
DROSOPHILA_TRANSFER__BEE,17,DROSOPHILA_TRANSFER__BEE_network_017.npz,200,200,-4.55999755859375,10.420005798339844,-14.980003356933594,788.0001220703125,784.0001220703125,4.0,-0.04620018005371094,0.26850422039221933,-14.933803176879882,-55.61850445056405,0.009900990099009901,14.933803176879882
DROSOPHILA_TRANSFER__BEE,18,DROSOPHILA_TRANSFER__BEE_network_018.npz,200,200,-3.6799983978271484,9.760002136230469,-13.440000534057617,788.0001220703125,784.0001220703125,4.0,0.002800178527832031,0.22643554139848854,-13.442800712585449,-59.36700850741614,0.009900990099009901,13.442800712585449
DROSOPHILA_TRANSFER__BEE,19,DROSOPHILA_TRANSFER__BEE_network_019.npz,200,200,-4.239997863769531,10.180000305175781,-14.419998168945312,788.0001220703125,784.0001220703125,4.0,0.006799201965332031,0.23313819722321352,-14.426797370910645,-61.8808824239899,0.009900990099009901,14.426797370910645
DROSOPHILA_TRANSFER__BEE,20,DROSOPHILA_TRANSFER__BEE_network_020.npz,200,200,-4.319995880126953,10.240005493164062,-14.560001373291016,788.0001220703125,784.0001220703125,4.0,-0.009399795532226562,0.20672442764874566,-14.550601577758789,-70.38646445055028,0.009900990099009901,14.550601577758789
DROSOPHILA_TRANSFER__BEE,21,DROSOPHILA_TRANSFER__BEE_network_021.npz,200,200,-4.4799957275390625,10.360000610351562,-14.839996337890625,788.0001220703125,784.0001220703125,4.0,-0.0203997802734375,0.23650658991974766,-14.819596557617187,-62.66039590121286,0.009900990099009901,14.819596557617187
DROSOPHILA_TRANSFER__BEE,22,DROSOPHILA_TRANSFER__BEE_network_022.npz,200,200,-3.5199966430664062,9.640003204345703,-13.15999984741211,788.0001220703125,784.0001220703125,4.0,0.013000831604003907,0.20978799602688183,-13.173000679016113,-62.791965834537784,0.009900990099009901,13.173000679016113
DROSOPHILA_TRANSFER__BEE,23,DROSOPHILA_TRANSFER__BEE_network_023.npz,200,200,-4.959999084472656,10.720001220703125,-15.680000305175781,788.0001220703125,784.0001220703125,4.0,-0.003399543762207031,0.25916782170816444,-15.676600761413575,-60.48822210292059,0.009900990099009901,15.676600761413575
DROSOPHILA_TRANSFER__BEE,24,DROSOPHILA_TRANSFER__BEE_network_024.npz,200,200,-4.4799957275390625,10.360000610351562,-14.839996337890625,788.0001220703125,784.0001220703125,4.0,0.00800018310546875,0.2487301094650172,-14.847996520996094,-59.695211620868925,0.009900990099009901,14.847996520996094
DROSOPHILA_TRANSFER__BEE,25,DROSOPHILA_TRANSFER__BEE_network_025.npz,200,200,-4.719997406005859,10.54000473022461,-15.260002136230469,788.0001220703125,784.0001220703125,4.0,-0.021599693298339842,0.23600553745983457,-15.238402442932129,-64.56798686567059,0.009900990099009901,15.238402442932129
DROSOPHILA_TRANSFER__BEE,26,DROSOPHILA_TRANSFER__BEE_network_026.npz,200,200,-5.119998931884766,10.840003967285156,-15.960002899169922,788.0001220703125,784.0000610351562,4.00006103515625,-0.01940013885498047,0.24619081838278062,-15.940602760314942,-64.74897343868564,0.009900990099009901,15.940602760314942
DROSOPHILA_TRANSFER__BEE,27,DROSOPHILA_TRANSFER__BEE_network_027.npz,200,200,-4.799999237060547,10.600006103515625,-15.400005340576172,788.0001220703125,784.0001220703125,4.0,0.014399757385253906,0.26259117056418235,-15.414405097961426,-58.701155354322346,0.009900990099009901,15.414405097961426
DROSOPHILA_TRANSFER__BEE,28,DROSOPHILA_TRANSFER__BEE_network_028.npz,200,200,-5.279994964599609,10.960002899169922,-16.23999786376953,788.0001220703125,784.0001220703125,4.0,0.029400138854980468,0.2814602757093922,-16.269398002624513,-57.80353181854576,0.009900990099009901,16.269398002624513
DROSOPHILA_TRANSFER__BEE,29,DROSOPHILA_TRANSFER__BEE_network_029.npz,200,200,-4.639995574951172,10.480003356933594,-15.119998931884766,788.0001220703125,784.0001220703125,4.0,-0.038400001525878906,0.24522395821162568,-15.081598930358886,-61.50132735947287,0.009900990099009901,15.081598930358886
DROSOPHILA_TRANSFER__BEE,30,DROSOPHILA_TRANSFER__BEE_network_030.npz,200,200,-4.399997711181641,10.300003051757812,-14.700000762939453,788.0001220703125,784.0001220703125,4.0,0.008200149536132812,0.2450168776097217,-14.708200912475586,-60.029337798940254,0.009900990099009901,14.708200912475586
DROSOPHILA_TRANSFER__BEE,31,DROSOPHILA_TRANSFER__BEE_network_031.npz,200,200,-4.079998016357422,10.060005187988281,-14.140003204345703,788.0001220703125,784.0001220703125,4.0,0.0194000244140625,0.2275466604395148,-14.159403228759766,-62.22637239065761,0.009900990099009901,14.159403228759766
DROSOPHILA_TRANSFER__BEE,32,DROSOPHILA_TRANSFER__BEE_network_032.npz,200,200,-3.1999969482421875,9.400001525878906,-12.599998474121094,788.0001220703125,784.0000610351562,4.00006103515625,-0.00840038299560547,0.19811633492042063,-12.591598091125489,-63.556587073868904,0.009900990099009901,12.591598091125489
DROSOPHILA_TRANSFER__BEE,33,DROSOPHILA_TRANSFER__BEE_network_033.npz,200,200,-5.599998474121094,11.200004577636719,-16.800003051757812,788.0001220703125,784.0001220703125,4.0,-0.016399574279785157,0.28099948161524524,-16.783603477478028,-59.72823644016095,0.009900990099009901,16.783603477478028
DROSOPHILA_TRANSFER__BEE,34,DROSOPHILA_TRANSFER__BEE_network_034.npz,200,200,-4.239997863769531,10.180004119873047,-14.420001983642578,788.0001220703125,784.0001220703125,4.0,0.00239959716796875,0.2349171345920565,-14.422401580810547,-61.39357014487536,0.009900990099009901,14.422401580810547
DROSOPHILA_TRANSFER__BEE,35,DROSOPHILA_TRANSFER__BEE_network_035.npz,200,200,-4.959995269775391,10.720001220703125,-15.679996490478516,788.0001220703125,784.0001220703125,4.0,-0.027000083923339843,0.23052628058512267,-15.652996406555175,-67.90113633389079,0.009900990099009901,15.652996406555175
DROSOPHILA_TRANSFER__BEE,36,DROSOPHILA_TRANSFER__BEE_network_036.npz,200,200,-4.639995574951172,10.480003356933594,-15.119998931884766,788.0001220703125,784.0001220703125,4.0,-0.010999984741210937,0.22493806355505397,-15.108998947143554,-67.16959641401732,0.009900990099009901,15.108998947143554
DROSOPHILA_TRANSFER__BEE,37,DROSOPHILA_TRANSFER__BEE_network_037.npz,200,200,-4.879993438720703,10.660003662109375,-15.539997100830078,788.0001220703125,784.0001220703125,4.0,-0.005800552368164062,0.26270282416256874,-15.534196548461914,-59.132202320173256,0.009900990099009901,15.534196548461914
DROSOPHILA_TRANSFER__BEE,38,DROSOPHILA_TRANSFER__BEE_network_038.npz,200,200,-5.1999969482421875,10.900001525878906,-16.099998474121094,788.0001220703125,784.0001220703125,4.0,0.01300018310546875,0.25688665447346626,-16.112998657226562,-62.72415626359784,0.009900990099009901,16.112998657226562
DROSOPHILA_TRANSFER__BEE,39,DROSOPHILA_TRANSFER__BEE_network_039.npz,200,200,-5.279998779296875,10.960006713867188,-16.240005493164062,788.0001220703125,784.0001220703125,4.0,-0.03679962158203125,0.23696249555380994,-16.203205871582032,-68.37877797375988,0.009900990099009901,16.203205871582032
DROSOPHILA_TRANSFER__BEE,40,DROSOPHILA_TRANSFER__BEE_network_040.npz,200,200,-3.5999984741210938,9.700004577636719,-13.300003051757812,788.0001220703125,784.0001220703125,4.0,0.0005999755859375,0.2237867680268289,-13.30060302734375,-59.43426925826639,0.009900990099009901,13.30060302734375
DROSOPHILA_TRANSFER__BEE,41,DROSOPHILA_TRANSFER__BEE_network_041.npz,200,200,-3.9999961853027344,10.000003814697266,-14.0,788.0001220703125,784.0001220703125,4.0,-0.03340068817138672,0.20423914166715212,-13.966599311828613,-68.3835585961771,0.009900990099009901,13.966599311828613
DROSOPHILA_TRANSFER__BEE,42,DROSOPHILA_TRANSFER__BEE_network_042.npz,200,200,-4.319995880126953,10.240005493164062,-14.560001373291016,788.0001220703125,784.0001220703125,4.0,-0.020199432373046874,0.23928340853030344,-14.539801940917968,-60.763936915737354,0.009900990099009901,14.539801940917968
DROSOPHILA_TRANSFER__BEE,43,DROSOPHILA_TRANSFER__BEE_network_043.npz,200,200,-4.959995269775391,10.720001220703125,-15.679996490478516,788.0001220703125,784.0001220703125,4.0,-0.011200675964355469,0.2435484815405819,-15.66879581451416,-64.33542806508243,0.009900990099009901,15.66879581451416
DROSOPHILA_TRANSFER__BEE,44,DROSOPHILA_TRANSFER__BEE_network_044.npz,200,200,-5.279998779296875,10.960006713867188,-16.240005493164062,788.0001220703125,784.0001220703125,4.0,-0.021400108337402343,0.24849053687357434,-16.21860538482666,-65.26850313450075,0.009900990099009901,16.21860538482666
DROSOPHILA_TRANSFER__BEE,45,DROSOPHILA_TRANSFER__BEE_network_045.npz,200,200,-4.239994049072266,10.180004119873047,-14.419998168945312,788.0001220703125,784.0001220703125,4.0,0.04260059356689453,0.2506180191212883,-14.462598762512208,-57.70773711012749,0.009900990099009901,14.462598762512208
DROSOPHILA_TRANSFER__BEE,46,DROSOPHILA_TRANSFER__BEE_network_046.npz,200,200,-3.7599964141845703,9.819999694824219,-13.579996109008789,788.0001220703125,784.0000610351562,4.00006103515625,0.005800437927246094,0.22021663668948693,-13.585796546936034,-61.69287094368114,0.009900990099009901,13.585796546936034
DROSOPHILA_TRANSFER__BEE,47,DROSOPHILA_TRANSFER__BEE_network_047.npz,200,200,-4.079998016357422,10.060005187988281,-14.140003204345703,788.0001220703125,784.0000610351562,4.00006103515625,0.03239948272705078,0.2331133510789492,-14.172402687072754,-60.79618615354615,0.009900990099009901,14.172402687072754
DROSOPHILA_TRANSFER__BEE,48,DROSOPHILA_TRANSFER__BEE_network_048.npz,200,200,-3.1999969482421875,9.400001525878906,-12.599998474121094,788.0001220703125,784.0001220703125,4.0,0.026600227355957032,0.17528153013552245,-12.62659870147705,-72.0361049547807,0.009900990099009901,12.62659870147705
DROSOPHILA_TRANSFER__BEE,49,DROSOPHILA_TRANSFER__BEE_network_049.npz,200,200,-4.159996032714844,10.120006561279297,-14.28000259399414,788.0001220703125,784.0001220703125,4.0,0.026599349975585936,0.25088271449922245,-14.306601943969726,-57.02506038539401,0.009900990099009901,14.306601943969726
DROSOPHILA_TRANSFER__BEE,50,DROSOPHILA_TRANSFER__BEE_network_050.npz,200,200,-3.119997024536133,9.340003967285156,-12.460000991821289,788.0001220703125,784.0001220703125,4.0,-0.025200157165527343,0.20458623850458663,-12.434800834655762,-60.780240770578445,0.009900990099009901,12.434800834655762
DROSOPHILA_TRANSFER__BEE,51,DROSOPHILA_TRANSFER__BEE_network_051.npz,200,200,-5.519996643066406,11.140003204345703,-16.65999984741211,788.0001220703125,784.0001220703125,4.0,0.04220016479492188,0.2857122230392275,-16.70220001220703,-58.45812207311083,0.009900990099009901,16.70220001220703
DROSOPHILA_TRANSFER__BEE,52,DROSOPHILA_TRANSFER__BEE_network_052.npz,200,200,-4.159999847412109,10.120002746582031,-14.28000259399414,788.0001220703125,784.0001220703125,4.0,-0.03700019836425781,0.23211574404088153,-14.243002395629883,-61.36163858459047,0.009900990099009901,14.243002395629883
DROSOPHILA_TRANSFER__BEE,53,DROSOPHILA_TRANSFER__BEE_network_053.npz,200,200,-4.319995880126953,10.240005493164062,-14.560001373291016,788.0001220703125,784.0001220703125,4.0,-0.01959968566894531,0.2285311081866525,-14.54040168762207,-63.62548102530626,0.009900990099009901,14.54040168762207
DROSOPHILA_TRANSFER__BEE,54,DROSOPHILA_TRANSFER__BEE_network_054.npz,200,200,-4.559993743896484,10.420001983642578,-14.979995727539062,788.0001220703125,784.0000610351562,4.00006103515625,0.010199775695800781,0.27747074132482125,-14.990195503234863,-54.024418688839646,0.009900990099009901,14.990195503234863
DROSOPHILA_TRANSFER__BEE,55,DROSOPHILA_TRANSFER__BEE_network_055.npz,200,200,-3.6799964904785156,9.760002136230469,-13.439998626708984,788.0001220703125,784.0000610351562,4.00006103515625,0.036799964904785154,0.2134791374968768,-13.47679859161377,-63.129347202889726,0.009900990099009901,13.47679859161377
DROSOPHILA_TRANSFER__BEE,56,DROSOPHILA_TRANSFER__BEE_network_056.npz,200,200,-3.119997024536133,9.340003967285156,-12.460000991821289,788.0001220703125,784.0001220703125,4.0,0.005400238037109375,0.21678767478156982,-12.465401229858399,-57.500507085646106,0.009900990099009901,12.465401229858399
DROSOPHILA_TRANSFER__BEE,57,DROSOPHILA_TRANSFER__BEE_network_057.npz,200,200,-4.239994049072266,10.180004119873047,-14.419998168945312,788.0001220703125,784.0001220703125,4.0,0.02540019989013672,0.2334431797878766,-14.445398368835448,-61.87971900469135,0.009900990099009901,14.445398368835448
DROSOPHILA_TRANSFER__BEE,58,DROSOPHILA_TRANSFER__BEE_network_058.npz,200,200,-4.55999755859375,10.420005798339844,-14.980003356933594,788.0001220703125,784.0000610351562,4.00006103515625,0.030799598693847657,0.26736950094795603,-15.010802955627442,-56.14254020150684,0.009900990099009901,15.010802955627442
DROSOPHILA_TRANSFER__BEE,59,DROSOPHILA_TRANSFER__BEE_network_059.npz,200,200,-5.279998779296875,10.960006713867188,-16.240005493164062,788.0001220703125,784.0001220703125,4.0,0.017800102233886717,0.2479314204765789,-16.25780559539795,-65.57380086859044,0.009900990099009901,16.25780559539795
DROSOPHILA_TRANSFER__BEE,60,DROSOPHILA_TRANSFER__BEE_network_060.npz,200,200,-4.719997406005859,10.540000915527344,-15.259998321533203,788.0001220703125,784.0001220703125,4.0,-0.02260059356689453,0.22018667321469387,-15.237397727966309,-69.20217970280619,0.009900990099009901,15.237397727966309
DROSOPHILA_TRANSFER__BEE,61,DROSOPHILA_TRANSFER__BEE_network_061.npz,200,200,-4.959995269775391,10.720001220703125,-15.679996490478516,788.0001220703125,784.0001220703125,4.0,-0.007600173950195312,0.27406130346134744,-15.67239631652832,-57.185732237965134,0.009900990099009901,15.67239631652832
DROSOPHILA_TRANSFER__BEE,62,DROSOPHILA_TRANSFER__BEE_network_062.npz,200,200,-4.239997863769531,10.180004119873047,-14.420001983642578,788.0001220703125,784.0001220703125,4.0,-0.004000167846679687,0.24470164331011435,-14.416001815795898,-58.91256642492697,0.009900990099009901,14.416001815795898
DROSOPHILA_TRANSFER__BEE,63,DROSOPHILA_TRANSFER__BEE_network_063.npz,200,200,-4.399997711181641,10.300003051757812,-14.700000762939453,788.0001220703125,784.0001220703125,4.0,-0.034599685668945314,0.2363849224160723,-14.665401077270507,-62.04034050639338,0.009900990099009901,14.665401077270507
DROSOPHILA_TRANSFER__BEE,64,DROSOPHILA_TRANSFER__BEE_network_064.npz,200,200,-5.1999969482421875,10.900005340576172,-16.10000228881836,788.0001220703125,784.0001220703125,4.0,-0.037999687194824217,0.28947300393795167,-16.062002601623536,-55.48704847470479,0.009900990099009901,16.062002601623536
DROSOPHILA_TRANSFER__BEE,65,DROSOPHILA_TRANSFER__BEE_network_065.npz,200,200,-4.399997711181641,10.300003051757812,-14.700000762939453,788.0001220703125,784.0001220703125,4.0,-0.0011998367309570311,0.2740909208485077,-14.698800926208497,-53.627463765327136,0.009900990099009901,14.698800926208497
DROSOPHILA_TRANSFER__BEE,66,DROSOPHILA_TRANSFER__BEE_network_066.npz,200,200,-4.799999237060547,10.600006103515625,-15.400005340576172,788.0001220703125,784.0001220703125,4.0,-0.003999404907226563,0.2551459221104536,-15.396005935668946,-60.341963564692826,0.009900990099009901,15.396005935668946
DROSOPHILA_TRANSFER__BEE,67,DROSOPHILA_TRANSFER__BEE_network_067.npz,200,200,-5.119998931884766,10.840003967285156,-15.960002899169922,788.0001220703125,784.0001220703125,4.0,-0.021600112915039063,0.2618764378745426,-15.938402786254883,-60.8623017619115,0.009900990099009901,15.938402786254883
DROSOPHILA_TRANSFER__BEE,68,DROSOPHILA_TRANSFER__BEE_network_068.npz,200,200,-4.079998016357422,10.060005187988281,-14.140003204345703,788.0001220703125,784.0001220703125,4.0,0.030200347900390626,0.21481502743055506,-14.170203552246093,-65.96467538485875,0.009900990099009901,14.170203552246093
DROSOPHILA_TRANSFER__BEE,69,DROSOPHILA_TRANSFER__BEE_network_069.npz,200,200,-4.879997253417969,10.660003662109375,-15.540000915527344,788.0001220703125,784.0001220703125,4.0,0.011599922180175781,0.24902536893644428,-15.55160083770752,-62.44986566680508,0.009900990099009901,15.55160083770752
DROSOPHILA_TRANSFER__BEE,70,DROSOPHILA_TRANSFER__BEE_network_070.npz,200,200,-4.799999237060547,10.60000228881836,-15.400001525878906,788.0001220703125,784.0001220703125,4.0,-0.005599746704101563,0.26672860708533436,-15.394401779174805,-57.7156006901415,0.009900990099009901,15.394401779174805
DROSOPHILA_TRANSFER__BEE,71,DROSOPHILA_TRANSFER__BEE_network_071.npz,200,200,-3.6799964904785156,9.760002136230469,-13.439998626708984,788.0001220703125,784.0001220703125,4.0,0.032000160217285155,0.22900755955860097,-13.47199878692627,-58.827747052947856,0.009900990099009901,13.47199878692627
DROSOPHILA_TRANSFER__BEE,72,DROSOPHILA_TRANSFER__BEE_network_072.npz,200,200,-4.239994049072266,10.180004119873047,-14.419998168945312,788.0001220703125,784.0001220703125,4.0,0.010400772094726562,0.25127569063890987,-14.430398941040039,-57.42855150193149,0.009900990099009901,14.430398941040039
DROSOPHILA_TRANSFER__BEE,73,DROSOPHILA_TRANSFER__BEE_network_073.npz,200,200,-3.359996795654297,9.520004272460938,-12.880001068115234,788.0001220703125,784.0001220703125,4.0,-0.006999855041503906,0.19379004406138217,-12.87300121307373,-66.42756739864438,0.009900990099009901,12.87300121307373
DROSOPHILA_TRANSFER__BEE,74,DROSOPHILA_TRANSFER__BEE_network_074.npz,200,200,-3.9999961853027344,10.000003814697266,-14.0,788.0001220703125,784.0001220703125,4.0,-0.005400352478027344,0.21980471871561186,-13.994599647521973,-63.66833127740306,0.009900990099009901,13.994599647521973
DROSOPHILA_TRANSFER__BEE,75,DROSOPHILA_TRANSFER__BEE_network_075.npz,200,200,-4.399997711181641,10.300003051757812,-14.700000762939453,788.0001220703125,784.0001220703125,4.0,0.013799934387207032,0.22088368880408096,-14.71380069732666,-66.61334196739843,0.009900990099009901,14.71380069732666
DROSOPHILA_TRANSFER__BEE,76,DROSOPHILA_TRANSFER__BEE_network_076.npz,200,200,-4.159999847412109,10.120002746582031,-14.28000259399414,788.0001220703125,784.0001220703125,4.0,-0.04220043182373047,0.24514540855783634,-14.23780216217041,-58.079008070882686,0.009900990099009901,14.23780216217041
DROSOPHILA_TRANSFER__BEE,77,DROSOPHILA_TRANSFER__BEE_network_077.npz,200,200,-4.55999755859375,10.420005798339844,-14.980003356933594,788.0001220703125,784.0001220703125,4.0,-0.0308001708984375,0.2624891895892609,-14.949203186035156,-56.95169088459393,0.009900990099009901,14.949203186035156
DROSOPHILA_TRANSFER__BEE,78,DROSOPHILA_TRANSFER__BEE_network_078.npz,200,200,-5.759998321533203,11.320003509521484,-17.080001831054688,788.0001220703125,784.0001220703125,4.0,-0.006999740600585938,0.28471333212953404,-17.0730020904541,-59.96558700906397,0.009900990099009901,17.0730020904541
DROSOPHILA_TRANSFER__BEE,79,DROSOPHILA_TRANSFER__BEE_network_079.npz,200,200,-5.039997100830078,10.78000259399414,-15.819999694824219,788.0001220703125,784.0000610351562,4.00006103515625,0.005400199890136719,0.2312872066762786,-15.825399894714355,-68.42315285023263,0.009900990099009901,15.825399894714355
DROSOPHILA_TRANSFER__BEE,80,DROSOPHILA_TRANSFER__BEE_network_080.npz,200,200,-5.119998931884766,10.840003967285156,-15.960002899169922,788.0001220703125,784.0001220703125,4.0,-0.03399982452392578,0.232118125994939,-15.926003074645996,-68.61163042042325,0.009900990099009901,15.926003074645996
DROSOPHILA_TRANSFER__BEE,81,DROSOPHILA_TRANSFER__BEE_network_081.npz,200,200,-3.5199966430664062,9.640003204345703,-13.15999984741211,788.0001220703125,784.0001220703125,4.0,-0.005600357055664062,0.21126121438456288,-13.154399490356445,-62.26604125455436,0.009900990099009901,13.154399490356445
DROSOPHILA_TRANSFER__BEE,82,DROSOPHILA_TRANSFER__BEE_network_082.npz,200,200,-5.439998626708984,11.080005645751953,-16.520004272460938,788.0001220703125,784.0000610351562,4.00006103515625,-0.021199188232421874,0.26386206899514897,-16.498805084228515,-62.52814262792672,0.009900990099009901,16.498805084228515
DROSOPHILA_TRANSFER__BEE,83,DROSOPHILA_TRANSFER__BEE_network_083.npz,200,200,-4.159996032714844,10.120002746582031,-14.279998779296875,788.0001220703125,784.0001220703125,4.0,0.00920063018798828,0.22230099089674588,-14.289199409484864,-64.27861320745032,0.009900990099009901,14.289199409484864
DROSOPHILA_TRANSFER__BEE,84,DROSOPHILA_TRANSFER__BEE_network_084.npz,200,200,-3.9199962615966797,9.940006256103516,-13.860002517700195,788.0001220703125,784.0001220703125,4.0,-0.005600509643554688,0.1962086462067623,-13.85440200805664,-70.61055807630945,0.009900990099009901,13.85440200805664
DROSOPHILA_TRANSFER__BEE,85,DROSOPHILA_TRANSFER__BEE_network_085.npz,200,200,-4.079998016357422,10.060005187988281,-14.140003204345703,788.0001220703125,784.0001220703125,4.0,-0.016400108337402342,0.22340608131144293,-14.123603096008301,-63.219420944585025,0.009900990099009901,14.123603096008301
DROSOPHILA_TRANSFER__BEE,86,DROSOPHILA_TRANSFER__BEE_network_086.npz,200,200,-5.359996795654297,11.020004272460938,-16.380001068115234,788.0001220703125,784.0001220703125,4.0,0.03339981079101562,0.26752976978299675,-16.41340087890625,-61.35168019701046,0.009900990099009901,16.41340087890625
DROSOPHILA_TRANSFER__BEE,87,DROSOPHILA_TRANSFER__BEE_network_087.npz,200,200,-5.1999969482421875,10.900005340576172,-16.10000228881836,788.0001220703125,784.0001220703125,4.0,0.025400047302246095,0.2692585299252028,-16.125402336120604,-59.8881763953776,0.009900990099009901,16.125402336120604
DROSOPHILA_TRANSFER__BEE,88,DROSOPHILA_TRANSFER__BEE_network_088.npz,200,200,-4.399997711181641,10.300003051757812,-14.700000762939453,788.0001220703125,784.0001220703125,4.0,0.012999725341796876,0.259873387996316,-14.71300048828125,-56.61603368364068,0.009900990099009901,14.71300048828125
DROSOPHILA_TRANSFER__BEE,89,DROSOPHILA_TRANSFER__BEE_network_089.npz,200,200,-4.399997711181641,10.300003051757812,-14.700000762939453,788.0001220703125,784.0001220703125,4.0,-0.010400505065917968,0.22018315597075538,-14.689600257873535,-66.71536790863603,0.009900990099009901,14.689600257873535
DROSOPHILA_TRANSFER__BEE,90,DROSOPHILA_TRANSFER__BEE_network_090.npz,200,200,-5.119998931884766,10.840007781982422,-15.960006713867188,788.0001220703125,784.0001220703125,4.0,0.0202001953125,0.25600614821180057,-15.980206909179687,-62.42118410358975,0.009900990099009901,15.980206909179687
DROSOPHILA_TRANSFER__BEE,91,DROSOPHILA_TRANSFER__BEE_network_091.npz,200,200,-5.279998779296875,10.960002899169922,-16.240001678466797,788.0001220703125,784.0000610351562,4.00006103515625,0.0013996124267578124,0.26683725938317365,-16.241401290893556,-60.86631727682073,0.009900990099009901,16.241401290893556
DROSOPHILA_TRANSFER__BEE,92,DROSOPHILA_TRANSFER__BEE_network_092.npz,200,200,-3.599996566772461,9.700004577636719,-13.30000114440918,788.0001220703125,784.0001220703125,4.0,-0.03340045928955078,0.21809171480229986,-13.266600685119629,-60.83037449242766,0.009900990099009901,13.266600685119629
DROSOPHILA_TRANSFER__BEE,93,DROSOPHILA_TRANSFER__BEE_network_093.npz,200,200,-5.599998474121094,11.200004577636719,-16.800003051757812,788.0001220703125,784.0001220703125,4.0,0.030799674987792968,0.29130777796198687,-16.830802726745606,-57.77670216873467,0.009900990099009901,16.830802726745606
DROSOPHILA_TRANSFER__BEE,94,DROSOPHILA_TRANSFER__BEE_network_094.npz,200,200,-4.799999237060547,10.600006103515625,-15.400005340576172,788.0001220703125,784.0001220703125,4.0,-0.026000099182128908,0.25682578394546335,-15.374005241394043,-59.86161126508503,0.009900990099009901,15.374005241394043
DROSOPHILA_TRANSFER__BEE,95,DROSOPHILA_TRANSFER__BEE_network_095.npz,200,200,-4.319995880126953,10.240005493164062,-14.560001373291016,788.0001220703125,784.0001220703125,4.0,0.0066000747680664065,0.21376951304588174,-14.566601448059082,-68.14162244422864,0.009900990099009901,14.566601448059082
DROSOPHILA_TRANSFER__BEE,96,DROSOPHILA_TRANSFER__BEE_network_096.npz,200,200,-4.639995574951172,10.480003356933594,-15.119998931884766,788.0001220703125,784.0001220703125,4.0,-0.021800155639648437,0.2513502523423367,-15.098198776245118,-60.06836530118741,0.009900990099009901,15.098198776245118
DROSOPHILA_TRANSFER__BEE,97,DROSOPHILA_TRANSFER__BEE_network_097.npz,200,200,-4.239997863769531,10.180004119873047,-14.420001983642578,788.0001220703125,784.0001220703125,4.0,-0.006999893188476563,0.2334006721640552,-14.413002090454102,-61.75218758720341,0.009900990099009901,14.413002090454102
DROSOPHILA_TRANSFER__BEE,98,DROSOPHILA_TRANSFER__BEE_network_098.npz,200,200,-4.159996032714844,10.120002746582031,-14.279998779296875,788.0001220703125,784.0001220703125,4.0,-0.022999954223632813,0.2271896723886896,-14.256998825073243,-62.7537276460416,0.009900990099009901,14.256998825073243
DROSOPHILA_TRANSFER__BEE,99,DROSOPHILA_TRANSFER__BEE_network_099.npz,200,200,-4.479999542236328,10.360004425048828,-14.840003967285156,788.0001220703125,784.0001220703125,4.0,-0.027000045776367186,0.220071402166438,-14.81300392150879,-67.30999019266415,0.009900990099009901,14.81300392150879
DROSOPHILA_TRANSFER__DROSOPHILA,100,DROSOPHILA_TRANSFER__DROSOPHILA_network_000.npz,200,200,7.740001678466797,-7.739997863769531,15.479999542236328,788.0001220703125,788.0001220703125,0.0,0.003600311279296875,0.2718041050900992,15.476399230957032,56.93953454392024,0.009900990099009901,15.476399230957032
DROSOPHILA_TRANSFER__DROSOPHILA,101,DROSOPHILA_TRANSFER__DROSOPHILA_network_001.npz,200,200,8.34000015258789,-8.34000015258789,16.68000030517578,788.0001220703125,788.0001220703125,0.0,0.009600334167480469,0.26142538451556646,16.6703999710083,63.767334614040394,0.009900990099009901,16.6703999710083
DROSOPHILA_TRANSFER__DROSOPHILA,102,DROSOPHILA_TRANSFER__DROSOPHILA_network_002.npz,200,200,7.380001068115234,-7.379997253417969,14.759998321533203,788.0001220703125,788.0001220703125,0.0,0.00660003662109375,0.2230197991988463,14.753398284912109,66.15286327900357,0.009900990099009901,14.753398284912109
DROSOPHILA_TRANSFER__DROSOPHILA,103,DROSOPHILA_TRANSFER__DROSOPHILA_network_003.npz,200,200,8.220001220703125,-8.21999740600586,16.439998626708984,788.0001220703125,788.0001220703125,0.0,-0.02640003204345703,0.23623139413665828,16.466398658752443,69.70453152059349,0.009900990099009901,16.466398658752443
DROSOPHILA_TRANSFER__DROSOPHILA,104,DROSOPHILA_TRANSFER__DROSOPHILA_network_004.npz,200,200,8.820003509521484,-8.819999694824219,17.640003204345703,788.0001220703125,788.0001220703125,0.0,0.013199958801269531,0.3070779742438907,17.626803245544433,57.401717882718245,0.009900990099009901,17.626803245544433
DROSOPHILA_TRANSFER__DROSOPHILA,105,DROSOPHILA_TRANSFER__DROSOPHILA_network_005.npz,200,200,8.28000259399414,-8.28000259399414,16.56000518798828,788.0001220703125,788.0001220703125,0.0,0.027599639892578125,0.25561657688550904,16.532405548095703,64.67657829367063,0.009900990099009901,16.532405548095703
DROSOPHILA_TRANSFER__DROSOPHILA,106,DROSOPHILA_TRANSFER__DROSOPHILA_network_006.npz,200,200,8.640003204345703,-8.639999389648438,17.28000259399414,788.0001220703125,788.0001220703125,0.0,-0.019200096130371092,0.26654409492322184,17.299202690124513,64.90184183261519,0.009900990099009901,17.299202690124513
DROSOPHILA_TRANSFER__DROSOPHILA,107,DROSOPHILA_TRANSFER__DROSOPHILA_network_007.npz,200,200,7.140003204345703,-7.1399993896484375,14.28000259399414,788.0001220703125,788.0001220703125,0.0,0.016799659729003907,0.24570215084122743,14.263202934265136,58.05078582108957,0.009900990099009901,14.263202934265136
DROSOPHILA_TRANSFER__DROSOPHILA,108,DROSOPHILA_TRANSFER__DROSOPHILA_network_008.npz,200,200,8.939998626708984,-8.939998626708984,17.87999725341797,788.0001220703125,788.0001220703125,0.0,-0.050399856567382814,0.27944388962576017,17.93039710998535,64.16457033287895,0.009900990099009901,17.93039710998535
DROSOPHILA_TRANSFER__DROSOPHILA,109,DROSOPHILA_TRANSFER__DROSOPHILA_network_009.npz,200,200,9.240001678466797,-9.240001678466797,18.480003356933594,788.0001220703125,788.0001220703125,0.0,-0.019199638366699218,0.2821841353067416,18.499202995300294,65.55720425314192,0.009900990099009901,18.499202995300294
DROSOPHILA_TRANSFER__DROSOPHILA,110,DROSOPHILA_TRANSFER__DROSOPHILA_network_010.npz,200,200,9.299999237060547,-9.299999237060547,18.599998474121094,788.0001220703125,788.0001220703125,0.0,0.06539962768554687,0.2940746782570874,18.534598846435546,63.02684391694595,0.009900990099009901,18.534598846435546
DROSOPHILA_TRANSFER__DROSOPHILA,111,DROSOPHILA_TRANSFER__DROSOPHILA_network_011.npz,200,200,8.819999694824219,-8.820003509521484,17.640003204345703,788.0001220703125,788.0001220703125,0.0,0.025200042724609375,0.24571673982688585,17.614803161621094,71.6874364116633,0.009900990099009901,17.614803161621094
DROSOPHILA_TRANSFER__DROSOPHILA,112,DROSOPHILA_TRANSFER__DROSOPHILA_network_012.npz,200,200,8.819999694824219,-8.819999694824219,17.639999389648438,788.0001220703125,788.0001220703125,0.0,0.02160003662109375,0.3124706330164763,17.618399353027343,56.38417659587978,0.009900990099009901,17.618399353027343
DROSOPHILA_TRANSFER__DROSOPHILA,113,DROSOPHILA_TRANSFER__DROSOPHILA_network_013.npz,200,200,9.0,-9.000003814697266,18.000003814697266,788.0001220703125,788.0001220703125,0.0,-0.03660015106201172,0.28115345926814633,18.036603965759276,64.15216804626654,0.009900990099009901,18.036603965759276
DROSOPHILA_TRANSFER__DROSOPHILA,114,DROSOPHILA_TRANSFER__DROSOPHILA_network_014.npz,200,200,9.060001373291016,-9.060001373291016,18.12000274658203,788.0001220703125,788.0001220703125,0.0,-0.01560016632080078,0.3271498142460036,18.135602912902833,55.435161883557065,0.009900990099009901,18.135602912902833
DROSOPHILA_TRANSFER__DROSOPHILA,115,DROSOPHILA_TRANSFER__DROSOPHILA_network_015.npz,200,200,8.880001068115234,-8.880001068115234,17.76000213623047,788.0001220703125,788.0001220703125,0.0,0.004200019836425781,0.3033453826766055,17.755802116394044,58.53328624857754,0.009900990099009901,17.755802116394044
DROSOPHILA_TRANSFER__DROSOPHILA,116,DROSOPHILA_TRANSFER__DROSOPHILA_network_016.npz,200,200,7.8600006103515625,-7.859996795654297,15.71999740600586,788.0001220703125,788.0001220703125,0.0,0.05340011596679688,0.2319715348972989,15.666597290039062,67.53672297325255,0.009900990099009901,15.666597290039062
DROSOPHILA_TRANSFER__DROSOPHILA,117,DROSOPHILA_TRANSFER__DROSOPHILA_network_017.npz,200,200,8.520000457763672,-8.520000457763672,17.040000915527344,788.0001220703125,788.0001220703125,0.0,-0.0006003570556640625,0.29325638078592076,17.040601272583007,58.10820288688882,0.009900990099009901,17.040601272583007
DROSOPHILA_TRANSFER__DROSOPHILA,118,DROSOPHILA_TRANSFER__DROSOPHILA_network_018.npz,200,200,8.459999084472656,-8.459999084472656,16.919998168945312,788.0001220703125,788.0001220703125,0.0,0.005999908447265625,0.2736294283947584,16.913998260498047,61.81352042331003,0.009900990099009901,16.913998260498047
DROSOPHILA_TRANSFER__DROSOPHILA,119,DROSOPHILA_TRANSFER__DROSOPHILA_network_019.npz,200,200,7.859996795654297,-7.8600006103515625,15.71999740600586,788.0001220703125,788.0001220703125,0.0,0.0006000518798828125,0.2615329421683208,15.719397354125977,60.10484653978726,0.009900990099009901,15.719397354125977
DROSOPHILA_TRANSFER__DROSOPHILA,120,DROSOPHILA_TRANSFER__DROSOPHILA_network_020.npz,200,200,8.999996185302734,-9.000003814697266,18.0,788.0001220703125,788.0001220703125,0.0,0.021600723266601562,0.2976902338749132,17.9783992767334,60.39297642625307,0.009900990099009901,17.9783992767334
DROSOPHILA_TRANSFER__DROSOPHILA,121,DROSOPHILA_TRANSFER__DROSOPHILA_network_021.npz,200,200,8.819999694824219,-8.819999694824219,17.639999389648438,788.0001220703125,788.0001220703125,0.0,0.05100028991699219,0.24544944763392298,17.588999099731446,71.66037352817621,0.009900990099009901,17.588999099731446
DROSOPHILA_TRANSFER__DROSOPHILA,122,DROSOPHILA_TRANSFER__DROSOPHILA_network_022.npz,200,200,8.94000244140625,-8.94000244140625,17.8800048828125,788.0001220703125,788.0001220703125,0.0,-0.022800254821777343,0.28816479060751105,17.902805137634278,62.12696943263422,0.009900990099009901,17.902805137634278
DROSOPHILA_TRANSFER__DROSOPHILA,123,DROSOPHILA_TRANSFER__DROSOPHILA_network_023.npz,200,200,8.28000259399414,-8.28000259399414,16.56000518798828,788.0001220703125,788.0001220703125,0.0,0.006599807739257812,0.2535416019447883,16.553405380249025,65.28871496147494,0.009900990099009901,16.553405380249025
DROSOPHILA_TRANSFER__DROSOPHILA,124,DROSOPHILA_TRANSFER__DROSOPHILA_network_024.npz,200,200,9.299999237060547,-9.299999237060547,18.599998474121094,788.0001220703125,788.0001220703125,0.0,-0.024000205993652345,0.28232805605918976,18.623998680114745,65.96580920817252,0.009900990099009901,18.623998680114745
DROSOPHILA_TRANSFER__DROSOPHILA,125,DROSOPHILA_TRANSFER__DROSOPHILA_network_025.npz,200,200,9.479999542236328,-9.479999542236328,18.959999084472656,788.0001220703125,788.0001220703125,0.0,-0.01739952087402344,0.3034703038261395,18.97739860534668,62.534614972471836,0.009900990099009901,18.97739860534668
DROSOPHILA_TRANSFER__DROSOPHILA,126,DROSOPHILA_TRANSFER__DROSOPHILA_network_026.npz,200,200,9.720001220703125,-9.71999740600586,19.439998626708984,788.0001220703125,788.0001220703125,0.0,0.02700065612792969,0.2977947827769614,19.412997970581056,65.18918091698322,0.009900990099009901,19.412997970581056
DROSOPHILA_TRANSFER__DROSOPHILA,127,DROSOPHILA_TRANSFER__DROSOPHILA_network_027.npz,200,200,8.15999984741211,-8.15999984741211,16.31999969482422,788.0001220703125,788.0001220703125,0.0,-0.01619983673095703,0.2555357214537731,16.336199531555177,63.929220692185794,0.009900990099009901,16.336199531555177
DROSOPHILA_TRANSFER__DROSOPHILA,128,DROSOPHILA_TRANSFER__DROSOPHILA_network_028.npz,200,200,8.040000915527344,-8.039997100830078,16.079998016357422,788.0001220703125,788.0001220703125,0.0,-0.02880046844482422,0.23687076771029195,16.108798484802247,68.00669681834414,0.009900990099009901,16.108798484802247
DROSOPHILA_TRANSFER__DROSOPHILA,129,DROSOPHILA_TRANSFER__DROSOPHILA_network_029.npz,200,200,9.0,-8.999996185302734,17.999996185302734,788.0001220703125,788.0001220703125,0.0,-0.06840034484863282,0.2975074036235603,18.068396530151368,60.732594584481426,0.009900990099009901,18.068396530151368
DROSOPHILA_TRANSFER__DROSOPHILA,130,DROSOPHILA_TRANSFER__DROSOPHILA_network_030.npz,200,200,8.580001831054688,-8.579998016357422,17.15999984741211,788.0001220703125,788.0001220703125,0.0,-0.048599929809570314,0.25465783083047877,17.20859977722168,67.57538034900305,0.009900990099009901,17.20859977722168
DROSOPHILA_TRANSFER__DROSOPHILA,131,DROSOPHILA_TRANSFER__DROSOPHILA_network_031.npz,200,200,9.360000610351562,-9.360000610351562,18.720001220703125,788.0001220703125,788.0001220703125,0.0,-0.001800079345703125,0.2893826782929879,18.721801300048828,64.69565286521325,0.009900990099009901,18.721801300048828
DROSOPHILA_TRANSFER__DROSOPHILA,132,DROSOPHILA_TRANSFER__DROSOPHILA_network_032.npz,200,200,8.040000915527344,-8.040000915527344,16.080001831054688,788.0001220703125,788.0001220703125,0.0,0.019199714660644532,0.2691238061312468,16.060802116394044,59.678117470445855,0.009900990099009901,16.060802116394044
DROSOPHILA_TRANSFER__DROSOPHILA,133,DROSOPHILA_TRANSFER__DROSOPHILA_network_033.npz,200,200,8.939998626708984,-8.939998626708984,17.87999725341797,788.0001220703125,788.0001220703125,0.0,0.007199974060058594,0.27439603387577993,17.87279727935791,65.13504232152637,0.009900990099009901,17.87279727935791
DROSOPHILA_TRANSFER__DROSOPHILA,134,DROSOPHILA_TRANSFER__DROSOPHILA_network_034.npz,200,200,9.60000228881836,-9.60000228881836,19.20000457763672,788.0001220703125,788.0001220703125,0.0,0.01079967498779297,0.30847194400045336,19.189204902648925,62.20729397231899,0.009900990099009901,19.189204902648925
DROSOPHILA_TRANSFER__DROSOPHILA,135,DROSOPHILA_TRANSFER__DROSOPHILA_network_035.npz,200,200,6.719997406005859,-6.719997406005859,13.439994812011719,788.0001220703125,788.0001220703125,0.0,-0.025799903869628906,0.22226200693931472,13.465794715881348,60.58522957348252,0.009900990099009901,13.465794715881348
DROSOPHILA_TRANSFER__DROSOPHILA,136,DROSOPHILA_TRANSFER__DROSOPHILA_network_036.npz,200,200,7.319999694824219,-7.320003509521484,14.640003204345703,788.0001220703125,788.0001220703125,0.0,0.01559967041015625,0.208652707447184,14.624403533935547,70.08968976660609,0.009900990099009901,14.624403533935547
DROSOPHILA_TRANSFER__DROSOPHILA,137,DROSOPHILA_TRANSFER__DROSOPHILA_network_037.npz,200,200,7.380001068115234,-7.380001068115234,14.760002136230469,788.0001220703125,788.0001220703125,0.0,-0.011400108337402343,0.25019291010986994,14.771402244567872,59.04005128714937,0.009900990099009901,14.771402244567872
DROSOPHILA_TRANSFER__DROSOPHILA,138,DROSOPHILA_TRANSFER__DROSOPHILA_network_038.npz,200,200,9.060001373291016,-9.060001373291016,18.12000274658203,788.0001220703125,788.0001220703125,0.0,-0.007199935913085938,0.3355627646388001,18.127202682495117,54.020304374376124,0.009900990099009901,18.127202682495117
DROSOPHILA_TRANSFER__DROSOPHILA,139,DROSOPHILA_TRANSFER__DROSOPHILA_network_039.npz,200,200,8.640003204345703,-8.640003204345703,17.280006408691406,788.0001220703125,788.0001220703125,0.0,-0.020399742126464844,0.26957491996281496,17.30040615081787,64.17661610807222,0.009900990099009901,17.30040615081787
DROSOPHILA_TRANSFER__DROSOPHILA,140,DROSOPHILA_TRANSFER__DROSOPHILA_network_040.npz,200,200,8.939998626708984,-8.939998626708984,17.87999725341797,788.0001220703125,788.0001220703125,0.0,0.017999610900878905,0.30048469723294136,17.86199764251709,59.44395107971217,0.009900990099009901,17.86199764251709
DROSOPHILA_TRANSFER__DROSOPHILA,141,DROSOPHILA_TRANSFER__DROSOPHILA_network_041.npz,200,200,7.920001983642578,-7.920001983642578,15.840003967285156,788.0001220703125,788.0001220703125,0.0,0.025799636840820313,0.26357824462834595,15.814204330444335,59.99813965201448,0.009900990099009901,15.814204330444335
DROSOPHILA_TRANSFER__DROSOPHILA,142,DROSOPHILA_TRANSFER__DROSOPHILA_network_042.npz,200,200,7.439998626708984,-7.439998626708984,14.879997253417969,788.0001220703125,788.0001220703125,0.0,0.002400054931640625,0.235243405924997,14.877597198486328,63.24341861990288,0.009900990099009901,14.877597198486328
DROSOPHILA_TRANSFER__DROSOPHILA,143,DROSOPHILA_TRANSFER__DROSOPHILA_network_043.npz,200,200,9.540000915527344,-9.540000915527344,19.080001831054688,788.0001220703125,788.0001220703125,0.0,-0.013800201416015625,0.30520920011950337,19.093802032470702,62.55971977579511,0.009900990099009901,19.093802032470702
DROSOPHILA_TRANSFER__DROSOPHILA,144,DROSOPHILA_TRANSFER__DROSOPHILA_network_044.npz,200,200,7.859996795654297,-7.859996795654297,15.719993591308594,788.0001220703125,788.0001220703125,0.0,0.02700042724609375,0.2638702368513544,15.6929931640625,59.472388213691595,0.009900990099009901,15.6929931640625
DROSOPHILA_TRANSFER__DROSOPHILA,145,DROSOPHILA_TRANSFER__DROSOPHILA_network_045.npz,200,200,8.099998474121094,-8.10000228881836,16.200000762939453,788.0001220703125,788.0001220703125,0.0,-0.0066000747680664065,0.27301658315819266,16.20660083770752,59.361232384616756,0.009900990099009901,16.20660083770752
DROSOPHILA_TRANSFER__DROSOPHILA,146,DROSOPHILA_TRANSFER__DROSOPHILA_network_046.npz,200,200,7.560001373291016,-7.560001373291016,15.120002746582031,788.0001220703125,788.0001220703125,0.0,0.02220001220703125,0.2254139269627687,15.097802734375,66.97812747332458,0.009900990099009901,15.097802734375
DROSOPHILA_TRANSFER__DROSOPHILA,147,DROSOPHILA_TRANSFER__DROSOPHILA_network_047.npz,200,200,8.520000457763672,-8.520000457763672,17.040000915527344,788.0000610351562,788.0001220703125,-6.103515625e-05,0.025200042724609375,0.26287625619470145,17.014800872802734,64.72551427467296,0.009900990099009901,17.014800872802734
DROSOPHILA_TRANSFER__DROSOPHILA,148,DROSOPHILA_TRANSFER__DROSOPHILA_network_048.npz,200,200,7.8600006103515625,-7.8600006103515625,15.720001220703125,788.0001220703125,788.0001220703125,0.0,0.028800315856933593,0.2757436957305281,15.691200904846191,56.90502139414457,0.009900990099009901,15.691200904846191
DROSOPHILA_TRANSFER__DROSOPHILA,149,DROSOPHILA_TRANSFER__DROSOPHILA_network_049.npz,200,200,8.639999389648438,-8.639999389648438,17.279998779296875,788.0001220703125,788.0001220703125,0.0,-0.018000221252441405,0.29535747937680645,17.297999000549318,58.566314410075094,0.009900990099009901,17.297999000549318
DROSOPHILA_TRANSFER__DROSOPHILA,150,DROSOPHILA_TRANSFER__DROSOPHILA_network_050.npz,200,200,8.520000457763672,-8.520000457763672,17.040000915527344,788.0001220703125,788.0001220703125,0.0,0.0246002197265625,0.27648421295650677,17.015400695800782,61.542033499313916,0.009900990099009901,17.015400695800782
DROSOPHILA_TRANSFER__DROSOPHILA,151,DROSOPHILA_TRANSFER__DROSOPHILA_network_051.npz,200,200,8.700000762939453,-8.700000762939453,17.400001525878906,788.0001220703125,788.0001220703125,0.0,-0.037199668884277344,0.28664547275196456,17.437201194763183,60.83194347134051,0.009900990099009901,17.437201194763183
DROSOPHILA_TRANSFER__DROSOPHILA,152,DROSOPHILA_TRANSFER__DROSOPHILA_network_052.npz,200,200,8.639999389648438,-8.640003204345703,17.28000259399414,788.0001220703125,788.0001220703125,0.0,-0.011400146484375,0.29476600177478485,17.291402740478517,58.66145565081134,0.009900990099009901,17.291402740478517
DROSOPHILA_TRANSFER__DROSOPHILA,153,DROSOPHILA_TRANSFER__DROSOPHILA_network_053.npz,200,200,6.840000152587891,-6.840000152587891,13.680000305175781,788.0001220703125,788.0001220703125,0.0,-0.00840007781982422,0.2090709823181582,13.688400382995605,65.47250235886389,0.009900990099009901,13.688400382995605
DROSOPHILA_TRANSFER__DROSOPHILA,154,DROSOPHILA_TRANSFER__DROSOPHILA_network_054.npz,200,200,8.700000762939453,-8.700000762939453,17.400001525878906,788.0001220703125,788.0001220703125,0.0,-0.03240005493164062,0.27027478359446455,17.43240158081055,64.49880876407288,0.009900990099009901,17.43240158081055
DROSOPHILA_TRANSFER__DROSOPHILA,155,DROSOPHILA_TRANSFER__DROSOPHILA_network_055.npz,200,200,9.540000915527344,-9.540000915527344,19.080001831054688,788.0001220703125,788.0001220703125,0.0,-0.013799972534179687,0.2999221133083508,19.093801803588867,63.66253422587242,0.009900990099009901,19.093801803588867
DROSOPHILA_TRANSFER__DROSOPHILA,156,DROSOPHILA_TRANSFER__DROSOPHILA_network_056.npz,200,200,8.34000015258789,-8.34000015258789,16.68000030517578,788.0001220703125,788.0001220703125,0.0,-0.0065997314453125,0.2167353365799439,16.686600036621094,76.99067581656745,0.009900990099009901,16.686600036621094
DROSOPHILA_TRANSFER__DROSOPHILA,157,DROSOPHILA_TRANSFER__DROSOPHILA_network_057.npz,200,200,7.740001678466797,-7.740001678466797,15.480003356933594,788.0001220703125,788.0001220703125,0.0,-0.0017994308471679687,0.24367755421828158,15.481802787780762,63.533971511846616,0.009900990099009901,15.481802787780762
DROSOPHILA_TRANSFER__DROSOPHILA,158,DROSOPHILA_TRANSFER__DROSOPHILA_network_058.npz,200,200,7.500003814697266,-7.5,15.000003814697266,788.0001220703125,788.0001220703125,0.0,0.006600685119628906,0.23462091935260748,14.993403129577636,63.90480086323558,0.009900990099009901,14.993403129577636
DROSOPHILA_TRANSFER__DROSOPHILA,159,DROSOPHILA_TRANSFER__DROSOPHILA_network_059.npz,200,200,9.72000503540039,-9.71999740600586,19.44000244140625,788.0001220703125,788.0001220703125,0.0,0.012000236511230469,0.3188624435723252,19.42800220489502,60.929101549986434,0.009900990099009901,19.42800220489502
DROSOPHILA_TRANSFER__DROSOPHILA,160,DROSOPHILA_TRANSFER__DROSOPHILA_network_060.npz,200,200,8.579998016357422,-8.579998016357422,17.159996032714844,788.0001220703125,788.0001220703125,0.0,-0.03959953308105469,0.2541610473190034,17.1995955657959,67.67203608587704,0.009900990099009901,17.1995955657959
DROSOPHILA_TRANSFER__DROSOPHILA,161,DROSOPHILA_TRANSFER__DROSOPHILA_network_061.npz,200,200,8.880001068115234,-8.880001068115234,17.76000213623047,788.0001220703125,788.0001220703125,0.0,0.05039989471435547,0.30111515911464426,17.709602241516112,58.81338652489925,0.009900990099009901,17.709602241516112
DROSOPHILA_TRANSFER__DROSOPHILA,162,DROSOPHILA_TRANSFER__DROSOPHILA_network_062.npz,200,200,7.140003204345703,-7.140003204345703,14.280006408691406,788.0001220703125,788.0001220703125,0.0,0.028200035095214845,0.23205881631532538,14.25180637359619,61.41463013510592,0.009900990099009901,14.25180637359619
DROSOPHILA_TRANSFER__DROSOPHILA,163,DROSOPHILA_TRANSFER__DROSOPHILA_network_063.npz,200,200,7.740001678466797,-7.740001678466797,15.480003356933594,788.0001220703125,788.0001220703125,0.0,0.013199691772460937,0.24023943729622627,15.466803665161132,64.38078543320034,0.009900990099009901,15.466803665161132
DROSOPHILA_TRANSFER__DROSOPHILA,164,DROSOPHILA_TRANSFER__DROSOPHILA_network_064.npz,200,200,7.799999237060547,-7.799999237060547,15.599998474121094,788.0001220703125,788.0001220703125,0.0,0.035999755859375,0.219586610864108,15.563998718261718,70.87863261341356,0.009900990099009901,15.563998718261718
DROSOPHILA_TRANSFER__DROSOPHILA,165,DROSOPHILA_TRANSFER__DROSOPHILA_network_065.npz,200,200,8.34000015258789,-8.34000015258789,16.68000030517578,788.0001220703125,788.0001220703125,0.0,-0.004800376892089844,0.26100274102579146,16.68480068206787,63.92576804555141,0.009900990099009901,16.68480068206787
DROSOPHILA_TRANSFER__DROSOPHILA,166,DROSOPHILA_TRANSFER__DROSOPHILA_network_066.npz,200,200,9.119998931884766,-9.119998931884766,18.23999786376953,788.0001220703125,788.0001220703125,0.0,-0.03360004425048828,0.27769429602632767,18.27359790802002,65.80472904739655,0.009900990099009901,18.27359790802002
DROSOPHILA_TRANSFER__DROSOPHILA,167,DROSOPHILA_TRANSFER__DROSOPHILA_network_067.npz,200,200,8.220001220703125,-8.220001220703125,16.44000244140625,788.0001220703125,788.0001220703125,0.0,-0.0005998611450195312,0.26866629434385675,16.44060230255127,61.193393621268726,0.009900990099009901,16.44060230255127
DROSOPHILA_TRANSFER__DROSOPHILA,168,DROSOPHILA_TRANSFER__DROSOPHILA_network_068.npz,200,200,8.880001068115234,-8.880001068115234,17.76000213623047,788.0001220703125,788.0001220703125,0.0,-0.0023999404907226562,0.2862828439762468,17.76240207672119,62.04494069576504,0.009900990099009901,17.76240207672119
DROSOPHILA_TRANSFER__DROSOPHILA,169,DROSOPHILA_TRANSFER__DROSOPHILA_network_069.npz,200,200,9.300003051757812,-9.299999237060547,18.60000228881836,788.0001220703125,788.0001220703125,0.0,-0.016199913024902344,0.29268133443149824,18.61620220184326,63.605703582031346,0.009900990099009901,18.61620220184326
DROSOPHILA_TRANSFER__DROSOPHILA,170,DROSOPHILA_TRANSFER__DROSOPHILA_network_070.npz,200,200,7.5,-7.5,15.0,788.0001220703125,788.0001220703125,0.0,-0.029400291442871093,0.23946857856346382,15.02940029144287,62.76147117756323,0.009900990099009901,15.02940029144287
DROSOPHILA_TRANSFER__DROSOPHILA,171,DROSOPHILA_TRANSFER__DROSOPHILA_network_071.npz,200,200,8.39999771118164,-8.39999771118164,16.79999542236328,788.0001220703125,788.0001220703125,0.0,-0.013199806213378906,0.2812418882574875,16.81319522857666,59.78197391842124,0.009900990099009901,16.81319522857666
DROSOPHILA_TRANSFER__DROSOPHILA,172,DROSOPHILA_TRANSFER__DROSOPHILA_network_072.npz,200,200,8.459999084472656,-8.459999084472656,16.919998168945312,788.0001220703125,788.0001220703125,0.0,-0.014999885559082032,0.2685145848393438,16.934998054504394,63.069192552936556,0.009900990099009901,16.934998054504394
DROSOPHILA_TRANSFER__DROSOPHILA,173,DROSOPHILA_TRANSFER__DROSOPHILA_network_073.npz,200,200,8.39999771118164,-8.400001525878906,16.799999237060547,788.0001220703125,788.0001220703125,0.0,0.039599456787109376,0.27172422998663814,16.76039978027344,61.681653421550294,0.009900990099009901,16.76039978027344
DROSOPHILA_TRANSFER__DROSOPHILA,174,DROSOPHILA_TRANSFER__DROSOPHILA_network_074.npz,200,200,9.540000915527344,-9.540000915527344,19.080001831054688,788.0001220703125,788.0001220703125,0.0,0.08099987030029297,0.2884916634672936,18.999001960754395,65.85632919998854,0.009900990099009901,18.999001960754395
DROSOPHILA_TRANSFER__DROSOPHILA,175,DROSOPHILA_TRANSFER__DROSOPHILA_network_075.npz,200,200,8.759998321533203,-8.760002136230469,17.520000457763672,788.0001220703125,788.0001220703125,0.0,0.08160003662109375,0.28045700090988773,17.43840042114258,62.178517079506335,0.009900990099009901,17.43840042114258
DROSOPHILA_TRANSFER__DROSOPHILA,176,DROSOPHILA_TRANSFER__DROSOPHILA_network_076.npz,200,200,8.639999389648438,-8.639999389648438,17.279998779296875,788.0001220703125,788.0001220703125,0.0,-0.016800193786621093,0.2920875718417642,17.296798973083497,59.217853276050654,0.009900990099009901,17.296798973083497
DROSOPHILA_TRANSFER__DROSOPHILA,177,DROSOPHILA_TRANSFER__DROSOPHILA_network_077.npz,200,200,8.040000915527344,-8.039997100830078,16.079998016357422,788.0001220703125,788.0001220703125,0.0,-0.0036002349853515624,0.26735336167338225,16.083598251342774,60.158578708995755,0.009900990099009901,16.083598251342774
DROSOPHILA_TRANSFER__DROSOPHILA,178,DROSOPHILA_TRANSFER__DROSOPHILA_network_078.npz,200,200,9.299999237060547,-9.299999237060547,18.599998474121094,788.0001220703125,788.0001220703125,0.0,-0.004199905395507813,0.3039445321532443,18.604198379516603,61.20918921527644,0.009900990099009901,18.604198379516603
DROSOPHILA_TRANSFER__DROSOPHILA,179,DROSOPHILA_TRANSFER__DROSOPHILA_network_079.npz,200,200,7.8600006103515625,-7.8600006103515625,15.720001220703125,788.0001220703125,788.0001220703125,0.0,0.038400154113769534,0.26125904042006426,15.681601066589355,60.0231901693268,0.009900990099009901,15.681601066589355
DROSOPHILA_TRANSFER__DROSOPHILA,180,DROSOPHILA_TRANSFER__DROSOPHILA_network_080.npz,200,200,9.240001678466797,-9.240001678466797,18.480003356933594,788.0001220703125,788.0001220703125,0.0,0.04440025329589844,0.2854813682528143,18.435603103637696,64.5772549587602,0.009900990099009901,18.435603103637696
DROSOPHILA_TRANSFER__DROSOPHILA,181,DROSOPHILA_TRANSFER__DROSOPHILA_network_081.npz,200,200,7.799999237060547,-7.799999237060547,15.599998474121094,788.0001220703125,788.0001220703125,0.0,0.009599952697753907,0.2506311386018879,15.59039852142334,62.20455530143733,0.009900990099009901,15.59039852142334
DROSOPHILA_TRANSFER__DROSOPHILA,182,DROSOPHILA_TRANSFER__DROSOPHILA_network_082.npz,200,200,8.760002136230469,-8.759998321533203,17.520000457763672,788.0001220703125,788.0001220703125,0.0,0.015599632263183593,0.28215039927469127,17.50440082550049,62.03925590925302,0.009900990099009901,17.50440082550049
DROSOPHILA_TRANSFER__DROSOPHILA,183,DROSOPHILA_TRANSFER__DROSOPHILA_network_083.npz,200,200,8.639999389648438,-8.640003204345703,17.28000259399414,788.0001220703125,788.0001220703125,0.0,-0.0047998809814453125,0.2577783774873961,17.284802474975585,67.05295705347014,0.009900990099009901,17.284802474975585
DROSOPHILA_TRANSFER__DROSOPHILA,184,DROSOPHILA_TRANSFER__DROSOPHILA_network_084.npz,200,200,7.920001983642578,-7.920001983642578,15.840003967285156,788.0001220703125,788.0001220703125,0.0,-0.023999862670898438,0.22433741277952848,15.864003829956054,70.71492727584713,0.009900990099009901,15.864003829956054
DROSOPHILA_TRANSFER__DROSOPHILA,185,DROSOPHILA_TRANSFER__DROSOPHILA_network_085.npz,200,200,8.94000244140625,-8.939998626708984,17.880001068115234,788.0001220703125,788.0001220703125,0.0,-0.004799995422363281,0.2652862103152919,17.884801063537598,67.41700234731975,0.009900990099009901,17.884801063537598
DROSOPHILA_TRANSFER__DROSOPHILA,186,DROSOPHILA_TRANSFER__DROSOPHILA_network_086.npz,200,200,8.759998321533203,-8.759998321533203,17.519996643066406,788.0001220703125,788.0001220703125,0.0,-0.01679969787597656,0.2889580238976279,17.536796340942384,60.68977114529037,0.009900990099009901,17.536796340942384
DROSOPHILA_TRANSFER__DROSOPHILA,187,DROSOPHILA_TRANSFER__DROSOPHILA_network_087.npz,200,200,7.439998626708984,-7.439998626708984,14.879997253417969,788.0001220703125,788.0001220703125,0.0,-0.02160015106201172,0.24650648287687063,14.90159740447998,60.45113796022675,0.009900990099009901,14.90159740447998
DROSOPHILA_TRANSFER__DROSOPHILA,188,DROSOPHILA_TRANSFER__DROSOPHILA_network_088.npz,200,200,8.579998016357422,-8.580001831054688,17.15999984741211,788.0001220703125,788.0001220703125,0.0,0.021600341796875,0.31880689310336485,17.138399505615233,53.75793270586076,0.009900990099009901,17.138399505615233
DROSOPHILA_TRANSFER__DROSOPHILA,189,DROSOPHILA_TRANSFER__DROSOPHILA_network_089.npz,200,200,8.880001068115234,-8.880001068115234,17.76000213623047,788.0001220703125,788.0001220703125,0.0,-0.06480079650878906,0.2546560277165796,17.824802932739257,69.99560580822944,0.009900990099009901,17.824802932739257
DROSOPHILA_TRANSFER__DROSOPHILA,190,DROSOPHILA_TRANSFER__DROSOPHILA_network_090.npz,200,200,8.34000015258789,-8.34000015258789,16.68000030517578,788.0001220703125,788.0001220703125,0.0,0.005400352478027344,0.21976777855830648,16.674599952697754,75.87372481118211,0.009900990099009901,16.674599952697754
DROSOPHILA_TRANSFER__DROSOPHILA,191,DROSOPHILA_TRANSFER__DROSOPHILA_network_091.npz,200,200,8.700000762939453,-8.700000762939453,17.400001525878906,788.0001220703125,788.0001220703125,0.0,-0.04979991912841797,0.24628928466164912,17.449801445007324,70.85083489921116,0.009900990099009901,17.449801445007324
DROSOPHILA_TRANSFER__DROSOPHILA,192,DROSOPHILA_TRANSFER__DROSOPHILA_network_092.npz,200,200,8.220001220703125,-8.21999740600586,16.439998626708984,788.0001220703125,788.0001220703125,0.0,-0.014999656677246094,0.2753350196114701,16.45499828338623,59.763550261808895,0.009900990099009901,16.45499828338623
DROSOPHILA_TRANSFER__DROSOPHILA,193,DROSOPHILA_TRANSFER__DROSOPHILA_network_093.npz,200,200,8.39999771118164,-8.400001525878906,16.799999237060547,788.0001220703125,788.0001220703125,0.0,-0.01920001983642578,0.2704726057447788,16.819199256896972,62.184483380796685,0.009900990099009901,16.819199256896972
DROSOPHILA_TRANSFER__DROSOPHILA,194,DROSOPHILA_TRANSFER__DROSOPHILA_network_094.npz,200,200,9.0,-9.0,18.0,788.0001220703125,788.0001220703125,0.0,0.06899959564208985,0.24854124812468562,17.93100040435791,72.14496804716484,0.009900990099009901,17.93100040435791
DROSOPHILA_TRANSFER__DROSOPHILA,195,DROSOPHILA_TRANSFER__DROSOPHILA_network_095.npz,200,200,9.000003814697266,-9.0,18.000003814697266,788.0001220703125,788.0001220703125,0.0,-0.06120014190673828,0.26737523547101705,18.061203956604004,67.55002543443034,0.009900990099009901,18.061203956604004
DROSOPHILA_TRANSFER__DROSOPHILA,196,DROSOPHILA_TRANSFER__DROSOPHILA_network_096.npz,200,200,8.220001220703125,-8.220001220703125,16.44000244140625,788.0001220703125,788.0001220703125,0.0,-0.008399772644042968,0.2654700623345502,16.448402214050294,61.95953724274083,0.009900990099009901,16.448402214050294
DROSOPHILA_TRANSFER__DROSOPHILA,197,DROSOPHILA_TRANSFER__DROSOPHILA_network_097.npz,200,200,8.10000228881836,-8.10000228881836,16.20000457763672,788.0001220703125,788.0001220703125,0.0,0.025200080871582032,0.26232232410225764,16.174804496765137,61.660038092907136,0.009900990099009901,16.174804496765137
DROSOPHILA_TRANSFER__DROSOPHILA,198,DROSOPHILA_TRANSFER__DROSOPHILA_network_098.npz,200,200,7.8600006103515625,-7.8600006103515625,15.720001220703125,788.0001220703125,788.0001220703125,0.0,-0.02280036926269531,0.2611558703451304,15.74280158996582,60.281247245795896,0.009900990099009901,15.74280158996582
DROSOPHILA_TRANSFER__DROSOPHILA,199,DROSOPHILA_TRANSFER__DROSOPHILA_network_099.npz,200,200,8.759998321533203,-8.759998321533203,17.519996643066406,788.0001220703125,788.0001220703125,0.0,-0.03779987335205078,0.3032740649500069,17.557796516418456,57.89415761388223,0.009900990099009901,17.557796516418456
HONEYBEE__BEE,200,HONEYBEE__BEE_network_000.npz,200,200,-2.6399974822998047,8.980003356933594,-11.620000839233398,788.0001220703125,784.0001220703125,4.0,0.0011997604370117187,0.19867936450721782,-11.62120059967041,-58.492237623642204,0.009900990099009901,11.62120059967041
HONEYBEE__BEE,201,HONEYBEE__BEE_network_001.npz,200,200,-1.0399971008300781,7.780000686645508,-8.819997787475586,788.0000610351562,784.0000610351562,4.0,0.004200096130371094,0.14338754591761493,-8.824197883605956,-61.54089483249826,0.009900990099009901,8.824197883605956
HONEYBEE__BEE,202,HONEYBEE__BEE_network_002.npz,200,200,-1.5199966430664062,8.139999389648438,-9.659996032714844,788.0001220703125,784.0000610351562,4.00006103515625,0.01280017852783203,0.15933012706366081,-9.672796211242677,-60.7091476640691,0.009900990099009901,9.672796211242677
HONEYBEE__BEE,203,HONEYBEE__BEE_network_003.npz,200,200,-1.6799964904785156,8.260002136230469,-9.939998626708984,788.0001220703125,784.0001220703125,4.0,-0.008599624633789063,0.16736228905997882,-9.931399002075196,-59.340721603753934,0.009900990099009901,9.931399002075196
HONEYBEE__BEE,204,HONEYBEE__BEE_network_004.npz,200,200,-1.7599964141845703,8.320003509521484,-10.079999923706055,788.0001220703125,784.0001220703125,4.0,-0.04739990234375,0.17078869379706124,-10.032600021362304,-58.74276451392905,0.009900990099009901,10.032600021362304
HONEYBEE__BEE,205,HONEYBEE__BEE_network_005.npz,200,200,-1.4399948120117188,8.080001831054688,-9.519996643066406,788.0001220703125,784.0001220703125,4.0,-0.016599884033203127,0.15719855469098296,-9.503396759033203,-60.454733681965116,0.009900990099009901,9.503396759033203
HONEYBEE__BEE,206,HONEYBEE__BEE_network_006.npz,200,200,-1.839996337890625,8.3800048828125,-10.220001220703125,788.0001220703125,784.0001220703125,4.0,-0.019200401306152345,0.1502840014527955,-10.200800819396973,-67.87682468383746,0.009900990099009901,10.200800819396973
HONEYBEE__BEE,207,HONEYBEE__BEE_network_007.npz,200,200,-2.2399978637695312,8.680000305175781,-10.919998168945312,788.0001220703125,784.0001220703125,4.0,0.004599800109863281,0.18239368523919602,-10.924597969055176,-59.89570282945027,0.009900990099009901,10.924597969055176
HONEYBEE__BEE,208,HONEYBEE__BEE_network_008.npz,200,200,-1.9199962615966797,8.44000244140625,-10.35999870300293,788.0001220703125,784.0001220703125,4.0,-0.008399810791015625,0.16697363111680646,-10.351598892211914,-61.995411029723904,0.009900990099009901,10.351598892211914
HONEYBEE__BEE,209,HONEYBEE__BEE_network_009.npz,200,200,-1.7599983215332031,8.320003509521484,-10.080001831054688,788.0001220703125,784.0001220703125,4.0,-0.002199745178222656,0.16227843616561455,-10.077802085876465,-62.1019176915871,0.009900990099009901,10.077802085876465
HONEYBEE__BEE,210,HONEYBEE__BEE_network_010.npz,200,200,-1.839996337890625,8.380001068115234,-10.21999740600586,788.0001220703125,784.0001220703125,4.0,0.03619922637939453,0.16237356693936267,-10.256196632385254,-63.164201080926944,0.009900990099009901,10.256196632385254
HONEYBEE__BEE,211,HONEYBEE__BEE_network_011.npz,200,200,-1.7599964141845703,8.319999694824219,-10.079996109008789,788.0001220703125,784.0001220703125,4.0,0.026999740600585936,0.1483479988488432,-10.106995849609374,-68.13031471969995,0.009900990099009901,10.106995849609374
HONEYBEE__BEE,212,HONEYBEE__BEE_network_012.npz,200,200,-1.599996566772461,8.200004577636719,-9.80000114440918,788.0001220703125,784.0001220703125,4.0,0.009001045227050782,0.15511211456396487,-9.80900218963623,-63.2381436950317,0.009900990099009901,9.80900218963623
HONEYBEE__BEE,213,HONEYBEE__BEE_network_013.npz,200,200,-0.7999954223632812,7.600002288818359,-8.39999771118164,788.0001220703125,784.0000610351562,4.00006103515625,-0.0073989486694335934,0.1305052954102307,-8.392598762512208,-64.30849212770171,0.009900990099009901,8.392598762512208
HONEYBEE__BEE,214,HONEYBEE__BEE_network_014.npz,200,200,-1.2799968719482422,7.960002899169922,-9.239999771118164,788.0001220703125,784.0001220703125,4.0,-0.025999717712402344,0.15558294949674958,-9.214000053405762,-59.222428185154435,0.009900990099009901,9.214000053405762
HONEYBEE__BEE,215,HONEYBEE__BEE_network_015.npz,200,200,-1.7599964141845703,8.320003509521484,-10.079999923706055,788.0001220703125,784.0001220703125,4.0,-0.0499997329711914,0.16715088253416052,-10.030000190734864,-60.00566696789674,0.009900990099009901,10.030000190734864
HONEYBEE__BEE,216,HONEYBEE__BEE_network_016.npz,200,200,-0.7999954223632812,7.600004196166992,-8.399999618530273,788.0001220703125,784.0001220703125,4.0,0.022599639892578124,0.1206267804093276,-8.422599258422851,-69.82362647699054,0.009900990099009901,8.422599258422851
HONEYBEE__BEE,217,HONEYBEE__BEE_network_017.npz,200,200,-1.4399986267089844,8.080005645751953,-9.520004272460938,788.0001220703125,784.0000610351562,4.00006103515625,0.003999900817871094,0.1558041623449318,-9.524004173278808,-61.12804709410651,0.009900990099009901,9.524004173278808
HONEYBEE__BEE,218,HONEYBEE__BEE_network_018.npz,200,200,-2.1599960327148438,8.620002746582031,-10.779998779296875,788.0001220703125,784.0001220703125,4.0,-0.011800308227539063,0.19975938319177206,-10.768198471069336,-53.90584561793376,0.009900990099009901,10.768198471069336
HONEYBEE__BEE,219,HONEYBEE__BEE_network_019.npz,200,200,-1.9999980926513672,8.500003814697266,-10.500001907348633,788.0001220703125,784.0001220703125,4.0,0.0011999893188476562,0.16366581556628432,-10.50120189666748,-64.16246337289972,0.009900990099009901,10.50120189666748
HONEYBEE__BEE,220,HONEYBEE__BEE_network_020.npz,200,200,-1.1199970245361328,7.840003967285156,-8.960000991821289,788.0001220703125,784.0000610351562,4.00006103515625,-0.010000114440917968,0.16390408768140477,-8.95000087738037,-54.60511085469264,0.009900990099009901,8.95000087738037
HONEYBEE__BEE,221,HONEYBEE__BEE_network_021.npz,200,200,-1.6799964904785156,8.260002136230469,-9.939998626708984,788.0001220703125,784.0001220703125,4.0,0.01279937744140625,0.16244435025681,-9.95279800415039,-61.26896988670831,0.009900990099009901,9.95279800415039
HONEYBEE__BEE,222,HONEYBEE__BEE_network_022.npz,200,200,-0.9599971771240234,7.720005035400391,-8.680002212524414,788.0001220703125,784.0001220703125,4.0,0.00319976806640625,0.15561529098618776,-8.68320198059082,-55.799156532512804,0.009900990099009901,8.68320198059082
HONEYBEE__BEE,223,HONEYBEE__BEE_network_023.npz,200,200,-1.9199981689453125,8.44000244140625,-10.360000610351562,788.0001220703125,784.0001220703125,4.0,-0.03780071258544922,0.16582590168471217,-10.322199897766113,-62.24721103818812,0.009900990099009901,10.322199897766113
HONEYBEE__BEE,224,HONEYBEE__BEE_network_024.npz,200,200,-1.1199970245361328,7.840003967285156,-8.960000991821289,788.0001220703125,784.0001220703125,4.0,0.012599830627441405,0.14449253834007167,-8.972600822448731,-62.09732990731458,0.009900990099009901,8.972600822448731
HONEYBEE__BEE,225,HONEYBEE__BEE_network_025.npz,200,200,-1.1199970245361328,7.840002059936523,-8.959999084472656,788.0001220703125,784.0001220703125,4.0,-0.016600265502929687,0.16829597755676295,-8.943398818969726,-53.14089468331643,0.009900990099009901,8.943398818969726
HONEYBEE__BEE,226,HONEYBEE__BEE_network_026.npz,200,200,-0.9599971771240234,7.720003128051758,-8.680000305175781,788.0001220703125,784.0001220703125,4.0,-0.01279998779296875,0.15185159770365314,-8.667200317382813,-57.07678054397121,0.009900990099009901,8.667200317382813
HONEYBEE__BEE,227,HONEYBEE__BEE_network_027.npz,200,200,-2.1599960327148438,8.620002746582031,-10.779998779296875,788.0001220703125,784.0001220703125,4.0,0.010400047302246094,0.18256303438243168,-10.790398826599121,-59.10505849719541,0.009900990099009901,10.790398826599121
HONEYBEE__BEE,228,HONEYBEE__BEE_network_028.npz,200,200,-2.4799976348876953,8.860004425048828,-11.340002059936523,788.0001220703125,784.0001220703125,4.0,-0.03200042724609375,0.17555658029217353,-11.308001632690429,-64.41229154652513,0.009900990099009901,11.308001632690429
HONEYBEE__BEE,229,HONEYBEE__BEE_network_029.npz,200,200,-2.1599960327148438,8.620002746582031,-10.779998779296875,788.0001220703125,784.0001220703125,4.0,-0.05339981079101563,0.16699480196420133,-10.72659896850586,-64.2331308659854,0.009900990099009901,10.72659896850586
HONEYBEE__BEE,230,HONEYBEE__BEE_network_030.npz,200,200,-1.9199981689453125,8.44000244140625,-10.360000610351562,788.0001220703125,784.0001220703125,4.0,-0.02379981994628906,0.18765405531660215,-10.336200790405274,-55.08114798247479,0.009900990099009901,10.336200790405274
HONEYBEE__BEE,231,HONEYBEE__BEE_network_031.npz,200,200,-0.9599971771240234,7.720003128051758,-8.680000305175781,788.0001220703125,784.0001220703125,4.0,-0.01779987335205078,0.1403571904192534,-8.662200431823731,-61.71540201075085,0.009900990099009901,8.662200431823731
HONEYBEE__BEE,232,HONEYBEE__BEE_network_032.npz,200,200,-0.7999973297119141,7.600004196166992,-8.400001525878906,788.0001220703125,784.0001220703125,4.0,0.009399909973144532,0.13947889807383304,-8.40940143585205,-60.29156777106556,0.009900990099009901,8.40940143585205
HONEYBEE__BEE,233,HONEYBEE__BEE_network_033.npz,200,200,-0.07999610900878906,7.060001373291016,-7.139997482299805,788.0001220703125,784.0001220703125,4.0,0.0013999557495117188,0.1129672919247321,-7.141397438049316,-63.2165055599234,0.009900990099009901,7.141397438049316
HONEYBEE__BEE,234,HONEYBEE__BEE_network_034.npz,200,200,-1.839996337890625,8.3800048828125,-10.220001220703125,788.0001220703125,784.0001220703125,4.0,0.028599586486816406,0.1593233684481209,-10.248600807189941,-64.32578539492219,0.009900990099009901,10.248600807189941
HONEYBEE__BEE,235,HONEYBEE__BEE_network_035.npz,200,200,-3.039997100830078,9.280006408691406,-12.320003509521484,788.0001220703125,784.0001220703125,4.0,0.0009999465942382812,0.18818385964147236,-12.321003456115722,-65.47322113378736,0.009900990099009901,12.321003456115722
HONEYBEE__BEE,236,HONEYBEE__BEE_network_036.npz,200,200,-2.9599971771240234,9.220001220703125,-12.179998397827148,788.0001220703125,784.0001220703125,4.0,1.9073486328125e-07,0.18188683694098062,-12.179998588562011,-66.964706151409,0.009900990099009901,12.179998588562011
HONEYBEE__BEE,237,HONEYBEE__BEE_network_037.npz,200,200,-1.2799968719482422,7.960002899169922,-9.239999771118164,788.0001220703125,784.0001220703125,4.0,-0.001599884033203125,0.15571743622989223,-9.238399887084961,-59.32797322353754,0.009900990099009901,9.238399887084961
HONEYBEE__BEE,238,HONEYBEE__BEE_network_038.npz,200,200,-1.5199966430664062,8.140003204345703,-9.65999984741211,788.0001220703125,784.0001220703125,4.0,-0.00499969482421875,0.14681452151474378,-9.65500015258789,-65.7632504807659,0.009900990099009901,9.65500015258789
HONEYBEE__BEE,239,HONEYBEE__BEE_network_039.npz,200,200,-2.079998016357422,8.560005187988281,-10.640003204345703,788.0001220703125,784.0001220703125,4.0,-0.0022003936767578127,0.17017863981867823,-10.637802810668946,-62.50962413381198,0.009900990099009901,10.637802810668946
HONEYBEE__BEE,240,HONEYBEE__BEE_network_040.npz,200,200,-1.1999969482421875,7.900003433227539,-9.100000381469727,788.0001220703125,784.0001220703125,4.0,-0.01580024719238281,0.1572056822334008,-9.084200134277344,-57.78544391792514,0.009900990099009901,9.084200134277344
HONEYBEE__BEE,241,HONEYBEE__BEE_network_041.npz,200,200,-1.1199970245361328,7.840003967285156,-8.960000991821289,788.0001220703125,784.0001220703125,4.0,0.02280036926269531,0.14270151726033956,-8.982801361083984,-62.948183968472335,0.009900990099009901,8.982801361083984
HONEYBEE__BEE,242,HONEYBEE__BEE_network_042.npz,200,200,-1.0399971008300781,7.780002593994141,-8.819999694824219,788.0001220703125,784.0001220703125,4.0,-0.01599994659423828,0.14079118686558234,-8.80399974822998,-62.53232140613623,0.009900990099009901,8.80399974822998
HONEYBEE__BEE,243,HONEYBEE__BEE_network_043.npz,200,200,-1.8399982452392578,8.3800048828125,-10.220003128051758,788.0001220703125,784.0001220703125,4.0,0.002000007629394531,0.16741695332074139,-10.222003135681152,-61.05715659570985,0.009900990099009901,10.222003135681152
HONEYBEE__BEE,244,HONEYBEE__BEE_network_044.npz,200,200,-1.5199966430664062,8.140003204345703,-9.65999984741211,788.0001220703125,784.0001220703125,4.0,-0.005200004577636719,0.18445872578701278,-9.654799842834473,-52.34124762404837,0.009900990099009901,9.654799842834473
HONEYBEE__BEE,245,HONEYBEE__BEE_network_045.npz,200,200,-1.5999984741210938,8.200004577636719,-9.800003051757812,788.0001220703125,784.0001220703125,4.0,0.005200767517089843,0.15793144481114044,-9.805203819274903,-62.08519038751456,0.009900990099009901,9.805203819274903
HONEYBEE__BEE,246,HONEYBEE__BEE_network_046.npz,200,200,-1.3599967956542969,8.020004272460938,-9.380001068115234,788.0001220703125,784.0001220703125,4.0,-0.0012002944946289062,0.1471844149480947,-9.378800773620606,-63.721425783620404,0.009900990099009901,9.378800773620606
HONEYBEE__BEE,247,HONEYBEE__BEE_network_047.npz,200,200,-1.1199970245361328,7.840003967285156,-8.960000991821289,788.0001220703125,784.0001220703125,4.0,-0.016800193786621093,0.12189499761913745,-8.943200798034669,-73.36807065682727,0.009900990099009901,8.943200798034669
HONEYBEE__BEE,248,HONEYBEE__BEE_network_048.npz,200,200,-2.3999977111816406,8.800003051757812,-11.200000762939453,788.0001220703125,784.0001220703125,4.0,-0.006999969482421875,0.18760272681823603,-11.193000793457031,-59.66331611108016,0.009900990099009901,11.193000793457031
HONEYBEE__BEE,249,HONEYBEE__BEE_network_049.npz,200,200,-1.1199970245361328,7.840003967285156,-8.960000991821289,788.0001220703125,784.0001220703125,4.0,0.016599998474121094,0.1426183640056641,-8.97660099029541,-62.94141047599524,0.009900990099009901,8.97660099029541
HONEYBEE__BEE,250,HONEYBEE__BEE_network_050.npz,200,200,-2.2399978637695312,8.680004119873047,-10.920001983642578,788.0001220703125,784.0001220703125,4.0,0.008599472045898438,0.17111007225692923,-10.928601455688476,-63.86883782784397,0.009900990099009901,10.928601455688476
HONEYBEE__BEE,251,HONEYBEE__BEE_network_051.npz,200,200,-1.6799964904785156,8.260002136230469,-9.939998626708984,788.0001220703125,784.0001220703125,4.0,-0.013399658203125,0.14030471013893767,-9.926598968505859,-70.75029026948546,0.009900990099009901,9.926598968505859
HONEYBEE__BEE,252,HONEYBEE__BEE_network_052.npz,200,200,-1.5199966430664062,8.139999389648438,-9.659996032714844,788.0001220703125,784.0001220703125,4.0,0.011800498962402343,0.15234458569895507,-9.671796531677247,-63.486316151658194,0.009900990099009901,9.671796531677247
HONEYBEE__BEE,253,HONEYBEE__BEE_network_053.npz,200,200,-0.8799972534179688,7.660003662109375,-8.540000915527344,788.0001220703125,784.0001220703125,4.0,0.00239990234375,0.1488621546363543,-8.542400817871094,-57.38463774583118,0.009900990099009901,8.542400817871094
HONEYBEE__BEE,254,HONEYBEE__BEE_network_054.npz,200,200,-0.8799972534179688,7.660003662109375,-8.540000915527344,788.0001220703125,784.0001220703125,4.0,0.020999107360839844,0.15077942299576252,-8.561000022888184,-56.77830471024405,0.009900990099009901,8.561000022888184
HONEYBEE__BEE,255,HONEYBEE__BEE_network_055.npz,200,200,-0.7199954986572266,7.540002822875977,-8.259998321533203,788.0001220703125,784.0001220703125,4.0,0.00020030975341796874,0.1373777939590298,-8.26019863128662,-60.12761155380076,0.009900990099009901,8.26019863128662
HONEYBEE__BEE,256,HONEYBEE__BEE_network_056.npz,200,200,-1.7599983215332031,8.320003509521484,-10.080001831054688,788.0001220703125,784.0001220703125,4.0,0.005600013732910156,0.15799418105737245,-10.085601844787597,-63.83527404167632,0.009900990099009901,10.085601844787597
HONEYBEE__BEE,257,HONEYBEE__BEE_network_057.npz,200,200,-0.9599971771240234,7.720003128051758,-8.680000305175781,788.0001220703125,784.0001220703125,4.0,-0.016999969482421873,0.13559763961550683,-8.66300033569336,-63.887545242363245,0.009900990099009901,8.66300033569336
HONEYBEE__BEE,258,HONEYBEE__BEE_network_058.npz,200,200,-1.9999961853027344,8.500003814697266,-10.5,788.0001220703125,784.0001220703125,4.0,-0.010999298095703125,0.16680925725758294,-10.489000701904297,-62.880207455797425,0.009900990099009901,10.489000701904297
HONEYBEE__BEE,259,HONEYBEE__BEE_network_059.npz,200,200,-1.6799964904785156,8.260002136230469,-9.939998626708984,788.0001220703125,784.0001220703125,4.0,0.00059967041015625,0.15443505280054812,-9.940598297119141,-64.36750023297729,0.009900990099009901,9.940598297119141
HONEYBEE__BEE,260,HONEYBEE__BEE_network_060.npz,200,200,-1.7599983215332031,8.320003509521484,-10.080001831054688,788.0001220703125,784.0001220703125,4.0,0.0084002685546875,0.17618158522612357,-10.088402099609375,-57.26138794052299,0.009900990099009901,10.088402099609375
HONEYBEE__BEE,261,HONEYBEE__BEE_network_061.npz,200,200,-1.4399967193603516,8.080001831054688,-9.519998550415039,788.0001220703125,784.0000610351562,4.00006103515625,0.021599998474121095,0.15423079038136234,-9.54159854888916,-61.86571776813116,0.009900990099009901,9.54159854888916
HONEYBEE__BEE,262,HONEYBEE__BEE_network_062.npz,200,200,-1.9999961853027344,8.500003814697266,-10.5,788.0001220703125,784.0001220703125,4.0,0.014600181579589843,0.16262608771860998,-10.51460018157959,-64.65506444312231,0.009900990099009901,10.51460018157959
HONEYBEE__BEE,263,HONEYBEE__BEE_network_063.npz,200,200,-1.2799968719482422,7.9600067138671875,-9.24000358581543,788.0001220703125,784.0001220703125,4.0,0.00960002899169922,0.15915097776443565,-9.249603614807128,-58.118421543710255,0.009900990099009901,9.249603614807128
HONEYBEE__BEE,264,HONEYBEE__BEE_network_064.npz,200,200,-2.3999977111816406,8.800003051757812,-11.200000762939453,788.0001220703125,784.0001220703125,4.0,-0.01920032501220703,0.1752553755156123,-11.180800437927246,-63.79718970121533,0.009900990099009901,11.180800437927246
HONEYBEE__BEE,265,HONEYBEE__BEE_network_065.npz,200,200,-0.8799972534179688,7.660003662109375,-8.540000915527344,788.0001220703125,784.0001220703125,4.0,-0.01659984588623047,0.14793057128232995,-8.523401069641114,-57.61757691974262,0.009900990099009901,8.523401069641114
HONEYBEE__BEE,266,HONEYBEE__BEE_network_066.npz,200,200,-2.4799976348876953,8.860004425048828,-11.340002059936523,788.0001220703125,784.0001220703125,4.0,0.02499988555908203,0.18615409858968038,-11.365001945495605,-61.05158055394884,0.009900990099009901,11.365001945495605
HONEYBEE__BEE,267,HONEYBEE__BEE_network_067.npz,200,200,-1.4399967193603516,8.080001831054688,-9.519998550415039,788.0001220703125,784.0001220703125,4.0,0.0019999313354492187,0.14123544611027172,-9.521998481750488,-67.41932527558303,0.009900990099009901,9.521998481750488
HONEYBEE__BEE,268,HONEYBEE__BEE_network_068.npz,200,200,-0.8799972534179688,7.660001754760742,-8.539999008178711,788.0001220703125,784.0001220703125,4.0,0.0039997100830078125,0.12348465496726065,-8.543998718261719,-69.19077289827615,0.009900990099009901,8.543998718261719
HONEYBEE__BEE,269,HONEYBEE__BEE_network_069.npz,200,200,-1.5199966430664062,8.140003204345703,-9.65999984741211,788.0001831054688,784.0000610351562,4.0001220703125,-0.005999755859375,0.17862586063975316,-9.654000091552735,-54.04592625601177,0.009900990099009901,9.654000091552735
HONEYBEE__BEE,270,HONEYBEE__BEE_network_070.npz,200,200,-2.1599960327148438,8.620002746582031,-10.779998779296875,788.0001220703125,784.0000610351562,4.00006103515625,0.00059967041015625,0.18482827911262875,-10.780598449707032,-58.32764608027142,0.009900990099009901,10.780598449707032
HONEYBEE__BEE,271,HONEYBEE__BEE_network_071.npz,200,200,-1.1999969482421875,7.900005340576172,-9.10000228881836,788.0001220703125,784.0000610351562,4.00006103515625,-0.0008002471923828125,0.16611815441477912,-9.099202041625977,-54.77548238891609,0.009900990099009901,9.099202041625977
HONEYBEE__BEE,272,HONEYBEE__BEE_network_072.npz,200,200,-1.599996566772461,8.200004577636719,-9.80000114440918,788.0001220703125,784.0001220703125,4.0,-0.012399940490722657,0.16484494053632517,-9.787601203918458,-59.37459270557149,0.009900990099009901,9.787601203918458
HONEYBEE__BEE,273,HONEYBEE__BEE_network_073.npz,200,200,-1.5199966430664062,8.140007019042969,-9.660003662109375,788.0001220703125,784.0001220703125,4.0,0.014400100708007813,0.17897783758244487,-9.674403762817382,-54.053640906019645,0.009900990099009901,9.674403762817382
HONEYBEE__BEE,274,HONEYBEE__BEE_network_074.npz,200,200,-1.7599983215332031,8.320003509521484,-10.080001831054688,788.0001220703125,784.0001220703125,4.0,0.0013994216918945313,0.19057054229048362,-10.081401252746582,-52.90115214858162,0.009900990099009901,10.081401252746582
HONEYBEE__BEE,275,HONEYBEE__BEE_network_075.npz,200,200,-1.2799968719482422,7.960002899169922,-9.239999771118164,788.0001220703125,784.0001220703125,4.0,0.010399703979492187,0.13482417951723286,-9.250399475097657,-68.61083455668496,0.009900990099009901,9.250399475097657
HONEYBEE__BEE,276,HONEYBEE__BEE_network_076.npz,200,200,-0.8799972534179688,7.660001754760742,-8.539999008178711,788.0001220703125,784.0001220703125,4.0,-0.007200355529785156,0.13814112283202512,-8.532798652648927,-61.76870780921998,0.009900990099009901,8.532798652648927
HONEYBEE__BEE,277,HONEYBEE__BEE_network_077.npz,200,200,-1.1999969482421875,7.900005340576172,-9.10000228881836,788.0001220703125,784.0001220703125,4.0,-0.010799751281738282,0.16598464699173665,-9.089202537536622,-54.75929673175807,0.009900990099009901,9.089202537536622
HONEYBEE__BEE,278,HONEYBEE__BEE_network_078.npz,200,200,-1.3599967956542969,8.020004272460938,-9.380001068115234,788.0001220703125,784.0001220703125,4.0,-0.009799346923828126,0.14783235056355526,-9.370201721191407,-63.383973030740805,0.009900990099009901,9.370201721191407
HONEYBEE__BEE,279,HONEYBEE__BEE_network_079.npz,200,200,-2.1599979400634766,8.620002746582031,-10.780000686645508,788.0001220703125,784.0001220703125,4.0,0.008600196838378905,0.19856595597013796,-10.788600883483888,-54.332580984357506,0.009900990099009901,10.788600883483888
HONEYBEE__BEE,280,HONEYBEE__BEE_network_080.npz,200,200,-1.5199966430664062,8.140003204345703,-9.65999984741211,788.0001220703125,784.0001220703125,4.0,-0.02800041198730469,0.16887054253284797,-9.631999435424804,-57.03777160277216,0.009900990099009901,9.631999435424804
HONEYBEE__BEE,281,HONEYBEE__BEE_network_081.npz,200,200,-2.079998016357422,8.560005187988281,-10.640003204345703,788.0001220703125,784.0001220703125,4.0,0.023200035095214844,0.1755513968506004,-10.663203239440918,-60.741204175752756,0.009900990099009901,10.663203239440918
HONEYBEE__BEE,282,HONEYBEE__BEE_network_082.npz,200,200,-0.9599971771240234,7.720005035400391,-8.680002212524414,788.0001220703125,784.0000610351562,4.00006103515625,-0.0023999786376953124,0.13613058052679042,-8.677602233886718,-63.744694250965686,0.009900990099009901,8.677602233886718
HONEYBEE__BEE,283,HONEYBEE__BEE_network_083.npz,200,200,-1.4399986267089844,8.080001831054688,-9.520000457763672,788.0001220703125,784.0000610351562,4.00006103515625,-0.014400062561035156,0.1568137500753179,-9.505600395202636,-60.61713587384449,0.009900990099009901,9.505600395202636
HONEYBEE__BEE,284,HONEYBEE__BEE_network_084.npz,200,200,-1.3599967956542969,8.020004272460938,-9.380001068115234,788.0001220703125,784.0001220703125,4.0,-0.010600166320800781,0.15988550562594447,-9.369400901794434,-58.600689694251244,0.009900990099009901,9.369400901794434
HONEYBEE__BEE,285,HONEYBEE__BEE_network_085.npz,200,200,-0.9599952697753906,7.720001220703125,-8.679996490478516,788.0001220703125,784.0001220703125,4.0,-0.000799713134765625,0.1522603065817,-8.67919677734375,-57.002359788935905,0.009900990099009901,8.67919677734375
HONEYBEE__BEE,286,HONEYBEE__BEE_network_086.npz,200,200,-1.5999984741210938,8.200004577636719,-9.800003051757812,788.0001220703125,784.0000610351562,4.00006103515625,0.006800308227539063,0.14589995589479435,-9.806803359985352,-67.21594465084588,0.009900990099009901,9.806803359985352
HONEYBEE__BEE,287,HONEYBEE__BEE_network_087.npz,200,200,-1.839996337890625,8.3800048828125,-10.220001220703125,788.0001220703125,784.0001220703125,4.0,-0.013199539184570312,0.170281312712041,-10.206801681518554,-59.94082098003938,0.009900990099009901,10.206801681518554
HONEYBEE__BEE,288,HONEYBEE__BEE_network_088.npz,200,200,-1.5999984741210938,8.200004577636719,-9.800003051757812,788.0001220703125,784.0001220703125,4.0,0.0032006072998046874,0.16993694771933526,-9.803203659057617,-57.68729985222759,0.009900990099009901,9.803203659057617
HONEYBEE__BEE,289,HONEYBEE__BEE_network_089.npz,200,200,-1.2799968719482422,7.960002899169922,-9.239999771118164,788.0001220703125,784.0001220703125,4.0,-0.012400054931640625,0.14718311336696904,-9.227599716186523,-62.69469034249542,0.009900990099009901,9.227599716186523
HONEYBEE__BEE,290,HONEYBEE__BEE_network_090.npz,200,200,-3.119997024536133,9.340003967285156,-12.460000991821289,788.0001220703125,784.0000610351562,4.00006103515625,0.01800006866455078,0.19400095272177034,-12.47800106048584,-64.31927722737203,0.009900990099009901,12.47800106048584
HONEYBEE__BEE,291,HONEYBEE__BEE_network_091.npz,200,200,-1.5199966430664062,8.140007019042969,-9.660003662109375,788.0001220703125,784.0001220703125,4.0,-0.005000114440917969,0.1476104168288487,-9.655003547668457,-65.40868696863879,0.009900990099009901,9.655003547668457
HONEYBEE__BEE,292,HONEYBEE__BEE_network_092.npz,200,200,-1.4399967193603516,8.080001831054688,-9.519998550415039,788.0001220703125,784.0001220703125,4.0,-0.0027998733520507814,0.14672234064205456,-9.517198677062987,-64.865368391861,0.009900990099009901,9.517198677062987
HONEYBEE__BEE,293,HONEYBEE__BEE_network_093.npz,200,200,-0.55999755859375,7.420001983642578,-7.979999542236328,788.0001220703125,784.0001220703125,4.0,0.01399993896484375,0.13743702804742022,-7.993999481201172,-58.1648162418281,0.009900990099009901,7.993999481201172
HONEYBEE__BEE,294,HONEYBEE__BEE_network_094.npz,200,200,-1.5999984741210938,8.200004577636719,-9.800003051757812,788.0000610351562,784.0001220703125,3.99993896484375,0.01380035400390625,0.17100342281674294,-9.81380340576172,-57.38951445596942,0.009900990099009901,9.81380340576172
HONEYBEE__BEE,295,HONEYBEE__BEE_network_095.npz,200,200,-1.9199981689453125,8.44000244140625,-10.360000610351562,788.0001220703125,784.0001220703125,4.0,0.016200180053710937,0.19448339103245185,-10.376200790405273,-53.3526319924866,0.009900990099009901,10.376200790405273
HONEYBEE__BEE,296,HONEYBEE__BEE_network_096.npz,200,200,-1.599996566772461,8.200004577636719,-9.80000114440918,788.0001220703125,784.0001220703125,4.0,0.009199600219726562,0.1474201756400973,-9.809200744628907,-66.53906564713704,0.009900990099009901,9.809200744628907
HONEYBEE__BEE,297,HONEYBEE__BEE_network_097.npz,200,200,-1.6799964904785156,8.260002136230469,-9.939998626708984,788.0001220703125,784.0001220703125,4.0,0.0022000885009765625,0.1460291962551886,-9.942198715209962,-68.08363649304619,0.009900990099009901,9.942198715209962
HONEYBEE__BEE,298,HONEYBEE__BEE_network_098.npz,200,200,-1.5199966430664062,8.140003204345703,-9.65999984741211,788.0001220703125,784.0001220703125,4.0,-0.009599647521972655,0.16333582956506862,-9.650400199890136,-59.08317988519276,0.009900990099009901,9.650400199890136
HONEYBEE__BEE,299,HONEYBEE__BEE_network_099.npz,200,200,-1.4399967193603516,8.080001831054688,-9.519998550415039,788.0001220703125,784.0001220703125,4.0,-0.01959991455078125,0.1425307012985605,-9.500398635864258,-66.65510342198961,0.009900990099009901,9.500398635864258
HONEYBEE__DROSOPHILA,300,HONEYBEE__DROSOPHILA_network_000.npz,200,200,7.680000305175781,-7.680000305175781,15.360000610351562,788.0001220703125,788.0001220703125,0.0,0.004199981689453125,0.24454108367835103,15.35580062866211,62.79435912232993,0.009900990099009901,15.35580062866211
HONEYBEE__DROSOPHILA,301,HONEYBEE__DROSOPHILA_network_001.npz,200,200,7.200000762939453,-7.200000762939453,14.400001525878906,788.0001220703125,788.0000610351562,6.103515625e-05,0.0077994918823242184,0.22101504457970542,14.392202033996583,65.11865317298015,0.009900990099009901,14.392202033996583
HONEYBEE__DROSOPHILA,302,HONEYBEE__DROSOPHILA_network_002.npz,200,200,7.379997253417969,-7.380001068115234,14.759998321533203,788.0001220703125,788.0001220703125,0.0,-0.012600135803222657,0.20419149386280622,14.772598457336425,72.34678672394627,0.009900990099009901,14.772598457336425
HONEYBEE__DROSOPHILA,303,HONEYBEE__DROSOPHILA_network_003.npz,200,200,7.319999694824219,-7.319999694824219,14.639999389648438,788.0001220703125,788.0001220703125,0.0,-0.02160045623779297,0.2308115323441355,14.661599845886231,63.52195532425161,0.009900990099009901,14.661599845886231
HONEYBEE__DROSOPHILA,304,HONEYBEE__DROSOPHILA_network_004.npz,200,200,7.200000762939453,-7.200000762939453,14.400001525878906,788.0001220703125,788.0001220703125,0.0,-0.02640087127685547,0.22112445157506125,14.426402397155762,65.24109972640761,0.009900990099009901,14.426402397155762
HONEYBEE__DROSOPHILA,305,HONEYBEE__DROSOPHILA_network_005.npz,200,200,7.140003204345703,-7.1399993896484375,14.28000259399414,788.0001220703125,788.0001220703125,0.0,0.044999885559082034,0.20006807512667282,14.235002708435058,71.15079554507727,0.009900990099009901,14.235002708435058
HONEYBEE__DROSOPHILA,306,HONEYBEE__DROSOPHILA_network_006.npz,200,200,7.380001068115234,-7.380001068115234,14.760002136230469,788.0001220703125,788.0001220703125,0.0,-0.018600044250488282,0.22670718472659074,14.778602180480958,65.18806273521493,0.009900990099009901,14.778602180480958
HONEYBEE__DROSOPHILA,307,HONEYBEE__DROSOPHILA_network_007.npz,200,200,6.899997711181641,-6.899997711181641,13.799995422363281,788.0001220703125,788.0001220703125,0.0,0.011999931335449219,0.25154120516672923,13.787995491027832,54.814063095104935,0.009900990099009901,13.787995491027832
HONEYBEE__DROSOPHILA,308,HONEYBEE__DROSOPHILA_network_008.npz,200,200,6.959999084472656,-6.959999084472656,13.919998168945312,788.0001220703125,788.0001220703125,0.0,0.03960033416748047,0.20328661305148948,13.880397834777831,68.27994045659136,0.009900990099009901,13.880397834777831
HONEYBEE__DROSOPHILA,309,HONEYBEE__DROSOPHILA_network_009.npz,200,200,6.479999542236328,-6.479999542236328,12.959999084472656,788.0001220703125,788.0001220703125,0.0,0.038999595642089845,0.2082612939081652,12.920999488830567,62.04225108928885,0.009900990099009901,12.920999488830567
HONEYBEE__DROSOPHILA,310,HONEYBEE__DROSOPHILA_network_010.npz,200,200,7.320003509521484,-7.319999694824219,14.640003204345703,788.0001220703125,788.0001220703125,0.0,-0.041399574279785155,0.23934703149776995,14.681402778625488,61.3393978055762,0.009900990099009901,14.681402778625488
HONEYBEE__DROSOPHILA,311,HONEYBEE__DROSOPHILA_network_011.npz,200,200,7.859996795654297,-7.8600006103515625,15.71999740600586,788.0001220703125,788.0001220703125,0.0,-0.020400314331054686,0.2437913120575749,15.740397720336913,64.56504781687867,0.009900990099009901,15.740397720336913
HONEYBEE__DROSOPHILA,312,HONEYBEE__DROSOPHILA_network_012.npz,200,200,7.020000457763672,-7.020000457763672,14.040000915527344,788.0001220703125,788.0001220703125,0.0,-0.032400016784667966,0.2271436800413018,14.072400932312013,61.95374192120693,0.009900990099009901,14.072400932312013
HONEYBEE__DROSOPHILA,313,HONEYBEE__DROSOPHILA_network_013.npz,200,200,6.840000152587891,-6.840000152587891,13.680000305175781,788.0001220703125,788.0001220703125,0.0,-0.03840068817138672,0.19363007467487464,13.718400993347167,70.84850334526706,0.009900990099009901,13.718400993347167
HONEYBEE__DROSOPHILA,314,HONEYBEE__DROSOPHILA_network_014.npz,200,200,7.200000762939453,-7.200000762939453,14.400001525878906,788.0001220703125,788.0001220703125,0.0,0.01560028076171875,0.23145709373690035,14.384401245117187,62.14716089655945,0.009900990099009901,14.384401245117187
HONEYBEE__DROSOPHILA,315,HONEYBEE__DROSOPHILA_network_015.npz,200,200,6.959999084472656,-6.960002899169922,13.920001983642578,788.0001220703125,788.0001220703125,0.0,0.015600547790527344,0.23426749769077912,13.904401435852051,59.35266980230069,0.009900990099009901,13.904401435852051
HONEYBEE__DROSOPHILA,316,HONEYBEE__DROSOPHILA_network_016.npz,200,200,6.840000152587891,-6.840000152587891,13.680000305175781,788.0001220703125,788.0001220703125,0.0,0.01620037078857422,0.21470609920929262,13.663799934387207,63.63955185580414,0.009900990099009901,13.663799934387207
HONEYBEE__DROSOPHILA,317,HONEYBEE__DROSOPHILA_network_017.npz,200,200,7.079998016357422,-7.079998016357422,14.159996032714844,788.0001220703125,788.0001220703125,0.0,0.008399391174316406,0.20941835348878104,14.151596641540527,67.57572297644225,0.009900990099009901,14.151596641540527
HONEYBEE__DROSOPHILA,318,HONEYBEE__DROSOPHILA_network_018.npz,200,200,7.079998016357422,-7.079998016357422,14.159996032714844,788.0001220703125,788.0001220703125,0.0,-0.02579986572265625,0.20841469852718889,14.1857958984375,68.06523723463238,0.009900990099009901,14.1857958984375
HONEYBEE__DROSOPHILA,319,HONEYBEE__DROSOPHILA_network_019.npz,200,200,7.200000762939453,-7.200000762939453,14.400001525878906,788.0001220703125,788.0001220703125,0.0,0.017400245666503906,0.2491139137986769,14.382601280212402,57.73503800287847,0.009900990099009901,14.382601280212402
HONEYBEE__DROSOPHILA,320,HONEYBEE__DROSOPHILA_network_020.npz,200,200,7.1399993896484375,-7.1399993896484375,14.279998779296875,788.0001220703125,788.0001220703125,0.0,-0.018600273132324218,0.22941752772913654,14.2985990524292,62.32566096393011,0.009900990099009901,14.2985990524292
HONEYBEE__DROSOPHILA,321,HONEYBEE__DROSOPHILA_network_021.npz,200,200,6.840000152587891,-6.840000152587891,13.680000305175781,788.0001220703125,788.0001220703125,0.0,-0.03840003967285156,0.2591623404890526,13.718400344848632,52.933618051763645,0.009900990099009901,13.718400344848632
HONEYBEE__DROSOPHILA,322,HONEYBEE__DROSOPHILA_network_022.npz,200,200,6.840000152587891,-6.840000152587891,13.680000305175781,788.0001220703125,788.0001220703125,0.0,-0.005399818420410156,0.21012403132596122,13.68540012359619,65.13010452558044,0.009900990099009901,13.68540012359619
HONEYBEE__DROSOPHILA,323,HONEYBEE__DROSOPHILA_network_023.npz,200,200,7.319999694824219,-7.320003509521484,14.640003204345703,788.0001220703125,788.0001220703125,0.0,-0.031800537109375,0.22408753311057827,14.671803741455077,65.47353856680249,0.009900990099009901,14.671803741455077
HONEYBEE__DROSOPHILA,324,HONEYBEE__DROSOPHILA_network_024.npz,200,200,6.720001220703125,-6.720001220703125,13.44000244140625,788.0001220703125,788.0001220703125,0.0,0.007800216674804687,0.20813494271627359,13.432202224731446,64.5360267210971,0.009900990099009901,13.432202224731446
HONEYBEE__DROSOPHILA,325,HONEYBEE__DROSOPHILA_network_025.npz,200,200,7.200000762939453,-7.200000762939453,14.400001525878906,788.0001220703125,788.0001220703125,0.0,-0.009000091552734376,0.23063169479755347,14.40900161743164,62.47624217512575,0.009900990099009901,14.40900161743164
HONEYBEE__DROSOPHILA,326,HONEYBEE__DROSOPHILA_network_026.npz,200,200,6.840000152587891,-6.839996337890625,13.679996490478516,788.0001220703125,788.0001220703125,0.0,-0.05100028991699219,0.2154703300939506,13.730996780395508,63.725696129060736,0.009900990099009901,13.730996780395508
HONEYBEE__DROSOPHILA,327,HONEYBEE__DROSOPHILA_network_027.npz,200,200,7.1399993896484375,-7.140003204345703,14.28000259399414,788.0001220703125,788.0001220703125,0.0,-0.0029995346069335935,0.24515328402905814,14.283002128601074,58.26151660651669,0.009900990099009901,14.283002128601074
HONEYBEE__DROSOPHILA,328,HONEYBEE__DROSOPHILA_network_028.npz,200,200,7.319999694824219,-7.320003509521484,14.640003204345703,788.0001220703125,788.0001220703125,0.0,0.012599830627441405,0.24305566691490554,14.627403373718261,60.181289164672535,0.009900990099009901,14.627403373718261
HONEYBEE__DROSOPHILA,329,HONEYBEE__DROSOPHILA_network_029.npz,200,200,7.200000762939453,-7.200000762939453,14.400001525878906,788.0001220703125,788.0001220703125,0.0,0.02459980010986328,0.2321592135665804,14.375401725769043,61.920444616109776,0.009900990099009901,14.375401725769043
HONEYBEE__DROSOPHILA,330,HONEYBEE__DROSOPHILA_network_030.npz,200,200,7.079998016357422,-7.079998016357422,14.159996032714844,788.0001220703125,788.0001220703125,0.0,0.0197998046875,0.23619093939005895,14.140196228027344,59.86764887994045,0.009900990099009901,14.140196228027344
HONEYBEE__DROSOPHILA,331,HONEYBEE__DROSOPHILA_network_031.npz,200,200,6.299999237060547,-6.299999237060547,12.599998474121094,788.0001220703125,788.0001220703125,0.0,7.62939453125e-08,0.20767132421938808,12.599998397827148,60.67278881756569,0.009900990099009901,12.599998397827148
HONEYBEE__DROSOPHILA,332,HONEYBEE__DROSOPHILA_network_032.npz,200,200,6.119998931884766,-6.119998931884766,12.239997863769531,788.0001220703125,788.0001220703125,0.0,0.010800209045410156,0.2214631525505361,12.229197654724121,55.22001070554397,0.009900990099009901,12.229197654724121
HONEYBEE__DROSOPHILA,333,HONEYBEE__DROSOPHILA_network_033.npz,200,200,6.0,-6.0,12.0,788.0001220703125,788.0001220703125,0.0,0.0017998123168945313,0.18179977703659517,11.998200187683105,65.99678164219058,0.009900990099009901,11.998200187683105
HONEYBEE__DROSOPHILA,334,HONEYBEE__DROSOPHILA_network_034.npz,200,200,7.380001068115234,-7.380001068115234,14.760002136230469,788.0001220703125,788.0001220703125,0.0,-0.0030004501342773436,0.23423027069469105,14.763002586364745,63.0277313968854,0.009900990099009901,14.763002586364745
HONEYBEE__DROSOPHILA,335,HONEYBEE__DROSOPHILA_network_035.npz,200,200,7.619998931884766,-7.619998931884766,15.239997863769531,788.0001220703125,788.0001220703125,0.0,0.02699958801269531,0.20738601971486187,15.212998275756837,73.3559489529401,0.009900990099009901,15.212998275756837
HONEYBEE__DROSOPHILA,336,HONEYBEE__DROSOPHILA_network_036.npz,200,200,7.319999694824219,-7.320003509521484,14.640003204345703,788.0001220703125,788.0001220703125,0.0,-0.019200439453125,0.22285409495509817,14.659203643798827,65.77937751941441,0.009900990099009901,14.659203643798827
HONEYBEE__DROSOPHILA,337,HONEYBEE__DROSOPHILA_network_037.npz,200,200,6.960002899169922,-6.960002899169922,13.920005798339844,788.0001220703125,788.0001220703125,0.0,-0.014999732971191407,0.22984181260256192,13.935005531311035,60.62867923604127,0.009900990099009901,13.935005531311035
HONEYBEE__DROSOPHILA,338,HONEYBEE__DROSOPHILA_network_038.npz,200,200,6.299999237060547,-6.299999237060547,12.599998474121094,788.0001220703125,788.0001220703125,0.0,-0.0005999374389648438,0.19040487145505205,12.600598411560059,66.17792031930558,0.009900990099009901,12.600598411560059
HONEYBEE__DROSOPHILA,339,HONEYBEE__DROSOPHILA_network_039.npz,200,200,6.900001525878906,-6.899997711181641,13.799999237060547,788.0001220703125,788.0001220703125,0.0,-0.009000396728515625,0.19509930412441084,13.808999633789062,70.77933822348923,0.009900990099009901,13.808999633789062
HONEYBEE__DROSOPHILA,340,HONEYBEE__DROSOPHILA_network_040.npz,200,200,6.540000915527344,-6.539997100830078,13.079998016357422,788.0001220703125,788.0001220703125,0.0,0.04380008697509766,0.19997383599551036,13.036197929382324,65.1895177410859,0.009900990099009901,13.036197929382324
HONEYBEE__DROSOPHILA,341,HONEYBEE__DROSOPHILA_network_041.npz,200,200,6.840000152587891,-6.840000152587891,13.680000305175781,788.0001220703125,788.0001220703125,0.0,-0.00959972381591797,0.2414678850109852,13.689600028991698,56.693253549509954,0.009900990099009901,13.689600028991698
HONEYBEE__DROSOPHILA,342,HONEYBEE__DROSOPHILA_network_042.npz,200,200,6.840000152587891,-6.840000152587891,13.680000305175781,788.0001220703125,788.0001220703125,0.0,0.010799980163574219,0.2016988406819305,13.669200325012207,67.77034651660635,0.009900990099009901,13.669200325012207
HONEYBEE__DROSOPHILA,343,HONEYBEE__DROSOPHILA_network_043.npz,200,200,6.540000915527344,-6.540000915527344,13.080001831054688,788.0001220703125,788.0001220703125,0.0,0.024599952697753905,0.19429959523195692,13.055401878356934,67.19212082130824,0.009900990099009901,13.055401878356934
HONEYBEE__DROSOPHILA,344,HONEYBEE__DROSOPHILA_network_044.npz,200,200,7.679996490478516,-7.680000305175781,15.359996795654297,788.0001220703125,788.0001220703125,0.0,-0.014399757385253906,0.22419485677144707,15.374396553039551,68.57604484973893,0.009900990099009901,15.374396553039551
HONEYBEE__DROSOPHILA,345,HONEYBEE__DROSOPHILA_network_045.npz,200,200,7.619998931884766,-7.619998931884766,15.239997863769531,788.0001220703125,788.0001220703125,0.0,0.0030001068115234376,0.24321708029889608,15.236997756958008,62.647729091364994,0.009900990099009901,15.236997756958008
HONEYBEE__DROSOPHILA,346,HONEYBEE__DROSOPHILA_network_046.npz,200,200,6.840000152587891,-6.840000152587891,13.680000305175781,788.0001220703125,788.0001220703125,0.0,0.005999603271484375,0.20404963966159442,13.674000701904298,67.01310879343824,0.009900990099009901,13.674000701904298
HONEYBEE__DROSOPHILA,347,HONEYBEE__DROSOPHILA_network_047.npz,200,200,7.5,-7.5,15.0,788.0001220703125,788.0001220703125,0.0,-0.0246002197265625,0.258400148295519,15.024600219726562,58.144704323248675,0.009900990099009901,15.024600219726562
HONEYBEE__DROSOPHILA,348,HONEYBEE__DROSOPHILA_network_048.npz,200,200,8.040000915527344,-8.039997100830078,16.079998016357422,788.0001220703125,788.0001220703125,0.0,-0.013199958801269531,0.2522022113645588,16.09319797515869,63.81069336420664,0.009900990099009901,16.09319797515869
HONEYBEE__DROSOPHILA,349,HONEYBEE__DROSOPHILA_network_049.npz,200,200,6.840000152587891,-6.840000152587891,13.680000305175781,788.0000610351562,788.0001220703125,-6.103515625e-05,0.004200325012207031,0.23202753312798674,13.675799980163575,58.940418819261346,0.009900990099009901,13.675799980163575
HONEYBEE__DROSOPHILA,350,HONEYBEE__DROSOPHILA_network_050.npz,200,200,7.979999542236328,-7.979999542236328,15.959999084472656,788.0001220703125,788.0001220703125,0.0,-0.0054000473022460934,0.277271875949592,15.965399131774902,57.58030480768056,0.009900990099009901,15.965399131774902
HONEYBEE__DROSOPHILA,351,HONEYBEE__DROSOPHILA_network_051.npz,200,200,6.899997711181641,-6.900001525878906,13.799999237060547,788.0001220703125,788.0001220703125,0.0,0.035400314331054686,0.20821242482827387,13.764598922729492,66.10844157874843,0.009900990099009901,13.764598922729492
HONEYBEE__DROSOPHILA,352,HONEYBEE__DROSOPHILA_network_052.npz,200,200,7.079998016357422,-7.0800018310546875,14.15999984741211,788.0001220703125,788.0001220703125,0.0,-0.015000267028808594,0.19565776032517476,14.175000114440918,72.4479319955553,0.009900990099009901,14.175000114440918
HONEYBEE__DROSOPHILA,353,HONEYBEE__DROSOPHILA_network_053.npz,200,200,6.479999542236328,-6.479999542236328,12.959999084472656,788.0001220703125,788.0001220703125,0.0,0.0024005889892578123,0.1942668735717712,12.9575984954834,66.69998985028326,0.009900990099009901,12.9575984954834
HONEYBEE__DROSOPHILA,354,HONEYBEE__DROSOPHILA_network_054.npz,200,200,7.319999694824219,-7.320003509521484,14.640003204345703,788.0001220703125,788.0001220703125,0.0,-0.018599777221679686,0.22686748527487516,14.658602981567382,64.6130623954634,0.009900990099009901,14.658602981567382
HONEYBEE__DROSOPHILA,355,HONEYBEE__DROSOPHILA_network_055.npz,200,200,7.319999694824219,-7.319999694824219,14.639999389648438,788.0001220703125,788.0001220703125,0.0,0.003599853515625,0.22576323184557134,14.636399536132812,64.83074952676323,0.009900990099009901,14.636399536132812
HONEYBEE__DROSOPHILA,356,HONEYBEE__DROSOPHILA_network_056.npz,200,200,6.899997711181641,-6.899997711181641,13.799995422363281,788.0001220703125,788.0001220703125,0.0,0.0018000030517578126,0.2107048763237758,13.798195419311524,65.48588556682846,0.009900990099009901,13.798195419311524
HONEYBEE__DROSOPHILA,357,HONEYBEE__DROSOPHILA_network_057.npz,200,200,7.320003509521484,-7.320003509521484,14.640007019042969,788.0001220703125,788.0001220703125,0.0,0.024600105285644533,0.22900541765097934,14.615406913757324,63.82122774070022,0.009900990099009901,14.615406913757324
HONEYBEE__DROSOPHILA,358,HONEYBEE__DROSOPHILA_network_058.npz,200,200,7.799999237060547,-7.799999237060547,15.599998474121094,788.0001220703125,788.0001220703125,0.0,-0.016199951171875,0.24905035082940588,15.61619842529297,62.70297702166149,0.009900990099009901,15.61619842529297
HONEYBEE__DROSOPHILA,359,HONEYBEE__DROSOPHILA_network_059.npz,200,200,7.439998626708984,-7.439998626708984,14.879997253417969,788.0001220703125,788.0001220703125,0.0,-0.004799728393554688,0.23004839448763578,14.884796981811524,64.70289442777018,0.009900990099009901,14.884796981811524
HONEYBEE__DROSOPHILA,360,HONEYBEE__DROSOPHILA_network_060.npz,200,200,7.079998016357422,-7.079998016357422,14.159996032714844,788.0001220703125,788.0001220703125,0.0,-0.00540069580078125,0.21910542246775053,14.165396728515624,64.65105504452126,0.009900990099009901,14.165396728515624
HONEYBEE__DROSOPHILA,361,HONEYBEE__DROSOPHILA_network_061.npz,200,200,6.600002288818359,-6.600002288818359,13.200004577636719,788.0001220703125,788.0001220703125,0.0,0.020400238037109376,0.24199492035184633,13.17960433959961,54.46231813641891,0.009900990099009901,13.17960433959961
HONEYBEE__DROSOPHILA,362,HONEYBEE__DROSOPHILA_network_062.npz,200,200,7.259998321533203,-7.259998321533203,14.519996643066406,788.0001220703125,788.0001220703125,0.0,0.0509994888305664,0.2605412384859639,14.46899715423584,55.53438387840981,0.009900990099009901,14.46899715423584
HONEYBEE__DROSOPHILA,363,HONEYBEE__DROSOPHILA_network_063.npz,200,200,6.659999847412109,-6.659999847412109,13.319999694824219,788.0001220703125,788.0001220703125,0.0,0.034799995422363283,0.1912980129713993,13.285199699401856,69.44766175583908,0.009900990099009901,13.285199699401856
HONEYBEE__DROSOPHILA,364,HONEYBEE__DROSOPHILA_network_064.npz,200,200,7.259998321533203,-7.260002136230469,14.520000457763672,788.0001220703125,788.0001220703125,0.0,-0.02400066375732422,0.21925445928449563,14.544001121520996,66.33388971418499,0.009900990099009901,14.544001121520996
HONEYBEE__DROSOPHILA,365,HONEYBEE__DROSOPHILA_network_065.npz,200,200,6.719997406005859,-6.720001220703125,13.439998626708984,788.0001220703125,788.0001220703125,0.0,0.023999977111816406,0.20467190515894954,13.415998649597167,65.54880426396684,0.009900990099009901,13.415998649597167
HONEYBEE__DROSOPHILA,366,HONEYBEE__DROSOPHILA_network_066.npz,200,200,7.079998016357422,-7.079998016357422,14.159996032714844,788.0001220703125,788.0001220703125,0.0,0.0011999893188476562,0.19835287677261787,14.158796043395997,71.38185376371906,0.009900990099009901,14.158796043395997
HONEYBEE__DROSOPHILA,367,HONEYBEE__DROSOPHILA_network_067.npz,200,200,6.719997406005859,-6.720001220703125,13.439998626708984,788.0001220703125,788.0001220703125,0.0,-0.03600006103515625,0.24701839019686,13.475998687744141,54.554637316697416,0.009900990099009901,13.475998687744141
HONEYBEE__DROSOPHILA,368,HONEYBEE__DROSOPHILA_network_068.npz,200,200,6.3600006103515625,-6.359996795654297,12.71999740600586,788.0001220703125,788.0001220703125,0.0,0.003599700927734375,0.1948087993287943,12.716397705078125,65.27630039757932,0.009900990099009901,12.716397705078125
HONEYBEE__DROSOPHILA,369,HONEYBEE__DROSOPHILA_network_069.npz,200,200,6.960002899169922,-6.959999084472656,13.920001983642578,788.0001220703125,788.0001831054688,-6.103515625e-05,0.007799453735351562,0.20952844300108575,13.912202529907226,66.39768009842528,0.009900990099009901,13.912202529907226
HONEYBEE__DROSOPHILA,370,HONEYBEE__DROSOPHILA_network_070.npz,200,200,7.0800018310546875,-7.0800018310546875,14.160003662109375,788.0001220703125,788.0001220703125,0.0,-0.023399810791015625,0.24058959546854466,14.183403472900391,58.952688478811496,0.009900990099009901,14.183403472900391
HONEYBEE__DROSOPHILA,371,HONEYBEE__DROSOPHILA_network_071.npz,200,200,7.0800018310546875,-7.0800018310546875,14.160003662109375,788.0001220703125,788.0001220703125,0.0,0.009599647521972655,0.218211307645242,14.150404014587401,64.84725364275111,0.009900990099009901,14.150404014587401
HONEYBEE__DROSOPHILA,372,HONEYBEE__DROSOPHILA_network_072.npz,200,200,6.720001220703125,-6.720001220703125,13.44000244140625,788.0001220703125,788.0001220703125,0.0,0.03900054931640625,0.2151325035510188,13.401001892089845,62.291851165631925,0.009900990099009901,13.401001892089845
HONEYBEE__DROSOPHILA,373,HONEYBEE__DROSOPHILA_network_073.npz,200,200,7.319995880126953,-7.319999694824219,14.639995574951172,788.0001220703125,788.0001220703125,0.0,-0.03839962005615234,0.2444313321253839,14.678395195007324,60.051201568045585,0.009900990099009901,14.678395195007324
HONEYBEE__DROSOPHILA,374,HONEYBEE__DROSOPHILA_network_074.npz,200,200,7.200000762939453,-7.200000762939453,14.400001525878906,788.0001220703125,788.0001220703125,0.0,-0.0041998291015625,0.20542667754374158,14.404201354980469,70.11845553464387,0.009900990099009901,14.404201354980469
HONEYBEE__DROSOPHILA,375,HONEYBEE__DROSOPHILA_network_075.npz,200,200,6.899997711181641,-6.900001525878906,13.799999237060547,788.0001220703125,788.0001220703125,0.0,-0.025200157165527343,0.23138816377887764,13.825199394226074,59.748948124407534,0.009900990099009901,13.825199394226074
HONEYBEE__DROSOPHILA,376,HONEYBEE__DROSOPHILA_network_076.npz,200,200,7.200000762939453,-7.200000762939453,14.400001525878906,788.0001220703125,788.0001220703125,0.0,0.029400367736816407,0.2247417758186232,14.37060115814209,63.942723179956616,0.009900990099009901,14.37060115814209
HONEYBEE__DROSOPHILA,377,HONEYBEE__DROSOPHILA_network_077.npz,200,200,6.779998779296875,-6.779998779296875,13.55999755859375,788.0001220703125,788.0001220703125,0.0,-0.028800277709960936,0.1978949136908476,13.58879783630371,68.66673621299937,0.009900990099009901,13.58879783630371
HONEYBEE__DROSOPHILA,378,HONEYBEE__DROSOPHILA_network_078.npz,200,200,7.380001068115234,-7.380001068115234,14.760002136230469,788.0001220703125,788.0001220703125,0.0,-0.00300048828125,0.23593129094002763,14.763002624511719,62.57331346635317,0.009900990099009901,14.763002624511719
HONEYBEE__DROSOPHILA,379,HONEYBEE__DROSOPHILA_network_079.npz,200,200,7.439998626708984,-7.439998626708984,14.879997253417969,788.0001220703125,788.0001220703125,0.0,0.015000114440917969,0.19879218588552353,14.864997138977051,74.77656665809394,0.009900990099009901,14.864997138977051
HONEYBEE__DROSOPHILA,380,HONEYBEE__DROSOPHILA_network_080.npz,200,200,7.380001068115234,-7.380001068115234,14.760002136230469,788.0001220703125,788.0001220703125,0.0,0.004199638366699219,0.2555923592696214,14.755802497863769,57.73178251505571,0.009900990099009901,14.755802497863769
HONEYBEE__DROSOPHILA,381,HONEYBEE__DROSOPHILA_network_081.npz,200,200,7.319999694824219,-7.319999694824219,14.639999389648438,788.0001220703125,788.0001220703125,0.0,-0.038400459289550784,0.22377295049196894,14.678399848937989,65.59505881594383,0.009900990099009901,14.678399848937989
HONEYBEE__DROSOPHILA,382,HONEYBEE__DROSOPHILA_network_082.npz,200,200,6.179996490478516,-6.180000305175781,12.359996795654297,788.0001220703125,788.0001220703125,0.0,0.026399993896484376,0.19434168379474087,12.333596801757812,63.463465793495274,0.009900990099009901,12.333596801757812
HONEYBEE__DROSOPHILA,383,HONEYBEE__DROSOPHILA_network_083.npz,200,200,6.299999237060547,-6.299999237060547,12.599998474121094,788.0001220703125,788.0001220703125,0.0,0.0011997222900390625,0.19890259207351893,12.598798751831055,63.341551361855814,0.009900990099009901,12.598798751831055
HONEYBEE__DROSOPHILA,384,HONEYBEE__DROSOPHILA_network_084.npz,200,200,7.560001373291016,-7.560001373291016,15.120002746582031,788.0001831054688,788.0001220703125,6.103515625e-05,0.027599678039550782,0.22858019712038158,15.092403068542481,66.02673048091773,0.009900990099009901,15.092403068542481
HONEYBEE__DROSOPHILA,385,HONEYBEE__DROSOPHILA_network_085.npz,200,200,6.779998779296875,-6.780002593994141,13.560001373291016,788.0001220703125,788.0001220703125,0.0,-0.035400314331054686,0.226289882202629,13.59540168762207,60.07958268080322,0.009900990099009901,13.59540168762207
HONEYBEE__DROSOPHILA,386,HONEYBEE__DROSOPHILA_network_086.npz,200,200,7.680000305175781,-7.680000305175781,15.360000610351562,788.0001220703125,788.0001220703125,0.0,-0.011999740600585937,0.2240135811253599,15.372000350952149,68.6208410835138,0.009900990099009901,15.372000350952149
HONEYBEE__DROSOPHILA,387,HONEYBEE__DROSOPHILA_network_087.npz,200,200,6.780002593994141,-6.780002593994141,13.560005187988281,788.0001220703125,788.0001220703125,0.0,-0.0023998260498046876,0.21335755167485077,13.562405014038086,63.56655720678077,0.009900990099009901,13.562405014038086
HONEYBEE__DROSOPHILA,388,HONEYBEE__DROSOPHILA_network_088.npz,200,200,7.380001068115234,-7.379997253417969,14.759998321533203,788.0001220703125,788.0001220703125,0.0,0.029399375915527343,0.2552002002796977,14.730598945617675,57.72173740252961,0.009900990099009901,14.730598945617675
HONEYBEE__DROSOPHILA,389,HONEYBEE__DROSOPHILA_network_089.npz,200,200,7.259998321533203,-7.259998321533203,14.519996643066406,788.0001220703125,788.0001220703125,0.0,-0.010800056457519532,0.2508718784894528,14.530796699523925,57.92118585397698,0.009900990099009901,14.530796699523925
HONEYBEE__DROSOPHILA,390,HONEYBEE__DROSOPHILA_network_090.npz,200,200,7.920001983642578,-7.920001983642578,15.840003967285156,788.0001220703125,788.0001220703125,0.0,0.027600631713867188,0.2543327781543374,15.81240333557129,62.17210164698397,0.009900990099009901,15.81240333557129
HONEYBEE__DROSOPHILA,391,HONEYBEE__DROSOPHILA_network_091.npz,200,200,7.140003204345703,-7.1399993896484375,14.28000259399414,788.0001220703125,788.0001220703125,0.0,-0.04799980163574219,0.21859063461167205,14.328002395629882,65.54719245444201,0.009900990099009901,14.328002395629882
HONEYBEE__DROSOPHILA,392,HONEYBEE__DROSOPHILA_network_092.npz,200,200,7.979999542236328,-7.979999542236328,15.959999084472656,788.0001220703125,788.0001220703125,0.0,-0.002400360107421875,0.245233850206658,15.962399444580079,65.0905224997634,0.009900990099009901,15.962399444580079
HONEYBEE__DROSOPHILA,393,HONEYBEE__DROSOPHILA_network_093.npz,200,200,5.999996185302734,-6.0,11.999996185302734,788.0001220703125,788.0001220703125,0.0,-0.022800254821777343,0.19498864583966674,12.022796440124512,61.65895654257989,0.009900990099009901,12.022796440124512
HONEYBEE__DROSOPHILA,394,HONEYBEE__DROSOPHILA_network_094.npz,200,200,6.840000152587891,-6.840000152587891,13.680000305175781,788.0001220703125,788.0000610351562,6.103515625e-05,0.009000282287597656,0.18515333779141133,13.671000022888183,73.8360981549766,0.009900990099009901,13.671000022888183
HONEYBEE__DROSOPHILA,395,HONEYBEE__DROSOPHILA_network_095.npz,200,200,7.439998626708984,-7.439998626708984,14.879997253417969,788.0001220703125,788.0001220703125,0.0,-0.02280006408691406,0.2001416654030667,14.902797317504882,74.46124367703264,0.009900990099009901,14.902797317504882
HONEYBEE__DROSOPHILA,396,HONEYBEE__DROSOPHILA_network_096.npz,200,200,7.319999694824219,-7.319999694824219,14.639999389648438,788.0001220703125,788.0001220703125,0.0,-0.023999481201171874,0.20906701454091337,14.663998870849609,70.14018401252838,0.009900990099009901,14.663998870849609
HONEYBEE__DROSOPHILA,397,HONEYBEE__DROSOPHILA_network_097.npz,200,200,7.259998321533203,-7.259998321533203,14.519996643066406,788.0001220703125,788.0001220703125,0.0,-0.023400726318359374,0.25454370945860816,14.543397369384765,57.13516708119513,0.009900990099009901,14.543397369384765
HONEYBEE__DROSOPHILA,398,HONEYBEE__DROSOPHILA_network_098.npz,200,200,7.140003204345703,-7.1399993896484375,14.28000259399414,788.0001220703125,788.0001220703125,0.0,-0.019199638366699218,0.21757028897248312,14.29920223236084,65.72221924184377,0.009900990099009901,14.29920223236084
HONEYBEE__DROSOPHILA,399,HONEYBEE__DROSOPHILA_network_099.npz,200,200,6.600002288818359,-6.600002288818359,13.200004577636719,788.0001220703125,788.0001220703125,0.0,-0.020999870300292968,0.22162669948645222,13.221004447937013,59.65438495710305,0.009900990099009901,13.221004447937013
